voter_id,documento_hash,edad,fecha_nacimiento,fecha_defuncion,estado_documento,condicion_legal,habilitado_legalmente,estado_padron,municipio,zona_id,circunscripcion_autorizada,mesa_asignada
V000001,fef4cc6a4a7f13d3be9d,79,1947-06-04,,vigente,normal,1,activo,MUN-01,ZONA-01,CIRC-01,MESA-026
V000002,292d5a5faf062bfc42ee,18,2008-06-03,,vigente,normal,1,activo,MUN-05,ZONA-05,CIRC-05,MESA-025
V000003,a9ca94dc55e3f52a6546,44,1982-06-03,,vigente,normal,1,activo,MUN-05,ZONA-05,CIRC-05,MESA-065
V000004,1966b16fe6e22d4dcf49,79,1947-06-04,,vigente,normal,1,activo,MUN-01,ZONA-06,CIRC-01,MESA-006
V000005,9692ba963459cceb8aee,20,2006-06-03,,vigente,normal,1,activo,MUN-03,ZONA-03,CIRC-03,MESA-023
V000006,a91735850040c68c163b,87,1939-06-04,,vigente,normal,1,activo,MUN-04,ZONA-04,CIRC-04,MESA-064
V000007,6328cf223d252e67a271,89,1937-06-03,,vigente,normal,1,activo,MUN-03,ZONA-08,CIRC-03,MESA-043
V000008,5d02a3aedf12606e89f2,44,1982-06-03,,vigente,normal,1,activo,MUN-03,ZONA-03,CIRC-03,MESA-023
V000009,3276f40296c0db2a5ce7,26,2000-06-03,,vigente,normal,1,activo,MUN-05,ZONA-05,CIRC-05,MESA-030
V000010,9b63baa34dd19136beb9,79,1947-06-04,,vigente,normal,1,activo,MUN-02,ZONA-02,CIRC-02,MESA-077
V000011,97c1cf0bf02bb3bbb535,54,1972-06-03,,vigente,normal,1,activo,MUN-03,ZONA-08,CIRC-03,MESA-018
V000012,b2d7648f72aa98d34949,68,1958-06-03,,vigente,normal,1,activo,MUN-04,ZONA-04,CIRC-04,MESA-079
V000013,9274e0a548808850926e,61,1965-06-03,,vigente,normal,1,activo,MUN-01,ZONA-01,CIRC-01,MESA-021
V000014,70e66b37446ed3ac2c1e,41,1985-06-03,,vigente,normal,1,activo,MUN-02,ZONA-07,CIRC-02,MESA-057
V000015,ebf54046ff697df6572d,17,2009-06-03,,vigente,normal,1,activo,MUN-03,ZONA-03,CIRC-03,MESA-023
V000016,600b0c8fc229853a5863,49,1977-06-03,,vigente,normal,1,activo,MUN-05,ZONA-10,CIRC-05,MESA-045
V000017,3bff1b4c38b459a88d34,69,1957-06-03,,vigente,normal,1,activo,MUN-04,ZONA-09,CIRC-04,MESA-044
V000018,65012f6488a9ad99493a,79,1947-06-04,,vigente,normal,1,activo,MUN-02,ZONA-02,CIRC-02,MESA-047
V000019,9c87fcfb4f6a49f73a6b,75,1951-06-04,,vigente,normal,1,activo,MUN-05,ZONA-05,CIRC-05,MESA-040
V000020,7f9c856eb71a39a1ac34,69,1957-06-03,,vigente,normal,1,activo,MUN-01,ZONA-01,CIRC-01,MESA-051
V000021,5a3a9e3c4c0af4f443e4,29,1997-06-03,,vigente,normal,1,activo,MUN-02,ZONA-07,CIRC-02,MESA-042
V000022,13fc9ec96d1a47bcbb7f,56,1970-06-03,,vigente,normal,1,activo,MUN-02,ZONA-07,CIRC-02,MESA-007
V000023,48f150edd7e5cebc055a,19,2007-06-04,,vigente,normal,1,activo,MUN-05,ZONA-05,CIRC-05,MESA-050
V000024,6e026e8dd9d53c27df39,20,2006-06-03,,cancelado,normal,1,activo,MUN-03,ZONA-03,CIRC-03,MESA-048
V000025,e6d29e4f65de5e293056,73,1953-06-03,,vigente,normal,1,activo,MUN-01,ZONA-06,CIRC-01,MESA-006
V000026,4e89217c648ddf0888ae,76,1950-06-03,,vigente,normal,1,activo,MUN-04,ZONA-09,CIRC-04,MESA-009
V000027,b024578c67f39718d770,19,2007-06-04,,vigente,normal,1,activo,MUN-02,ZONA-07,CIRC-02,MESA-057
V000028,da1a94f857e664ea94b8,19,2007-06-04,,vigente,normal,1,activo,MUN-01,ZONA-06,CIRC-01,MESA-031
V000029,a217462f715fc1e5f32c,71,1955-06-04,,vigente,normal,1,activo,MUN-01,ZONA-01,CIRC-01,MESA-021
V000030,acceb1770902cfaea675,18,2008-06-03,,vigente,normal,1,activo,MUN-05,ZONA-05,CIRC-05,MESA-040
V000031,71fb04bbe161be1dde19,36,1990-06-03,,vigente,normal,1,activo,MUN-05,ZONA-10,CIRC-05,MESA-045
V000032,7b2915b8481db1f01ef0,19,2007-06-04,,vigente,normal,1,activo,MUN-02,ZONA-02,CIRC-02,MESA-077
V000033,0a4c4fb371ca43f74acb,70,1956-06-03,,vigente,normal,1,activo,MUN-04,ZONA-04,CIRC-04,MESA-049
V000034,a5a57d606273f75b79e2,61,1965-06-03,,vigente,normal,1,activo,MUN-05,ZONA-10,CIRC-05,MESA-020
V000035,c9012708707b569cc3de,49,1977-06-03,,vigente,normal,1,activo,MUN-02,ZONA-07,CIRC-02,MESA-017
V000036,17bac82a9116fb2eb5fc,87,1939-06-04,,vigente,normal,1,activo,MUN-03,ZONA-03,CIRC-03,MESA-028
V000037,767c94985162b50ff111,49,1977-06-03,,vigente,normal,1,activo,MUN-01,ZONA-06,CIRC-01,MESA-041
V000038,c7a3a226f56417ee4c93,85,1941-06-03,,vigente,normal,1,activo,MUN-01,ZONA-06,CIRC-01,MESA-066
V000039,dc13978fc8a649dcb2bb,72,1954-06-03,,vigente,normal,1,activo,MUN-05,ZONA-05,CIRC-05,MESA-025
V000040,94a444a03bc37e0fb153,73,1953-06-03,,vigente,normal,1,activo,MUN-03,ZONA-08,CIRC-03,MESA-058
V000041,961f7883ae2217a64d7a,34,1992-06-03,2025-08-14,vigente,fallecido,1,activo,MUN-01,ZONA-06,CIRC-01,MESA-041
V000042,7371455f5e822f3a0462,55,1971-06-04,,vigente,normal,1,activo,MUN-01,ZONA-06,CIRC-01,MESA-006
V000043,26346f7bd62c7fa7f45f,41,1985-06-03,,cancelado,normal,1,activo,MUN-05,ZONA-05,CIRC-05,MESA-075
V000044,3434d39ebcd6aad34774,86,1940-06-03,,vigente,normal,1,activo,MUN-03,ZONA-03,CIRC-03,MESA-038
V000045,3ed473a1515f5a741d67,87,1939-06-04,2024-04-07,vigente,fallecido,1,activo,MUN-01,ZONA-06,CIRC-01,MESA-006
V000046,694716537eaf1b12d9aa,28,1998-06-03,,vigente,normal,1,activo,MUN-05,ZONA-10,CIRC-05,MESA-045
V000047,089597e6627d6f282efa,33,1993-06-03,,vigente,normal,1,activo,MUN-05,ZONA-05,CIRC-05,MESA-075
V000048,f4b115e680b28add2ecc,90,1936-06-03,,vigente,normal,1,activo,MUN-04,ZONA-04,CIRC-04,MESA-014
V000049,0ee343159c4264a1c76a,76,1950-06-03,,vigente,normal,1,activo,MUN-01,ZONA-06,CIRC-01,MESA-066
V000050,b915a74d1428d5ac8823,87,1939-06-04,,vigente,normal,1,activo,MUN-05,ZONA-05,CIRC-05,MESA-040
V000051,304d1e18ef4a33793879,20,2006-06-03,,vigente,normal,1,activo,MUN-03,ZONA-03,CIRC-03,MESA-003
V000052,3333ead3d289b0ce8423,37,1989-06-03,,vigente,normal,1,activo,MUN-04,ZONA-04,CIRC-04,MESA-024
V000053,463232dc3d8ea7618eaf,76,1950-06-03,,vigente,normal,1,activo,MUN-04,ZONA-09,CIRC-04,MESA-019
V000054,4e71125a8c719cd0a1ee,53,1973-06-03,2025-12-25,vigente,fallecido,1,activo,MUN-03,ZONA-08,CIRC-03,MESA-018
V000055,55f3a4e2e9cbd8228815,36,1990-06-03,,vigente,normal,1,activo,MUN-04,ZONA-04,CIRC-04,MESA-064
V000056,f26655149d82f33904f6,84,1942-06-03,,vigente,normal,1,activo,MUN-05,ZONA-10,CIRC-05,MESA-035
V000057,f431444a078bffa0ccf5,36,1990-06-03,,vigente,inhabilitado,1,activo,MUN-02,ZONA-02,CIRC-02,MESA-062
V000058,c85201c38f2d69ab9c82,37,1989-06-03,,vigente,normal,1,activo,MUN-01,ZONA-01,CIRC-01,MESA-001
V000059,5b57154fa32ff7ff5f00,88,1938-06-03,,vigente,normal,1,activo,MUN-05,ZONA-05,CIRC-05,MESA-025
V000060,1f5881ca17fbc4b2da43,69,1957-06-03,2024-10-15,vigente,fallecido,1,activo,MUN-05,ZONA-10,CIRC-05,MESA-045
V000061,66face41bbb5237a4f2b,50,1976-06-03,,vigente,normal,1,activo,MUN-04,ZONA-04,CIRC-04,MESA-049
V000062,91111ed348e07ee499bf,57,1969-06-03,,vigente,normal,1,activo,MUN-01,ZONA-06,CIRC-01,MESA-016
V000063,34714f03129ff6c9fe95,56,1970-06-03,,vigente,normal,1,activo,MUN-04,ZONA-09,CIRC-04,MESA-019
V000064,a14a22611f846115d310,18,2008-06-03,,vigente,normal,1,activo,MUN-03,ZONA-03,CIRC-03,MESA-023
V000065,f6f03a665561497460c0,28,1998-06-03,,vigente,normal,1,activo,MUN-05,ZONA-05,CIRC-05,MESA-025
V000066,933dff5c230e6f9a5453,74,1952-06-03,,vigente,normal,1,activo,MUN-01,ZONA-06,CIRC-01,MESA-016
V000067,d31a1de3be01eeee45c7,67,1959-06-04,,vigente,normal,1,activo,MUN-04,ZONA-04,CIRC-04,MESA-054
V000068,cd7ccefc97ba08ca4111,40,1986-06-03,,vigente,normal,1,activo,MUN-03,ZONA-03,CIRC-03,MESA-073
V000069,534ffb06dd2168561cb0,124,1902-06-03,,vigente,normal,1,activo,MUN-01,ZONA-01,CIRC-01,MESA-001
V000070,c92ebaf0e58b40406c05,59,1967-06-04,,vigente,normal,1,activo,MUN-02,ZONA-07,CIRC-02,MESA-042
V000071,db49ef09546848507e65,24,2002-06-03,,vigente,normal,1,activo,MUN-04,ZONA-09,CIRC-04,MESA-019
V000072,d8ba096bd7723ddf8ecb,33,1993-06-03,,vigente,normal,1,activo,MUN-04,ZONA-09,CIRC-04,MESA-034
V000073,bd282ef3a22833b9d0af,77,1949-06-03,,vigente,normal,1,activo,MUN-05,ZONA-05,CIRC-05,MESA-080
V000074,8ef71438ebfcac2ff327,19,2007-06-04,,vigente,normal,1,activo,MUN-05,ZONA-05,CIRC-05,MESA-055
V000075,23a05c3d3b10f8b750c9,18,2008-06-03,,vigente,normal,1,activo,MUN-03,ZONA-08,CIRC-03,MESA-018
V000076,ed8deb99956564427664,65,1961-06-03,,vigente,normal,1,activo,MUN-04,ZONA-09,CIRC-04,MESA-034
V000077,4433647396e03992ac99,29,1997-06-03,,vigente,normal,1,activo,MUN-05,ZONA-10,CIRC-05,MESA-045
V000078,dd7c8f8372be78511730,86,1940-06-03,,vigente,normal,1,activo,MUN-01,ZONA-06,CIRC-01,MESA-006
V000079,f70905945a50ad2fe6f6,54,1972-06-03,,vigente,normal,1,activo,MUN-01,ZONA-01,CIRC-01,MESA-021
V000080,729a70835c5db996283c,49,1977-06-03,,vigente,normal,1,activo,MUN-05,ZONA-10,CIRC-05,MESA-070
V000081,d7dfa95615a193ec6afa,26,2000-06-03,,vigente,normal,1,activo,MUN-03,ZONA-03,CIRC-03,MESA-048
V000082,f774eca5abf1a0e2ef85,36,1990-06-03,,vigente,normal,1,activo,MUN-04,ZONA-04,CIRC-04,MESA-039
V000083,83b3b2d643e1b501d136,65,1961-06-03,,vigente,normal,1,activo,MUN-01,ZONA-06,CIRC-01,MESA-031
V000084,927516b34fcf91544b5b,20,2006-06-03,,vigente,normal,1,activo,MUN-05,ZONA-10,CIRC-05,MESA-010
V000085,ec5036114cac1ffe0d7e,37,1989-06-03,,vigente,normal,1,activo,MUN-05,ZONA-05,CIRC-05,MESA-030
V000086,dd55d3219c02d7e59a17,41,1985-06-03,,vigente,normal,1,activo,MUN-03,ZONA-08,CIRC-03,MESA-018
V000087,572aee8c66b82f3d720a,71,1955-06-04,,vigente,normal,1,activo,MUN-05,ZONA-10,CIRC-05,MESA-060
V000088,deb68bf3e815cef25c75,50,1976-06-03,,vigente,normal,1,activo,MUN-03,ZONA-03,CIRC-03,MESA-073
V000089,c28e9afa531f102cc10f,41,1985-06-03,,vigente,normal,1,activo,MUN-05,ZONA-05,CIRC-05,MESA-015
V000090,10d648f4694492b0e802,89,1937-06-03,,vigente,normal,1,activo,MUN-04,ZONA-04,CIRC-04,MESA-004
V000091,dab80f1293aa723c24d6,53,1973-06-03,,vigente,normal,1,activo,MUN-03,ZONA-03,CIRC-03,MESA-063
V000092,a92eb3785b77e230bb7a,55,1971-06-04,,vigente,normal,1,activo,MUN-05,ZONA-05,CIRC-05,MESA-040
V000093,f29973e35125f7f1b398,42,1984-06-03,,vigente,normal,1,activo,MUN-04,ZONA-09,CIRC-04,MESA-009
V000094,355cd261761fcdc63723,35,1991-06-04,2024-08-08,vigente,fallecido,1,activo,MUN-04,ZONA-09,CIRC-04,MESA-009
V000095,7928072f127eee8d2296,16,2010-06-03,,vigente,normal,1,activo,MUN-01,ZONA-01,CIRC-01,MESA-026
V000096,483eb111b06881950399,71,1955-06-04,,vigente,normal,1,activo,MUN-04,ZONA-04,CIRC-04,MESA-004
V000097,f9230fa1de7fcce4e873,52,1974-06-03,,vigente,normal,1,activo,MUN-01,ZONA-06,CIRC-01,MESA-016
V000098,e4b29d0fe5c437b3bb7a,78,1948-06-03,,vigente,normal,1,activo,MUN-05,ZONA-05,CIRC-05,MESA-015
V000099,a7bb858a191160596481,58,1968-06-03,,vigente,normal,1,activo,MUN-02,ZONA-02,CIRC-02,MESA-052
V000100,50657030c001bd2ae515,50,1976-06-03,,vigente,normal,1,activo,MUN-04,ZONA-09,CIRC-04,MESA-069
V000101,4b752ab3154a97d3c257,85,1941-06-03,,vigente,normal,1,activo,MUN-05,ZONA-05,CIRC-05,MESA-005
V000102,481183679b71579c05f3,50,1976-06-03,,vigente,normal,1,activo,MUN-05,ZONA-10,CIRC-05,MESA-020
V000103,f6f0a35c1d70b26fea51,31,1995-06-04,,vigente,normal,1,activo,MUN-04,ZONA-04,CIRC-04,MESA-079
V000104,45123c9218f354680a5a,38,1988-06-03,,vigente,normal,1,activo,MUN-03,ZONA-08,CIRC-03,MESA-018
V000105,26ef49edded1bb39cbd2,65,1961-06-03,,vigente,normal,1,activo,MUN-02,ZONA-02,CIRC-02,MESA-002
V000106,4f7b2f7de68511018a24,16,2010-06-03,,vigente,normal,1,activo,MUN-03,ZONA-03,CIRC-03,MESA-013
V000107,a0e6ded71f21b994bbc8,25,2001-06-03,,vigente,normal,1,activo,MUN-04,ZONA-04,CIRC-04,MESA-004
V000108,7ff5ad0c5ca65afa090f,24,2002-06-03,,vigente,normal,1,activo,MUN-02,ZONA-07,CIRC-02,MESA-042
V000109,755485abf5d01ff5776c,84,1942-06-03,,vigente,normal,1,activo,MUN-04,ZONA-04,CIRC-04,MESA-074
V000110,5bc614dc0fbfaaf21221,34,1992-06-03,,vigente,normal,1,activo,MUN-01,ZONA-01,CIRC-01,MESA-061
V000111,d47ece81b163bcd24ff0,50,1976-06-03,,vigente,normal,1,activo,MUN-03,ZONA-08,CIRC-03,MESA-008
V000112,7e04873171700ac449f0,65,1961-06-03,,vigente,normal,1,activo,MUN-02,ZONA-07,CIRC-02,MESA-067
V000113,4e023c86ac53eec018a7,76,1950-06-03,,vigente,normal,1,activo,MUN-03,ZONA-03,CIRC-03,MESA-063
V000114,a22ddfc1b38e95ac1feb,39,1987-06-04,,vigente,normal,1,activo,MUN-04,ZONA-09,CIRC-04,MESA-009
V000115,9eb0d886db58109c7e58,47,1979-06-04,,vigente,normal,1,activo,MUN-01,ZONA-01,CIRC-01,MESA-011
V000116,199b48853d37c569cd7c,55,1971-06-04,,vigente,normal,1,activo,MUN-02,ZONA-07,CIRC-02,MESA-042
V000117,8c734dc28b26e6d753da,68,1958-06-03,,vigente,normal,1,activo,MUN-03,ZONA-03,CIRC-03,MESA-013
V000118,239984bf0c59b6fbceef,71,1955-06-04,,vigente,normal,1,activo,MUN-01,ZONA-01,CIRC-01,MESA-036
V000119,78e855a5045bcb403393,25,2001-06-03,,vigente,normal,1,activo,MUN-03,ZONA-03,CIRC-03,MESA-013
V000120,6b1cb2eccf1a901880dd,44,1982-06-03,,vigente,normal,1,activo,MUN-02,ZONA-02,CIRC-02,MESA-012
V000121,2b57c474a9c01ff85775,44,1982-06-03,,vigente,privado_libertad,1,activo,MUN-02,ZONA-02,CIRC-02,MESA-037
V000122,8445506973121da27fd0,38,1988-06-03,,vigente,normal,1,activo,MUN-04,ZONA-04,CIRC-04,MESA-074
V000123,bfa7868aa95758a1c8cb,47,1979-06-04,2025-09-03,vigente,fallecido,1,activo,MUN-03,ZONA-03,CIRC-03,MESA-073
V000124,4942eff507da030a5728,45,1981-06-03,2025-04-24,vigente,fallecido,1,activo,MUN-02,ZONA-02,CIRC-02,MESA-052
V000125,d3b5da81f98b756bbad9,81,1945-06-03,,vigente,normal,1,activo,MUN-01,ZONA-01,CIRC-01,MESA-071
V000126,24a3da41d133a1ce00ce,86,1940-06-03,,vigente,normal,1,activo,MUN-02,ZONA-02,CIRC-02,MESA-002
V000127,9a2bceb0d0b817051e4e,78,1948-06-03,,vigente,normal,1,activo,MUN-01,ZONA-06,CIRC-01,MESA-056
V000128,593c67514859199ee48d,65,1961-06-03,,vigente,normal,1,activo,MUN-05,ZONA-10,CIRC-05,MESA-060
V000129,154891d556aa44b37266,36,1990-06-03,,vigente,normal,1,activo,MUN-03,ZONA-03,CIRC-03,MESA-023
V000130,427b89d51d4374d564f9,21,2005-06-03,,vigente,normal,1,activo,MUN-05,ZONA-05,CIRC-05,MESA-040
V000131,15c5a6cf76559296f548,52,1974-06-03,,vigente,normal,1,activo,MUN-04,ZONA-04,CIRC-04,MESA-064
V000132,0160ea97c73f16f6da85,81,1945-06-03,,vigente,normal,1,activo,MUN-03,ZONA-03,CIRC-03,MESA-023
V000133,492f00efef1ae5e434cb,66,1960-06-03,,vigente,normal,1,activo,MUN-04,ZONA-04,CIRC-04,MESA-029
V000134,625537d861fa951ff2d8,34,1992-06-03,,vigente,normal,1,activo,MUN-03,ZONA-03,CIRC-03,MESA-078
V000135,dee262ae2bc862da7157,61,1965-06-03,,vigente,normal,1,activo,MUN-01,ZONA-01,CIRC-01,MESA-051
V000136,40d14bd1864bcd996a9b,47,1979-06-04,,vigente,normal,1,activo,MUN-04,ZONA-09,CIRC-04,MESA-069
V000137,429f154e9d334b0e8b2e,63,1963-06-04,,vigente,normal,1,activo,MUN-01,ZONA-06,CIRC-01,MESA-031
V000138,9d4de43242b10221b839,23,2003-06-04,,vigente,normal,1,activo,MUN-05,ZONA-05,CIRC-05,MESA-050
V000139,3cd47022ad66121aa2d2,54,1972-06-03,,vigente,normal,1,activo,MUN-05,ZONA-10,CIRC-05,MESA-020
V000140,4c19280d38a6f382b46b,41,1985-06-03,,vigente,normal,1,activo,MUN-05,ZONA-05,CIRC-05,MESA-055
V000141,85ad6d929999b9ab5659,63,1963-06-04,,vigente,normal,1,activo,MUN-02,ZONA-02,CIRC-02,MESA-002
V000142,eb20ba798ce59da67d67,70,1956-06-03,,vigente,normal,1,activo,MUN-05,ZONA-05,CIRC-05,MESA-025
V000143,cf6b3ea8ec620dfd6842,77,1949-06-03,,vigente,normal,1,activo,MUN-03,ZONA-03,CIRC-03,MESA-013
V000144,db85616682327b4f878f,80,1946-06-03,,vigente,normal,1,activo,MUN-05,ZONA-10,CIRC-05,MESA-070
V000145,f984edf388e15a339626,49,1977-06-03,,vigente,normal,1,activo,MUN-02,ZONA-07,CIRC-02,MESA-067
V000146,eb0376f101d33ab1b366,50,1976-06-03,,vigente,normal,1,activo,MUN-03,ZONA-08,CIRC-03,MESA-058
V000147,c39beb38fbddf2736798,84,1942-06-03,,vigente,normal,1,activo,MUN-05,ZONA-05,CIRC-05,MESA-075
V000148,bde91a310a08212fb681,35,1991-06-04,,vigente,normal,1,activo,MUN-04,ZONA-04,CIRC-04,MESA-064
V000149,1921cbf383c3ed3ad8dc,42,1984-06-03,,vigente,normal,1,activo,MUN-04,ZONA-09,CIRC-04,MESA-069
V000150,3e29cc30b01e1a600cf8,71,1955-06-04,,vigente,normal,1,activo,MUN-04,ZONA-09,CIRC-04,MESA-059
V000151,c6c6c34f4fe4edb86039,75,1951-06-04,,vigente,normal,1,activo,MUN-05,ZONA-10,CIRC-05,MESA-060
V000152,d55238020c47e2e4aa5d,84,1942-06-03,,vigente,normal,1,activo,MUN-02,ZONA-02,CIRC-02,MESA-062
V000153,3a87542d8b465254ac9a,63,1963-06-04,,vigente,normal,1,activo,MUN-01,ZONA-06,CIRC-01,MESA-016
V000154,35b2e269f4ccb4630b16,41,1985-06-03,,vigente,normal,1,activo,MUN-03,ZONA-08,CIRC-03,MESA-068
V000155,a0aeb3eee3eb25cc1e65,49,1977-06-03,,vigente,normal,1,activo,MUN-05,ZONA-05,CIRC-05,MESA-015
V000156,073eb4a69b525327b24a,64,1962-06-03,,cancelado,normal,1,activo,MUN-05,ZONA-05,CIRC-05,MESA-055
V000157,2ef91c4019748e5eb7a7,40,1986-06-03,,vigente,normal,1,activo,MUN-05,ZONA-10,CIRC-05,MESA-035
V000158,f3b032ed5e401627df05,83,1943-06-04,,vigente,normal,1,activo,MUN-05,ZONA-05,CIRC-05,MESA-055
V000159,2172e6b0db78ab2cc1ae,44,1982-06-03,,vigente,normal,1,activo,MUN-04,ZONA-04,CIRC-04,MESA-014
V000160,cf5820094be8be519173,19,2007-06-04,,vigente,normal,1,activo,MUN-04,ZONA-04,CIRC-04,MESA-049
V000161,7d780ee71024b3a29400,34,1992-06-03,,vigente,normal,1,activo,MUN-02,ZONA-07,CIRC-02,MESA-007
V000162,1f6c0fc3a60ecc9a174d,50,1976-06-03,,vigente,normal,1,activo,MUN-05,ZONA-05,CIRC-05,MESA-030
V000163,47be607d8bf0c9df1519,26,2000-06-03,,vigente,normal,1,activo,MUN-04,ZONA-04,CIRC-04,MESA-049
V000164,86e43d2adabbf61d1b50,60,1966-06-03,2024-01-23,vigente,fallecido,1,activo,MUN-01,ZONA-06,CIRC-01,MESA-016
V000165,777f60aff14a009ef741,65,1961-06-03,,vigente,normal,1,activo,MUN-01,ZONA-01,CIRC-01,MESA-051
V000166,59170ddcfe4a367cc75d,56,1970-06-03,,vigente,normal,1,activo,MUN-02,ZONA-02,CIRC-02,MESA-072
V000167,4b8adba9dea1cc139261,59,1967-06-04,,vigente,normal,1,activo,MUN-05,ZONA-05,CIRC-05,MESA-080
V000168,ad6501458ee6fc3fde13,43,1983-06-04,,vigente,normal,1,activo,MUN-02,ZONA-07,CIRC-02,MESA-042
V000169,f645f5248cab6cf51806,67,1959-06-04,,vigente,normal,1,activo,MUN-02,ZONA-07,CIRC-02,MESA-017
V000170,6924fed11824ff7c2366,42,1984-06-03,2024-04-21,vigente,fallecido,1,activo,MUN-03,ZONA-03,CIRC-03,MESA-063
V000171,0bfcbbeb51f82e452281,41,1985-06-03,,vigente,normal,1,activo,MUN-05,ZONA-10,CIRC-05,MESA-045
V000172,2123e1ee3b9353b3e30b,30,1996-06-03,,vigente,normal,1,activo,MUN-02,ZONA-02,CIRC-02,MESA-077
V000173,584708a127ef5f4637b5,77,1949-06-03,,vigente,normal,1,activo,MUN-02,ZONA-07,CIRC-02,MESA-007
V000174,feb93d3f02727154cde4,24,2002-06-03,,vigente,normal,1,activo,MUN-02,ZONA-02,CIRC-02,MESA-027
V000175,728e14e758e62eac472d,74,1952-06-03,,vigente,normal,1,activo,MUN-05,ZONA-10,CIRC-05,MESA-010
V000176,c4b600a680c5e1d43269,53,1973-06-03,,vigente,normal,1,activo,MUN-04,ZONA-09,CIRC-04,MESA-034
V000177,b31e6297d283abe20886,62,1964-06-03,,vigente,normal,1,activo,MUN-01,ZONA-01,CIRC-01,MESA-036
V000178,4f3dae272a97b4878bdf,37,1989-06-03,,vigente,normal,1,activo,MUN-05,ZONA-05,CIRC-05,MESA-025
V000179,2a4c008ba7300b5907b1,82,1944-06-03,,vigente,normal,1,activo,MUN-01,ZONA-06,CIRC-01,MESA-006
V000180,34999bd28bcb047646d4,25,2001-06-03,,vigente,normal,1,activo,MUN-04,ZONA-04,CIRC-04,MESA-024
V000181,d40667db058d9be804b6,16,2010-06-03,,vigente,normal,1,activo,MUN-03,ZONA-08,CIRC-03,MESA-018
V000182,cc061d655e48ce27d53d,31,1995-06-04,,vigente,normal,1,activo,MUN-01,ZONA-06,CIRC-01,MESA-006
V000183,fc9ec4b3a351854104de,32,1994-06-03,,vigente,normal,1,activo,MUN-04,ZONA-04,CIRC-04,MESA-029
V000184,54bf02be27279d45e39b,83,1943-06-04,,vigente,normal,1,activo,MUN-05,ZONA-05,CIRC-05,MESA-025
V000185,e4261aa8ec96c4dfa31b,49,1977-06-03,,vigente,normal,1,activo,MUN-05,ZONA-05,CIRC-05,MESA-055
V000186,c217aa73cf00fee5f525,80,1946-06-03,,vigente,normal,1,activo,MUN-01,ZONA-01,CIRC-01,MESA-046
V000187,279a5b9833de4c83f78e,68,1958-06-03,,vigente,normal,1,activo,MUN-04,ZONA-04,CIRC-04,MESA-024
V000188,2c51ec9eb5137ff35d99,42,1984-06-03,,vigente,normal,1,activo,MUN-05,ZONA-05,CIRC-05,MESA-075
V000189,7634da1747c7c0794580,75,1951-06-04,,vigente,normal,1,activo,MUN-01,ZONA-01,CIRC-01,MESA-026
V000190,44e7aac7ee58dc30a045,80,1946-06-03,2025-10-23,vigente,fallecido,1,activo,MUN-03,ZONA-03,CIRC-03,MESA-028
V000191,d6b7d436a0d9caf1bdd4,79,1947-06-04,,vigente,normal,1,activo,MUN-03,ZONA-03,CIRC-03,MESA-003
V000192,ac9b30bd3b77c37e6168,39,1987-06-04,,vigente,normal,1,activo,MUN-05,ZONA-05,CIRC-05,MESA-075
V000193,de992a0bd9a0510d40fa,75,1951-06-04,,vigente,normal,1,activo,MUN-03,ZONA-03,CIRC-03,MESA-038
V000194,3140590b60c689c5deb6,75,1951-06-04,,vigente,normal,1,activo,MUN-01,ZONA-01,CIRC-01,MESA-061
V000195,0ee343159c4264a1c76a,66,1960-06-03,,vigente,normal,1,activo,MUN-03,ZONA-03,CIRC-03,MESA-078
V000196,2559123a07f40cad3704,69,1957-06-03,,vigente,normal,1,activo,MUN-01,ZONA-01,CIRC-01,MESA-051
V000197,935f4d92b641dada8188,59,1967-06-04,,vigente,normal,1,activo,MUN-03,ZONA-03,CIRC-03,MESA-048
V000198,e65c69f7c5d93010cc13,87,1939-06-04,,vigente,normal,1,activo,MUN-01,ZONA-01,CIRC-01,MESA-021
V000199,925bda70d51b09f15758,32,1994-06-03,,vigente,normal,1,activo,MUN-04,ZONA-04,CIRC-04,MESA-054
V000200,9e3fb84ab00019abf768,71,1955-06-04,,vigente,normal,1,activo,MUN-01,ZONA-06,CIRC-01,MESA-056
V000201,051f69b44202e4f7ae69,77,1949-06-03,,vigente,normal,1,activo,MUN-04,ZONA-09,CIRC-04,MESA-059
V000202,ff0d2a8081eea8b8ddab,25,2001-06-03,,vigente,normal,1,activo,MUN-02,ZONA-02,CIRC-02,MESA-072
V000203,7792f39683f3fcc1114d,70,1956-06-03,,vigente,normal,1,activo,MUN-01,ZONA-01,CIRC-01,MESA-051
V000204,74d86ab1152397af7828,77,1949-06-03,,vigente,normal,1,activo,MUN-05,ZONA-10,CIRC-05,MESA-020
V000205,22e99d979ee47396555f,22,2004-06-03,,vigente,normal,1,activo,MUN-04,ZONA-09,CIRC-04,MESA-059
V000206,43d62485a996c9a0f5d7,85,1941-06-03,,vigente,normal,1,activo,MUN-01,ZONA-01,CIRC-01,MESA-071
V000207,cc3e4575d4ccefed3ee3,23,2003-06-04,,vigente,normal,1,activo,MUN-04,ZONA-09,CIRC-04,MESA-009
V000208,52d936ca399f3c105ab7,64,1962-06-03,,vigente,normal,1,activo,MUN-01,ZONA-01,CIRC-01,MESA-001
V000209,e8042fb308412e6fffc0,72,1954-06-03,,vigente,normal,1,activo,MUN-04,ZONA-04,CIRC-04,MESA-029
V000210,9a93967295a282149bc6,57,1969-06-03,,vigente,normal,1,activo,MUN-03,ZONA-03,CIRC-03,MESA-063
V000211,6b842514c16c216006c4,69,1957-06-03,,vigente,normal,1,activo,MUN-02,ZONA-02,CIRC-02,MESA-072
V000212,6922b93a878124e6bdd7,33,1993-06-03,,cancelado,normal,1,activo,MUN-01,ZONA-06,CIRC-01,MESA-056
V000213,44855f925999e4d6b5d2,30,1996-06-03,,vigente,normal,1,activo,MUN-03,ZONA-08,CIRC-03,MESA-068
V000214,9831e4b41370d3a6a512,47,1979-06-04,,vigente,normal,1,activo,MUN-05,ZONA-10,CIRC-05,MESA-035
V000215,6099eb4cbf6242c9b6c3,36,1990-06-03,,vigente,normal,1,activo,MUN-03,ZONA-03,CIRC-03,MESA-003
V000216,9c3b86db57f636533092,34,1992-06-03,,vigente,normal,1,activo,MUN-02,ZONA-07,CIRC-02,MESA-007
V000217,80db607885253a29788b,80,1946-06-03,,vigente,normal,1,activo,MUN-02,ZONA-02,CIRC-02,MESA-027
V000218,904f2f30217cddfe14d9,36,1990-06-03,,vigente,normal,1,activo,MUN-01,ZONA-01,CIRC-01,MESA-001
V000219,9055b2d93f707e59d4f6,75,1951-06-04,,vigente,normal,1,activo,MUN-05,ZONA-05,CIRC-05,MESA-080
V000220,e8293abeb84d35346fcf,72,1954-06-03,,vigente,normal,1,activo,MUN-01,ZONA-01,CIRC-01,MESA-071
V000221,305b0f589ea8fa10425e,79,1947-06-04,,vigente,normal,1,activo,MUN-04,ZONA-09,CIRC-04,MESA-044
V000222,4a4544c167d4cd582b39,40,1986-06-03,,vigente,normal,1,activo,MUN-01,ZONA-06,CIRC-01,MESA-041
V000223,13e3c6e2f4354964f13a,26,2000-06-03,,vigente,normal,1,activo,MUN-05,ZONA-05,CIRC-05,MESA-075
V000224,9f1779484e98ff0eef53,29,1997-06-03,2026-02-27,vigente,fallecido,1,activo,MUN-02,ZONA-07,CIRC-02,MESA-042
V000225,acd29b6118d8adcf25a8,18,2008-06-03,,vigente,normal,1,activo,MUN-03,ZONA-08,CIRC-03,MESA-033
V000226,21e29169b39e1a147465,75,1951-06-04,,vigente,normal,1,activo,MUN-05,ZONA-05,CIRC-05,MESA-050
V000227,e49bc0abc78d64369f66,18,2008-06-03,,vigente,normal,1,activo,MUN-03,ZONA-03,CIRC-03,MESA-063
V000228,8a2874005e1f6a43e4ab,51,1975-06-04,,vigente,normal,1,activo,MUN-02,ZONA-02,CIRC-02,MESA-037
V000229,a8fe7d0ac9c2d18dee75,65,1961-06-03,,vigente,normal,1,activo,MUN-04,ZONA-09,CIRC-04,MESA-059
V000230,f71635359ee97859b650,18,2008-06-03,,vigente,normal,1,activo,MUN-03,ZONA-03,CIRC-03,MESA-048
V000231,45c0d8bc347905cc3303,33,1993-06-03,,vigente,normal,1,activo,MUN-05,ZONA-05,CIRC-05,MESA-005
V000232,657d297c79c1fb34d9d7,78,1948-06-03,,vigente,normal,1,activo,MUN-03,ZONA-03,CIRC-03,MESA-048
V000233,d7079a901f6e5cf80480,81,1945-06-03,,vigente,normal,1,activo,MUN-03,ZONA-03,CIRC-03,MESA-003
V000234,a6b0d79ba8641970ee40,80,1946-06-03,,vigente,normal,1,activo,MUN-02,ZONA-02,CIRC-02,MESA-047
V000235,da31a6828fc0cb92932d,86,1940-06-03,,vigente,normal,1,activo,MUN-02,ZONA-02,CIRC-02,MESA-062
V000236,c55e455336c021ff4a7d,39,1987-06-04,,vigente,normal,1,activo,MUN-04,ZONA-04,CIRC-04,MESA-014
V000237,d99f6051f25b0de644e6,84,1942-06-03,,vigente,normal,1,activo,MUN-03,ZONA-03,CIRC-03,MESA-063
V000238,32767466316975c38b32,43,1983-06-04,,vigente,normal,1,activo,MUN-01,ZONA-01,CIRC-01,MESA-061
V000239,b287fcbc219ce920ed1f,33,1993-06-03,,vigente,normal,1,activo,MUN-01,ZONA-06,CIRC-01,MESA-031
V000240,42f9c4fedf95c8eeed58,68,1958-06-03,,vigente,normal,1,activo,MUN-02,ZONA-07,CIRC-02,MESA-017
V000241,9d409184b19a9a6881b4,74,1952-06-03,,vigente,normal,1,activo,MUN-04,ZONA-04,CIRC-04,MESA-024
V000242,b1a8964a837d29f2c0ba,46,1980-06-03,,vigente,normal,1,activo,MUN-03,ZONA-03,CIRC-03,MESA-023
V000243,9d5ea30cce02bd90795a,86,1940-06-03,,vigente,normal,1,activo,MUN-05,ZONA-05,CIRC-05,MESA-050
V000244,3f14c56318ef3219ed7f,64,1962-06-03,,vigente,normal,1,activo,MUN-03,ZONA-03,CIRC-03,MESA-078
V000245,5b17a1158d1c3dfef52b,79,1947-06-04,,vigente,normal,1,activo,MUN-04,ZONA-04,CIRC-04,MESA-079
V000246,bc03cc4837b8aff9608b,15,2011-06-04,,vigente,normal,1,activo,MUN-04,ZONA-04,CIRC-04,MESA-079
V000247,724e02aed1ca1e103e3f,33,1993-06-03,,vigente,normal,1,activo,MUN-05,ZONA-10,CIRC-05,MESA-070
V000248,25bacc726833744b1833,65,1961-06-03,,vigente,normal,1,activo,MUN-02,ZONA-02,CIRC-02,MESA-027
V000249,55728a62c9ff21ac026a,56,1970-06-03,,vigente,normal,1,activo,MUN-05,ZONA-05,CIRC-05,MESA-015
V000250,1cddb0543a7e9707ae4c,50,1976-06-03,,vigente,normal,1,activo,MUN-05,ZONA-05,CIRC-05,MESA-050
V000251,59009b4a5da23ce7460c,40,1986-06-03,,vigente,normal,1,activo,MUN-01,ZONA-01,CIRC-01,MESA-036
V000252,2242cd36113b99ff1a4f,27,1999-06-04,,vigente,normal,1,activo,MUN-03,ZONA-08,CIRC-03,MESA-008
V000253,cabbd0860d77ed37a01f,86,1940-06-03,,vigente,normal,1,activo,MUN-04,ZONA-04,CIRC-04,MESA-079
V000254,5cb51b4bc5069c8c29b5,51,1975-06-04,,vigente,normal,1,activo,MUN-03,ZONA-03,CIRC-03,MESA-003
V000255,4807887c94cef191ff45,69,1957-06-03,,vigente,normal,1,activo,MUN-02,ZONA-02,CIRC-02,MESA-062
V000256,fb4e78e89ffa270a43c6,27,1999-06-04,,vigente,normal,1,activo,MUN-02,ZONA-02,CIRC-02,MESA-047
V000257,065eb87d3886aea42c7f,36,1990-06-03,,vigente,normal,1,activo,MUN-02,ZONA-02,CIRC-02,MESA-077
V000258,a3322bebb11f49b3af40,75,1951-06-04,,vigente,normal,1,activo,MUN-01,ZONA-01,CIRC-01,MESA-061
V000259,b108f561fe2396b145b7,18,2008-06-03,,vigente,normal,1,activo,MUN-02,ZONA-07,CIRC-02,MESA-032
V000260,8dbeba39ecd0653b2ddb,86,1940-06-03,,vigente,normal,1,activo,MUN-03,ZONA-03,CIRC-03,MESA-013
V000261,d960ca26950003af6795,21,2005-06-03,,vigente,normal,1,activo,MUN-01,ZONA-01,CIRC-01,MESA-001
V000262,7da8e7b78b174195debb,33,1993-06-03,,vigente,normal,1,activo,MUN-04,ZONA-09,CIRC-04,MESA-034
V000263,2dc9c5d8410f13872c23,41,1985-06-03,,vigente,normal,1,activo,MUN-02,ZONA-02,CIRC-02,MESA-062
V000264,90a232d809bc3becf4d4,19,2007-06-04,,vigente,normal,1,activo,MUN-04,ZONA-04,CIRC-04,MESA-079
V000265,88e19dd24474124d1db5,49,1977-06-03,2024-07-10,vigente,fallecido,1,activo,MUN-03,ZONA-03,CIRC-03,MESA-078
V000266,ee52c21972e44aac6cf6,41,1985-06-03,,vigente,normal,1,activo,MUN-01,ZONA-01,CIRC-01,MESA-071
V000267,35ff4b23f947227ce944,29,1997-06-03,,vigente,normal,1,activo,MUN-01,ZONA-06,CIRC-01,MESA-031
V000268,55a791e69b97654646d9,67,1959-06-04,,vigente,normal,1,activo,MUN-04,ZONA-04,CIRC-04,MESA-064
V000269,0687b21cd52d544e8836,52,1974-06-03,,vigente,normal,1,activo,MUN-05,ZONA-05,CIRC-05,MESA-025
V000270,1bd46be8355fe0f7a44a,50,1976-06-03,,vigente,normal,1,activo,MUN-03,ZONA-03,CIRC-03,MESA-038
V000271,b5cb2da0a50558281651,50,1976-06-03,,vigente,normal,1,activo,MUN-04,ZONA-04,CIRC-04,MESA-014
V000272,056fc68d17fc1af5c3be,78,1948-06-03,,vigente,normal,1,activo,MUN-03,ZONA-08,CIRC-03,MESA-008
V000273,80fc4a53ae2d0176c0ca,68,1958-06-03,,vigente,normal,1,activo,MUN-04,ZONA-04,CIRC-04,MESA-054
V000274,84476294541bddcaa39f,60,1966-06-03,,vigente,normal,1,activo,MUN-02,ZONA-02,CIRC-02,MESA-002
V000275,f70694d65ee64d451d80,29,1997-06-03,,vigente,normal,1,activo,MUN-03,ZONA-03,CIRC-03,MESA-078
V000276,b2dfc146510639395b57,84,1942-06-03,,vigente,normal,1,activo,MUN-01,ZONA-06,CIRC-01,MESA-056
V000277,20c504027e92b2b58030,82,1944-06-03,,vigente,normal,1,activo,MUN-01,ZONA-01,CIRC-01,MESA-061
V000278,0cdc23bdaffa527323bd,50,1976-06-03,,vigente,normal,1,activo,MUN-02,ZONA-02,CIRC-02,MESA-022
V000279,ff2e30cc7290e668f1ce,57,1969-06-03,,vigente,normal,1,activo,MUN-05,ZONA-10,CIRC-05,MESA-035
V000280,06f3f5bc76351203f6f6,60,1966-06-03,,vigente,normal,1,activo,MUN-01,ZONA-06,CIRC-01,MESA-016
V000281,aa4f2517525a972504d2,61,1965-06-03,,vigente,normal,1,activo,MUN-05,ZONA-05,CIRC-05,MESA-050
V000282,44b5af55a026579d5135,46,1980-06-03,,vigente,normal,1,activo,MUN-03,ZONA-08,CIRC-03,MESA-043
V000283,07a263b6179d1a836bbe,30,1996-06-03,,vigente,normal,1,activo,MUN-02,ZONA-07,CIRC-02,MESA-017
V000284,bdddc8667079d2c251c3,29,1997-06-03,,vigente,normal,1,activo,MUN-05,ZONA-05,CIRC-05,MESA-080
V000285,404844c4d85d80a6ea41,63,1963-06-04,,vigente,normal,1,activo,MUN-03,ZONA-08,CIRC-03,MESA-058
V000286,49aca3f1bbd8c5a7628a,19,2007-06-04,,vigente,normal,1,activo,MUN-02,ZONA-02,CIRC-02,MESA-002
V000287,16ef7993b03fa8762dfc,52,1974-06-03,,vigente,normal,1,activo,MUN-04,ZONA-04,CIRC-04,MESA-004
V000288,b310e52702543bb5100d,25,2001-06-03,,vigente,normal,1,activo,MUN-04,ZONA-04,CIRC-04,MESA-039
V000289,e684b65832676fa0228d,43,1983-06-04,,vigente,normal,1,activo,MUN-01,ZONA-06,CIRC-01,MESA-006
V000290,0f6d3049a496a71d14fe,51,1975-06-04,,vigente,normal,1,activo,MUN-04,ZONA-09,CIRC-04,MESA-069
V000291,e4760e1847478e830e70,24,2002-06-03,2025-12-27,vigente,fallecido,1,activo,MUN-04,ZONA-09,CIRC-04,MESA-069
V000292,8e48a0d8ed6d664c926e,85,1941-06-03,,vigente,normal,1,activo,MUN-05,ZONA-10,CIRC-05,MESA-020
V000293,246586bcf3cb89b37bbc,75,1951-06-04,,vigente,privado_libertad,1,activo,MUN-04,ZONA-04,CIRC-04,MESA-064
V000294,10ccc155ccae425bb527,46,1980-06-03,,vigente,normal,1,activo,MUN-01,ZONA-06,CIRC-01,MESA-016
V000295,70e6c329dc9fd1b22feb,53,1973-06-03,,vigente,normal,1,activo,MUN-01,ZONA-01,CIRC-01,MESA-051
V000296,e756502f565ccb9fadb2,38,1988-06-03,,vigente,normal,1,activo,MUN-02,ZONA-02,CIRC-02,MESA-037
V000297,6688d4dc157b99fda6f9,53,1973-06-03,,vigente,privado_libertad,1,activo,MUN-03,ZONA-03,CIRC-03,MESA-073
V000298,ed3a81277fd1554a4400,27,1999-06-04,,vigente,normal,1,activo,MUN-04,ZONA-09,CIRC-04,MESA-069
V000299,8ac2b3fefeef9b1f3ced,90,1936-06-03,,vigente,normal,1,activo,MUN-02,ZONA-07,CIRC-02,MESA-042
V000300,a9a3c7d7d0e6d50da5ef,41,1985-06-03,,vigente,normal,1,activo,MUN-02,ZONA-07,CIRC-02,MESA-057
V000301,fbd9ad0afa40ebeeb57c,81,1945-06-03,,vigente,normal,1,activo,MUN-01,ZONA-06,CIRC-01,MESA-066
V000302,3b0b4b1cb4fbd3e5b7be,66,1960-06-03,,vigente,normal,1,activo,MUN-04,ZONA-09,CIRC-04,MESA-009
V000303,45ec71bce18a6d61f753,53,1973-06-03,,vigente,normal,1,activo,MUN-04,ZONA-04,CIRC-04,MESA-064
V000304,4b361f79b58f6a9802ea,41,1985-06-03,,vigente,normal,1,activo,MUN-02,ZONA-02,CIRC-02,MESA-022
V000305,828bd21914eafeb24bde,40,1986-06-03,,vigente,normal,1,activo,MUN-04,ZONA-09,CIRC-04,MESA-034
V000306,76b5dd08610e598c1da7,79,1947-06-04,,vigente,normal,1,activo,MUN-05,ZONA-05,CIRC-05,MESA-055
V000307,2302e0b51e5421c02964,54,1972-06-03,,vigente,normal,1,activo,MUN-04,ZONA-04,CIRC-04,MESA-029
V000308,7f3b409a2423a03857fc,29,1997-06-03,,vigente,normal,1,activo,MUN-03,ZONA-03,CIRC-03,MESA-038
V000309,dc355d4de379ac8077bd,72,1954-06-03,,cancelado,normal,1,activo,MUN-03,ZONA-08,CIRC-03,MESA-018
V000310,834cb15a4d89e8ba2d10,30,1996-06-03,,vigente,normal,1,activo,MUN-01,ZONA-01,CIRC-01,MESA-071
V000311,3b4a6488ed4e7ff47b20,40,1986-06-03,,vigente,normal,1,activo,MUN-05,ZONA-05,CIRC-05,MESA-065
V000312,4f61e0ddbd3072d5a1d3,47,1979-06-04,,vigente,normal,1,activo,MUN-01,ZONA-01,CIRC-01,MESA-001
V000313,20f7bcc61c40d44f1415,34,1992-06-03,,vigente,normal,1,activo,MUN-04,ZONA-04,CIRC-04,MESA-004
V000314,3940cb1e0ef572be1640,79,1947-06-04,,vigente,normal,1,activo,MUN-04,ZONA-04,CIRC-04,MESA-004
V000315,b7c1f52c12e069e9ee8d,30,1996-06-03,,vigente,normal,1,activo,MUN-02,ZONA-02,CIRC-02,MESA-027
V000316,ddc8cdd84500f1a51914,76,1950-06-03,,vigente,normal,1,activo,MUN-03,ZONA-08,CIRC-03,MESA-043
V000317,e559416ddc58db4f6527,36,1990-06-03,,vigente,normal,1,activo,MUN-04,ZONA-09,CIRC-04,MESA-059
V000318,5b99e4b15ccbc7e8f52b,66,1960-06-03,,vigente,normal,1,activo,MUN-02,ZONA-07,CIRC-02,MESA-032
V000319,b4dd3f1337ae7f823be0,29,1997-06-03,,vigente,normal,1,activo,MUN-03,ZONA-08,CIRC-03,MESA-033
V000320,9fcc5b99860e435c2ae4,78,1948-06-03,,vigente,normal,1,activo,MUN-03,ZONA-03,CIRC-03,MESA-028
V000321,092215b3ce2c8eb6ec0e,36,1990-06-03,,vigente,normal,1,activo,MUN-05,ZONA-05,CIRC-05,MESA-055
V000322,c95bc5f81dd1ae403146,26,2000-06-03,,vigente,normal,1,activo,MUN-05,ZONA-10,CIRC-05,MESA-060
V000323,3acb95f39c76e9378710,88,1938-06-03,,vigente,normal,1,activo,MUN-05,ZONA-10,CIRC-05,MESA-070
V000324,270743fc3000647a5db2,45,1981-06-03,,vigente,normal,1,activo,MUN-02,ZONA-02,CIRC-02,MESA-062
V000325,455506a4d1b0dbccdc4b,125,1901-06-03,,vigente,normal,1,activo,MUN-05,ZONA-05,CIRC-05,MESA-080
V000326,0ea71dbce17c6c7cdf65,33,1993-06-03,,vigente,normal,1,activo,MUN-04,ZONA-09,CIRC-04,MESA-034
V000327,7cf227e9b20270bc16e0,86,1940-06-03,,vigente,normal,1,activo,MUN-01,ZONA-06,CIRC-01,MESA-056
V000328,0a6c6d7ec96a74fe68d3,29,1997-06-03,,vigente,normal,1,activo,MUN-03,ZONA-03,CIRC-03,MESA-013
V000329,cbdd1f361839c4360b0a,42,1984-06-03,,vigente,normal,1,activo,MUN-01,ZONA-06,CIRC-01,MESA-056
V000330,cd10dd5d678fc166d1ea,69,1957-06-03,,vigente,normal,1,activo,MUN-03,ZONA-08,CIRC-03,MESA-018
V000331,04265417bbe72f8bf639,70,1956-06-03,,vigente,normal,1,activo,MUN-04,ZONA-04,CIRC-04,MESA-054
V000332,46c7a64ebcc782d77cd3,40,1986-06-03,,vigente,normal,1,activo,MUN-02,ZONA-02,CIRC-02,MESA-077
V000333,733b4f9bee596dbd06c0,33,1993-06-03,,vigente,normal,1,activo,MUN-03,ZONA-08,CIRC-03,MESA-043
V000334,16c650aeacf3b170d369,74,1952-06-03,,vigente,normal,1,activo,MUN-04,ZONA-04,CIRC-04,MESA-039
V000335,b14a80d6a9499d350d2b,56,1970-06-03,,vigente,normal,1,activo,MUN-01,ZONA-01,CIRC-01,MESA-061
V000336,e384f754b9d5835bb462,70,1956-06-03,,vigente,normal,1,activo,MUN-02,ZONA-07,CIRC-02,MESA-042
V000337,7a0b742fc16a18a83347,59,1967-06-04,,vigente,normal,1,activo,MUN-04,ZONA-04,CIRC-04,MESA-079
V000338,6abcaed05cc8c4a5a247,75,1951-06-04,,vigente,normal,1,activo,MUN-03,ZONA-08,CIRC-03,MESA-018
V000339,77ce07989b8120e7fe2e,56,1970-06-03,,vigente,normal,1,activo,MUN-03,ZONA-03,CIRC-03,MESA-023
V000340,2b1602ebcbb00f99db55,31,1995-06-04,,vigente,normal,1,activo,MUN-04,ZONA-04,CIRC-04,MESA-054
V000341,fc2f2ced1d6896542891,22,2004-06-03,,vigente,normal,1,activo,MUN-05,ZONA-05,CIRC-05,MESA-030
V000342,52c64c28b90d6681d3e9,52,1974-06-03,,vigente,normal,1,activo,MUN-03,ZONA-08,CIRC-03,MESA-058
V000343,c8433a19b78617311aec,35,1991-06-04,,vigente,normal,1,activo,MUN-03,ZONA-08,CIRC-03,MESA-068
V000344,16a09ca04afcb0213e04,16,2010-06-03,,vigente,normal,1,activo,MUN-02,ZONA-07,CIRC-02,MESA-067
V000345,e1667aa123dda13bdb11,75,1951-06-04,,vigente,normal,1,activo,MUN-01,ZONA-01,CIRC-01,MESA-071
V000346,aabc083a603509c1239e,34,1992-06-03,,vigente,normal,1,activo,MUN-03,ZONA-08,CIRC-03,MESA-018
V000347,9187ad6732e1e825dbc2,24,2002-06-03,,vigente,normal,1,activo,MUN-02,ZONA-07,CIRC-02,MESA-007
V000348,fe1626de5008dc8985f8,63,1963-06-04,,vigente,normal,1,activo,MUN-05,ZONA-05,CIRC-05,MESA-040
V000349,0a3afea99e6951acaed7,30,1996-06-03,,vigente,normal,1,activo,MUN-05,ZONA-10,CIRC-05,MESA-070
V000350,e08759a012669fa2b7bb,57,1969-06-03,,vigente,normal,1,activo,MUN-05,ZONA-05,CIRC-05,MESA-065
V000351,12319f0ab95af43f5a68,59,1967-06-04,,vigente,normal,1,activo,MUN-03,ZONA-08,CIRC-03,MESA-068
V000352,df1c30e06e0e2d01a9f8,26,2000-06-03,,vigente,normal,1,activo,MUN-04,ZONA-04,CIRC-04,MESA-049
V000353,53abf04a355b25a2c260,67,1959-06-04,,vigente,normal,1,activo,MUN-02,ZONA-02,CIRC-02,MESA-052
V000354,6e4380ad5589a4bb20b3,44,1982-06-03,,vigente,normal,1,activo,MUN-04,ZONA-04,CIRC-04,MESA-029
V000355,a80dcb0c8190c9e97f0a,83,1943-06-04,,vigente,normal,1,activo,MUN-01,ZONA-01,CIRC-01,MESA-021
V000356,c3c55c66192adf579864,22,2004-06-03,,vigente,normal,1,activo,MUN-03,ZONA-03,CIRC-03,MESA-078
V000357,861a88ba4fdb8ef0cdb1,46,1980-06-03,,vigente,normal,1,activo,MUN-04,ZONA-09,CIRC-04,MESA-009
V000358,1fc6a80e90b5063cd2d1,54,1972-06-03,,vigente,normal,1,activo,MUN-02,ZONA-02,CIRC-02,MESA-047
V000359,d51ff4df869986f02450,55,1971-06-04,,vigente,normal,1,activo,MUN-01,ZONA-01,CIRC-01,MESA-076
V000360,20388d9f700d7356efb4,25,2001-06-03,,vigente,normal,1,activo,MUN-02,ZONA-07,CIRC-02,MESA-042
V000361,16f0f4d6422ebf56d6a4,82,1944-06-03,,vigente,normal,1,activo,MUN-01,ZONA-01,CIRC-01,MESA-051
V000362,aa7101e0547863a1200a,34,1992-06-03,,vigente,normal,1,activo,MUN-01,ZONA-06,CIRC-01,MESA-056
V000363,f7a53f484efba1aa6d5e,88,1938-06-03,,vigente,normal,1,activo,MUN-01,ZONA-01,CIRC-01,MESA-051
V000364,7a416840ba16c0f2c9e5,62,1964-06-03,,vigente,normal,1,activo,MUN-05,ZONA-10,CIRC-05,MESA-070
V000365,9166a9ba70d0104c52a1,21,2005-06-03,,vigente,normal,1,activo,MUN-05,ZONA-10,CIRC-05,MESA-020
V000366,7aa6c5dad463b9d68a73,53,1973-06-03,,vigente,normal,1,activo,MUN-02,ZONA-02,CIRC-02,MESA-027
V000367,7785c427cb346f4133ff,87,1939-06-04,,vigente,normal,1,activo,MUN-03,ZONA-03,CIRC-03,MESA-038
V000368,c4194646d46f10938384,48,1978-06-03,,vigente,normal,1,activo,MUN-02,ZONA-02,CIRC-02,MESA-072
V000369,31c8c4ad577dbd9a1879,36,1990-06-03,,vigente,normal,1,activo,MUN-05,ZONA-05,CIRC-05,MESA-065
V000370,48b83eae1ea31e207fc5,78,1948-06-03,,vigente,normal,1,activo,MUN-04,ZONA-04,CIRC-04,MESA-054
V000371,69d38c770eee8c74d7c2,71,1955-06-04,,vigente,normal,1,activo,MUN-04,ZONA-04,CIRC-04,MESA-024
V000372,968c42503ee0553815c9,56,1970-06-03,,vigente,normal,1,activo,MUN-02,ZONA-02,CIRC-02,MESA-047
V000373,0441cbc606124df10cb2,36,1990-06-03,,vigente,normal,1,activo,MUN-01,ZONA-01,CIRC-01,MESA-071
V000374,8d4b2b19f01bed9b46b2,56,1970-06-03,,vigente,normal,1,activo,MUN-03,ZONA-03,CIRC-03,MESA-063
V000375,40a67d3e7302df87f701,84,1942-06-03,,vigente,normal,1,activo,MUN-02,ZONA-07,CIRC-02,MESA-057
V000376,4ab7823ea3b2fc63f796,62,1964-06-03,,vigente,normal,1,activo,MUN-05,ZONA-05,CIRC-05,MESA-055
V000377,f90992d07d75beccc4ad,30,1996-06-03,,vigente,normal,1,activo,MUN-05,ZONA-10,CIRC-05,MESA-060
V000378,b573fddc13c90fed66a7,75,1951-06-04,,vigente,normal,1,activo,MUN-02,ZONA-02,CIRC-02,MESA-062
V000379,3194df87c6b86c4d45dd,37,1989-06-03,,vigente,normal,1,activo,MUN-05,ZONA-05,CIRC-05,MESA-030
V000380,de6ed8ee35bbb77fff0f,89,1937-06-03,,vigente,normal,1,activo,MUN-02,ZONA-02,CIRC-02,MESA-022
V000381,164f690771fd1ce94085,78,1948-06-03,,vigente,normal,1,activo,MUN-05,ZONA-05,CIRC-05,MESA-075
V000382,74ab4b03a9fb39159aff,56,1970-06-03,,vigente,normal,1,activo,MUN-04,ZONA-04,CIRC-04,MESA-029
V000383,c6f69293b9ce7bf43a81,18,2008-06-03,,vigente,normal,1,activo,MUN-01,ZONA-06,CIRC-01,MESA-041
V000384,1e5ac49a56fee3139010,20,2006-06-03,,vigente,normal,1,activo,MUN-02,ZONA-07,CIRC-02,MESA-042
V000385,bc44f358e4b08d110f09,79,1947-06-04,,vigente,normal,1,activo,MUN-05,ZONA-05,CIRC-05,MESA-065
V000386,c299fc40633ae89e48ed,80,1946-06-03,,vigente,normal,1,activo,MUN-01,ZONA-06,CIRC-01,MESA-031
V000387,4657127335b6fb4846a4,42,1984-06-03,,vigente,normal,1,activo,MUN-05,ZONA-05,CIRC-05,MESA-030
V000388,528771a00021c026de20,73,1953-06-03,,vigente,normal,1,activo,MUN-03,ZONA-08,CIRC-03,MESA-018
V000389,db2a7424267b4bd54338,50,1976-06-03,,vigente,normal,1,activo,MUN-02,ZONA-07,CIRC-02,MESA-017
V000390,a7821cae12e6903800b8,55,1971-06-04,,vigente,normal,1,activo,MUN-03,ZONA-03,CIRC-03,MESA-038
V000391,388257971cfba429808c,23,2003-06-04,,vigente,normal,1,activo,MUN-04,ZONA-04,CIRC-04,MESA-014
V000392,e2073cd64d259639ee07,75,1951-06-04,,vigente,normal,1,activo,MUN-04,ZONA-04,CIRC-04,MESA-079
V000393,59b1fe4305a9669ba40a,61,1965-06-03,,vigente,normal,1,activo,MUN-01,ZONA-06,CIRC-01,MESA-056
V000394,06de6de7c0f767c5c6f9,62,1964-06-03,,vigente,normal,1,activo,MUN-02,ZONA-02,CIRC-02,MESA-022
V000395,fba6a8658bb90047b51f,49,1977-06-03,,vigente,normal,1,activo,MUN-02,ZONA-07,CIRC-02,MESA-067
V000396,57ef36062df94854bdb9,62,1964-06-03,,vigente,normal,1,activo,MUN-01,ZONA-06,CIRC-01,MESA-056
V000397,c8fcb7893cbaeb970067,78,1948-06-03,,vigente,normal,1,activo,MUN-04,ZONA-09,CIRC-04,MESA-019
V000398,cd9113433eb7a5db41df,64,1962-06-03,,vigente,normal,1,activo,MUN-02,ZONA-07,CIRC-02,MESA-057
V000399,b69c3919f781d672c112,38,1988-06-03,,vigente,normal,1,activo,MUN-04,ZONA-09,CIRC-04,MESA-044
V000400,357734b375b8e92ab321,53,1973-06-03,,vigente,normal,1,activo,MUN-05,ZONA-10,CIRC-05,MESA-035
V000401,c47581a74eef3c75193f,36,1990-06-03,,vigente,normal,1,activo,MUN-01,ZONA-01,CIRC-01,MESA-001
V000402,c5e072221764a46ca1c8,37,1989-06-03,,vigente,normal,1,activo,MUN-02,ZONA-02,CIRC-02,MESA-052
V000403,862cc4f7717176bff5d5,74,1952-06-03,,vigente,normal,1,activo,MUN-05,ZONA-10,CIRC-05,MESA-070
V000404,880b28d5b97a31030702,35,1991-06-04,,vigente,normal,1,activo,MUN-02,ZONA-02,CIRC-02,MESA-037
V000405,bc04e4f9c90ecf66ab1c,64,1962-06-03,,vigente,normal,1,activo,MUN-05,ZONA-05,CIRC-05,MESA-065
V000406,ac0e15355f5a0d318bb4,66,1960-06-03,,vigente,normal,1,activo,MUN-01,ZONA-01,CIRC-01,MESA-051
V000407,8ff3357de7f847b97146,31,1995-06-04,,vigente,normal,1,activo,MUN-01,ZONA-01,CIRC-01,MESA-001
V000408,3ab47a3a83fd95974867,32,1994-06-03,,vigente,normal,1,activo,MUN-01,ZONA-01,CIRC-01,MESA-021
V000409,8ebf2382d549a141bf87,48,1978-06-03,,vigente,normal,1,activo,MUN-03,ZONA-03,CIRC-03,MESA-053
V000410,16b626be96e7d45a050e,18,2008-06-03,,vigente,normal,1,activo,MUN-01,ZONA-06,CIRC-01,MESA-016
V000411,a2c5a5f9f2d1fd4019a7,71,1955-06-04,,vigente,normal,1,activo,MUN-01,ZONA-01,CIRC-01,MESA-061
V000412,d2489aa020327792a263,20,2006-06-03,,vigente,normal,1,activo,MUN-04,ZONA-04,CIRC-04,MESA-054
V000413,8438979d74ef67acf50d,33,1993-06-03,,vigente,normal,1,activo,MUN-05,ZONA-05,CIRC-05,MESA-040
V000414,dc92d98ef085c0cfcf76,74,1952-06-03,,vigente,normal,1,activo,MUN-01,ZONA-01,CIRC-01,MESA-026
V000415,643141f56e87f13ecdf8,29,1997-06-03,,vigente,normal,1,activo,MUN-05,ZONA-05,CIRC-05,MESA-080
V000416,d0b312f1230528f74528,33,1993-06-03,,vigente,normal,1,activo,MUN-05,ZONA-05,CIRC-05,MESA-065
V000417,829771f6a0784ef86def,89,1937-06-03,,vigente,normal,1,activo,MUN-04,ZONA-04,CIRC-04,MESA-074
V000418,1e53582f5aca551490a6,41,1985-06-03,,vigente,normal,1,activo,MUN-04,ZONA-04,CIRC-04,MESA-064
V000419,bc3fe4533a1b8a698471,45,1981-06-03,,vigente,normal,1,activo,MUN-03,ZONA-08,CIRC-03,MESA-043
V000420,3960d43dd96edd072829,25,2001-06-03,,vigente,normal,1,activo,MUN-02,ZONA-07,CIRC-02,MESA-017
V000421,155cd3da33ee9c4daeb3,53,1973-06-03,,vigente,normal,1,activo,MUN-04,ZONA-09,CIRC-04,MESA-059
V000422,05c69827494b57791532,25,2001-06-03,,vigente,normal,1,activo,MUN-03,ZONA-03,CIRC-03,MESA-023
V000423,0f7dd2569ca3eb03582f,75,1951-06-04,,vigente,normal,1,activo,MUN-02,ZONA-07,CIRC-02,MESA-007
V000424,13f60806f7048e7f1bb4,77,1949-06-03,,vigente,normal,1,activo,MUN-04,ZONA-09,CIRC-04,MESA-044
V000425,246fe21d15164fcf9c5f,67,1959-06-04,,vigente,normal,1,activo,MUN-03,ZONA-03,CIRC-03,MESA-053
V000426,43a4fce58a566ecc063d,45,1981-06-03,,vigente,normal,1,activo,MUN-01,ZONA-01,CIRC-01,MESA-071
V000427,a0b195536a6e5098f370,58,1968-06-03,,vigente,normal,1,activo,MUN-04,ZONA-04,CIRC-04,MESA-079
V000428,779461a9b56fc7c6deb8,81,1945-06-03,,vigente,normal,1,activo,MUN-04,ZONA-09,CIRC-04,MESA-034
V000429,558e41b22718d3ce8929,44,1982-06-03,,vigente,normal,1,activo,MUN-01,ZONA-01,CIRC-01,MESA-046
V000430,0026be8291436d7f8700,80,1946-06-03,,vigente,normal,1,activo,MUN-03,ZONA-08,CIRC-03,MESA-068
V000431,224f4ae676482abaaec2,34,1992-06-03,,vigente,normal,1,activo,MUN-03,ZONA-03,CIRC-03,MESA-078
V000432,258c97c5fa243b56f236,90,1936-06-03,,cancelado,normal,1,activo,MUN-03,ZONA-03,CIRC-03,MESA-078
V000433,8a3285f3427eea01ae8c,50,1976-06-03,,vigente,normal,1,activo,MUN-01,ZONA-06,CIRC-01,MESA-016
V000434,2650754bf0bc67eff949,46,1980-06-03,,vigente,normal,1,activo,MUN-01,ZONA-01,CIRC-01,MESA-071
V000435,ff5018b82d9de5f94720,30,1996-06-03,,vigente,normal,1,activo,MUN-04,ZONA-09,CIRC-04,MESA-019
V000436,b2ba6257268272137590,63,1963-06-04,,vigente,normal,1,activo,MUN-02,ZONA-02,CIRC-02,MESA-002
V000437,41efad81617826b8f28f,52,1974-06-03,,vigente,normal,1,activo,MUN-05,ZONA-10,CIRC-05,MESA-010
V000438,6dc98f4d25192678c3ed,15,2011-06-04,,vigente,normal,1,activo,MUN-05,ZONA-05,CIRC-05,MESA-050
V000439,af4a2516131ba9d0ed30,86,1940-06-03,,vigente,normal,1,activo,MUN-02,ZONA-02,CIRC-02,MESA-012
V000440,1fd8fa2da47fb8261fe0,64,1962-06-03,,vigente,normal,1,activo,MUN-05,ZONA-10,CIRC-05,MESA-070
V000441,608f25c7c31081ee36b2,42,1984-06-03,,vigente,normal,1,activo,MUN-02,ZONA-02,CIRC-02,MESA-022
V000442,54b9ada3dbfbb52fbc1d,83,1943-06-04,,vigente,normal,1,activo,MUN-02,ZONA-07,CIRC-02,MESA-032
V000443,8821ab42293d2ef1e92a,27,1999-06-04,,vigente,normal,1,activo,MUN-01,ZONA-01,CIRC-01,MESA-001
V000444,3de627415055d0a445a9,73,1953-06-03,,vigente,normal,1,activo,MUN-04,ZONA-04,CIRC-04,MESA-054
V000445,ae7d37243973bbb7d46a,47,1979-06-04,,vigente,normal,1,activo,MUN-03,ZONA-08,CIRC-03,MESA-058
V000446,84a82a69a4a3511e61d0,22,2004-06-03,,vigente,normal,1,activo,MUN-05,ZONA-10,CIRC-05,MESA-070
V000447,dde1322057ed171550c5,50,1976-06-03,,vigente,normal,1,activo,MUN-03,ZONA-08,CIRC-03,MESA-018
V000448,a3f95a119a3e0ceb4baf,82,1944-06-03,,vigente,normal,1,activo,MUN-01,ZONA-06,CIRC-01,MESA-006
V000449,649e5758cb57e94f3e48,35,1991-06-04,,vigente,normal,1,activo,MUN-05,ZONA-10,CIRC-05,MESA-045
V000450,404cbe5397170e3858cc,66,1960-06-03,,vigente,normal,1,activo,MUN-03,ZONA-03,CIRC-03,MESA-023
V000451,8819702580959c740fd1,28,1998-06-03,,vigente,normal,1,activo,MUN-03,ZONA-03,CIRC-03,MESA-023
V000452,588307f94c2296795474,43,1983-06-04,,vigente,normal,1,activo,MUN-01,ZONA-01,CIRC-01,MESA-026
V000453,8f73070808d3611e41dd,80,1946-06-03,,vigente,normal,1,activo,MUN-02,ZONA-02,CIRC-02,MESA-077
V000454,c24911205842c1bbde7b,76,1950-06-03,,vigente,normal,1,activo,MUN-02,ZONA-07,CIRC-02,MESA-007
V000455,f63ece897ba75808ce09,44,1982-06-03,,vigente,normal,1,activo,MUN-04,ZONA-04,CIRC-04,MESA-079
V000456,f531ca8b122a81e7a096,66,1960-06-03,,vigente,normal,1,activo,MUN-04,ZONA-09,CIRC-04,MESA-044
V000457,f0739230b599af393b75,50,1976-06-03,,vigente,normal,1,activo,MUN-02,ZONA-02,CIRC-02,MESA-027
V000458,ec759244e0a78af8d5fd,18,2008-06-03,,vigente,normal,1,activo,MUN-01,ZONA-01,CIRC-01,MESA-026
V000459,d78b112d90ba84e8a6e6,38,1988-06-03,,vigente,normal,1,activo,MUN-04,ZONA-04,CIRC-04,MESA-079
V000460,ec2134f17eff0eab2a13,72,1954-06-03,,vigente,normal,1,activo,MUN-01,ZONA-01,CIRC-01,MESA-036
V000461,c3b76aee66439a40d44e,23,2003-06-04,2025-01-24,vigente,fallecido,1,activo,MUN-05,ZONA-05,CIRC-05,MESA-055
V000462,30ab6762a49f7998c489,86,1940-06-03,,vigente,normal,1,activo,MUN-04,ZONA-04,CIRC-04,MESA-064
V000463,1ffd8ef26021555657e9,116,1910-06-03,,vigente,normal,1,activo,MUN-02,ZONA-07,CIRC-02,MESA-057
V000464,1e0df49bff0e870a973d,20,2006-06-03,,vigente,normal,1,activo,MUN-04,ZONA-09,CIRC-04,MESA-069
V000465,36d663f8032ec46bab9b,70,1956-06-03,,vigente,normal,1,activo,MUN-01,ZONA-01,CIRC-01,MESA-061
V000466,8ecd1204ca2aa3eaf83e,40,1986-06-03,,vigente,normal,1,activo,MUN-02,ZONA-02,CIRC-02,MESA-002
V000467,abe453920ead58afb971,70,1956-06-03,,vigente,normal,1,activo,MUN-05,ZONA-05,CIRC-05,MESA-055
V000468,85c39a23c8497c639487,54,1972-06-03,,vigente,normal,1,activo,MUN-05,ZONA-05,CIRC-05,MESA-080
V000469,86b0d5474829438c4ef2,34,1992-06-03,,vigente,normal,1,activo,MUN-03,ZONA-03,CIRC-03,MESA-038
V000470,69fb7a91533cf0ed1769,90,1936-06-03,,vigente,normal,1,activo,MUN-05,ZONA-05,CIRC-05,MESA-080
V000471,229ad4fbee1d5a36ee8e,18,2008-06-03,,vigente,normal,1,activo,MUN-03,ZONA-03,CIRC-03,MESA-078
V000472,5f2502dd1ad8b738d801,68,1958-06-03,,vigente,normal,1,activo,MUN-04,ZONA-04,CIRC-04,MESA-029
V000473,26c9831c97677d62befa,62,1964-06-03,,vigente,normal,1,activo,MUN-01,ZONA-01,CIRC-01,MESA-026
V000474,78c226525409379139ca,21,2005-06-03,,vigente,normal,1,activo,MUN-05,ZONA-10,CIRC-05,MESA-035
V000475,bfd1775b46de56f12aed,79,1947-06-04,,vigente,normal,1,activo,MUN-04,ZONA-04,CIRC-04,MESA-079
V000476,f7d089493b3797786ede,82,1944-06-03,,vigente,normal,1,activo,MUN-02,ZONA-07,CIRC-02,MESA-067
V000477,134fb249d541b77143f5,49,1977-06-03,,vigente,normal,1,activo,MUN-04,ZONA-04,CIRC-04,MESA-029
V000478,496cf4e50b3d51f42ab2,51,1975-06-04,,vigente,normal,1,activo,MUN-04,ZONA-09,CIRC-04,MESA-034
V000479,ec01aa36de3ec3d2611f,89,1937-06-03,,vigente,normal,1,activo,MUN-01,ZONA-06,CIRC-01,MESA-041
V000480,0a9adb35e64c1ab36340,56,1970-06-03,,vigente,normal,1,activo,MUN-01,ZONA-06,CIRC-01,MESA-041
V000481,89d7f2f0bf9c834a5089,43,1983-06-04,2024-11-29,vigente,fallecido,1,activo,MUN-03,ZONA-03,CIRC-03,MESA-023
V000482,ba20540c055eed4d5f81,51,1975-06-04,2026-03-19,vigente,fallecido,1,activo,MUN-01,ZONA-01,CIRC-01,MESA-071
V000483,12cae41a8f927cc14fa7,71,1955-06-04,,vigente,normal,1,activo,MUN-03,ZONA-03,CIRC-03,MESA-003
V000484,600d0807e9a1b5a4a1da,20,2006-06-03,,vigente,normal,1,activo,MUN-03,ZONA-08,CIRC-03,MESA-058
V000485,de5bbfe659e8eaa64ab9,67,1959-06-04,,vigente,normal,1,activo,MUN-02,ZONA-07,CIRC-02,MESA-032
V000486,c3c9181a011b8b5a36eb,17,2009-06-03,,vigente,normal,1,activo,MUN-01,ZONA-06,CIRC-01,MESA-031
V000487,2ec2c28e2efcf7b935ef,82,1944-06-03,,vigente,normal,1,activo,MUN-03,ZONA-08,CIRC-03,MESA-043
V000488,7e571cfc11d79f750af9,71,1955-06-04,,vigente,normal,1,activo,MUN-02,ZONA-07,CIRC-02,MESA-007
V000489,93c194f867135768a96b,22,2004-06-03,,vigente,normal,1,activo,MUN-01,ZONA-01,CIRC-01,MESA-001
V000490,caa92bd2cce2d91d5d41,74,1952-06-03,,vigente,normal,1,activo,MUN-01,ZONA-01,CIRC-01,MESA-061
V000491,a11b0523de036a4ff9a8,34,1992-06-03,,vigente,normal,1,activo,MUN-04,ZONA-04,CIRC-04,MESA-014
V000492,68ab35f5b4c2b25864ba,64,1962-06-03,,vigente,normal,1,activo,MUN-02,ZONA-02,CIRC-02,MESA-052
V000493,1761ae6381b78eda8d65,40,1986-06-03,,vigente,normal,1,activo,MUN-01,ZONA-06,CIRC-01,MESA-006
V000494,09a0ed6ac68fd7597dbe,31,1995-06-04,,vigente,normal,1,activo,MUN-05,ZONA-10,CIRC-05,MESA-010
V000495,065dca665d12a4b7f4d4,122,1904-06-03,,vigente,normal,1,activo,MUN-01,ZONA-01,CIRC-01,MESA-071
V000496,747ebce01d0920ad95aa,68,1958-06-03,,vigente,normal,1,activo,MUN-05,ZONA-05,CIRC-05,MESA-030
V000497,29e03839263ddcdeb0c8,55,1971-06-04,,vigente,normal,1,activo,MUN-01,ZONA-01,CIRC-01,MESA-021
V000498,74565d37c42e173ba9b1,81,1945-06-03,,cancelado,normal,1,activo,MUN-05,ZONA-10,CIRC-05,MESA-060
V000499,6b280848b4e92689ac88,55,1971-06-04,,vigente,normal,1,activo,MUN-04,ZONA-04,CIRC-04,MESA-074
V000500,24c00a53265b7cff0906,67,1959-06-04,,vigente,normal,1,activo,MUN-03,ZONA-03,CIRC-03,MESA-063
V000501,d981e9094379b4a3b8af,47,1979-06-04,,vigente,normal,1,activo,MUN-02,ZONA-07,CIRC-02,MESA-042
V000502,97e0e7794b2c00ea0f2a,68,1958-06-03,2025-11-09,vigente,fallecido,1,activo,MUN-01,ZONA-01,CIRC-01,MESA-051
V000503,c52690bfd1086765810c,80,1946-06-03,,vigente,normal,1,activo,MUN-04,ZONA-04,CIRC-04,MESA-064
V000504,41e0dcd21108d55e2282,69,1957-06-03,,vigente,normal,1,activo,MUN-01,ZONA-01,CIRC-01,MESA-076
V000505,bd5cb0c68e075ebdca5f,55,1971-06-04,,vigente,normal,1,activo,MUN-01,ZONA-06,CIRC-01,MESA-056
V000506,833c826a07c250603217,47,1979-06-04,,vigente,normal,1,activo,MUN-05,ZONA-05,CIRC-05,MESA-080
V000507,bcfe0d2aa4673600273f,68,1958-06-03,,cancelado,normal,1,activo,MUN-01,ZONA-06,CIRC-01,MESA-041
V000508,1ef3447628f2a8d005c7,22,2004-06-03,,vigente,normal,1,activo,MUN-02,ZONA-07,CIRC-02,MESA-032
V000509,40a57ba0720d498fe4b7,46,1980-06-03,,vigente,normal,1,activo,MUN-05,ZONA-05,CIRC-05,MESA-015
V000510,62717a1df7b389de8e3b,21,2005-06-03,,vigente,normal,1,activo,MUN-02,ZONA-02,CIRC-02,MESA-062
V000511,f8fc0821a266e3aec9c5,27,1999-06-04,,vigente,normal,1,activo,MUN-02,ZONA-02,CIRC-02,MESA-027
V000512,c81f54fb2bfb4200f88d,73,1953-06-03,,vigente,normal,1,activo,MUN-03,ZONA-03,CIRC-03,MESA-028
V000513,168bde899b674cead182,34,1992-06-03,,vigente,normal,1,activo,MUN-04,ZONA-04,CIRC-04,MESA-064
V000514,7b2e970703d69f5655c4,34,1992-06-03,,vigente,normal,1,activo,MUN-04,ZONA-09,CIRC-04,MESA-059
V000515,94425b59cc6070c82a51,86,1940-06-03,,vigente,normal,1,activo,MUN-03,ZONA-08,CIRC-03,MESA-058
V000516,b5608188a93de45e7d08,51,1975-06-04,,vigente,normal,1,activo,MUN-02,ZONA-02,CIRC-02,MESA-002
V000517,4059d14e7a8a6db001c9,23,2003-06-04,,vigente,normal,1,activo,MUN-01,ZONA-01,CIRC-01,MESA-036
V000518,39fef31799e1756b8865,70,1956-06-03,,vigente,normal,1,activo,MUN-01,ZONA-01,CIRC-01,MESA-071
V000519,081c7096fc5861170a6d,83,1943-06-04,,vigente,normal,1,activo,MUN-03,ZONA-03,CIRC-03,MESA-013
V000520,ef724bf3d0c1adfcc2d7,17,2009-06-03,,vigente,normal,1,activo,MUN-05,ZONA-05,CIRC-05,MESA-015
V000521,65c4a21d11e62b5db93d,40,1986-06-03,,vigente,normal,1,activo,MUN-05,ZONA-10,CIRC-05,MESA-060
V000522,b2ad5f9fcf56a610e38d,72,1954-06-03,,vigente,normal,1,activo,MUN-02,ZONA-02,CIRC-02,MESA-022
V000523,64d8360303990330290c,33,1993-06-03,,vigente,normal,1,activo,MUN-03,ZONA-03,CIRC-03,MESA-063
V000524,d66d4d40847257189095,25,2001-06-03,,vigente,normal,1,activo,MUN-05,ZONA-05,CIRC-05,MESA-075
V000525,52f91fe8e1de9e8f353a,21,2005-06-03,,vigente,normal,1,activo,MUN-04,ZONA-04,CIRC-04,MESA-074
V000526,735abe31b35eaeb31d36,21,2005-06-03,,vigente,normal,1,activo,MUN-05,ZONA-05,CIRC-05,MESA-025
V000527,56d1aeeed0b4bc6dd2d0,73,1953-06-03,,vigente,normal,1,activo,MUN-03,ZONA-03,CIRC-03,MESA-048
V000528,f2d25299c7bb568ba678,42,1984-06-03,,vigente,normal,1,activo,MUN-03,ZONA-08,CIRC-03,MESA-043
V000529,bcdf702128c1336012ec,84,1942-06-03,,vigente,normal,1,activo,MUN-03,ZONA-03,CIRC-03,MESA-038
V000530,55d930b370c0dca2a79b,15,2011-06-04,,vigente,normal,1,activo,MUN-01,ZONA-06,CIRC-01,MESA-041
V000531,d0ee76f6a6658055d2a7,44,1982-06-03,,vigente,normal,1,activo,MUN-05,ZONA-10,CIRC-05,MESA-045
V000532,76fb4c39a14afcc30830,49,1977-06-03,,vigente,normal,1,activo,MUN-05,ZONA-05,CIRC-05,MESA-040
V000533,1d88b3e34a264067a8ee,67,1959-06-04,,vigente,normal,1,activo,MUN-02,ZONA-07,CIRC-02,MESA-017
V000534,ca2c4d3a0cb6f7b5d703,78,1948-06-03,,vigente,normal,1,activo,MUN-02,ZONA-07,CIRC-02,MESA-057
V000535,b71378c200e86dc255d0,68,1958-06-03,,vigente,normal,1,activo,MUN-02,ZONA-02,CIRC-02,MESA-002
V000536,7024455a23bf2db86662,36,1990-06-03,,vigente,normal,1,activo,MUN-02,ZONA-02,CIRC-02,MESA-062
V000537,e5da290c613d21365268,38,1988-06-03,,vigente,normal,1,activo,MUN-04,ZONA-09,CIRC-04,MESA-009
V000538,74bbfa0b552fadc85e6b,22,2004-06-03,,vigente,normal,1,activo,MUN-03,ZONA-08,CIRC-03,MESA-068
V000539,2ebd0f20b68036292782,59,1967-06-04,,vigente,normal,1,activo,MUN-02,ZONA-07,CIRC-02,MESA-017
V000540,c6c79021bf311f5fe097,78,1948-06-03,,vigente,normal,1,activo,MUN-05,ZONA-05,CIRC-05,MESA-050
V000541,1bb5f1b9f463828a6fd8,39,1987-06-04,,vigente,normal,1,activo,MUN-05,ZONA-05,CIRC-05,MESA-040
V000542,fe7dac504c2b4089b63b,38,1988-06-03,,vigente,normal,1,activo,MUN-03,ZONA-08,CIRC-03,MESA-058
V000543,3480732033338339cec6,87,1939-06-04,,vigente,normal,1,activo,MUN-05,ZONA-05,CIRC-05,MESA-075
V000544,8a8a9d43553536b95df3,18,2008-06-03,,vigente,normal,1,activo,MUN-01,ZONA-01,CIRC-01,MESA-021
V000545,bcfe3697172e525ab1b3,22,2004-06-03,,vigente,normal,1,activo,MUN-03,ZONA-08,CIRC-03,MESA-018
V000546,e59a5fbb735a55ae65fe,29,1997-06-03,,vigente,normal,1,activo,MUN-05,ZONA-05,CIRC-05,MESA-055
V000547,9c754da6ab1d460ffefa,63,1963-06-04,,vigente,normal,1,activo,MUN-04,ZONA-04,CIRC-04,MESA-029
V000548,42c83ea38cef37249e9a,51,1975-06-04,,vigente,normal,1,activo,MUN-04,ZONA-04,CIRC-04,MESA-024
V000549,4dfc092bf85b20d45c9e,66,1960-06-03,,vigente,normal,1,activo,MUN-04,ZONA-04,CIRC-04,MESA-074
V000550,905ef207bf96c9543d11,62,1964-06-03,,vigente,normal,1,activo,MUN-02,ZONA-07,CIRC-02,MESA-017
V000551,2ee4beb5c8097035e86b,44,1982-06-03,,vigente,normal,1,activo,MUN-03,ZONA-08,CIRC-03,MESA-018
V000552,a610cd183386df9682b3,90,1936-06-03,,vigente,normal,1,activo,MUN-02,ZONA-07,CIRC-02,MESA-042
V000553,fe729b328c79ce6b5e85,43,1983-06-04,,vigente,normal,1,activo,MUN-05,ZONA-10,CIRC-05,MESA-045
V000554,fe7664efcc61169a20d0,64,1962-06-03,,vigente,normal,1,activo,MUN-02,ZONA-07,CIRC-02,MESA-017
V000555,39655ec92c81fa42a106,73,1953-06-03,,vigente,normal,1,activo,MUN-03,ZONA-03,CIRC-03,MESA-073
V000556,2ca17a59d856356597a8,80,1946-06-03,,vigente,normal,1,activo,MUN-04,ZONA-04,CIRC-04,MESA-014
V000557,d40268c73232f741f7ec,65,1961-06-03,,vigente,normal,1,activo,MUN-04,ZONA-04,CIRC-04,MESA-049
V000558,4fe56a99633ad4a735d7,78,1948-06-03,,vigente,normal,1,activo,MUN-04,ZONA-04,CIRC-04,MESA-029
V000559,f012227781a90fcc2c11,43,1983-06-04,,vigente,normal,1,activo,MUN-04,ZONA-04,CIRC-04,MESA-004
V000560,519bc842eeb33b5b16b4,53,1973-06-03,,vigente,normal,1,activo,MUN-05,ZONA-10,CIRC-05,MESA-020
V000561,c6b44809c9a03f324cbd,18,2008-06-03,,vigente,normal,1,activo,MUN-02,ZONA-02,CIRC-02,MESA-047
V000562,7517ee8eb8e86b908fca,25,2001-06-03,,vigente,normal,1,activo,MUN-04,ZONA-09,CIRC-04,MESA-009
V000563,071777e13bd3d34c5440,69,1957-06-03,,vigente,normal,1,activo,MUN-02,ZONA-02,CIRC-02,MESA-077
V000564,ba835b3aa4dda088d1ae,64,1962-06-03,,vigente,normal,1,activo,MUN-04,ZONA-04,CIRC-04,MESA-079
V000565,7bde880db8bc552ebd9a,73,1953-06-03,,vigente,normal,1,activo,MUN-02,ZONA-02,CIRC-02,MESA-027
V000566,cd6fe655e8e07008cb78,31,1995-06-04,,vigente,normal,1,activo,MUN-05,ZONA-05,CIRC-05,MESA-015
V000567,25029430291a6b799cba,45,1981-06-03,,vigente,normal,1,activo,MUN-04,ZONA-09,CIRC-04,MESA-019
V000568,e35f2fb880aaa565034d,19,2007-06-04,,vigente,normal,1,activo,MUN-02,ZONA-02,CIRC-02,MESA-052
V000569,12eab7962f82487a6eb1,43,1983-06-04,,vigente,normal,1,activo,MUN-01,ZONA-01,CIRC-01,MESA-026
V000570,0c9013034ee851294863,31,1995-06-04,,vigente,normal,1,activo,MUN-01,ZONA-01,CIRC-01,MESA-026
V000571,7dcb567e4031ba469c49,76,1950-06-03,,vigente,normal,1,activo,MUN-01,ZONA-01,CIRC-01,MESA-026
V000572,0b3b8cdb9d927b5de242,73,1953-06-03,,vigente,normal,1,activo,MUN-01,ZONA-01,CIRC-01,MESA-046
V000573,df96072df4c9b963e15d,24,2002-06-03,,vigente,normal,1,activo,MUN-04,ZONA-04,CIRC-04,MESA-049
V000574,d27b39196bc0db86f55a,20,2006-06-03,,vigente,normal,1,activo,MUN-03,ZONA-03,CIRC-03,MESA-053
V000575,287d7ff1de0fe7feafa0,40,1986-06-03,,vigente,normal,1,activo,MUN-03,ZONA-03,CIRC-03,MESA-003
V000576,b5d588b78c8096d72f3a,35,1991-06-04,,vigente,normal,1,activo,MUN-01,ZONA-06,CIRC-01,MESA-066
V000577,5583755108c6b8e6deb4,55,1971-06-04,,vigente,normal,1,activo,MUN-02,ZONA-07,CIRC-02,MESA-042
V000578,aeaf825a67f5f4a94633,32,1994-06-03,,vigente,normal,1,activo,MUN-04,ZONA-09,CIRC-04,MESA-019
V000579,c4336346d47872cd9b33,81,1945-06-03,,vigente,normal,1,activo,MUN-02,ZONA-07,CIRC-02,MESA-017
V000580,3a670a6a07e4a1e76fbb,45,1981-06-03,,vigente,normal,1,activo,MUN-03,ZONA-08,CIRC-03,MESA-033
V000581,7d674002ab3365264829,56,1970-06-03,,vigente,normal,1,activo,MUN-01,ZONA-01,CIRC-01,MESA-076
V000582,e10bf15a109090209e19,74,1952-06-03,,vigente,normal,1,activo,MUN-04,ZONA-04,CIRC-04,MESA-049
V000583,3be655afd0d0d8b1b805,34,1992-06-03,,vigente,normal,1,activo,MUN-01,ZONA-06,CIRC-01,MESA-056
V000584,5c6b80e137237146f085,61,1965-06-03,,vigente,normal,1,activo,MUN-03,ZONA-03,CIRC-03,MESA-063
V000585,08b920bc54644a1e3f73,42,1984-06-03,,vigente,normal,1,activo,MUN-03,ZONA-03,CIRC-03,MESA-003
V000586,e6b74b2e31650b0a9e70,34,1992-06-03,,vigente,normal,1,activo,MUN-04,ZONA-04,CIRC-04,MESA-049
V000587,c0c8b1307413d5c4873e,30,1996-06-03,,vigente,normal,1,activo,MUN-05,ZONA-05,CIRC-05,MESA-055
V000588,4164a2f490b384288dc0,42,1984-06-03,,vigente,normal,1,activo,MUN-01,ZONA-01,CIRC-01,MESA-026
V000589,a098112723fd5c3777d7,85,1941-06-03,,vigente,normal,1,activo,MUN-02,ZONA-02,CIRC-02,MESA-072
V000590,e97722eaf27f7614261d,27,1999-06-04,,vigente,normal,1,activo,MUN-02,ZONA-02,CIRC-02,MESA-052
V000591,2af5a0e8fef34f2c3d90,84,1942-06-03,,vigente,normal,1,activo,MUN-02,ZONA-07,CIRC-02,MESA-007
V000592,9dee046a33acf93469a9,35,1991-06-04,,vigente,normal,1,activo,MUN-01,ZONA-01,CIRC-01,MESA-046
V000593,3a32ab90a12a2a89bfb1,51,1975-06-04,,vigente,normal,1,activo,MUN-01,ZONA-01,CIRC-01,MESA-046
V000594,10058ea76b047f1dc25e,25,2001-06-03,,vigente,normal,1,activo,MUN-01,ZONA-06,CIRC-01,MESA-016
V000595,1aa2c5fa8923df8b7e80,57,1969-06-03,,vigente,normal,1,activo,MUN-04,ZONA-04,CIRC-04,MESA-024
V000596,772df81fa96c216413ae,59,1967-06-04,,vigente,normal,1,activo,MUN-01,ZONA-01,CIRC-01,MESA-061
V000597,2a570c515009b2f27e47,58,1968-06-03,,vigente,normal,1,activo,MUN-04,ZONA-04,CIRC-04,MESA-054
V000598,04e7caf57402a3e793a5,23,2003-06-04,,vigente,normal,1,activo,MUN-02,ZONA-02,CIRC-02,MESA-062
V000599,7ead16327cc327f38740,69,1957-06-03,,vigente,normal,1,activo,MUN-01,ZONA-01,CIRC-01,MESA-001
V000600,828d44c6fe51a0b453ef,43,1983-06-04,,vigente,normal,1,activo,MUN-04,ZONA-04,CIRC-04,MESA-049
V000601,5f40cc7a220abdf47f0b,81,1945-06-03,,vigente,normal,1,activo,MUN-05,ZONA-05,CIRC-05,MESA-025
V000602,9d0fd3d4a3987f8041b8,76,1950-06-03,,vigente,normal,1,activo,MUN-05,ZONA-10,CIRC-05,MESA-010
V000603,e4788f9f23b9de01d8a3,73,1953-06-03,,vigente,normal,1,activo,MUN-05,ZONA-05,CIRC-05,MESA-080
V000604,4ca8487337c8a528fb0e,76,1950-06-03,,vigente,normal,1,activo,MUN-01,ZONA-06,CIRC-01,MESA-016
V000605,cacc3c01927e844e3ac0,87,1939-06-04,,cancelado,normal,1,activo,MUN-03,ZONA-08,CIRC-03,MESA-058
V000606,ac6d6617bf93b0673666,50,1976-06-03,,vigente,normal,1,activo,MUN-02,ZONA-02,CIRC-02,MESA-072
V000607,f5cc76542124d67a1847,70,1956-06-03,,vigente,normal,1,activo,MUN-04,ZONA-04,CIRC-04,MESA-029
V000608,9b9dc31811fa45573201,39,1987-06-04,,vigente,normal,1,activo,MUN-01,ZONA-06,CIRC-01,MESA-006
V000609,b9015d0dda9dca86f574,38,1988-06-03,,vigente,normal,1,activo,MUN-01,ZONA-06,CIRC-01,MESA-016
V000610,6f1c9d411119d5b3880d,87,1939-06-04,,vigente,normal,1,activo,MUN-05,ZONA-10,CIRC-05,MESA-020
V000611,218fd7790c98eb25c3d5,87,1939-06-04,,vigente,normal,1,activo,MUN-05,ZONA-05,CIRC-05,MESA-080
V000612,f85d9b45045569dd90f1,21,2005-06-03,,vigente,normal,1,activo,MUN-01,ZONA-01,CIRC-01,MESA-071
V000613,f94a31b9a4f6151f1906,79,1947-06-04,,vigente,normal,1,activo,MUN-03,ZONA-03,CIRC-03,MESA-078
V000614,e523af04f0d88d680e44,79,1947-06-04,,cancelado,normal,1,activo,MUN-03,ZONA-08,CIRC-03,MESA-043
V000615,c4de65583a546a3e42b4,41,1985-06-03,,vigente,normal,1,activo,MUN-01,ZONA-01,CIRC-01,MESA-026
V000616,704119d4d8aeaf7ce7cd,72,1954-06-03,,vigente,normal,1,activo,MUN-03,ZONA-03,CIRC-03,MESA-078
V000617,b3e9fc05f600985f6073,26,2000-06-03,,vigente,normal,1,activo,MUN-01,ZONA-01,CIRC-01,MESA-071
V000618,9095e3a790f3ccb41f2c,20,2006-06-03,,vigente,normal,1,activo,MUN-03,ZONA-08,CIRC-03,MESA-033
V000619,b98ff2b8d917eb788c2f,48,1978-06-03,,vigente,normal,1,activo,MUN-01,ZONA-01,CIRC-01,MESA-026
V000620,48354eef66823dda2136,57,1969-06-03,,vigente,normal,1,activo,MUN-05,ZONA-10,CIRC-05,MESA-045
V000621,78dceb8fcd71a47952aa,53,1973-06-03,,vigente,normal,1,activo,MUN-03,ZONA-03,CIRC-03,MESA-063
V000622,43e36699375c997c6522,41,1985-06-03,,cancelado,normal,1,activo,MUN-02,ZONA-07,CIRC-02,MESA-067
V000623,0caa279d6f2c3fee6e37,23,2003-06-04,,vigente,normal,1,activo,MUN-02,ZONA-02,CIRC-02,MESA-052
V000624,fc5a2c6b71a3fbc5ccfc,83,1943-06-04,,vigente,normal,1,activo,MUN-03,ZONA-08,CIRC-03,MESA-068
V000625,0ede2280e026202fbea2,21,2005-06-03,,vigente,normal,1,activo,MUN-01,ZONA-01,CIRC-01,MESA-026
V000626,95d4775cc9d7841db000,23,2003-06-04,,vigente,normal,1,activo,MUN-05,ZONA-05,CIRC-05,MESA-075
V000627,2407800d824045a3616f,68,1958-06-03,,vigente,normal,1,activo,MUN-02,ZONA-02,CIRC-02,MESA-002
V000628,6169f13ed4f87976be9b,79,1947-06-04,,vigente,normal,1,activo,MUN-04,ZONA-04,CIRC-04,MESA-014
V000629,5b8c79451935561a51a9,74,1952-06-03,,vigente,normal,1,activo,MUN-05,ZONA-05,CIRC-05,MESA-030
V000630,78d4a0fc6391bbc980e5,83,1943-06-04,2025-04-06,vigente,fallecido,1,activo,MUN-04,ZONA-04,CIRC-04,MESA-049
V000631,983fd6f742c1ff063148,25,2001-06-03,,cancelado,normal,1,activo,MUN-02,ZONA-02,CIRC-02,MESA-012
V000632,bcd03dd80d57202f3145,43,1983-06-04,,vigente,normal,1,activo,MUN-04,ZONA-09,CIRC-04,MESA-044
V000633,3f9cb6eeb26f8cfcc1e5,68,1958-06-03,,vigente,normal,1,activo,MUN-03,ZONA-08,CIRC-03,MESA-033
V000634,c044b5974c60c0fd1dd0,62,1964-06-03,,vigente,normal,1,activo,MUN-03,ZONA-03,CIRC-03,MESA-013
V000635,31d507972b0423a18a5a,61,1965-06-03,,vigente,normal,1,activo,MUN-03,ZONA-03,CIRC-03,MESA-078
V000636,d5394ef23655eafc1a04,22,2004-06-03,,vigente,normal,1,activo,MUN-01,ZONA-01,CIRC-01,MESA-026
V000637,1a476f5fbb13be960e40,87,1939-06-04,,vigente,normal,1,activo,MUN-01,ZONA-01,CIRC-01,MESA-021
V000638,124670c0c4257e287822,43,1983-06-04,,vigente,normal,1,activo,MUN-03,ZONA-03,CIRC-03,MESA-028
V000639,0b6b9fa87ab7b2a62a4e,85,1941-06-03,,vigente,normal,1,activo,MUN-03,ZONA-03,CIRC-03,MESA-048
V000640,6f36d8d73d92b983a1fb,36,1990-06-03,,vigente,normal,1,activo,MUN-05,ZONA-05,CIRC-05,MESA-040
V000641,7d488901746919ed761c,37,1989-06-03,,vigente,normal,1,activo,MUN-01,ZONA-06,CIRC-01,MESA-066
V000642,e8d948887c3181a6b7bb,123,1903-06-04,,vigente,normal,1,activo,MUN-03,ZONA-03,CIRC-03,MESA-073
V000643,bf19f066acaee2ecc0fe,64,1962-06-03,,vigente,normal,1,activo,MUN-04,ZONA-04,CIRC-04,MESA-079
V000644,224318bc87a72f4f14a4,18,2008-06-03,,vigente,normal,1,activo,MUN-02,ZONA-02,CIRC-02,MESA-077
V000645,12fb00569004490cbd4c,31,1995-06-04,,vigente,normal,1,activo,MUN-03,ZONA-03,CIRC-03,MESA-023
V000646,8b02eb29538975c6c2c1,81,1945-06-03,,vigente,normal,1,activo,MUN-03,ZONA-03,CIRC-03,MESA-048
V000647,c7ee0dc28d27c54c8fc1,55,1971-06-04,2024-11-26,vigente,fallecido,1,activo,MUN-02,ZONA-02,CIRC-02,MESA-002
V000648,51b61d113c523918221c,17,2009-06-03,,vigente,normal,1,activo,MUN-05,ZONA-10,CIRC-05,MESA-020
V000649,affe639f0514817a0b42,28,1998-06-03,,vigente,normal,1,activo,MUN-04,ZONA-09,CIRC-04,MESA-059
V000650,d71d733df0de90238ec8,20,2006-06-03,,vigente,normal,1,activo,MUN-01,ZONA-01,CIRC-01,MESA-046
V000651,6b32fd274fadcc7f92c8,50,1976-06-03,,vigente,normal,1,activo,MUN-03,ZONA-03,CIRC-03,MESA-003
V000652,92ae41028b74269fe436,23,2003-06-04,,vigente,normal,1,activo,MUN-05,ZONA-05,CIRC-05,MESA-055
V000653,c3dd1dfb97607704ba1a,67,1959-06-04,,vigente,normal,1,activo,MUN-02,ZONA-02,CIRC-02,MESA-012
V000654,ed7ba423738d1ceb959f,27,1999-06-04,,vigente,normal,1,activo,MUN-05,ZONA-05,CIRC-05,MESA-040
V000655,64e5082d9d3c8c98316f,22,2004-06-03,,vigente,normal,1,activo,MUN-01,ZONA-06,CIRC-01,MESA-066
V000656,56c017e6e8c4b72eb3ab,40,1986-06-03,2026-03-28,vigente,fallecido,1,activo,MUN-03,ZONA-03,CIRC-03,MESA-078
V000657,a55fc01903368e5c9df1,27,1999-06-04,,vigente,inhabilitado,1,activo,MUN-01,ZONA-06,CIRC-01,MESA-016
V000658,f43bdfa04ee359de08d8,61,1965-06-03,,vigente,normal,1,activo,MUN-04,ZONA-09,CIRC-04,MESA-034
V000659,1b935613082caf9bc24a,19,2007-06-04,,vigente,normal,1,activo,MUN-04,ZONA-09,CIRC-04,MESA-044
V000660,5d647a8ae5678f72414c,30,1996-06-03,,vigente,normal,1,activo,MUN-01,ZONA-06,CIRC-01,MESA-006
V000661,9e87be58d2b091f0ca1c,126,1900-06-03,,vigente,normal,1,activo,MUN-02,ZONA-02,CIRC-02,MESA-077
V000662,3ddc2960ab18e23ea748,19,2007-06-04,,vigente,normal,1,activo,MUN-04,ZONA-04,CIRC-04,MESA-064
V000663,ba42218144da88a25ef0,82,1944-06-03,,vigente,normal,1,activo,MUN-02,ZONA-02,CIRC-02,MESA-022
V000664,fb6c4c1263be3837c853,80,1946-06-03,,vigente,normal,1,activo,MUN-03,ZONA-08,CIRC-03,MESA-018
V000665,a7b4c4017db5c196e9a1,90,1936-06-03,,vigente,normal,1,activo,MUN-02,ZONA-02,CIRC-02,MESA-012
V000666,6fe397df0e4da14ad735,34,1992-06-03,,vigente,normal,1,activo,MUN-02,ZONA-02,CIRC-02,MESA-052
V000667,3f4530acfb9faf8aefe1,26,2000-06-03,,vigente,normal,1,activo,MUN-01,ZONA-01,CIRC-01,MESA-051
V000668,6b1bb0e902dfa63816e5,32,1994-06-03,,vigente,normal,1,activo,MUN-01,ZONA-01,CIRC-01,MESA-071
V000669,9e45f6dd236732ac63a3,41,1985-06-03,,vigente,normal,1,activo,MUN-03,ZONA-03,CIRC-03,MESA-048
V000670,5298e185af186491fe66,55,1971-06-04,,vigente,normal,1,activo,MUN-04,ZONA-09,CIRC-04,MESA-019
V000671,ed94d50ef0c0f9c46ae4,52,1974-06-03,,vigente,normal,1,activo,MUN-01,ZONA-06,CIRC-01,MESA-006
V000672,a4ea95d810cff7a1951d,66,1960-06-03,,vigente,normal,1,activo,MUN-02,ZONA-02,CIRC-02,MESA-027
V000673,53e4c209dc5783d3708d,86,1940-06-03,,vigente,normal,1,activo,MUN-03,ZONA-03,CIRC-03,MESA-053
V000674,538d6ff939fda27cdcd6,79,1947-06-04,,vigente,normal,1,activo,MUN-03,ZONA-03,CIRC-03,MESA-048
V000675,7b436f697d5c4284e047,77,1949-06-03,,vigente,normal,1,activo,MUN-02,ZONA-07,CIRC-02,MESA-007
V000676,26e7c58b8611ad9c5664,67,1959-06-04,,vigente,normal,1,activo,MUN-04,ZONA-09,CIRC-04,MESA-059
V000677,541ad01171fa846074b3,26,2000-06-03,,vigente,normal,1,activo,MUN-04,ZONA-09,CIRC-04,MESA-069
V000678,3dba17d5d04b90eb4efc,51,1975-06-04,,vigente,normal,1,activo,MUN-01,ZONA-01,CIRC-01,MESA-011
V000679,16e2430f308b4e9d3823,52,1974-06-03,,vigente,normal,1,activo,MUN-05,ZONA-05,CIRC-05,MESA-015
V000680,275f2b6fcd2f6c57c1d4,18,2008-06-03,,vigente,normal,1,activo,MUN-04,ZONA-04,CIRC-04,MESA-064
V000681,3dd38d582fcde1aa58cf,57,1969-06-03,,vigente,normal,1,activo,MUN-03,ZONA-03,CIRC-03,MESA-003
V000682,c794dbcd4e60e487831b,81,1945-06-03,,vigente,normal,1,activo,MUN-04,ZONA-09,CIRC-04,MESA-069
V000683,4ea4fcf13354dd6751b6,39,1987-06-04,,vigente,normal,1,activo,MUN-03,ZONA-03,CIRC-03,MESA-023
V000684,f52ab046a486d7661896,77,1949-06-03,,vigente,normal,1,activo,MUN-03,ZONA-03,CIRC-03,MESA-053
V000685,33030f9d06a1496aa100,81,1945-06-03,,vigente,normal,1,activo,MUN-02,ZONA-02,CIRC-02,MESA-037
V000686,01a0422b8f954aac04f9,89,1937-06-03,,vigente,normal,1,activo,MUN-04,ZONA-09,CIRC-04,MESA-009
V000687,cddb7fc401ba9848f300,28,1998-06-03,,vigente,normal,1,activo,MUN-05,ZONA-05,CIRC-05,MESA-015
V000688,0106a68fcfc844dcb88a,31,1995-06-04,,vigente,normal,1,activo,MUN-03,ZONA-03,CIRC-03,MESA-003
V000689,235a62c08e5aa6a255b4,77,1949-06-03,,vigente,normal,1,activo,MUN-05,ZONA-10,CIRC-05,MESA-070
V000690,0653e661805cb12aad71,47,1979-06-04,,vigente,normal,1,activo,MUN-02,ZONA-07,CIRC-02,MESA-017
V000691,df175296d0793096faa5,52,1974-06-03,,vigente,normal,1,activo,MUN-01,ZONA-01,CIRC-01,MESA-026
V000692,bbc17087f9cb69bcbf3c,54,1972-06-03,,vigente,normal,1,activo,MUN-01,ZONA-01,CIRC-01,MESA-021
V000693,12925380ae73b9c7ff41,22,2004-06-03,,vigente,normal,1,activo,MUN-02,ZONA-02,CIRC-02,MESA-072
V000694,f7d43fcd9d98762d14ef,43,1983-06-04,,vigente,normal,1,activo,MUN-01,ZONA-01,CIRC-01,MESA-021
V000695,63302a9eb225dd49470c,79,1947-06-04,,vigente,normal,1,activo,MUN-01,ZONA-01,CIRC-01,MESA-011
V000696,b3272fd530fb6fcfdaa2,21,2005-06-03,,vigente,normal,1,activo,MUN-03,ZONA-03,CIRC-03,MESA-038
V000697,54ec18aedb7e56ece252,59,1967-06-04,,vigente,normal,1,activo,MUN-02,ZONA-02,CIRC-02,MESA-072
V000698,4a345a1b8dde464da710,35,1991-06-04,,vigente,normal,1,activo,MUN-05,ZONA-10,CIRC-05,MESA-035
V000699,ed095c15c3ba51316123,57,1969-06-03,,vigente,normal,1,activo,MUN-04,ZONA-04,CIRC-04,MESA-014
V000700,532e8a3993c54ddbcfa4,89,1937-06-03,,vigente,normal,1,activo,MUN-04,ZONA-04,CIRC-04,MESA-014
V000701,9e08792494d44da0e76f,56,1970-06-03,,vigente,normal,1,activo,MUN-05,ZONA-10,CIRC-05,MESA-010
V000702,41fcdfd7395a4eb8e6fd,31,1995-06-04,,vigente,normal,1,activo,MUN-02,ZONA-02,CIRC-02,MESA-012
V000703,0dcbefd208c9839dc319,49,1977-06-03,,vigente,normal,1,activo,MUN-03,ZONA-03,CIRC-03,MESA-038
V000704,f07b4ffc2081755fbffe,125,1901-06-03,,vigente,normal,1,activo,MUN-04,ZONA-09,CIRC-04,MESA-034
V000705,621fba23efb6d7fe9cb9,55,1971-06-04,,vigente,normal,1,activo,MUN-01,ZONA-06,CIRC-01,MESA-041
V000706,422b1ce59c870eb3d05f,40,1986-06-03,,vigente,normal,1,activo,MUN-05,ZONA-10,CIRC-05,MESA-010
V000707,cbe486a953b1c66a89ca,80,1946-06-03,,vigente,normal,1,activo,MUN-02,ZONA-07,CIRC-02,MESA-017
V000708,b4213969c32de1802393,32,1994-06-03,,vigente,normal,1,activo,MUN-02,ZONA-07,CIRC-02,MESA-017
V000709,c4b297c037b27a533615,42,1984-06-03,,vigente,normal,1,activo,MUN-02,ZONA-07,CIRC-02,MESA-067
V000710,efd67d4c6ea53f039489,34,1992-06-03,,vigente,normal,1,activo,MUN-02,ZONA-02,CIRC-02,MESA-062
V000711,6e24845ec399d7884753,83,1943-06-04,,vigente,normal,1,activo,MUN-01,ZONA-01,CIRC-01,MESA-001
V000712,3b47c791dd0a1da29bf7,70,1956-06-03,,vigente,normal,1,activo,MUN-02,ZONA-02,CIRC-02,MESA-012
V000713,cc6e22a0d07caf769688,68,1958-06-03,,vigente,normal,1,activo,MUN-04,ZONA-04,CIRC-04,MESA-004
V000714,6a675e058b15f1b5d2a7,56,1970-06-03,,vigente,normal,1,activo,MUN-02,ZONA-07,CIRC-02,MESA-042
V000715,8211bcc09432008ef76b,68,1958-06-03,,vigente,normal,1,activo,MUN-03,ZONA-03,CIRC-03,MESA-013
V000716,e01839b3f89507a0228a,87,1939-06-04,,vigente,normal,1,activo,MUN-04,ZONA-04,CIRC-04,MESA-004
V000717,0220f2adc7e59c0fcb64,23,2003-06-04,,vigente,normal,1,activo,MUN-04,ZONA-09,CIRC-04,MESA-069
V000718,2a6421e2ead4b2c595d2,84,1942-06-03,,vigente,normal,1,activo,MUN-04,ZONA-09,CIRC-04,MESA-019
V000719,22997bdc5de587f69da4,24,2002-06-03,,vigente,normal,1,activo,MUN-02,ZONA-02,CIRC-02,MESA-002
V000720,f8a84da3055cad02fe7b,68,1958-06-03,2024-02-11,vigente,fallecido,1,activo,MUN-02,ZONA-02,CIRC-02,MESA-012
V000721,c8b4fcd2110590859eee,89,1937-06-03,,vigente,normal,1,activo,MUN-04,ZONA-04,CIRC-04,MESA-074
V000722,6065d50b2596bf55f759,59,1967-06-04,,vigente,normal,1,activo,MUN-01,ZONA-06,CIRC-01,MESA-006
V000723,5d2f1012f28011de86bb,81,1945-06-03,,vigente,normal,1,activo,MUN-03,ZONA-08,CIRC-03,MESA-008
V000724,dad04ca836704b7613fd,32,1994-06-03,,vigente,normal,1,activo,MUN-01,ZONA-01,CIRC-01,MESA-051
V000725,2bb2a372024544072bfa,46,1980-06-03,,vigente,normal,1,activo,MUN-01,ZONA-01,CIRC-01,MESA-011
V000726,3ce20f2730d2b96f0ebb,50,1976-06-03,,vigente,normal,1,activo,MUN-03,ZONA-03,CIRC-03,MESA-063
V000727,bf8e4fe2608d22f49dba,44,1982-06-03,,vigente,normal,1,activo,MUN-02,ZONA-07,CIRC-02,MESA-057
V000728,b1978e9edee1715f4c06,53,1973-06-03,,vigente,normal,1,activo,MUN-02,ZONA-02,CIRC-02,MESA-012
V000729,2e5554b4c2013d2ae6e7,46,1980-06-03,,vigente,normal,1,activo,MUN-03,ZONA-03,CIRC-03,MESA-073
V000730,367e292ebfdcf90dfb43,55,1971-06-04,,vigente,normal,1,activo,MUN-02,ZONA-02,CIRC-02,MESA-002
V000731,6b1bb0e902dfa63816e5,74,1952-06-03,,vigente,normal,1,activo,MUN-03,ZONA-08,CIRC-03,MESA-008
V000732,16c650aeacf3b170d369,44,1982-06-03,,vigente,normal,1,activo,MUN-01,ZONA-01,CIRC-01,MESA-011
V000733,5720ed182f7ed27677a2,72,1954-06-03,,vigente,normal,1,activo,MUN-03,ZONA-03,CIRC-03,MESA-053
V000734,b77834e2875e3b233ee8,50,1976-06-03,,vigente,normal,1,activo,MUN-05,ZONA-10,CIRC-05,MESA-010
V000735,fe708b9c6053370027bb,85,1941-06-03,,vigente,normal,1,activo,MUN-03,ZONA-08,CIRC-03,MESA-008
V000736,8b9e07d176b699b3716a,83,1943-06-04,,vigente,normal,1,activo,MUN-01,ZONA-01,CIRC-01,MESA-036
V000737,93c74cd1364debb2d5d1,27,1999-06-04,,vigente,normal,1,activo,MUN-01,ZONA-01,CIRC-01,MESA-076
V000738,edee2a1e82f3b86dacbf,22,2004-06-03,,vigente,normal,1,activo,MUN-04,ZONA-04,CIRC-04,MESA-014
V000739,0363a75848de15797535,55,1971-06-04,,vigente,normal,1,activo,MUN-04,ZONA-04,CIRC-04,MESA-054
V000740,35ba6c179f84237078dc,30,1996-06-03,,vigente,normal,1,activo,MUN-01,ZONA-01,CIRC-01,MESA-021
V000741,fa9ca414bb3a7565fec8,48,1978-06-03,,vigente,normal,1,activo,MUN-05,ZONA-05,CIRC-05,MESA-050
V000742,0b89b3a47d37434237c3,64,1962-06-03,,vigente,normal,1,activo,MUN-04,ZONA-04,CIRC-04,MESA-039
V000743,16a0e5ef7851474d41e1,69,1957-06-03,,vigente,normal,1,activo,MUN-05,ZONA-10,CIRC-05,MESA-020
V000744,df6368aebc321cbd9ff1,73,1953-06-03,,vigente,normal,1,activo,MUN-02,ZONA-07,CIRC-02,MESA-007
V000745,1114dd00307e29333e7e,32,1994-06-03,2025-09-22,vigente,fallecido,1,activo,MUN-04,ZONA-09,CIRC-04,MESA-009
V000746,35166db8a3e41613b071,46,1980-06-03,,vigente,normal,1,activo,MUN-01,ZONA-01,CIRC-01,MESA-001
V000747,6907fd26a560a2729444,25,2001-06-03,,vigente,normal,1,activo,MUN-01,ZONA-01,CIRC-01,MESA-026
V000748,3648a18d80648b99fc06,22,2004-06-03,,vigente,normal,1,activo,MUN-03,ZONA-03,CIRC-03,MESA-038
V000749,6a5696fc232405f77e08,46,1980-06-03,,vigente,normal,1,activo,MUN-03,ZONA-03,CIRC-03,MESA-038
V000750,ccfd17b187153ee4dc69,64,1962-06-03,,vigente,normal,1,activo,MUN-01,ZONA-01,CIRC-01,MESA-061
V000751,79037a0732dc9095ba1c,85,1941-06-03,,vigente,normal,1,activo,MUN-04,ZONA-09,CIRC-04,MESA-044
V000752,636f97208cfed04c7d8c,62,1964-06-03,,vigente,normal,1,activo,MUN-04,ZONA-09,CIRC-04,MESA-044
V000753,a3cc59c318294d78bdc7,19,2007-06-04,,vigente,normal,1,activo,MUN-04,ZONA-04,CIRC-04,MESA-074
V000754,4bc3081ccc2b01c891da,44,1982-06-03,,vigente,normal,1,activo,MUN-02,ZONA-02,CIRC-02,MESA-062
V000755,f5e6e2634d46bb672d6e,53,1973-06-03,,vigente,normal,1,activo,MUN-01,ZONA-06,CIRC-01,MESA-006
V000756,0cd13baf087cadfec669,53,1973-06-03,,vigente,normal,1,activo,MUN-02,ZONA-07,CIRC-02,MESA-017
V000757,e0f4223db7afa7dbd4ba,43,1983-06-04,,vigente,normal,1,activo,MUN-01,ZONA-01,CIRC-01,MESA-051
V000758,c8287d64669169c40b14,60,1966-06-03,,vigente,normal,1,activo,MUN-03,ZONA-03,CIRC-03,MESA-038
V000759,ec91ec044fc97acf7f12,44,1982-06-03,,vigente,normal,1,activo,MUN-04,ZONA-04,CIRC-04,MESA-024
V000760,bcaa65593a2459e50a0a,86,1940-06-03,,vigente,normal,1,activo,MUN-01,ZONA-01,CIRC-01,MESA-051
V000761,3ffcaa0929b6c3b1e33c,37,1989-06-03,,vigente,normal,1,activo,MUN-05,ZONA-10,CIRC-05,MESA-010
V000762,dfee94b25a248ea026bd,28,1998-06-03,,vigente,normal,1,activo,MUN-02,ZONA-02,CIRC-02,MESA-072
V000763,1920c038b202d2d73655,55,1971-06-04,,vigente,normal,1,activo,MUN-01,ZONA-01,CIRC-01,MESA-021
V000764,3aed2df95923a640e1b3,23,2003-06-04,,vigente,normal,1,activo,MUN-05,ZONA-10,CIRC-05,MESA-070
V000765,47b9d0d7ca3684a18496,89,1937-06-03,,vigente,normal,1,activo,MUN-02,ZONA-07,CIRC-02,MESA-057
V000766,d83bcffa1d4b61c62e41,40,1986-06-03,,vigente,normal,1,activo,MUN-04,ZONA-04,CIRC-04,MESA-039
V000767,1db6cb2864abfa273a00,64,1962-06-03,,vigente,normal,1,activo,MUN-03,ZONA-08,CIRC-03,MESA-033
V000768,08e44c89f4b24026abb7,63,1963-06-04,,vigente,normal,1,activo,MUN-04,ZONA-09,CIRC-04,MESA-059
V000769,f80801d63b1306f89fbd,29,1997-06-03,,vigente,normal,1,activo,MUN-03,ZONA-08,CIRC-03,MESA-018
V000770,2c7aa7abc2d5dd171ba3,30,1996-06-03,,vigente,inhabilitado,1,activo,MUN-01,ZONA-06,CIRC-01,MESA-056
V000771,64884f8834a5fd2acd5b,79,1947-06-04,,vigente,normal,1,activo,MUN-02,ZONA-07,CIRC-02,MESA-057
V000772,6d1ca1194c30c3bd89a9,77,1949-06-03,,vigente,normal,1,activo,MUN-01,ZONA-01,CIRC-01,MESA-076
V000773,d6e1cd3ecc88bf75e91b,60,1966-06-03,,vigente,normal,1,activo,MUN-03,ZONA-03,CIRC-03,MESA-048
V000774,3b476250c55900258254,85,1941-06-03,,vigente,normal,1,activo,MUN-02,ZONA-07,CIRC-02,MESA-042
V000775,1c944e7b890a4e8ce3e5,22,2004-06-03,,vigente,normal,1,activo,MUN-02,ZONA-02,CIRC-02,MESA-027
V000776,564b0dc672044a748bf3,54,1972-06-03,,vigente,normal,1,activo,MUN-04,ZONA-04,CIRC-04,MESA-074
V000777,6bb4b4632c430f034d82,89,1937-06-03,,vigente,normal,1,activo,MUN-02,ZONA-02,CIRC-02,MESA-052
V000778,fd1fa6b56b10629c5f10,48,1978-06-03,,vigente,normal,1,activo,MUN-02,ZONA-07,CIRC-02,MESA-042
V000779,1762379b892d8c6ccca2,26,2000-06-03,,vigente,normal,1,activo,MUN-02,ZONA-07,CIRC-02,MESA-032
V000780,01c06eb5a0cab0285d27,68,1958-06-03,,vigente,normal,1,activo,MUN-01,ZONA-01,CIRC-01,MESA-026
V000781,98dd00e5babfcab26c10,46,1980-06-03,,vigente,normal,1,activo,MUN-05,ZONA-05,CIRC-05,MESA-025
V000782,519bf54250f013a850b0,57,1969-06-03,2025-06-19,vigente,fallecido,1,activo,MUN-05,ZONA-05,CIRC-05,MESA-075
V000783,fdb304f6198b9bc35b38,58,1968-06-03,,vigente,normal,1,activo,MUN-03,ZONA-03,CIRC-03,MESA-023
V000784,580ddd93db767a5b8db2,28,1998-06-03,2026-02-09,vigente,fallecido,1,activo,MUN-02,ZONA-07,CIRC-02,MESA-057
V000785,b7700ad6369fffc375a0,40,1986-06-03,,vigente,normal,1,activo,MUN-02,ZONA-02,CIRC-02,MESA-052
V000786,5408e2b9ff3870eb88e0,18,2008-06-03,,vigente,normal,1,activo,MUN-01,ZONA-06,CIRC-01,MESA-031
V000787,62902e88365aec5d7a62,63,1963-06-04,,vigente,normal,1,activo,MUN-04,ZONA-04,CIRC-04,MESA-064
V000788,6b9cd465ea4b7635a564,38,1988-06-03,,vigente,normal,1,activo,MUN-01,ZONA-01,CIRC-01,MESA-071
V000789,3ad6f30a9e95fd027861,53,1973-06-03,,vigente,normal,1,activo,MUN-03,ZONA-08,CIRC-03,MESA-033
V000790,b7da71768f7ba3ee7819,71,1955-06-04,,vigente,normal,1,activo,MUN-02,ZONA-02,CIRC-02,MESA-002
V000791,7ede99a71c2d076e54aa,74,1952-06-03,,vigente,normal,1,activo,MUN-03,ZONA-08,CIRC-03,MESA-018
V000792,7c3b16bbd656236114f8,18,2008-06-03,,vigente,normal,1,activo,MUN-02,ZONA-02,CIRC-02,MESA-047
V000793,c75177091b00793881b3,80,1946-06-03,,vigente,normal,1,activo,MUN-03,ZONA-08,CIRC-03,MESA-033
V000794,0a21a827bca3a7fa62c0,71,1955-06-04,,vigente,normal,1,activo,MUN-05,ZONA-10,CIRC-05,MESA-035
V000795,3cfcf803223220345ce1,72,1954-06-03,,vigente,normal,1,activo,MUN-01,ZONA-01,CIRC-01,MESA-051
V000796,8d34556e280e64e17d9d,57,1969-06-03,,vigente,normal,1,activo,MUN-03,ZONA-08,CIRC-03,MESA-018
V000797,a9b15f09c5743a0cc0f5,32,1994-06-03,,vigente,normal,1,activo,MUN-02,ZONA-02,CIRC-02,MESA-072
V000798,58875c81d635b6ac878c,38,1988-06-03,,vigente,normal,1,activo,MUN-05,ZONA-05,CIRC-05,MESA-030
V000799,e22d515bdf610aa96737,64,1962-06-03,,vigente,normal,1,activo,MUN-04,ZONA-09,CIRC-04,MESA-044
V000800,9a0af5499aec99859709,90,1936-06-03,,vigente,normal,1,activo,MUN-03,ZONA-03,CIRC-03,MESA-053
V000801,470e11ca3571f3d9dc4e,70,1956-06-03,,vigente,normal,1,activo,MUN-05,ZONA-10,CIRC-05,MESA-010
V000802,688d253e463f396b4892,26,2000-06-03,2026-03-10,vigente,fallecido,1,activo,MUN-02,ZONA-02,CIRC-02,MESA-052
V000803,504f1d670ec19e94e820,69,1957-06-03,,vigente,normal,1,activo,MUN-04,ZONA-04,CIRC-04,MESA-049
V000804,3f089cc2103773014c55,74,1952-06-03,,vigente,normal,1,activo,MUN-01,ZONA-01,CIRC-01,MESA-011
V000805,adee91af34a4a8e616ff,43,1983-06-04,,vigente,normal,1,activo,MUN-01,ZONA-06,CIRC-01,MESA-066
V000806,3ea0b372f19f3160eac1,58,1968-06-03,,vigente,normal,1,activo,MUN-03,ZONA-08,CIRC-03,MESA-058
V000807,7024e22058a38ee43171,52,1974-06-03,,vigente,normal,1,activo,MUN-01,ZONA-01,CIRC-01,MESA-036
V000808,f98641982b896b796b56,80,1946-06-03,,vigente,normal,1,activo,MUN-03,ZONA-08,CIRC-03,MESA-033
V000809,0cfd547c5387b91933fd,42,1984-06-03,,vigente,normal,1,activo,MUN-02,ZONA-02,CIRC-02,MESA-047
V000810,7400f411910ad6eab0a1,55,1971-06-04,,vigente,normal,1,activo,MUN-03,ZONA-03,CIRC-03,MESA-013
V000811,e8523876d33c2824d296,19,2007-06-04,,vigente,normal,1,activo,MUN-05,ZONA-05,CIRC-05,MESA-040
V000812,7156588593e6be9ad1b8,24,2002-06-03,,vigente,normal,1,activo,MUN-03,ZONA-08,CIRC-03,MESA-068
V000813,90d1afebc416784992e1,16,2010-06-03,,vigente,normal,1,activo,MUN-02,ZONA-07,CIRC-02,MESA-042
V000814,17cecf2ff14b2a73d686,34,1992-06-03,,vigente,normal,1,activo,MUN-04,ZONA-09,CIRC-04,MESA-019
V000815,280c52d074cf3f8c10aa,60,1966-06-03,,vigente,normal,1,activo,MUN-04,ZONA-09,CIRC-04,MESA-019
V000816,782d544434c03aa51bc1,76,1950-06-03,,vigente,normal,1,activo,MUN-03,ZONA-08,CIRC-03,MESA-058
V000817,06f4fb04c9705f6afde5,68,1958-06-03,,vigente,normal,1,activo,MUN-03,ZONA-03,CIRC-03,MESA-023
V000818,22772689ef26fa5c48a4,71,1955-06-04,,vigente,normal,1,activo,MUN-04,ZONA-04,CIRC-04,MESA-054
V000819,f540c4f4250d631a0833,41,1985-06-03,,vigente,normal,1,activo,MUN-05,ZONA-05,CIRC-05,MESA-080
V000820,7493b35526a26b74ddbf,42,1984-06-03,,vigente,normal,1,activo,MUN-05,ZONA-05,CIRC-05,MESA-065
V000821,e94591c95847b32d3818,88,1938-06-03,,vigente,normal,1,activo,MUN-02,ZONA-02,CIRC-02,MESA-012
V000822,ca7862c0618d01b67cb6,69,1957-06-03,,cancelado,normal,1,activo,MUN-04,ZONA-04,CIRC-04,MESA-024
V000823,eb266708f375a1734146,87,1939-06-04,,vigente,normal,1,activo,MUN-04,ZONA-09,CIRC-04,MESA-034
V000824,caa1f05a438a3fcd0427,50,1976-06-03,,vigente,normal,1,activo,MUN-03,ZONA-03,CIRC-03,MESA-053
V000825,50ff26ba07f436a9be2e,66,1960-06-03,,vigente,normal,1,activo,MUN-03,ZONA-08,CIRC-03,MESA-008
V000826,0c88e1d4bea034bc3a2f,46,1980-06-03,,vigente,normal,1,activo,MUN-03,ZONA-08,CIRC-03,MESA-018
V000827,af47890a80f8a4c29ddc,80,1946-06-03,,vigente,normal,1,activo,MUN-02,ZONA-07,CIRC-02,MESA-057
V000828,6ebe064be22e4cb1ee71,39,1987-06-04,,vigente,normal,1,activo,MUN-05,ZONA-05,CIRC-05,MESA-005
V000829,2f76987082d801ad1334,43,1983-06-04,,vigente,normal,1,activo,MUN-01,ZONA-01,CIRC-01,MESA-026
V000830,741ed4925c9dc9ed1085,45,1981-06-03,,vigente,normal,1,activo,MUN-05,ZONA-05,CIRC-05,MESA-030
V000831,24ee9fccc791e78e82f8,66,1960-06-03,,vigente,normal,1,activo,MUN-04,ZONA-04,CIRC-04,MESA-054
V000832,97613c07cf789a5d10b4,88,1938-06-03,,vigente,normal,1,activo,MUN-03,ZONA-03,CIRC-03,MESA-013
V000833,f9cb1737c5ccb3a166a3,66,1960-06-03,,cancelado,normal,1,activo,MUN-04,ZONA-04,CIRC-04,MESA-029
V000834,d5637af47c43920d0fd3,37,1989-06-03,,vigente,normal,1,activo,MUN-03,ZONA-03,CIRC-03,MESA-003
V000835,b8c44a745941332ac9c6,80,1946-06-03,,vigente,normal,1,activo,MUN-03,ZONA-08,CIRC-03,MESA-058
V000836,11b2d85faccfccb893c6,78,1948-06-03,,vigente,normal,1,activo,MUN-01,ZONA-01,CIRC-01,MESA-076
V000837,7effa39f132c70fafbf7,66,1960-06-03,,vigente,normal,1,activo,MUN-02,ZONA-02,CIRC-02,MESA-002
V000838,11ebbdc0da8b2223e7a2,88,1938-06-03,,vigente,normal,1,activo,MUN-05,ZONA-05,CIRC-05,MESA-075
V000839,3cacb572dde6e301ac50,18,2008-06-03,,vigente,normal,1,activo,MUN-03,ZONA-03,CIRC-03,MESA-028
V000840,4086c0897a7cb9444603,30,1996-06-03,,vigente,normal,1,activo,MUN-02,ZONA-02,CIRC-02,MESA-077
V000841,84c9f4a06a64ac7b1401,68,1958-06-03,,vigente,normal,1,activo,MUN-01,ZONA-01,CIRC-01,MESA-076
V000842,29b114a0063d884d60f1,16,2010-06-03,,vigente,normal,1,activo,MUN-02,ZONA-02,CIRC-02,MESA-002
V000843,4e9d0c5008310596068a,79,1947-06-04,,vigente,normal,1,activo,MUN-02,ZONA-07,CIRC-02,MESA-007
V000844,d7837d7b64e9ecebc5de,49,1977-06-03,,vigente,normal,1,activo,MUN-01,ZONA-01,CIRC-01,MESA-026
V000845,aec793e75d4f62bd7141,47,1979-06-04,,vigente,normal,1,activo,MUN-01,ZONA-01,CIRC-01,MESA-076
V000846,71f738bb04235d5d95ac,46,1980-06-03,,vigente,normal,1,activo,MUN-01,ZONA-06,CIRC-01,MESA-016
V000847,22452886a858c839b364,66,1960-06-03,,vigente,normal,1,activo,MUN-03,ZONA-03,CIRC-03,MESA-023
V000848,ed6e01becf5398abedfa,62,1964-06-03,,vigente,normal,1,activo,MUN-05,ZONA-05,CIRC-05,MESA-040
V000849,966086d429a28e47cd0a,47,1979-06-04,,vigente,normal,1,activo,MUN-05,ZONA-10,CIRC-05,MESA-060
V000850,a389707e5a74065a14aa,33,1993-06-03,,vigente,normal,1,activo,MUN-03,ZONA-03,CIRC-03,MESA-073
V000851,0ab426b198c41936f461,57,1969-06-03,,vigente,normal,1,activo,MUN-02,ZONA-07,CIRC-02,MESA-032
V000852,b61c2f2ef0d935e00a43,36,1990-06-03,,vigente,normal,1,activo,MUN-05,ZONA-05,CIRC-05,MESA-015
V000853,68588be09c6355ff6e68,35,1991-06-04,,vigente,normal,1,activo,MUN-03,ZONA-03,CIRC-03,MESA-013
V000854,ac756d873447a129ca9b,18,2008-06-03,,vigente,normal,1,activo,MUN-05,ZONA-05,CIRC-05,MESA-005
V000855,8090841eaf2e1517bbff,64,1962-06-03,,vigente,normal,1,activo,MUN-05,ZONA-05,CIRC-05,MESA-075
V000856,f820bc4198a0761f08ea,83,1943-06-04,,vigente,normal,1,activo,MUN-04,ZONA-04,CIRC-04,MESA-074
V000857,d2461ca4008a835918e0,55,1971-06-04,,vigente,normal,1,activo,MUN-02,ZONA-02,CIRC-02,MESA-052
V000858,6d14052b5dc22258981f,68,1958-06-03,,vigente,normal,1,activo,MUN-02,ZONA-02,CIRC-02,MESA-077
V000859,41e96f263b98a81e534f,80,1946-06-03,,vigente,normal,1,activo,MUN-01,ZONA-06,CIRC-01,MESA-041
V000860,5e743af70799fbf2911a,21,2005-06-03,,vigente,normal,1,activo,MUN-03,ZONA-03,CIRC-03,MESA-053
V000861,ccaf5227b28683d8206c,18,2008-06-03,,vigente,normal,1,activo,MUN-05,ZONA-05,CIRC-05,MESA-050
V000862,15048df30007756374a4,25,2001-06-03,,vigente,normal,1,activo,MUN-05,ZONA-05,CIRC-05,MESA-015
V000863,f6f29107147e08b1de01,46,1980-06-03,,vigente,normal,1,activo,MUN-02,ZONA-07,CIRC-02,MESA-007
V000864,5cf36f2834a3a5e8a8f1,72,1954-06-03,,vigente,normal,1,activo,MUN-05,ZONA-05,CIRC-05,MESA-040
V000865,fb780c90be14acbf2e46,20,2006-06-03,,vigente,normal,1,activo,MUN-03,ZONA-03,CIRC-03,MESA-028
V000866,cd01d4edfe5e7192c751,49,1977-06-03,,vigente,normal,1,activo,MUN-02,ZONA-07,CIRC-02,MESA-032
V000867,eab852ea663d6b2e94a0,27,1999-06-04,,vigente,normal,1,activo,MUN-05,ZONA-05,CIRC-05,MESA-015
V000868,d168d6bb2f18f9149e7a,51,1975-06-04,,vigente,normal,1,activo,MUN-05,ZONA-10,CIRC-05,MESA-070
V000869,c92e3e365de2ac55555a,72,1954-06-03,,vigente,normal,1,activo,MUN-05,ZONA-05,CIRC-05,MESA-065
V000870,9fdb2430324d635ea2c3,49,1977-06-03,,vigente,normal,1,activo,MUN-04,ZONA-04,CIRC-04,MESA-004
V000871,caf2853f0ea2a99720b5,67,1959-06-04,,vigente,normal,1,activo,MUN-01,ZONA-01,CIRC-01,MESA-011
V000872,ecba9d640d1810aca5d6,24,2002-06-03,,vigente,normal,1,activo,MUN-01,ZONA-01,CIRC-01,MESA-026
V000873,cdf527f8d1ad13294692,25,2001-06-03,,vigente,normal,1,activo,MUN-01,ZONA-01,CIRC-01,MESA-061
V000874,0700838101c54cc82258,82,1944-06-03,,vigente,normal,1,activo,MUN-02,ZONA-02,CIRC-02,MESA-037
V000875,04798b0dec7c1b8e701f,74,1952-06-03,,vigente,normal,1,activo,MUN-03,ZONA-03,CIRC-03,MESA-023
V000876,e183e2dfcabe0ce14b65,84,1942-06-03,,vigente,normal,1,activo,MUN-05,ZONA-05,CIRC-05,MESA-040
V000877,ab3dfac41554529aed70,76,1950-06-03,,vigente,normal,1,activo,MUN-02,ZONA-02,CIRC-02,MESA-077
V000878,c30dcbd25fc31591656c,89,1937-06-03,,vigente,normal,1,activo,MUN-03,ZONA-03,CIRC-03,MESA-023
V000879,8618ad18be38474a45c7,71,1955-06-04,,vigente,normal,1,activo,MUN-01,ZONA-06,CIRC-01,MESA-016
V000880,3e692f9cb5406309043f,84,1942-06-03,,vigente,normal,1,activo,MUN-01,ZONA-01,CIRC-01,MESA-061
V000881,0ac3ec993dab16d6fcf7,68,1958-06-03,,vigente,normal,1,activo,MUN-03,ZONA-08,CIRC-03,MESA-068
V000882,deabb38a55ce07f7a413,25,2001-06-03,,vigente,normal,1,activo,MUN-05,ZONA-05,CIRC-05,MESA-080
V000883,a7e3704f9900bd4287b2,51,1975-06-04,,vigente,normal,1,activo,MUN-01,ZONA-06,CIRC-01,MESA-031
V000884,5bd5dfc4c9d63d41c40e,52,1974-06-03,,vigente,normal,1,activo,MUN-03,ZONA-03,CIRC-03,MESA-053
V000885,96ccfbaae6ae4606b8a7,49,1977-06-03,,vigente,normal,1,activo,MUN-05,ZONA-05,CIRC-05,MESA-025
V000886,950b62e7a8be3330c4d0,63,1963-06-04,,vigente,normal,1,activo,MUN-04,ZONA-09,CIRC-04,MESA-044
V000887,a0ef34a09772d2a4ec5c,33,1993-06-03,,vigente,normal,1,activo,MUN-02,ZONA-02,CIRC-02,MESA-012
V000888,3b3cbf907b98cf95a2d0,85,1941-06-03,,vigente,normal,1,activo,MUN-04,ZONA-09,CIRC-04,MESA-009
V000889,fdc98b39de24e7c05eda,54,1972-06-03,,vigente,normal,1,activo,MUN-02,ZONA-02,CIRC-02,MESA-012
V000890,d3a586bbfd4a68e3af46,17,2009-06-03,,vigente,normal,1,activo,MUN-04,ZONA-09,CIRC-04,MESA-069
V000891,a75d2662286c2eba67b7,31,1995-06-04,,vigente,normal,1,activo,MUN-04,ZONA-04,CIRC-04,MESA-054
V000892,a82add5006ba0d6a213c,72,1954-06-03,,vigente,normal,1,activo,MUN-04,ZONA-04,CIRC-04,MESA-054
V000893,71e5367d3fe27c0f2bef,65,1961-06-03,,vigente,normal,1,activo,MUN-03,ZONA-03,CIRC-03,MESA-028
V000894,9994a1a39a95889446fc,24,2002-06-03,,vigente,normal,1,activo,MUN-01,ZONA-06,CIRC-01,MESA-056
V000895,2c39305cd00d1faea8d7,24,2002-06-03,,vigente,normal,1,activo,MUN-04,ZONA-09,CIRC-04,MESA-069
V000896,c320c395b97fb7610a0d,50,1976-06-03,,cancelado,normal,1,activo,MUN-02,ZONA-02,CIRC-02,MESA-077
V000897,fd91c099c0508afd6e93,40,1986-06-03,,vigente,normal,1,activo,MUN-03,ZONA-08,CIRC-03,MESA-058
V000898,1a8ef94e8b9557ef9e53,36,1990-06-03,,vigente,normal,1,activo,MUN-03,ZONA-03,CIRC-03,MESA-078
V000899,801f6207216bf00fca84,36,1990-06-03,,vigente,normal,1,activo,MUN-05,ZONA-05,CIRC-05,MESA-075
V000900,66a862c8ccb3153191b4,53,1973-06-03,,vigente,normal,1,activo,MUN-02,ZONA-07,CIRC-02,MESA-042
V000901,62c2b38893987622c185,46,1980-06-03,,vigente,normal,1,activo,MUN-03,ZONA-03,CIRC-03,MESA-038
V000902,881b1e83c6d4b3ded616,77,1949-06-03,,vigente,normal,1,activo,MUN-03,ZONA-08,CIRC-03,MESA-068
V000903,20f086fb00b32c500ce7,19,2007-06-04,,vigente,normal,1,activo,MUN-03,ZONA-03,CIRC-03,MESA-053
V000904,dfd6578b7d220c485d54,18,2008-06-03,,vigente,normal,1,activo,MUN-03,ZONA-08,CIRC-03,MESA-033
V000905,45ec089892cb39c26dc8,64,1962-06-03,,vigente,normal,1,activo,MUN-01,ZONA-01,CIRC-01,MESA-071
V000906,0cdbcbab78b373b38b56,17,2009-06-03,,vigente,normal,1,activo,MUN-01,ZONA-06,CIRC-01,MESA-056
V000907,fca2ed29c549ce4c9bb7,125,1901-06-03,,vigente,normal,1,activo,MUN-02,ZONA-02,CIRC-02,MESA-072
V000908,d720e5932c265e534ae1,28,1998-06-03,,cancelado,normal,1,activo,MUN-01,ZONA-01,CIRC-01,MESA-051
V000909,a8baae1c99d42203b486,15,2011-06-04,,vigente,normal,1,activo,MUN-04,ZONA-04,CIRC-04,MESA-074
V000910,5ba000ecd7e665362d5d,84,1942-06-03,,vigente,normal,1,activo,MUN-03,ZONA-08,CIRC-03,MESA-043
V000911,d49c5cb863b1f2379408,29,1997-06-03,,vigente,normal,1,activo,MUN-05,ZONA-05,CIRC-05,MESA-015
V000912,fed3a3b78ca3c9a00b0a,37,1989-06-03,,vigente,normal,1,activo,MUN-03,ZONA-03,CIRC-03,MESA-038
V000913,5df68c9096818a9c37f9,22,2004-06-03,,vigente,normal,1,activo,MUN-05,ZONA-05,CIRC-05,MESA-015
V000914,44a024e011a6aec2c01e,54,1972-06-03,2026-03-05,vigente,fallecido,1,activo,MUN-05,ZONA-05,CIRC-05,MESA-005
V000915,6ff397c681dbfa505ae1,125,1901-06-03,,vigente,normal,1,activo,MUN-04,ZONA-04,CIRC-04,MESA-054
V000916,4df6fee804e8f826cc4d,15,2011-06-04,,vigente,normal,1,activo,MUN-01,ZONA-01,CIRC-01,MESA-051
V000917,c49e2a597391452345e1,70,1956-06-03,,vigente,normal,1,activo,MUN-05,ZONA-10,CIRC-05,MESA-010
V000918,afc8c1571978ea6863df,61,1965-06-03,,vigente,normal,1,activo,MUN-02,ZONA-02,CIRC-02,MESA-012
V000919,64ba0984ccc4f240dda4,16,2010-06-03,,vigente,normal,1,activo,MUN-04,ZONA-04,CIRC-04,MESA-004
V000920,bf584e23293f2fc34022,47,1979-06-04,,vigente,normal,1,activo,MUN-03,ZONA-08,CIRC-03,MESA-018
V000921,cf73a172ba7f9ff6d809,76,1950-06-03,,vigente,normal,1,activo,MUN-05,ZONA-05,CIRC-05,MESA-080
V000922,0f619a0f0d0271ec5e48,31,1995-06-04,,vigente,normal,1,activo,MUN-01,ZONA-01,CIRC-01,MESA-036
V000923,d657528d343c71e52e35,26,2000-06-03,,vigente,normal,1,activo,MUN-05,ZONA-05,CIRC-05,MESA-025
V000924,64d5701aa7b54a36a2f2,120,1906-06-03,,vigente,normal,1,activo,MUN-01,ZONA-01,CIRC-01,MESA-076
V000925,903435f915c33015d406,83,1943-06-04,,vigente,normal,1,activo,MUN-01,ZONA-01,CIRC-01,MESA-036
V000926,a8e689e24d309aa5e868,42,1984-06-03,,vigente,normal,1,activo,MUN-02,ZONA-07,CIRC-02,MESA-067
V000927,90950312027661a625c8,90,1936-06-03,,vigente,normal,1,activo,MUN-04,ZONA-09,CIRC-04,MESA-009
V000928,67622057d774858966de,39,1987-06-04,,vigente,normal,1,activo,MUN-01,ZONA-01,CIRC-01,MESA-061
V000929,56bd3b04a86c41d0966e,21,2005-06-03,,vigente,normal,1,activo,MUN-03,ZONA-03,CIRC-03,MESA-053
V000930,f7d51febcdc7624c98e1,43,1983-06-04,,vigente,normal,1,activo,MUN-03,ZONA-08,CIRC-03,MESA-018
V000931,7ab985e128b8aaea3a88,75,1951-06-04,,vigente,normal,1,activo,MUN-03,ZONA-08,CIRC-03,MESA-043
V000932,0bcfc85c3bb52d594a18,46,1980-06-03,,vigente,normal,1,activo,MUN-05,ZONA-10,CIRC-05,MESA-035
V000933,1666e8ee5a5670ea3267,54,1972-06-03,,vigente,normal,1,activo,MUN-03,ZONA-03,CIRC-03,MESA-063
V000934,78cf696defd471829164,87,1939-06-04,,vigente,normal,1,activo,MUN-03,ZONA-03,CIRC-03,MESA-078
V000935,c002c4e96e42986805d1,35,1991-06-04,,vigente,normal,1,activo,MUN-04,ZONA-04,CIRC-04,MESA-004
V000936,9d918fe07a7be882c538,59,1967-06-04,,vigente,normal,1,activo,MUN-01,ZONA-06,CIRC-01,MESA-041
V000937,2427550ca8deeeedd718,58,1968-06-03,,vigente,normal,1,activo,MUN-05,ZONA-10,CIRC-05,MESA-045
V000938,b7532900774e8ea0d40a,55,1971-06-04,,vigente,normal,1,activo,MUN-05,ZONA-05,CIRC-05,MESA-050
V000939,b107c26b775dc2fb0bf7,51,1975-06-04,,vigente,normal,1,activo,MUN-04,ZONA-04,CIRC-04,MESA-079
V000940,2dc47b39222ec050ca94,34,1992-06-03,,vigente,normal,1,activo,MUN-03,ZONA-03,CIRC-03,MESA-028
V000941,9a05ff1a701675891627,54,1972-06-03,,vigente,normal,1,activo,MUN-02,ZONA-07,CIRC-02,MESA-042
V000942,53094b7d424321831f7d,42,1984-06-03,,vigente,normal,1,activo,MUN-05,ZONA-05,CIRC-05,MESA-080
V000943,3e854c24e8c10bfa516b,44,1982-06-03,,vigente,normal,1,activo,MUN-01,ZONA-01,CIRC-01,MESA-076
V000944,56bbf7b78c57ea0c5e1e,74,1952-06-03,,vigente,normal,1,activo,MUN-04,ZONA-09,CIRC-04,MESA-069
V000945,6c47e72c240cefb81389,48,1978-06-03,,vigente,normal,1,activo,MUN-01,ZONA-01,CIRC-01,MESA-001
V000946,ac76bc790b8b3bf92fe4,23,2003-06-04,,vigente,normal,1,activo,MUN-04,ZONA-04,CIRC-04,MESA-039
V000947,01e81a8e1d86ce925999,57,1969-06-03,,vigente,normal,1,activo,MUN-02,ZONA-07,CIRC-02,MESA-017
V000948,e14c9fdf57aec926cdf9,29,1997-06-03,,vigente,normal,1,activo,MUN-05,ZONA-10,CIRC-05,MESA-035
V000949,9c57ef24251a02b4e5b7,70,1956-06-03,,vigente,normal,1,activo,MUN-01,ZONA-01,CIRC-01,MESA-046
V000950,8ed245983bc5c95228a9,88,1938-06-03,,vigente,normal,1,activo,MUN-02,ZONA-07,CIRC-02,MESA-042
V000951,ed31688f285cac41539f,27,1999-06-04,,vigente,normal,1,activo,MUN-04,ZONA-04,CIRC-04,MESA-039
V000952,598e1481e4fede64c7b9,62,1964-06-03,,vigente,normal,1,activo,MUN-04,ZONA-04,CIRC-04,MESA-049
V000953,75d5fb79371a42e29ad8,34,1992-06-03,,vigente,normal,1,activo,MUN-02,ZONA-02,CIRC-02,MESA-062
V000954,744ecb123e3fb657e56f,43,1983-06-04,,vigente,normal,1,activo,MUN-03,ZONA-03,CIRC-03,MESA-038
V000955,57949ad3e1fbc917b18a,79,1947-06-04,,vigente,normal,1,activo,MUN-03,ZONA-03,CIRC-03,MESA-023
V000956,73eb33adb50af78d7937,63,1963-06-04,,vigente,normal,1,activo,MUN-02,ZONA-02,CIRC-02,MESA-022
V000957,9e8475b53515c63b2c25,81,1945-06-03,,vigente,normal,1,activo,MUN-04,ZONA-04,CIRC-04,MESA-004
V000958,8fcb7567e9828709af90,19,2007-06-04,,vigente,normal,1,activo,MUN-04,ZONA-04,CIRC-04,MESA-049
V000959,a4ed588d7667c6320387,71,1955-06-04,,vigente,normal,1,activo,MUN-04,ZONA-09,CIRC-04,MESA-059
V000960,3e8cec282b56f6f6d201,82,1944-06-03,,vigente,normal,1,activo,MUN-03,ZONA-03,CIRC-03,MESA-073
V000961,bac2e876be21bba8fb7f,68,1958-06-03,,vigente,normal,1,activo,MUN-03,ZONA-08,CIRC-03,MESA-068
V000962,afdfe0ac1960bbc82bca,70,1956-06-03,,vigente,normal,1,activo,MUN-01,ZONA-01,CIRC-01,MESA-071
V000963,c942684af0be7cf49a3d,53,1973-06-03,,vigente,normal,1,activo,MUN-02,ZONA-02,CIRC-02,MESA-002
V000964,3c14c460b7968ad0afb2,43,1983-06-04,,vigente,normal,1,activo,MUN-04,ZONA-04,CIRC-04,MESA-049
V000965,fff10e191a7f87526645,46,1980-06-03,,vigente,normal,1,activo,MUN-01,ZONA-06,CIRC-01,MESA-031
V000966,068b0a3765ce1e0fa7c8,38,1988-06-03,,vigente,normal,1,activo,MUN-05,ZONA-05,CIRC-05,MESA-040
V000967,e354b4933ac89d89fbec,28,1998-06-03,,vigente,normal,1,activo,MUN-03,ZONA-03,CIRC-03,MESA-048
V000968,98cdb8335be84636e141,57,1969-06-03,,vigente,normal,1,activo,MUN-01,ZONA-01,CIRC-01,MESA-051
V000969,b68bb55473046966a49c,28,1998-06-03,,vigente,normal,1,activo,MUN-03,ZONA-08,CIRC-03,MESA-043
V000970,b9ca36ddbc929c83aae2,53,1973-06-03,,vigente,normal,1,activo,MUN-05,ZONA-05,CIRC-05,MESA-055
V000971,144a37fbc386ab5b10a9,76,1950-06-03,,vigente,normal,1,activo,MUN-04,ZONA-04,CIRC-04,MESA-049
V000972,969c4d4924150defbeb9,56,1970-06-03,,vigente,normal,1,activo,MUN-05,ZONA-05,CIRC-05,MESA-080
V000973,a5ff748883e17b75e285,71,1955-06-04,,vigente,normal,1,activo,MUN-02,ZONA-07,CIRC-02,MESA-057
V000974,c5767e4581e189f6320d,72,1954-06-03,,vigente,normal,1,activo,MUN-02,ZONA-02,CIRC-02,MESA-077
V000975,b8c040a680ca3db59a27,41,1985-06-03,,vigente,normal,1,activo,MUN-05,ZONA-05,CIRC-05,MESA-015
V000976,cc29430f76b47b3994b1,39,1987-06-04,,vigente,normal,1,activo,MUN-02,ZONA-02,CIRC-02,MESA-027
V000977,cbbe6837d72cdedba974,86,1940-06-03,,vigente,normal,1,activo,MUN-03,ZONA-08,CIRC-03,MESA-068
V000978,a63dea63274b4828987a,73,1953-06-03,,vigente,normal,1,activo,MUN-05,ZONA-05,CIRC-05,MESA-080
V000979,1838533c22ee93569521,50,1976-06-03,,vigente,normal,1,activo,MUN-04,ZONA-04,CIRC-04,MESA-064
V000980,73512228ae734ed31248,53,1973-06-03,,vigente,normal,1,activo,MUN-05,ZONA-05,CIRC-05,MESA-030
V000981,3d624d0e008d71ded5f0,37,1989-06-03,,vigente,normal,1,activo,MUN-01,ZONA-01,CIRC-01,MESA-036
V000982,355c7a89835b9a816863,79,1947-06-04,,vigente,normal,1,activo,MUN-02,ZONA-07,CIRC-02,MESA-067
V000983,90bd361c2d62c1e0ce33,90,1936-06-03,,vigente,normal,1,activo,MUN-04,ZONA-04,CIRC-04,MESA-049
V000984,b7cc1067e00528e10736,43,1983-06-04,,vigente,normal,1,activo,MUN-01,ZONA-01,CIRC-01,MESA-076
V000985,938b75335cd01a5ba452,83,1943-06-04,,vigente,normal,1,activo,MUN-05,ZONA-05,CIRC-05,MESA-055
V000986,41c09ee088bcb49c7cb2,90,1936-06-03,,vigente,normal,1,activo,MUN-01,ZONA-06,CIRC-01,MESA-056
V000987,a41ebd1b5bf0ab11442f,90,1936-06-03,,vigente,normal,1,activo,MUN-03,ZONA-08,CIRC-03,MESA-068
V000988,85c3eeaf1ebf42d76a5d,57,1969-06-03,,vigente,normal,1,activo,MUN-04,ZONA-09,CIRC-04,MESA-044
V000989,1dcdd006191a222aef61,123,1903-06-04,,vigente,normal,1,activo,MUN-01,ZONA-06,CIRC-01,MESA-031
V000990,ee65085392c4f874270f,18,2008-06-03,,vigente,normal,1,activo,MUN-03,ZONA-08,CIRC-03,MESA-058
V000991,0a16a1895d5e750abd89,78,1948-06-03,,vigente,normal,1,activo,MUN-03,ZONA-03,CIRC-03,MESA-053
V000992,2bc40c71d85ef4d9a9f1,60,1966-06-03,,vigente,normal,1,activo,MUN-04,ZONA-04,CIRC-04,MESA-079
V000993,d0947e138b637d1bf9a1,59,1967-06-04,,vigente,normal,1,activo,MUN-03,ZONA-03,CIRC-03,MESA-023
V000994,b5119b46506b159125f0,42,1984-06-03,,vigente,normal,1,activo,MUN-03,ZONA-03,CIRC-03,MESA-028
V000995,ba35e70e0d1a15229f91,56,1970-06-03,,vigente,normal,1,activo,MUN-01,ZONA-06,CIRC-01,MESA-016
V000996,5355d25e6a0338a3ef68,52,1974-06-03,,vigente,normal,1,activo,MUN-02,ZONA-02,CIRC-02,MESA-037
V000997,b3869c4931f83a115a00,20,2006-06-03,,vigente,normal,1,activo,MUN-01,ZONA-01,CIRC-01,MESA-021
V000998,94dc2bf100419b3b8cbe,61,1965-06-03,,vigente,normal,1,activo,MUN-04,ZONA-04,CIRC-04,MESA-079
V000999,0c2c299a238b8fdbb2b2,68,1958-06-03,,vigente,normal,1,activo,MUN-02,ZONA-07,CIRC-02,MESA-017
V001000,9a23747368bf3f40208a,29,1997-06-03,,vigente,normal,1,activo,MUN-02,ZONA-02,CIRC-02,MESA-037
V001001,c536d21f0845a924f1d2,36,1990-06-03,,vigente,normal,1,activo,MUN-02,ZONA-02,CIRC-02,MESA-077
V001002,8b25bd0ea03ff63053b9,61,1965-06-03,,vigente,normal,1,activo,MUN-04,ZONA-09,CIRC-04,MESA-019
V001003,16cf35208cce3a083eb2,76,1950-06-03,,vigente,normal,1,activo,MUN-05,ZONA-05,CIRC-05,MESA-030
V001004,c9cb4a43bbd9536bb7ff,66,1960-06-03,,vigente,normal,1,activo,MUN-05,ZONA-10,CIRC-05,MESA-045
V001005,004cbfbbef0aedcaf6a0,78,1948-06-03,,vigente,normal,1,activo,MUN-03,ZONA-08,CIRC-03,MESA-018
V001006,bfe4427d8f8672fb7ec4,34,1992-06-03,,vigente,normal,1,activo,MUN-03,ZONA-03,CIRC-03,MESA-078
V001007,125eaab0d3b823be0248,74,1952-06-03,,vigente,normal,1,activo,MUN-02,ZONA-02,CIRC-02,MESA-062
V001008,63e13ccbc9d87e9007a8,72,1954-06-03,,vigente,normal,1,activo,MUN-01,ZONA-01,CIRC-01,MESA-036
V001009,4ada6b101f95bd961099,64,1962-06-03,,vigente,normal,1,activo,MUN-02,ZONA-02,CIRC-02,MESA-052
V001010,274a1a3bddc03148dcfd,29,1997-06-03,,vigente,normal,1,activo,MUN-04,ZONA-09,CIRC-04,MESA-019
V001011,38b1d15bf8d5ceccbbb4,79,1947-06-04,,vigente,normal,1,activo,MUN-04,ZONA-09,CIRC-04,MESA-044
V001012,33018096c8346ba0fcfb,25,2001-06-03,,vigente,normal,1,activo,MUN-02,ZONA-07,CIRC-02,MESA-007
V001013,e1d57d14ec05fbf79f8f,38,1988-06-03,,vigente,normal,1,activo,MUN-04,ZONA-09,CIRC-04,MESA-044
V001014,2c518cf2ddcbb0c0cbb1,87,1939-06-04,,vigente,normal,1,activo,MUN-03,ZONA-08,CIRC-03,MESA-068
V001015,8b467a3e1dab69b43766,89,1937-06-03,,vigente,normal,1,activo,MUN-04,ZONA-09,CIRC-04,MESA-034
V001016,a55fbffbfe6b91c4f6bf,42,1984-06-03,2025-11-01,vigente,fallecido,1,activo,MUN-01,ZONA-06,CIRC-01,MESA-066
V001017,2d85e12360bc80b57ecc,17,2009-06-03,,vigente,normal,1,activo,MUN-04,ZONA-09,CIRC-04,MESA-069
V001018,96a59a9e4d9993329ffe,32,1994-06-03,,vigente,normal,1,activo,MUN-05,ZONA-05,CIRC-05,MESA-055
V001019,589a14d22f0f0c009971,76,1950-06-03,,vigente,normal,1,activo,MUN-05,ZONA-10,CIRC-05,MESA-010
V001020,d7882a0466347dc111aa,43,1983-06-04,,vigente,normal,1,activo,MUN-02,ZONA-07,CIRC-02,MESA-042
V001021,db3442397198046201f4,43,1983-06-04,,vigente,normal,1,activo,MUN-01,ZONA-06,CIRC-01,MESA-041
V001022,6a373f634c1f87ed941c,64,1962-06-03,,vigente,normal,1,activo,MUN-02,ZONA-02,CIRC-02,MESA-077
V001023,6468a9daa6d03be52a11,49,1977-06-03,,vigente,normal,1,activo,MUN-04,ZONA-09,CIRC-04,MESA-069
V001024,0552a108e64ff286001a,122,1904-06-03,,vigente,normal,1,activo,MUN-05,ZONA-10,CIRC-05,MESA-010
V001025,029d8b7f08ed4620825f,33,1993-06-03,,vigente,normal,1,activo,MUN-05,ZONA-10,CIRC-05,MESA-010
V001026,79b20af8861868419a63,88,1938-06-03,,vigente,normal,1,activo,MUN-05,ZONA-10,CIRC-05,MESA-060
V001027,0d108b47be5b976c48c1,34,1992-06-03,,vigente,normal,1,activo,MUN-01,ZONA-01,CIRC-01,MESA-051
V001028,8277377e326c8149439c,40,1986-06-03,,vigente,normal,1,activo,MUN-01,ZONA-01,CIRC-01,MESA-021
V001029,cfae6e82ae3aa6008ce9,43,1983-06-04,,vigente,normal,1,activo,MUN-03,ZONA-08,CIRC-03,MESA-008
V001030,82fd32220c0c82e5b45c,24,2002-06-03,,vigente,normal,1,activo,MUN-05,ZONA-05,CIRC-05,MESA-065
V001031,97f5e359ff96feaab05b,31,1995-06-04,,vigente,normal,1,activo,MUN-03,ZONA-03,CIRC-03,MESA-078
V001032,8cd272bf7d2db73d8e26,24,2002-06-03,,vigente,normal,1,activo,MUN-05,ZONA-05,CIRC-05,MESA-030
V001033,780de9f1123b2b5d44f7,26,2000-06-03,,vigente,normal,1,activo,MUN-04,ZONA-04,CIRC-04,MESA-049
V001034,91b5b669591392b12068,65,1961-06-03,,vigente,normal,1,activo,MUN-04,ZONA-09,CIRC-04,MESA-009
V001035,384c6dfb71db04ad3a15,89,1937-06-03,,vigente,normal,1,activo,MUN-02,ZONA-07,CIRC-02,MESA-017
V001036,a39061bb6673195af6f9,76,1950-06-03,,vigente,normal,1,activo,MUN-04,ZONA-09,CIRC-04,MESA-069
V001037,323e95af8b16a62a9366,56,1970-06-03,,vigente,normal,1,activo,MUN-03,ZONA-08,CIRC-03,MESA-058
V001038,0c9b81124aca7eb90ecd,35,1991-06-04,,vigente,normal,1,activo,MUN-02,ZONA-07,CIRC-02,MESA-057
V001039,8d87cb320dee423b399f,76,1950-06-03,,vigente,normal,1,activo,MUN-02,ZONA-02,CIRC-02,MESA-062
V001040,3347f6f8e91e85cbd027,34,1992-06-03,,vigente,normal,1,activo,MUN-02,ZONA-02,CIRC-02,MESA-052
V001041,21e7b04a538b7b7ef1cd,31,1995-06-04,,vigente,normal,1,activo,MUN-01,ZONA-01,CIRC-01,MESA-061
V001042,cb63357ed2a4d292c554,48,1978-06-03,,vigente,normal,1,activo,MUN-05,ZONA-05,CIRC-05,MESA-040
V001043,9beb6b6b2cf3797f482e,41,1985-06-03,,vigente,normal,1,activo,MUN-03,ZONA-03,CIRC-03,MESA-038
V001044,f3a8e9303c4e00fdec1a,77,1949-06-03,,vigente,normal,1,activo,MUN-03,ZONA-08,CIRC-03,MESA-043
V001045,1671ae929fe0a30e6620,62,1964-06-03,,vigente,normal,1,activo,MUN-03,ZONA-03,CIRC-03,MESA-063
V001046,ca825078cfc47465b5f1,20,2006-06-03,,vigente,normal,1,activo,MUN-04,ZONA-09,CIRC-04,MESA-019
V001047,04d3484b264ca74451d2,54,1972-06-03,,vigente,normal,1,activo,MUN-05,ZONA-05,CIRC-05,MESA-050
V001048,24a5776becb055a0733e,60,1966-06-03,,vigente,normal,1,activo,MUN-03,ZONA-08,CIRC-03,MESA-033
V001049,05eb87cc4aaa2d73f083,57,1969-06-03,,vigente,normal,1,activo,MUN-03,ZONA-03,CIRC-03,MESA-013
V001050,963edd4376c76eaf1b6b,72,1954-06-03,,vigente,normal,1,activo,MUN-03,ZONA-03,CIRC-03,MESA-078
V001051,78cab3dbbdbb8ae24874,56,1970-06-03,,vigente,normal,1,activo,MUN-02,ZONA-02,CIRC-02,MESA-062
V001052,6a7141340abb49fe9d32,32,1994-06-03,,vigente,normal,1,activo,MUN-03,ZONA-08,CIRC-03,MESA-043
V001053,3c6014f592588f517cf9,21,2005-06-03,,vigente,normal,1,activo,MUN-04,ZONA-04,CIRC-04,MESA-049
V001054,635833ef9a35c5141bc5,42,1984-06-03,,vigente,normal,1,activo,MUN-01,ZONA-01,CIRC-01,MESA-036
V001055,fa1e0864373a8badda6f,30,1996-06-03,,vigente,normal,1,activo,MUN-05,ZONA-10,CIRC-05,MESA-010
V001056,7e2214ba834fcf322a00,50,1976-06-03,,vigente,normal,1,activo,MUN-01,ZONA-06,CIRC-01,MESA-006
V001057,820e654b5b3009f6e38e,33,1993-06-03,,vigente,normal,1,activo,MUN-02,ZONA-07,CIRC-02,MESA-057
V001058,8fd759e13f92c676eaae,59,1967-06-04,,vigente,normal,1,activo,MUN-01,ZONA-01,CIRC-01,MESA-001
V001059,a8df3a973b6f8c4b0739,83,1943-06-04,,vigente,normal,1,activo,MUN-01,ZONA-01,CIRC-01,MESA-071
V001060,760d691279d81725fff0,72,1954-06-03,,vigente,normal,1,activo,MUN-03,ZONA-08,CIRC-03,MESA-058
V001061,0bb6a430a33347b7753c,59,1967-06-04,,vigente,normal,1,activo,MUN-01,ZONA-01,CIRC-01,MESA-021
V001062,c2daa9a4014995207fdd,51,1975-06-04,,vigente,normal,1,activo,MUN-05,ZONA-05,CIRC-05,MESA-080
V001063,3f82aca343a533f83a44,47,1979-06-04,,vigente,normal,1,activo,MUN-01,ZONA-06,CIRC-01,MESA-056
V001064,bb19d9fe9a8ea8f7563a,30,1996-06-03,,vigente,normal,1,activo,MUN-05,ZONA-10,CIRC-05,MESA-020
V001065,69ea3d5f2fbfff35efde,30,1996-06-03,,vigente,normal,1,activo,MUN-04,ZONA-04,CIRC-04,MESA-054
V001066,88238b4b2a7278fa07e1,35,1991-06-04,,vigente,normal,1,activo,MUN-05,ZONA-05,CIRC-05,MESA-025
V001067,3cf58c7771907b789b2c,49,1977-06-03,,vigente,normal,1,activo,MUN-03,ZONA-03,CIRC-03,MESA-028
V001068,134d6082757226990392,56,1970-06-03,,vigente,normal,1,activo,MUN-05,ZONA-05,CIRC-05,MESA-005
V001069,0654faa57469f2ce4915,63,1963-06-04,,vigente,normal,1,activo,MUN-01,ZONA-01,CIRC-01,MESA-021
V001070,7b9c5cc000d8081b1ecd,46,1980-06-03,,vigente,normal,1,activo,MUN-03,ZONA-08,CIRC-03,MESA-018
V001071,d766881bb4d14828cb6e,79,1947-06-04,,vigente,normal,1,activo,MUN-02,ZONA-02,CIRC-02,MESA-047
V001072,bec1c8a1e5b1af0ef845,79,1947-06-04,,vigente,normal,1,activo,MUN-05,ZONA-10,CIRC-05,MESA-070
V001073,d87e72866b5acef50882,74,1952-06-03,,vigente,normal,1,activo,MUN-02,ZONA-07,CIRC-02,MESA-057
V001074,cec9d9d6baece87743bd,33,1993-06-03,,vigente,normal,1,activo,MUN-04,ZONA-09,CIRC-04,MESA-019
V001075,ef888f6b8a82abae6817,73,1953-06-03,,vigente,normal,1,activo,MUN-05,ZONA-05,CIRC-05,MESA-065
V001076,4cfe0ff03d256980417e,27,1999-06-04,,vigente,normal,1,activo,MUN-03,ZONA-03,CIRC-03,MESA-003
V001077,0d516ec630ff2d38a64f,47,1979-06-04,,vigente,normal,1,activo,MUN-02,ZONA-07,CIRC-02,MESA-042
V001078,bc528b20dc9977589d27,42,1984-06-03,,vigente,normal,1,activo,MUN-01,ZONA-01,CIRC-01,MESA-021
V001079,4dfc6b96cd354b9b6d90,22,2004-06-03,,vigente,normal,1,activo,MUN-05,ZONA-05,CIRC-05,MESA-040
V001080,759e39e7f3777f51604e,82,1944-06-03,,vigente,normal,1,activo,MUN-02,ZONA-07,CIRC-02,MESA-067
V001081,a738d213cc5b7bf6789c,66,1960-06-03,,vigente,normal,1,activo,MUN-05,ZONA-05,CIRC-05,MESA-025
V001082,70d8b2955814a09d40b0,20,2006-06-03,,vigente,normal,1,activo,MUN-05,ZONA-05,CIRC-05,MESA-055
V001083,86919b779bd1d9d22b81,62,1964-06-03,,vigente,normal,1,activo,MUN-02,ZONA-02,CIRC-02,MESA-052
V001084,740b8185248ead543416,31,1995-06-04,,vigente,normal,1,activo,MUN-04,ZONA-09,CIRC-04,MESA-044
V001085,627880cde9797808b007,47,1979-06-04,,vigente,normal,1,activo,MUN-01,ZONA-06,CIRC-01,MESA-056
V001086,cb980214037555786859,85,1941-06-03,,vigente,normal,1,activo,MUN-05,ZONA-05,CIRC-05,MESA-055
V001087,01852b07b41f0ad570d3,35,1991-06-04,,vigente,normal,1,activo,MUN-05,ZONA-10,CIRC-05,MESA-070
V001088,7ad50c15ec8e06decec4,79,1947-06-04,,vigente,normal,1,activo,MUN-02,ZONA-02,CIRC-02,MESA-077
V001089,87d1551c2ce749ec97ac,54,1972-06-03,,vigente,normal,1,activo,MUN-03,ZONA-03,CIRC-03,MESA-073
V001090,b26bc1152de4b52c5f33,42,1984-06-03,,vigente,normal,1,activo,MUN-01,ZONA-06,CIRC-01,MESA-066
V001091,75d28370bb83fa0b3f96,65,1961-06-03,,vigente,normal,1,activo,MUN-04,ZONA-09,CIRC-04,MESA-019
V001092,f27dad801272d89a76d2,124,1902-06-03,,vigente,normal,1,activo,MUN-02,ZONA-07,CIRC-02,MESA-007
V001093,477290d00bf695c9311e,70,1956-06-03,,vigente,normal,1,activo,MUN-03,ZONA-03,CIRC-03,MESA-063
V001094,75115faf26b7058ef0fb,90,1936-06-03,,vigente,normal,1,activo,MUN-02,ZONA-07,CIRC-02,MESA-042
V001095,538f4353c8a368433d30,32,1994-06-03,,vigente,normal,1,activo,MUN-02,ZONA-07,CIRC-02,MESA-042
V001096,7f306d853002e42653ad,66,1960-06-03,,vigente,normal,1,activo,MUN-04,ZONA-09,CIRC-04,MESA-059
V001097,d3176f4cb1be782c7352,85,1941-06-03,,vigente,normal,1,activo,MUN-05,ZONA-10,CIRC-05,MESA-020
V001098,95c199a7ecd77d23bd1e,29,1997-06-03,,vigente,normal,1,activo,MUN-03,ZONA-03,CIRC-03,MESA-073
V001099,6e2c455ff0df457a9e02,76,1950-06-03,,vigente,normal,1,activo,MUN-02,ZONA-07,CIRC-02,MESA-017
V001100,35cfa2194db28c16f166,54,1972-06-03,,vigente,normal,1,activo,MUN-02,ZONA-02,CIRC-02,MESA-027
V001101,1dfb3cc9542c7613cfdf,78,1948-06-03,,vigente,normal,1,activo,MUN-02,ZONA-02,CIRC-02,MESA-047
V001102,1b70df552d3f5d730053,60,1966-06-03,,vigente,normal,1,activo,MUN-02,ZONA-02,CIRC-02,MESA-002
V001103,f4ddadd05dfae4c5f713,87,1939-06-04,,vigente,normal,1,activo,MUN-03,ZONA-03,CIRC-03,MESA-063
V001104,271f668dcd4688fd64ab,56,1970-06-03,,vigente,normal,1,activo,MUN-02,ZONA-02,CIRC-02,MESA-062
V001105,345c26105819837273c3,73,1953-06-03,,vigente,normal,1,activo,MUN-04,ZONA-09,CIRC-04,MESA-019
V001106,29b3240ff403613d6541,80,1946-06-03,,vigente,normal,1,activo,MUN-02,ZONA-07,CIRC-02,MESA-017
V001107,e7ddd5f908adfa945753,63,1963-06-04,,vigente,normal,1,activo,MUN-04,ZONA-09,CIRC-04,MESA-069
V001108,3f667296dee05ffd99eb,28,1998-06-03,,vigente,normal,1,activo,MUN-04,ZONA-04,CIRC-04,MESA-039
V001109,427923c453da69f74d1f,79,1947-06-04,,vigente,normal,1,activo,MUN-01,ZONA-01,CIRC-01,MESA-071
V001110,3df9295bf15d93b935fc,42,1984-06-03,,vigente,normal,1,activo,MUN-04,ZONA-04,CIRC-04,MESA-039
V001111,a5afc9b6a9c87d9ad4fe,88,1938-06-03,,cancelado,normal,1,activo,MUN-01,ZONA-01,CIRC-01,MESA-036
V001112,2e3aad4cb9a9e5f1b219,69,1957-06-03,,vigente,normal,1,activo,MUN-05,ZONA-05,CIRC-05,MESA-040
V001113,48d61a17126938916764,21,2005-06-03,,vigente,normal,1,activo,MUN-05,ZONA-10,CIRC-05,MESA-045
V001114,543c0223e89203a6881d,76,1950-06-03,,vigente,normal,1,activo,MUN-04,ZONA-04,CIRC-04,MESA-004
V001115,b9d1323ccdbd981fa3af,89,1937-06-03,,vigente,inhabilitado,1,activo,MUN-05,ZONA-05,CIRC-05,MESA-025
V001116,5423a2653ea2eafec7ec,37,1989-06-03,,vigente,normal,1,activo,MUN-04,ZONA-09,CIRC-04,MESA-069
V001117,e05c7261081f687d7ce9,80,1946-06-03,,vigente,normal,1,activo,MUN-05,ZONA-05,CIRC-05,MESA-030
V001118,bcd98e941ed3b002bdc3,71,1955-06-04,,vigente,normal,1,activo,MUN-01,ZONA-01,CIRC-01,MESA-076
V001119,8f9f3cf3b879cce0d975,74,1952-06-03,,vigente,normal,1,activo,MUN-03,ZONA-08,CIRC-03,MESA-068
V001120,0edda53611925fa5c505,58,1968-06-03,,vigente,normal,1,activo,MUN-04,ZONA-04,CIRC-04,MESA-029
V001121,be4e0ecc0c23a3fc572c,20,2006-06-03,,vigente,normal,1,activo,MUN-03,ZONA-03,CIRC-03,MESA-073
V001122,405808f6492672709f0c,23,2003-06-04,,vigente,normal,1,activo,MUN-03,ZONA-08,CIRC-03,MESA-068
V001123,3d14604a40c3bb3e3ba3,22,2004-06-03,,vigente,normal,1,activo,MUN-01,ZONA-01,CIRC-01,MESA-051
V001124,932d164befc75805f025,22,2004-06-03,,cancelado,normal,1,activo,MUN-04,ZONA-04,CIRC-04,MESA-024
V001125,42bb911b264fa79bc7d4,71,1955-06-04,,vigente,normal,1,activo,MUN-04,ZONA-04,CIRC-04,MESA-014
V001126,5f0a23635b5ef0cc74c7,64,1962-06-03,,vigente,normal,1,activo,MUN-04,ZONA-09,CIRC-04,MESA-069
V001127,800b9ea01a2f05957acc,66,1960-06-03,,vigente,normal,1,activo,MUN-03,ZONA-08,CIRC-03,MESA-018
V001128,c3687f03e09fc32298c0,26,2000-06-03,,vigente,normal,1,activo,MUN-02,ZONA-07,CIRC-02,MESA-042
V001129,34b5db266d1237eddd69,37,1989-06-03,,vigente,normal,1,activo,MUN-02,ZONA-07,CIRC-02,MESA-057
V001130,a596045e4e78fa87eee5,78,1948-06-03,,vigente,normal,1,activo,MUN-02,ZONA-02,CIRC-02,MESA-012
V001131,421b626df447f569d0a7,52,1974-06-03,,vigente,normal,1,activo,MUN-02,ZONA-07,CIRC-02,MESA-017
V001132,8d9ee3754dd8add6f3d4,67,1959-06-04,,vigente,normal,1,activo,MUN-05,ZONA-05,CIRC-05,MESA-030
V001133,17c4b1f38a1c51020e92,79,1947-06-04,,vigente,normal,1,activo,MUN-05,ZONA-05,CIRC-05,MESA-075
V001134,1d69d6faa43ffdca353e,124,1902-06-03,,vigente,normal,1,activo,MUN-03,ZONA-03,CIRC-03,MESA-023
V001135,bef2473783792ee4a0cb,20,2006-06-03,,vigente,normal,1,activo,MUN-01,ZONA-01,CIRC-01,MESA-001
V001136,c46a8d403c03e5c1fdac,49,1977-06-03,,vigente,normal,1,activo,MUN-04,ZONA-04,CIRC-04,MESA-079
V001137,8061827c56f2ee401526,17,2009-06-03,,vigente,normal,1,activo,MUN-02,ZONA-07,CIRC-02,MESA-032
V001138,93fb5e9457296f065550,90,1936-06-03,,vigente,normal,1,activo,MUN-04,ZONA-09,CIRC-04,MESA-009
V001139,e19811a0272016937216,85,1941-06-03,,vigente,normal,1,activo,MUN-05,ZONA-05,CIRC-05,MESA-015
V001140,a0db7476b101de784fd1,31,1995-06-04,,vigente,normal,1,activo,MUN-03,ZONA-03,CIRC-03,MESA-028
V001141,8ab30d42c77f2c9caf67,28,1998-06-03,,vigente,normal,1,activo,MUN-04,ZONA-04,CIRC-04,MESA-024
V001142,2ef6e5c39e714a1d3851,73,1953-06-03,,vigente,normal,1,activo,MUN-05,ZONA-10,CIRC-05,MESA-060
V001143,53d3efc1314ac9dc7afd,84,1942-06-03,,vigente,normal,1,activo,MUN-05,ZONA-10,CIRC-05,MESA-035
V001144,f67ca4d603f48fc04556,46,1980-06-03,,vigente,normal,1,activo,MUN-02,ZONA-02,CIRC-02,MESA-027
V001145,5b074caef3b55fd51d7d,26,2000-06-03,,vigente,normal,1,activo,MUN-01,ZONA-01,CIRC-01,MESA-076
V001146,7d51f3f257c07c2448d1,84,1942-06-03,,vigente,normal,1,activo,MUN-05,ZONA-10,CIRC-05,MESA-020
V001147,8525f2ffda5cd33b910e,42,1984-06-03,,vigente,normal,1,activo,MUN-05,ZONA-05,CIRC-05,MESA-065
V001148,2a31dd57e68e2a080d47,59,1967-06-04,,vigente,normal,1,activo,MUN-04,ZONA-04,CIRC-04,MESA-049
V001149,2246ea162d79a1247763,26,2000-06-03,,vigente,normal,1,activo,MUN-01,ZONA-01,CIRC-01,MESA-001
V001150,13fa884c8e7317cbf5c6,15,2011-06-04,,vigente,normal,1,activo,MUN-05,ZONA-10,CIRC-05,MESA-010
V001151,6318171493541a71099f,42,1984-06-03,,vigente,normal,1,activo,MUN-02,ZONA-02,CIRC-02,MESA-047
V001152,500c9e1a6b7cc98cf82d,15,2011-06-04,,vigente,normal,1,activo,MUN-04,ZONA-09,CIRC-04,MESA-059
V001153,3e676be4b7e38bcc38bf,15,2011-06-04,,vigente,normal,1,activo,MUN-02,ZONA-02,CIRC-02,MESA-062
V001154,4d4d2b0dc7b8423d5a7e,76,1950-06-03,,vigente,normal,1,activo,MUN-03,ZONA-08,CIRC-03,MESA-018
V001155,5d0c6a23498995f9dfc4,55,1971-06-04,,vigente,normal,1,activo,MUN-01,ZONA-01,CIRC-01,MESA-046
V001156,d5f3a0d0f6cf7257282c,89,1937-06-03,,vigente,normal,1,activo,MUN-02,ZONA-07,CIRC-02,MESA-032
V001157,4884ad7d03375e951e20,22,2004-06-03,,vigente,normal,1,activo,MUN-02,ZONA-02,CIRC-02,MESA-027
V001158,675a42c00ac5ec9a38e8,65,1961-06-03,,vigente,normal,1,activo,MUN-03,ZONA-08,CIRC-03,MESA-018
V001159,ce56eb55216d56be3cb7,35,1991-06-04,,vigente,normal,1,activo,MUN-04,ZONA-04,CIRC-04,MESA-039
V001160,bae97547aaf6c88cfdad,87,1939-06-04,,vigente,normal,1,activo,MUN-04,ZONA-04,CIRC-04,MESA-049
V001161,5cbfdd6f2ad806687bff,54,1972-06-03,,vigente,normal,1,activo,MUN-04,ZONA-09,CIRC-04,MESA-044
V001162,f54f5bfc1411d015c5c9,77,1949-06-03,,vigente,normal,1,activo,MUN-02,ZONA-02,CIRC-02,MESA-072
V001163,41d7df0a17eb9a8e5eba,65,1961-06-03,2025-06-20,vigente,fallecido,1,activo,MUN-04,ZONA-04,CIRC-04,MESA-054
V001164,ba2e62c8afc55ea17d7f,45,1981-06-03,,vigente,normal,1,activo,MUN-04,ZONA-09,CIRC-04,MESA-034
V001165,4574dfae05e38a0fdfff,86,1940-06-03,,vigente,normal,1,activo,MUN-01,ZONA-01,CIRC-01,MESA-071
V001166,f0cf466d9378c44b7cc4,57,1969-06-03,,vigente,normal,1,activo,MUN-01,ZONA-01,CIRC-01,MESA-036
V001167,d3f61a049f60a74b77d0,62,1964-06-03,2025-11-30,vigente,fallecido,1,activo,MUN-03,ZONA-08,CIRC-03,MESA-018
V001168,15b56d7bf233b52a7589,79,1947-06-04,,vigente,normal,1,activo,MUN-03,ZONA-03,CIRC-03,MESA-038
V001169,dc0898f559c2b4b7cc90,75,1951-06-04,,vigente,normal,1,activo,MUN-04,ZONA-09,CIRC-04,MESA-059
V001170,42f2004259200b7afc40,84,1942-06-03,,vigente,normal,1,activo,MUN-04,ZONA-09,CIRC-04,MESA-009
V001171,8154f0ba800ca7ff6b73,73,1953-06-03,,vigente,normal,1,activo,MUN-03,ZONA-03,CIRC-03,MESA-073
V001172,03eab99e19cf52dd5d84,57,1969-06-03,,vigente,normal,1,activo,MUN-02,ZONA-02,CIRC-02,MESA-072
V001173,55cbfadf783eaa7d4d03,57,1969-06-03,,vigente,normal,1,activo,MUN-01,ZONA-01,CIRC-01,MESA-051
V001174,a9afa8437206a82ec275,50,1976-06-03,,vigente,normal,1,activo,MUN-05,ZONA-10,CIRC-05,MESA-035
V001175,d3a0e0fbd19a7aac0443,23,2003-06-04,,vigente,normal,1,activo,MUN-05,ZONA-05,CIRC-05,MESA-005
V001176,370140f93aeadfdd93c6,36,1990-06-03,,vigente,normal,1,activo,MUN-04,ZONA-04,CIRC-04,MESA-014
V001177,da74ca3bc5ab02434816,57,1969-06-03,,vigente,normal,1,activo,MUN-05,ZONA-05,CIRC-05,MESA-030
V001178,2eed122589da0e4c8ecc,76,1950-06-03,,cancelado,normal,1,activo,MUN-04,ZONA-04,CIRC-04,MESA-004
V001179,9f53a3121dbea06c794e,76,1950-06-03,,vigente,normal,1,activo,MUN-04,ZONA-04,CIRC-04,MESA-039
V001180,9d50d7613380eee75dd2,65,1961-06-03,,vigente,normal,1,activo,MUN-04,ZONA-04,CIRC-04,MESA-064
V001181,eb16960c40ed0248aa9a,58,1968-06-03,,vigente,normal,1,activo,MUN-05,ZONA-05,CIRC-05,MESA-025
V001182,91cadf64f42c7b1748ac,30,1996-06-03,,vigente,normal,1,activo,MUN-03,ZONA-03,CIRC-03,MESA-028
V001183,7c34cc94cb633b6eb1c3,62,1964-06-03,,vigente,normal,1,activo,MUN-01,ZONA-01,CIRC-01,MESA-076
V001184,7706aef36244fa836bd5,70,1956-06-03,,vigente,normal,1,activo,MUN-01,ZONA-06,CIRC-01,MESA-066
V001185,3aaf0c9d5983200c8ec6,59,1967-06-04,,vigente,normal,1,activo,MUN-03,ZONA-03,CIRC-03,MESA-078
V001186,ffbfe7c32fbf81784629,80,1946-06-03,,vigente,normal,1,activo,MUN-02,ZONA-02,CIRC-02,MESA-022
V001187,72a0cf5c4b494d2e46eb,44,1982-06-03,,vigente,normal,1,activo,MUN-01,ZONA-06,CIRC-01,MESA-031
V001188,a5a14a0727df92bff282,55,1971-06-04,,vigente,normal,1,activo,MUN-03,ZONA-03,CIRC-03,MESA-023
V001189,a674538f25e535b64cf0,77,1949-06-03,,vigente,normal,1,activo,MUN-03,ZONA-03,CIRC-03,MESA-048
V001190,00fb884412ec866132d4,24,2002-06-03,,vigente,normal,1,activo,MUN-05,ZONA-10,CIRC-05,MESA-020
V001191,4f90c671b5b8c73cb6f1,22,2004-06-03,,vigente,normal,1,activo,MUN-03,ZONA-03,CIRC-03,MESA-038
V001192,e65d9a3d162106e03f8a,62,1964-06-03,,vigente,normal,1,activo,MUN-05,ZONA-05,CIRC-05,MESA-055
V001193,974ee9623e3b3817c979,75,1951-06-04,,vigente,normal,1,activo,MUN-03,ZONA-08,CIRC-03,MESA-068
V001194,0e94c14505395be44da0,48,1978-06-03,,vigente,normal,1,activo,MUN-04,ZONA-04,CIRC-04,MESA-079
V001195,0d028f2a43da304da781,40,1986-06-03,,vigente,normal,1,activo,MUN-01,ZONA-01,CIRC-01,MESA-001
V001196,8b43cbd11b9b2837ab0b,59,1967-06-04,,vigente,normal,1,activo,MUN-02,ZONA-07,CIRC-02,MESA-007
V001197,53cbac05fefeea67d4b1,27,1999-06-04,,vigente,normal,1,activo,MUN-02,ZONA-07,CIRC-02,MESA-057
V001198,3e85d00f4c39e84923e1,49,1977-06-03,,vigente,normal,1,activo,MUN-02,ZONA-02,CIRC-02,MESA-012
V001199,ce7921f92d9af7f4cec9,70,1956-06-03,,vigente,normal,1,activo,MUN-05,ZONA-05,CIRC-05,MESA-005
V001200,bd2bf5cdb783f26afd6d,47,1979-06-04,,vigente,normal,1,activo,MUN-05,ZONA-05,CIRC-05,MESA-050
V001201,885b1acea8046694d107,56,1970-06-03,,vigente,normal,1,activo,MUN-02,ZONA-07,CIRC-02,MESA-042
V001202,21599e5dee6f42928732,48,1978-06-03,,vigente,normal,1,activo,MUN-02,ZONA-02,CIRC-02,MESA-012
V001203,9f4619bf56a68e3e1494,19,2007-06-04,,vigente,normal,1,activo,MUN-03,ZONA-08,CIRC-03,MESA-018
V001204,645a9d5e84a661f96827,29,1997-06-03,,vigente,normal,1,activo,MUN-01,ZONA-06,CIRC-01,MESA-066
V001205,651c69bdb2c3ee99850e,56,1970-06-03,,vigente,normal,1,activo,MUN-04,ZONA-04,CIRC-04,MESA-074
V001206,6ba3d82d8ef65a86e26a,83,1943-06-04,,vigente,normal,1,activo,MUN-04,ZONA-04,CIRC-04,MESA-079
V001207,8433ddc6f0a996ff5f11,30,1996-06-03,,vigente,normal,1,activo,MUN-02,ZONA-07,CIRC-02,MESA-017
V001208,ced7f6db97c37584e5af,63,1963-06-04,,vigente,normal,1,activo,MUN-03,ZONA-08,CIRC-03,MESA-068
V001209,2e7b4f06b2333be5166a,44,1982-06-03,,vigente,normal,1,activo,MUN-01,ZONA-01,CIRC-01,MESA-071
V001210,d92d4f48879fe62fd485,34,1992-06-03,,vigente,normal,1,activo,MUN-02,ZONA-02,CIRC-02,MESA-062
V001211,c06ec4ca607b54e10c8e,77,1949-06-03,,vigente,normal,1,activo,MUN-01,ZONA-06,CIRC-01,MESA-041
V001212,591b6b4cfab76080bb03,81,1945-06-03,,vigente,normal,1,activo,MUN-04,ZONA-09,CIRC-04,MESA-034
V001213,3bd49b70e75653ec9d95,52,1974-06-03,,vigente,normal,1,activo,MUN-05,ZONA-10,CIRC-05,MESA-070
V001214,a236533420fe380adb0c,87,1939-06-04,,vigente,normal,1,activo,MUN-05,ZONA-10,CIRC-05,MESA-045
V001215,08e5b7ea4d6d71a426f9,47,1979-06-04,,vigente,normal,1,activo,MUN-03,ZONA-08,CIRC-03,MESA-058
V001216,489c4bc007280bbc7847,88,1938-06-03,,vigente,normal,1,activo,MUN-01,ZONA-01,CIRC-01,MESA-051
V001217,67e59d5c28bd1812403b,80,1946-06-03,,vigente,normal,1,activo,MUN-04,ZONA-09,CIRC-04,MESA-034
V001218,115ed95bbb52894824b2,45,1981-06-03,,vigente,privado_libertad,1,activo,MUN-04,ZONA-09,CIRC-04,MESA-044
V001219,853912b495c1b52b3a52,77,1949-06-03,,vigente,normal,1,activo,MUN-05,ZONA-05,CIRC-05,MESA-015
V001220,6304354fb55cbd51f0d5,54,1972-06-03,,vigente,normal,1,activo,MUN-03,ZONA-03,CIRC-03,MESA-078
V001221,7b98320eef53c491c46b,39,1987-06-04,,vigente,normal,1,activo,MUN-05,ZONA-10,CIRC-05,MESA-070
V001222,1f43e81986df59fc7a54,85,1941-06-03,,vigente,normal,1,activo,MUN-05,ZONA-05,CIRC-05,MESA-050
V001223,3b04fc0b25f334889295,37,1989-06-03,,vigente,normal,1,activo,MUN-02,ZONA-07,CIRC-02,MESA-032
V001224,7ffeabd1856a98160e56,85,1941-06-03,,vigente,normal,1,activo,MUN-02,ZONA-07,CIRC-02,MESA-067
V001225,273a857b48c9c6457ba1,81,1945-06-03,,vigente,normal,1,activo,MUN-03,ZONA-03,CIRC-03,MESA-003
V001226,447c5850bc97e2cdfe01,34,1992-06-03,,vigente,normal,1,activo,MUN-04,ZONA-04,CIRC-04,MESA-074
V001227,c7bb9caf1ae3ab533b45,29,1997-06-03,,vigente,normal,1,activo,MUN-01,ZONA-01,CIRC-01,MESA-051
V001228,e5db84e5043ebfc55c33,39,1987-06-04,,vigente,normal,1,activo,MUN-02,ZONA-07,CIRC-02,MESA-067
V001229,e7dce03f9975e4a59443,34,1992-06-03,,vigente,normal,1,activo,MUN-01,ZONA-01,CIRC-01,MESA-076
V001230,b9435f9d74da5b3ff3ec,27,1999-06-04,,vigente,normal,1,activo,MUN-03,ZONA-03,CIRC-03,MESA-048
V001231,385e77d732c0885c5075,82,1944-06-03,,vigente,normal,1,activo,MUN-02,ZONA-07,CIRC-02,MESA-017
V001232,d786234b98deb511cdc9,39,1987-06-04,,vigente,normal,1,activo,MUN-02,ZONA-07,CIRC-02,MESA-007
V001233,9f46be929a1b15162e1c,67,1959-06-04,,vigente,normal,1,activo,MUN-03,ZONA-03,CIRC-03,MESA-013
V001234,d01d99422153b9bfa2c9,31,1995-06-04,,vigente,normal,1,activo,MUN-01,ZONA-06,CIRC-01,MESA-066
V001235,a3596ed89d7c7cd213cc,81,1945-06-03,,vigente,normal,1,activo,MUN-04,ZONA-04,CIRC-04,MESA-004
V001236,62092cf841d37a181ebf,64,1962-06-03,,vigente,normal,1,activo,MUN-05,ZONA-10,CIRC-05,MESA-010
V001237,6e6574a56beb5f3d3896,46,1980-06-03,,vigente,normal,1,activo,MUN-02,ZONA-07,CIRC-02,MESA-017
V001238,e91cd6f2b1566e97a27d,53,1973-06-03,,vigente,normal,1,activo,MUN-02,ZONA-02,CIRC-02,MESA-052
V001239,a8178d26554195c38078,69,1957-06-03,,vigente,normal,1,activo,MUN-01,ZONA-06,CIRC-01,MESA-006
V001240,b2c212a89c10e51d1382,24,2002-06-03,,vigente,normal,1,activo,MUN-04,ZONA-09,CIRC-04,MESA-069
V001241,f99ef54ca875ae397891,46,1980-06-03,,vigente,normal,1,activo,MUN-04,ZONA-04,CIRC-04,MESA-074
V001242,f5f9b7e031cc369413a3,28,1998-06-03,,vigente,normal,1,activo,MUN-04,ZONA-09,CIRC-04,MESA-009
V001243,a6d162086e23660d1fd1,50,1976-06-03,,vigente,normal,1,activo,MUN-02,ZONA-02,CIRC-02,MESA-077
V001244,502cd4c687e0e814396d,23,2003-06-04,,vigente,normal,1,activo,MUN-01,ZONA-01,CIRC-01,MESA-021
V001245,18f26e3d9bbc4f1d3977,49,1977-06-03,,vigente,normal,1,activo,MUN-04,ZONA-04,CIRC-04,MESA-024
V001246,187f917e0b2996553711,68,1958-06-03,,vigente,normal,1,activo,MUN-04,ZONA-04,CIRC-04,MESA-004
V001247,0257823bf7c1d91832cd,75,1951-06-04,,vigente,normal,1,activo,MUN-04,ZONA-04,CIRC-04,MESA-024
V001248,68274b8be2cc87047a68,43,1983-06-04,,vigente,normal,1,activo,MUN-04,ZONA-09,CIRC-04,MESA-059
V001249,b11598de356f49a6995a,63,1963-06-04,,vigente,normal,1,activo,MUN-03,ZONA-03,CIRC-03,MESA-003
V001250,23f6b3ac8517ec19f000,46,1980-06-03,,vigente,normal,1,activo,MUN-03,ZONA-08,CIRC-03,MESA-068
V001251,bc46b40ba74540d1bb60,21,2005-06-03,,vigente,normal,1,activo,MUN-05,ZONA-05,CIRC-05,MESA-040
V001252,db6b6b6fb12b7774d947,30,1996-06-03,,vigente,normal,1,activo,MUN-03,ZONA-03,CIRC-03,MESA-048
V001253,ffbe26f3fbfea2d2a3e8,56,1970-06-03,,vigente,normal,1,activo,MUN-04,ZONA-04,CIRC-04,MESA-054
V001254,8c5c5a237589b49e3a35,32,1994-06-03,,vigente,normal,1,activo,MUN-05,ZONA-10,CIRC-05,MESA-035
V001255,52fec153bd9a2bc1b719,46,1980-06-03,,vigente,normal,1,activo,MUN-01,ZONA-06,CIRC-01,MESA-056
V001256,3fd31aaaa9d32d28f762,46,1980-06-03,,vigente,normal,1,activo,MUN-05,ZONA-05,CIRC-05,MESA-040
V001257,5c334953f6e7edd68465,49,1977-06-03,,vigente,normal,1,activo,MUN-02,ZONA-02,CIRC-02,MESA-077
V001258,e695eae2b185cb11de60,19,2007-06-04,,vigente,normal,1,activo,MUN-03,ZONA-08,CIRC-03,MESA-068
V001259,ba12a673e0ea0a618be4,64,1962-06-03,,vigente,normal,1,activo,MUN-01,ZONA-01,CIRC-01,MESA-046
V001260,d9171057e8d65085fabf,39,1987-06-04,,vigente,normal,1,activo,MUN-03,ZONA-03,CIRC-03,MESA-078
V001261,91b1d5c544e1564f1afd,44,1982-06-03,,vigente,normal,1,activo,MUN-03,ZONA-03,CIRC-03,MESA-013
V001262,d105e600583f85cfb1ac,15,2011-06-04,,vigente,normal,1,activo,MUN-02,ZONA-02,CIRC-02,MESA-027
V001263,611c2500cd3f80012feb,73,1953-06-03,,vigente,normal,1,activo,MUN-01,ZONA-06,CIRC-01,MESA-006
V001264,612ed8762f3ca7dbddd7,38,1988-06-03,,vigente,normal,1,activo,MUN-02,ZONA-07,CIRC-02,MESA-017
V001265,ce0fe71db4a06287fc29,64,1962-06-03,,vigente,normal,1,activo,MUN-01,ZONA-01,CIRC-01,MESA-036
V001266,211c477a772904612ae3,76,1950-06-03,,vigente,normal,1,activo,MUN-02,ZONA-02,CIRC-02,MESA-002
V001267,eae70c9dc75a3512c355,23,2003-06-04,,vigente,normal,1,activo,MUN-02,ZONA-02,CIRC-02,MESA-077
V001268,069509a7dd19e50af77f,36,1990-06-03,,vigente,normal,1,activo,MUN-02,ZONA-02,CIRC-02,MESA-052
V001269,e0d6b60b291e2828add7,74,1952-06-03,,vigente,normal,1,activo,MUN-01,ZONA-06,CIRC-01,MESA-066
V001270,eef2c0739d7bac8fe0dc,86,1940-06-03,,vigente,normal,1,activo,MUN-02,ZONA-02,CIRC-02,MESA-052
V001271,0f7647043dcd0ccaa3a0,20,2006-06-03,,vigente,normal,1,activo,MUN-03,ZONA-08,CIRC-03,MESA-043
V001272,ab5180d245e7e4349ecc,18,2008-06-03,,vigente,normal,1,activo,MUN-02,ZONA-02,CIRC-02,MESA-022
V001273,461ecab2f334a03f3a01,75,1951-06-04,,vigente,normal,1,activo,MUN-05,ZONA-05,CIRC-05,MESA-055
V001274,b461b1716af28bf2a7d3,55,1971-06-04,,vigente,normal,1,activo,MUN-02,ZONA-07,CIRC-02,MESA-067
V001275,cc41312f37a25767c86f,32,1994-06-03,,vigente,normal,1,activo,MUN-05,ZONA-10,CIRC-05,MESA-060
V001276,bafc5d83de05239b7a56,51,1975-06-04,,vigente,normal,1,activo,MUN-03,ZONA-08,CIRC-03,MESA-058
V001277,4c082fe4e8f61e5fa782,78,1948-06-03,,vigente,normal,1,activo,MUN-02,ZONA-02,CIRC-02,MESA-012
V001278,3c82f50bf02af9ad25c8,52,1974-06-03,,vigente,normal,1,activo,MUN-04,ZONA-09,CIRC-04,MESA-069
V001279,2af66de5ecb288f72d44,81,1945-06-03,,vigente,normal,1,activo,MUN-04,ZONA-04,CIRC-04,MESA-039
V001280,9a23cffa3f64a9881d3d,42,1984-06-03,,vigente,normal,1,activo,MUN-03,ZONA-03,CIRC-03,MESA-013
V001281,521f454ab06bba3ffc76,121,1905-06-03,,vigente,normal,1,activo,MUN-01,ZONA-06,CIRC-01,MESA-041
V001282,e1d7a576dd168796ef00,29,1997-06-03,,vigente,normal,1,activo,MUN-02,ZONA-07,CIRC-02,MESA-057
V001283,9df8f73b34723fab87c0,35,1991-06-04,,vigente,normal,1,activo,MUN-03,ZONA-03,CIRC-03,MESA-053
V001284,a698e6b199cf241b8f9f,32,1994-06-03,,vigente,normal,1,activo,MUN-02,ZONA-02,CIRC-02,MESA-012
V001285,edaf830097ae14c8cbf8,44,1982-06-03,,vigente,normal,1,activo,MUN-03,ZONA-03,CIRC-03,MESA-013
V001286,f5b8b40656598c6af1f4,89,1937-06-03,,vigente,normal,1,activo,MUN-04,ZONA-04,CIRC-04,MESA-074
V001287,a541a4bbd653be512bab,77,1949-06-03,,vigente,normal,1,activo,MUN-02,ZONA-07,CIRC-02,MESA-057
V001288,5c2f0c65ae85690dcc4a,63,1963-06-04,,vigente,normal,1,activo,MUN-05,ZONA-05,CIRC-05,MESA-040
V001289,8935c5e8f58f695b4fc4,34,1992-06-03,,vigente,normal,1,activo,MUN-05,ZONA-05,CIRC-05,MESA-080
V001290,3b11d941d35142f029de,70,1956-06-03,,vigente,normal,1,activo,MUN-05,ZONA-10,CIRC-05,MESA-045
V001291,877bb1b30b2a312a6981,25,2001-06-03,,vigente,normal,1,activo,MUN-05,ZONA-10,CIRC-05,MESA-035
V001292,be1bd8c94caf5307818c,44,1982-06-03,,vigente,normal,1,activo,MUN-03,ZONA-03,CIRC-03,MESA-003
V001293,f7bf4ac94d375df7362b,63,1963-06-04,,vigente,normal,1,activo,MUN-05,ZONA-05,CIRC-05,MESA-005
V001294,6748c9f95e1492e0cc7f,67,1959-06-04,,vigente,normal,1,activo,MUN-01,ZONA-01,CIRC-01,MESA-011
V001295,8010b436181b10863a75,88,1938-06-03,,vigente,normal,1,activo,MUN-01,ZONA-01,CIRC-01,MESA-071
V001296,5f1fa52356d861e370e9,20,2006-06-03,,vigente,normal,1,activo,MUN-01,ZONA-06,CIRC-01,MESA-056
V001297,0cd71b9a2c83762e678f,81,1945-06-03,,vigente,normal,1,activo,MUN-05,ZONA-10,CIRC-05,MESA-010
V001298,b255a6bd925704981802,61,1965-06-03,,vigente,normal,1,activo,MUN-04,ZONA-09,CIRC-04,MESA-034
V001299,922f7d8f3c432905fa3a,70,1956-06-03,,vigente,normal,1,activo,MUN-02,ZONA-07,CIRC-02,MESA-067
V001300,f1d8a90371e961ea3deb,41,1985-06-03,,vigente,normal,1,activo,MUN-02,ZONA-02,CIRC-02,MESA-072
V001301,fc75383a605a561e04f7,77,1949-06-03,,vigente,normal,1,activo,MUN-01,ZONA-06,CIRC-01,MESA-031
V001302,928e67835d03dc596b1e,20,2006-06-03,,vigente,normal,1,activo,MUN-05,ZONA-05,CIRC-05,MESA-075
V001303,c5e5d1371331ee3c1196,37,1989-06-03,,vigente,normal,1,activo,MUN-01,ZONA-01,CIRC-01,MESA-071
V001304,4276425fa0bdd4e4c84e,63,1963-06-04,,vigente,normal,1,activo,MUN-01,ZONA-06,CIRC-01,MESA-066
V001305,e2943ec3738380128676,32,1994-06-03,,vigente,normal,1,activo,MUN-05,ZONA-10,CIRC-05,MESA-070
V001306,f349036fabaed1ff9244,42,1984-06-03,,vigente,normal,1,activo,MUN-01,ZONA-06,CIRC-01,MESA-041
V001307,b3e0264a705666cf3e53,88,1938-06-03,,vigente,normal,1,activo,MUN-03,ZONA-03,CIRC-03,MESA-063
V001308,9bacf56cad93255c153f,34,1992-06-03,,vigente,normal,1,activo,MUN-02,ZONA-07,CIRC-02,MESA-032
V001309,823f92101041ee115f6b,26,2000-06-03,,cancelado,normal,1,activo,MUN-05,ZONA-10,CIRC-05,MESA-020
V001310,66d37634dce130c08d9c,55,1971-06-04,,vigente,normal,1,activo,MUN-02,ZONA-07,CIRC-02,MESA-057
V001311,42e2ab26c139383c166f,65,1961-06-03,,vigente,normal,1,activo,MUN-05,ZONA-05,CIRC-05,MESA-050
V001312,2df2451859b31814ff00,77,1949-06-03,,vigente,normal,1,activo,MUN-05,ZONA-05,CIRC-05,MESA-080
V001313,e2c1c341e0bd57499ae6,80,1946-06-03,,vigente,normal,1,activo,MUN-05,ZONA-05,CIRC-05,MESA-025
V001314,0eb2608f746c1cc51456,19,2007-06-04,,vigente,normal,1,activo,MUN-02,ZONA-02,CIRC-02,MESA-012
V001315,5fb92c12f2dd23fdb2fb,89,1937-06-03,,vigente,normal,1,activo,MUN-01,ZONA-01,CIRC-01,MESA-071
V001316,e38e692d69a0376b7f3a,28,1998-06-03,,vigente,normal,1,activo,MUN-04,ZONA-04,CIRC-04,MESA-039
V001317,8e97c9e4d280e2a5d007,81,1945-06-03,,vigente,normal,1,activo,MUN-02,ZONA-07,CIRC-02,MESA-017
V001318,1ace545a4e26dfd0bb00,89,1937-06-03,,vigente,normal,1,activo,MUN-05,ZONA-10,CIRC-05,MESA-045
V001319,a5c5952341007d360141,38,1988-06-03,,vigente,normal,1,activo,MUN-01,ZONA-01,CIRC-01,MESA-011
V001320,5f8d5ab4114cee89670d,35,1991-06-04,,vigente,normal,1,activo,MUN-05,ZONA-10,CIRC-05,MESA-070
V001321,99c6448f3dc7a0e69735,81,1945-06-03,,vigente,normal,1,activo,MUN-03,ZONA-03,CIRC-03,MESA-023
V001322,8c5b0c7478dc0e8af0bc,55,1971-06-04,,vigente,normal,1,activo,MUN-05,ZONA-10,CIRC-05,MESA-070
V001323,84cfec1dd09c3845da48,49,1977-06-03,2026-02-25,vigente,fallecido,1,activo,MUN-03,ZONA-03,CIRC-03,MESA-038
V001324,ae605a7f3681afb24854,28,1998-06-03,,vigente,normal,1,activo,MUN-02,ZONA-02,CIRC-02,MESA-002
V001325,46ad4e25713db72c803e,62,1964-06-03,,vigente,normal,1,activo,MUN-04,ZONA-04,CIRC-04,MESA-079
V001326,a854d2d986de805e1954,50,1976-06-03,,vigente,normal,1,activo,MUN-02,ZONA-02,CIRC-02,MESA-072
V001327,c915f6fbece4e4396ec0,58,1968-06-03,,vigente,normal,1,activo,MUN-02,ZONA-02,CIRC-02,MESA-037
V001328,72d5500c45ecaeb05130,25,2001-06-03,,vigente,normal,1,activo,MUN-04,ZONA-04,CIRC-04,MESA-049
V001329,42c473cbc3ef196be38b,28,1998-06-03,,vigente,normal,1,activo,MUN-02,ZONA-02,CIRC-02,MESA-052
V001330,6d526a6b60d723c45256,68,1958-06-03,,vigente,normal,1,activo,MUN-03,ZONA-08,CIRC-03,MESA-033
V001331,1c7f78b33250514a5ac9,58,1968-06-03,,vigente,normal,1,activo,MUN-02,ZONA-02,CIRC-02,MESA-022
V001332,280dc1998cc89b192eb8,34,1992-06-03,,vigente,normal,1,activo,MUN-05,ZONA-05,CIRC-05,MESA-005
V001333,b09a7696e4626569b34b,63,1963-06-04,,vigente,normal,1,activo,MUN-03,ZONA-08,CIRC-03,MESA-018
V001334,4f567702c9a7f69a4454,49,1977-06-03,,vigente,normal,1,activo,MUN-03,ZONA-03,CIRC-03,MESA-038
V001335,27077cb86bbc1bcb68b6,71,1955-06-04,,vigente,normal,1,activo,MUN-02,ZONA-02,CIRC-02,MESA-037
V001336,2ec8ac84febf56de7408,37,1989-06-03,,vigente,normal,1,activo,MUN-04,ZONA-04,CIRC-04,MESA-064
V001337,b50abe78d04c98d920f0,50,1976-06-03,,vigente,normal,1,activo,MUN-05,ZONA-10,CIRC-05,MESA-010
V001338,e6c83cc77bb9b7ba9b12,57,1969-06-03,,vigente,normal,1,activo,MUN-04,ZONA-04,CIRC-04,MESA-079
V001339,f0c33a3ed01bf9affe6e,123,1903-06-04,,vigente,normal,1,activo,MUN-02,ZONA-07,CIRC-02,MESA-042
V001340,ed7ca521e9fd7556fe54,19,2007-06-04,,vigente,normal,1,activo,MUN-03,ZONA-03,CIRC-03,MESA-048
V001341,a8afab1edbfbeb167338,50,1976-06-03,,vigente,normal,1,activo,MUN-04,ZONA-09,CIRC-04,MESA-044
V001342,23d7c4f91fc5df0c019a,47,1979-06-04,,vigente,normal,1,activo,MUN-01,ZONA-06,CIRC-01,MESA-016
V001343,95143f796ed79fb899fa,50,1976-06-03,,vigente,normal,1,activo,MUN-04,ZONA-04,CIRC-04,MESA-054
V001344,3ff8e9d5472982741c5a,43,1983-06-04,,vigente,normal,1,activo,MUN-05,ZONA-10,CIRC-05,MESA-035
V001345,df269bf12862c14f1588,39,1987-06-04,,vigente,normal,1,activo,MUN-03,ZONA-03,CIRC-03,MESA-028
V001346,c9f3b3fb2b260b24bb4c,83,1943-06-04,,vigente,normal,1,activo,MUN-02,ZONA-02,CIRC-02,MESA-002
V001347,f7b4c217eb8a10024d74,55,1971-06-04,,vigente,normal,1,activo,MUN-03,ZONA-03,CIRC-03,MESA-013
V001348,282ab9ba6e77cfb29e35,63,1963-06-04,,vigente,normal,1,activo,MUN-01,ZONA-06,CIRC-01,MESA-041
V001349,a65c07f585c26671139c,32,1994-06-03,,vigente,normal,1,activo,MUN-05,ZONA-05,CIRC-05,MESA-080
V001350,2d4a99035ec8912e97ec,61,1965-06-03,,vigente,normal,1,activo,MUN-04,ZONA-09,CIRC-04,MESA-059
V001351,736a77d838323f2abb7c,66,1960-06-03,,vigente,normal,1,activo,MUN-04,ZONA-09,CIRC-04,MESA-069
V001352,533833da5c51cb730fe6,78,1948-06-03,,vigente,normal,1,activo,MUN-03,ZONA-03,CIRC-03,MESA-053
V001353,582ec85d80b987c72271,84,1942-06-03,,vigente,normal,1,activo,MUN-05,ZONA-10,CIRC-05,MESA-045
V001354,9a0a56b5b11db953906f,23,2003-06-04,,vigente,normal,1,activo,MUN-05,ZONA-10,CIRC-05,MESA-020
V001355,f7fe9329ae33ec36d5b4,26,2000-06-03,,vigente,normal,1,activo,MUN-04,ZONA-04,CIRC-04,MESA-024
V001356,42ff25fe005f39e27405,23,2003-06-04,,vigente,normal,1,activo,MUN-01,ZONA-01,CIRC-01,MESA-061
V001357,58f4ea9bffe4430c210c,90,1936-06-03,,vigente,normal,1,activo,MUN-03,ZONA-08,CIRC-03,MESA-058
V001358,52bb173eaceff740924f,49,1977-06-03,,vigente,normal,1,activo,MUN-02,ZONA-02,CIRC-02,MESA-027
V001359,2eab7ff1c5548dd341ae,58,1968-06-03,,vigente,normal,1,activo,MUN-01,ZONA-01,CIRC-01,MESA-026
V001360,99add27c078cf3d959a8,120,1906-06-03,,vigente,normal,1,activo,MUN-02,ZONA-07,CIRC-02,MESA-007
V001361,79d1cff998cef8d977e3,89,1937-06-03,,vigente,normal,1,activo,MUN-02,ZONA-07,CIRC-02,MESA-042
V001362,aa73826b1f597a6ee66c,67,1959-06-04,,vigente,normal,1,activo,MUN-02,ZONA-02,CIRC-02,MESA-047
V001363,25cd3c6705293333e498,79,1947-06-04,,vigente,normal,1,activo,MUN-03,ZONA-03,CIRC-03,MESA-053
V001364,e5f91e0b6afced612550,79,1947-06-04,,vigente,normal,1,activo,MUN-04,ZONA-09,CIRC-04,MESA-059
V001365,b9085d0e2ea88d95e4f4,24,2002-06-03,,vigente,normal,1,activo,MUN-03,ZONA-03,CIRC-03,MESA-038
V001366,11b54a44e14f0a7cd7c2,21,2005-06-03,,vigente,normal,1,activo,MUN-04,ZONA-09,CIRC-04,MESA-069
V001367,86973ae1be9912e27ef8,23,2003-06-04,,vigente,normal,1,activo,MUN-03,ZONA-03,CIRC-03,MESA-053
V001368,a92348d990db0778b643,75,1951-06-04,,vigente,normal,1,activo,MUN-05,ZONA-05,CIRC-05,MESA-015
V001369,89b06c0b89228baa4e5c,39,1987-06-04,,vigente,normal,1,activo,MUN-01,ZONA-01,CIRC-01,MESA-026
V001370,a303d1937887a01b9a3b,43,1983-06-04,,vigente,normal,1,activo,MUN-03,ZONA-03,CIRC-03,MESA-048
V001371,da58117b5f3b2ea253e5,20,2006-06-03,,vigente,normal,1,activo,MUN-04,ZONA-09,CIRC-04,MESA-019
V001372,4c0414edc0e8279672ae,58,1968-06-03,,vigente,normal,1,activo,MUN-04,ZONA-09,CIRC-04,MESA-009
V001373,57ffa75b9f00dd7214d8,77,1949-06-03,,vigente,normal,1,activo,MUN-04,ZONA-04,CIRC-04,MESA-064
V001374,a1c6fda15529265acf48,31,1995-06-04,,vigente,normal,1,activo,MUN-04,ZONA-04,CIRC-04,MESA-054
V001375,ce4c45134e8b3240c919,29,1997-06-03,,vigente,normal,1,activo,MUN-01,ZONA-01,CIRC-01,MESA-051
V001376,f358da552859be471c34,29,1997-06-03,,vigente,normal,1,activo,MUN-04,ZONA-04,CIRC-04,MESA-039
V001377,6997101a2bec26e95c9c,30,1996-06-03,,vigente,normal,1,activo,MUN-04,ZONA-04,CIRC-04,MESA-004
V001378,6e5c3008471703ed2a4e,42,1984-06-03,,vigente,normal,1,activo,MUN-03,ZONA-03,CIRC-03,MESA-003
V001379,e9096ca46892efa1f072,62,1964-06-03,,vigente,normal,1,activo,MUN-04,ZONA-04,CIRC-04,MESA-064
V001380,b0802795df44e8f9b334,36,1990-06-03,,vigente,normal,1,activo,MUN-04,ZONA-04,CIRC-04,MESA-029
V001381,632bed373c71d976836c,72,1954-06-03,,vigente,normal,1,activo,MUN-01,ZONA-01,CIRC-01,MESA-011
V001382,01cb7b56893fe4d1a8d0,62,1964-06-03,,vigente,normal,1,activo,MUN-03,ZONA-08,CIRC-03,MESA-058
V001383,2b4799b7bea394fcfceb,25,2001-06-03,,vigente,normal,1,activo,MUN-05,ZONA-05,CIRC-05,MESA-075
V001384,c46fdf919d31420643ae,70,1956-06-03,,vigente,normal,1,activo,MUN-02,ZONA-02,CIRC-02,MESA-027
V001385,66f02b60c77cbcbefe75,72,1954-06-03,,vigente,normal,1,activo,MUN-01,ZONA-01,CIRC-01,MESA-021
V001386,a3ba4b239739aacea6e7,49,1977-06-03,,cancelado,normal,1,activo,MUN-04,ZONA-04,CIRC-04,MESA-039
V001387,26ef49edded1bb39cbd2,68,1958-06-03,,vigente,normal,1,activo,MUN-01,ZONA-01,CIRC-01,MESA-046
V001388,dd8c17b92af6511ad6db,61,1965-06-03,,vigente,normal,1,activo,MUN-01,ZONA-06,CIRC-01,MESA-066
V001389,83a2f31e88132d0a807a,87,1939-06-04,,vigente,normal,1,activo,MUN-01,ZONA-01,CIRC-01,MESA-036
V001390,d38b8818f2ecc825fd7a,35,1991-06-04,2025-04-17,vigente,fallecido,1,activo,MUN-05,ZONA-05,CIRC-05,MESA-075
V001391,64beb863b7feaf0852dc,39,1987-06-04,,vigente,normal,1,activo,MUN-05,ZONA-05,CIRC-05,MESA-065
V001392,441472ab4f693998d29a,54,1972-06-03,,vigente,normal,1,activo,MUN-03,ZONA-03,CIRC-03,MESA-063
V001393,e63c6802d3a9e60fe138,73,1953-06-03,,vigente,normal,1,activo,MUN-05,ZONA-10,CIRC-05,MESA-035
V001394,3f7b98bba8c2a93220d8,76,1950-06-03,,vigente,normal,1,activo,MUN-01,ZONA-06,CIRC-01,MESA-031
V001395,5490c22b77d00624db79,20,2006-06-03,,vigente,normal,1,activo,MUN-03,ZONA-03,CIRC-03,MESA-028
V001396,d1c083a0b8f4b592e045,45,1981-06-03,,vigente,normal,1,activo,MUN-01,ZONA-01,CIRC-01,MESA-001
V001397,bcda84441cabd4da4eb3,52,1974-06-03,,vigente,normal,1,activo,MUN-05,ZONA-05,CIRC-05,MESA-025
V001398,c488d68615e20f7b4ecb,78,1948-06-03,,vigente,normal,1,activo,MUN-03,ZONA-08,CIRC-03,MESA-043
V001399,750150d6164a5bfb2d87,71,1955-06-04,,vigente,normal,1,activo,MUN-02,ZONA-07,CIRC-02,MESA-067
V001400,a0ed224cffac83f4b449,80,1946-06-03,,vigente,normal,1,activo,MUN-03,ZONA-03,CIRC-03,MESA-063
V001401,c555ba9d885a5e33740a,24,2002-06-03,,vigente,normal,1,activo,MUN-01,ZONA-01,CIRC-01,MESA-051
V001402,725c7a8a37518cc9711d,66,1960-06-03,,vigente,normal,1,activo,MUN-02,ZONA-02,CIRC-02,MESA-002
V001403,8ed245983bc5c95228a9,48,1978-06-03,,vigente,normal,1,activo,MUN-04,ZONA-04,CIRC-04,MESA-064
V001404,edb3ef874fa5321ce317,75,1951-06-04,,vigente,normal,1,activo,MUN-04,ZONA-04,CIRC-04,MESA-074
V001405,42889cd6f44eca15eb82,78,1948-06-03,,vigente,normal,1,activo,MUN-04,ZONA-09,CIRC-04,MESA-069
V001406,d24ad9a9dd46a230ebbe,41,1985-06-03,,vigente,normal,1,activo,MUN-04,ZONA-09,CIRC-04,MESA-009
V001407,a56450f8571f0da11dea,37,1989-06-03,2024-10-04,vigente,fallecido,1,activo,MUN-02,ZONA-02,CIRC-02,MESA-002
V001408,570baa3c2819642af686,54,1972-06-03,,vigente,normal,1,activo,MUN-04,ZONA-09,CIRC-04,MESA-034
V001409,d2e0f3a0f3b7d02b782c,21,2005-06-03,,vigente,normal,1,activo,MUN-05,ZONA-10,CIRC-05,MESA-060
V001410,4383dc792b1ca3ab9027,37,1989-06-03,,vigente,normal,1,activo,MUN-01,ZONA-01,CIRC-01,MESA-061
V001411,84cedd3d2e187dbf9528,77,1949-06-03,,vigente,normal,1,activo,MUN-01,ZONA-06,CIRC-01,MESA-031
V001412,537a7b008493974235fd,41,1985-06-03,,vigente,normal,1,activo,MUN-05,ZONA-10,CIRC-05,MESA-010
V001413,4bf0afb68145ae75c3df,67,1959-06-04,,vigente,normal,1,activo,MUN-01,ZONA-01,CIRC-01,MESA-076
V001414,4add784003a3da782791,66,1960-06-03,,vigente,normal,1,activo,MUN-01,ZONA-01,CIRC-01,MESA-036
V001415,21c5d57cfd84c72813ab,68,1958-06-03,,vigente,normal,1,activo,MUN-04,ZONA-04,CIRC-04,MESA-049
V001416,9366e1549625633bdfce,53,1973-06-03,,vigente,normal,1,activo,MUN-05,ZONA-10,CIRC-05,MESA-070
V001417,6ac7bc97c7e6b0ed46e6,83,1943-06-04,,vigente,normal,1,activo,MUN-04,ZONA-04,CIRC-04,MESA-049
V001418,7953b34d3a13a9b2350a,51,1975-06-04,,vigente,normal,1,activo,MUN-03,ZONA-03,CIRC-03,MESA-003
V001419,7801587703199783a93d,53,1973-06-03,,vigente,normal,1,activo,MUN-04,ZONA-04,CIRC-04,MESA-074
V001420,41cab8c1b9db7da864e2,23,2003-06-04,,vigente,normal,1,activo,MUN-05,ZONA-05,CIRC-05,MESA-005
V001421,4f32249d14325e811dee,56,1970-06-03,,vigente,normal,1,activo,MUN-01,ZONA-01,CIRC-01,MESA-061
V001422,7bc08a0b129abd3b9132,59,1967-06-04,,vigente,normal,1,activo,MUN-01,ZONA-01,CIRC-01,MESA-026
V001423,8a32a1232692d022976b,75,1951-06-04,,vigente,normal,1,activo,MUN-02,ZONA-02,CIRC-02,MESA-072
V001424,8251763ec185d4f4a147,29,1997-06-03,,vigente,normal,1,activo,MUN-05,ZONA-05,CIRC-05,MESA-005
V001425,8c21c9b192e858ef63d9,17,2009-06-03,,vigente,normal,1,activo,MUN-05,ZONA-05,CIRC-05,MESA-015
V001426,6dfc57d8b0802247a8df,16,2010-06-03,,vigente,normal,1,activo,MUN-01,ZONA-06,CIRC-01,MESA-016
V001427,2f03b20b51f3ea959e4c,57,1969-06-03,,vigente,normal,1,activo,MUN-01,ZONA-01,CIRC-01,MESA-001
V001428,552b96d1f6df625fa77b,38,1988-06-03,,vigente,normal,1,activo,MUN-01,ZONA-06,CIRC-01,MESA-016
V001429,6edb129181aed649bc6e,32,1994-06-03,,vigente,normal,1,activo,MUN-02,ZONA-02,CIRC-02,MESA-037
V001430,46b441b77e1f4dc548f9,43,1983-06-04,,vigente,normal,1,activo,MUN-03,ZONA-03,CIRC-03,MESA-003
V001431,258b7dacd46e52ac2b1e,25,2001-06-03,,vigente,normal,1,activo,MUN-02,ZONA-02,CIRC-02,MESA-052
V001432,7de4267a957a6ea7b3d4,59,1967-06-04,,vigente,normal,1,activo,MUN-02,ZONA-02,CIRC-02,MESA-047
V001433,4e3a80a18971bdcb423a,17,2009-06-03,,vigente,normal,1,activo,MUN-03,ZONA-03,CIRC-03,MESA-013
V001434,603bb2514bffba245f57,31,1995-06-04,,vigente,normal,1,activo,MUN-05,ZONA-05,CIRC-05,MESA-080
V001435,90dd8cd28b909d6a458f,19,2007-06-04,,vigente,normal,1,activo,MUN-05,ZONA-05,CIRC-05,MESA-055
V001436,7b2d9efc0b39458c9309,54,1972-06-03,,vigente,normal,1,activo,MUN-01,ZONA-01,CIRC-01,MESA-021
V001437,337b486b8603b7df2fa2,86,1940-06-03,,vigente,normal,1,activo,MUN-01,ZONA-06,CIRC-01,MESA-066
V001438,ad34f7944bba1c263385,55,1971-06-04,,vigente,normal,1,activo,MUN-04,ZONA-04,CIRC-04,MESA-054
V001439,c84cd35f89c8e6f2b077,58,1968-06-03,,vigente,normal,1,activo,MUN-02,ZONA-02,CIRC-02,MESA-027
V001440,d376eb9b7d3963059624,79,1947-06-04,,vigente,normal,1,activo,MUN-03,ZONA-03,CIRC-03,MESA-038
V001441,a7aedf1f5f39eebe5e93,77,1949-06-03,,vigente,normal,1,activo,MUN-03,ZONA-08,CIRC-03,MESA-058
V001442,8542cecb0d00cf8d2306,31,1995-06-04,2024-10-15,vigente,fallecido,1,activo,MUN-02,ZONA-02,CIRC-02,MESA-062
V001443,a97afa6b629957704bac,19,2007-06-04,,vigente,normal,1,activo,MUN-01,ZONA-01,CIRC-01,MESA-046
V001444,4d707841ea41e2283f1b,87,1939-06-04,,vigente,normal,1,activo,MUN-01,ZONA-01,CIRC-01,MESA-011
V001445,f8a6d803c486f94271c5,34,1992-06-03,,vigente,normal,1,activo,MUN-02,ZONA-02,CIRC-02,MESA-072
V001446,32eec5d589b4ea789f1a,45,1981-06-03,,vigente,normal,1,activo,MUN-03,ZONA-08,CIRC-03,MESA-008
V001447,48ba0cf85cd04ec8138f,83,1943-06-04,,vigente,normal,1,activo,MUN-01,ZONA-01,CIRC-01,MESA-071
V001448,63619434e61504fc45ab,52,1974-06-03,,vigente,normal,1,activo,MUN-04,ZONA-04,CIRC-04,MESA-064
V001449,c86d905846be942819ad,22,2004-06-03,,vigente,normal,1,activo,MUN-01,ZONA-01,CIRC-01,MESA-021
V001450,4ae3189c06447de99f09,82,1944-06-03,,vigente,normal,1,activo,MUN-02,ZONA-02,CIRC-02,MESA-072
V001451,a6d15ee77b9de7b7a82b,17,2009-06-03,,vigente,normal,1,activo,MUN-03,ZONA-03,CIRC-03,MESA-063
V001452,53133be3bd15b29e11b5,73,1953-06-03,,vigente,normal,1,activo,MUN-04,ZONA-04,CIRC-04,MESA-064
V001453,ec1045abc95053faf7dc,53,1973-06-03,,vigente,normal,1,activo,MUN-05,ZONA-10,CIRC-05,MESA-020
V001454,eca77d32e0f4a079f8a7,62,1964-06-03,,vigente,normal,1,activo,MUN-03,ZONA-08,CIRC-03,MESA-008
V001455,e284c6b53490b8f5f289,40,1986-06-03,,vigente,normal,1,activo,MUN-03,ZONA-08,CIRC-03,MESA-058
V001456,8918d12f3ddc5cb444c9,64,1962-06-03,,vigente,normal,1,activo,MUN-01,ZONA-01,CIRC-01,MESA-046
V001457,fb7860da1b93471abcad,48,1978-06-03,,vigente,normal,1,activo,MUN-01,ZONA-06,CIRC-01,MESA-031
V001458,738f13db9a375df2c249,28,1998-06-03,,vigente,normal,1,activo,MUN-04,ZONA-09,CIRC-04,MESA-009
V001459,b96f2b59ed52cb984fee,16,2010-06-03,,vigente,normal,1,activo,MUN-05,ZONA-05,CIRC-05,MESA-015
V001460,6df867455ee6e8b76d35,84,1942-06-03,,vigente,normal,1,activo,MUN-01,ZONA-01,CIRC-01,MESA-026
V001461,eb04037d7fd93d9294cc,31,1995-06-04,,vigente,normal,1,activo,MUN-05,ZONA-10,CIRC-05,MESA-010
V001462,c64cdd13379b4ec0cc27,27,1999-06-04,,vigente,normal,1,activo,MUN-04,ZONA-04,CIRC-04,MESA-029
V001463,3c708840db228261af79,18,2008-06-03,,vigente,normal,1,activo,MUN-05,ZONA-05,CIRC-05,MESA-080
V001464,c80842138e9ea0e58081,22,2004-06-03,2025-04-30,vigente,fallecido,1,activo,MUN-01,ZONA-01,CIRC-01,MESA-036
V001465,7b507a111662e3297e05,37,1989-06-03,,vigente,normal,1,activo,MUN-02,ZONA-02,CIRC-02,MESA-037
V001466,44dfe262a0300ad446c4,25,2001-06-03,,vigente,normal,1,activo,MUN-01,ZONA-01,CIRC-01,MESA-071
V001467,38a1450cb925565ad556,60,1966-06-03,,vigente,normal,1,activo,MUN-03,ZONA-03,CIRC-03,MESA-023
V001468,d9b61b60664ca2c31345,18,2008-06-03,,vigente,normal,1,activo,MUN-01,ZONA-06,CIRC-01,MESA-041
V001469,1cd66509af31b386647b,74,1952-06-03,,vigente,normal,1,activo,MUN-05,ZONA-05,CIRC-05,MESA-080
V001470,46bd72c6082e31a01196,81,1945-06-03,,vigente,normal,1,activo,MUN-03,ZONA-03,CIRC-03,MESA-028
V001471,00a766ecc19689c3d81b,45,1981-06-03,,vigente,normal,1,activo,MUN-03,ZONA-03,CIRC-03,MESA-048
V001472,273bc923523b4ddaf5f4,54,1972-06-03,,vigente,normal,1,activo,MUN-03,ZONA-03,CIRC-03,MESA-038
V001473,15f9f464246946f537c9,64,1962-06-03,,vigente,normal,1,activo,MUN-01,ZONA-06,CIRC-01,MESA-031
V001474,0406184e96b17364d886,54,1972-06-03,,vigente,normal,1,activo,MUN-04,ZONA-04,CIRC-04,MESA-014
V001475,0736e9263019f9b0ca6b,66,1960-06-03,,vigente,normal,1,activo,MUN-03,ZONA-03,CIRC-03,MESA-073
V001476,9ffa1f48585a78c2c327,61,1965-06-03,,vigente,normal,1,activo,MUN-02,ZONA-02,CIRC-02,MESA-077
V001477,435ba1d58065d6b5dbc8,73,1953-06-03,,vigente,normal,1,activo,MUN-04,ZONA-04,CIRC-04,MESA-029
V001478,05fabe1fdead637e9706,45,1981-06-03,,vigente,normal,1,activo,MUN-01,ZONA-01,CIRC-01,MESA-051
V001479,f389530517ab5e477431,23,2003-06-04,,vigente,normal,1,activo,MUN-04,ZONA-04,CIRC-04,MESA-049
V001480,eb85840ae13f8295054e,78,1948-06-03,,vigente,normal,1,activo,MUN-03,ZONA-08,CIRC-03,MESA-043
V001481,13f74fbeb774e7b72915,37,1989-06-03,,vigente,normal,1,activo,MUN-02,ZONA-02,CIRC-02,MESA-072
V001482,59a8ac73fbc3b582b8a7,19,2007-06-04,,vigente,normal,1,activo,MUN-05,ZONA-05,CIRC-05,MESA-005
V001483,ae709ed6a80e4c1a3f01,90,1936-06-03,,vigente,normal,1,activo,MUN-02,ZONA-07,CIRC-02,MESA-042
V001484,4936a9f15774b334dd49,54,1972-06-03,,vigente,normal,1,activo,MUN-02,ZONA-07,CIRC-02,MESA-007
V001485,cc1b102831ab407f12c2,130,1896-06-02,,vigente,normal,1,activo,MUN-02,ZONA-07,CIRC-02,MESA-042
V001486,b0dc7cb6668323dbc29b,43,1983-06-04,,vigente,normal,1,activo,MUN-01,ZONA-01,CIRC-01,MESA-036
V001487,43784b8c60ba7b66af72,46,1980-06-03,,vigente,normal,1,activo,MUN-02,ZONA-02,CIRC-02,MESA-027
V001488,f0896742050119cdcbac,18,2008-06-03,,vigente,normal,1,activo,MUN-03,ZONA-08,CIRC-03,MESA-058
V001489,a7faec321ee87754b916,52,1974-06-03,,vigente,inhabilitado,1,activo,MUN-01,ZONA-01,CIRC-01,MESA-046
V001490,c002c4e96e42986805d1,87,1939-06-04,,vigente,normal,1,activo,MUN-01,ZONA-06,CIRC-01,MESA-066
V001491,600d9dbac6663cff5316,76,1950-06-03,,vigente,normal,1,activo,MUN-05,ZONA-05,CIRC-05,MESA-025
V001492,6ebd4f3593e8221adc6b,86,1940-06-03,,vigente,normal,1,activo,MUN-03,ZONA-03,CIRC-03,MESA-073
V001493,fa7278b3205ec8cf160a,50,1976-06-03,,vigente,normal,1,activo,MUN-02,ZONA-02,CIRC-02,MESA-027
V001494,127ee304e53758fb21ff,68,1958-06-03,,vigente,normal,1,activo,MUN-01,ZONA-01,CIRC-01,MESA-001
V001495,b40cad8f2e5ace72e7fe,29,1997-06-03,,vigente,normal,1,activo,MUN-04,ZONA-04,CIRC-04,MESA-074
V001496,edc6808b014c24eb15f2,37,1989-06-03,,vigente,normal,1,activo,MUN-02,ZONA-07,CIRC-02,MESA-042
V001497,908a93ade534f8d32a25,70,1956-06-03,2024-12-22,vigente,fallecido,1,activo,MUN-02,ZONA-02,CIRC-02,MESA-052
V001498,cec61a88c6024f55556e,60,1966-06-03,,vigente,normal,1,activo,MUN-05,ZONA-05,CIRC-05,MESA-025
V001499,bbd132c91910b86fb007,67,1959-06-04,,vigente,normal,1,activo,MUN-04,ZONA-04,CIRC-04,MESA-054
V001500,2a37d44035561ed62920,46,1980-06-03,,vigente,normal,1,activo,MUN-02,ZONA-07,CIRC-02,MESA-067
V001501,0a478e6ce66fa25eeb4b,74,1952-06-03,,vigente,normal,1,activo,MUN-01,ZONA-06,CIRC-01,MESA-006
V001502,4e1d9779128828877bbb,56,1970-06-03,,vigente,privado_libertad,1,activo,MUN-03,ZONA-08,CIRC-03,MESA-058
V001503,2f2a5c0f40bb30e283c7,73,1953-06-03,,vigente,normal,1,activo,MUN-05,ZONA-10,CIRC-05,MESA-070
V001504,ed32574cab0e2f73d630,60,1966-06-03,,vigente,normal,1,activo,MUN-03,ZONA-03,CIRC-03,MESA-053
V001505,e747aa692d887b7f02db,67,1959-06-04,,vigente,normal,1,activo,MUN-01,ZONA-06,CIRC-01,MESA-066
V001506,3a2ba6456e46b162f26c,40,1986-06-03,,vigente,normal,1,activo,MUN-03,ZONA-08,CIRC-03,MESA-058
V001507,ae102ab8a65544339233,61,1965-06-03,,vigente,normal,1,activo,MUN-02,ZONA-02,CIRC-02,MESA-002
V001508,8d91a2e959b887726d9f,55,1971-06-04,,vigente,normal,1,activo,MUN-01,ZONA-01,CIRC-01,MESA-076
V001509,f239cb0af3535aa01dba,40,1986-06-03,,vigente,normal,1,activo,MUN-02,ZONA-02,CIRC-02,MESA-022
V001510,85310eda24143be09885,62,1964-06-03,,vigente,normal,1,activo,MUN-02,ZONA-02,CIRC-02,MESA-037
V001511,b63b63809ce9777d0960,69,1957-06-03,,vigente,normal,1,activo,MUN-05,ZONA-10,CIRC-05,MESA-020
V001512,29d2a14ae34aabfbd85a,67,1959-06-04,,vigente,normal,1,activo,MUN-04,ZONA-04,CIRC-04,MESA-024
V001513,e8bbe48182e09f6e3f38,25,2001-06-03,,vigente,normal,1,activo,MUN-05,ZONA-05,CIRC-05,MESA-065
V001514,27ccb0f9659f2b234a09,18,2008-06-03,,vigente,normal,1,activo,MUN-05,ZONA-05,CIRC-05,MESA-065
V001515,1dc150f27299c4d70393,25,2001-06-03,,vigente,inhabilitado,1,activo,MUN-01,ZONA-01,CIRC-01,MESA-001
V001516,b29077bd7cf961fdf57d,46,1980-06-03,,vigente,normal,1,activo,MUN-03,ZONA-03,CIRC-03,MESA-003
V001517,1ec0633a860ae1906506,22,2004-06-03,,vigente,normal,1,activo,MUN-01,ZONA-01,CIRC-01,MESA-046
V001518,58bded88ae4f9b576b03,64,1962-06-03,,vigente,normal,1,activo,MUN-05,ZONA-05,CIRC-05,MESA-055
V001519,6f850cf8f605a2ddfc01,51,1975-06-04,,vigente,normal,1,activo,MUN-05,ZONA-05,CIRC-05,MESA-075
V001520,bd6bae4bce7a3ada986a,82,1944-06-03,,vigente,normal,1,activo,MUN-04,ZONA-04,CIRC-04,MESA-064
V001521,7aba768b8bfbc5cc9bbe,72,1954-06-03,,vigente,normal,1,activo,MUN-05,ZONA-10,CIRC-05,MESA-045
V001522,c5640509a3b3f93c8b87,60,1966-06-03,,vigente,normal,1,activo,MUN-01,ZONA-01,CIRC-01,MESA-026
V001523,90fd3fe9ae525bbadd91,47,1979-06-04,,vigente,normal,1,activo,MUN-02,ZONA-02,CIRC-02,MESA-077
V001524,3cb5aae09b5da1dbe9dc,34,1992-06-03,,vigente,normal,1,activo,MUN-05,ZONA-05,CIRC-05,MESA-065
V001525,df1f8df162222a14937a,43,1983-06-04,,vigente,privado_libertad,1,activo,MUN-04,ZONA-04,CIRC-04,MESA-024
V001526,1f17d2e107534659b558,25,2001-06-03,,vigente,normal,1,activo,MUN-04,ZONA-04,CIRC-04,MESA-074
V001527,f0293170a54208b445d6,64,1962-06-03,,vigente,normal,1,activo,MUN-05,ZONA-10,CIRC-05,MESA-035
V001528,c7675a47dc202ce4ac8b,89,1937-06-03,,vigente,normal,1,activo,MUN-04,ZONA-04,CIRC-04,MESA-024
V001529,0374010329ff6c9a20cd,63,1963-06-04,,vigente,normal,1,activo,MUN-03,ZONA-03,CIRC-03,MESA-028
V001530,605b2a3e4e51f809bd4b,85,1941-06-03,,vigente,normal,1,activo,MUN-05,ZONA-05,CIRC-05,MESA-080
V001531,98fbae38083b7aa832b1,50,1976-06-03,,vigente,normal,1,activo,MUN-01,ZONA-06,CIRC-01,MESA-016
V001532,716d2156d43fcbed0e49,18,2008-06-03,,vigente,normal,1,activo,MUN-04,ZONA-09,CIRC-04,MESA-059
V001533,9b8b5f846e04ef5f0189,36,1990-06-03,,vigente,normal,1,activo,MUN-04,ZONA-04,CIRC-04,MESA-054
V001534,810a70170d2e7bfa7da1,48,1978-06-03,,vigente,normal,1,activo,MUN-04,ZONA-04,CIRC-04,MESA-079
V001535,2996f88f652fe6090b1b,31,1995-06-04,,vigente,normal,1,activo,MUN-01,ZONA-06,CIRC-01,MESA-016
V001536,15906388d2b9c77486ef,70,1956-06-03,,vigente,normal,1,activo,MUN-05,ZONA-05,CIRC-05,MESA-015
V001537,0462c55b6d230a1b8812,65,1961-06-03,,vigente,normal,1,activo,MUN-01,ZONA-01,CIRC-01,MESA-011
V001538,cd1acd790e4fa4e0762e,86,1940-06-03,,vigente,normal,1,activo,MUN-05,ZONA-05,CIRC-05,MESA-065
V001539,bf1a59c5baadb93e14ee,79,1947-06-04,,vigente,normal,1,activo,MUN-04,ZONA-04,CIRC-04,MESA-079
V001540,242041aab7368a730f89,83,1943-06-04,,vigente,normal,1,activo,MUN-03,ZONA-08,CIRC-03,MESA-068
V001541,3852610e46009b854ebf,81,1945-06-03,,vigente,normal,1,activo,MUN-03,ZONA-08,CIRC-03,MESA-043
V001542,2268592d9989e2829c37,87,1939-06-04,,vigente,normal,1,activo,MUN-04,ZONA-09,CIRC-04,MESA-069
V001543,b9865b18f66488511d31,80,1946-06-03,,vigente,normal,1,activo,MUN-03,ZONA-03,CIRC-03,MESA-013
V001544,a1b340c2bc4750f9bd9a,90,1936-06-03,,vigente,normal,1,activo,MUN-05,ZONA-10,CIRC-05,MESA-010
V001545,4759290e1dabdea20bfb,50,1976-06-03,,vigente,normal,1,activo,MUN-05,ZONA-05,CIRC-05,MESA-075
V001546,7c640f5405d637f28c71,58,1968-06-03,,vigente,normal,1,activo,MUN-01,ZONA-06,CIRC-01,MESA-041
V001547,373fa1ef34992ecbcb2c,65,1961-06-03,,vigente,normal,1,activo,MUN-05,ZONA-05,CIRC-05,MESA-050
V001548,53608d1cbe035a7dfe0b,30,1996-06-03,,vigente,normal,1,activo,MUN-01,ZONA-01,CIRC-01,MESA-071
V001549,a4035ad11b9bffed89e3,90,1936-06-03,,vigente,normal,1,activo,MUN-04,ZONA-09,CIRC-04,MESA-059
V001550,861f9c636893c7872a3c,48,1978-06-03,,vigente,normal,1,activo,MUN-04,ZONA-04,CIRC-04,MESA-039
V001551,6487e92954eb9384ac1f,85,1941-06-03,,vigente,normal,1,activo,MUN-03,ZONA-03,CIRC-03,MESA-003
V001552,15c1734ffb4895aa736d,21,2005-06-03,,vigente,normal,1,activo,MUN-01,ZONA-01,CIRC-01,MESA-076
V001553,8ce0940cd7e84d962c40,36,1990-06-03,,vigente,normal,1,activo,MUN-02,ZONA-07,CIRC-02,MESA-007
V001554,0a9fe58e84b142ddf395,87,1939-06-04,,vigente,normal,1,activo,MUN-04,ZONA-04,CIRC-04,MESA-049
V001555,7528c1b79e0785b1713f,30,1996-06-03,,vigente,normal,1,activo,MUN-01,ZONA-01,CIRC-01,MESA-026
V001556,3668fecc3238bab714bd,40,1986-06-03,,vigente,normal,1,activo,MUN-03,ZONA-08,CIRC-03,MESA-033
V001557,8a9602be99f0dee12e76,18,2008-06-03,,vigente,inhabilitado,1,activo,MUN-03,ZONA-03,CIRC-03,MESA-048
V001558,40c36d6dd53fba1e21bf,71,1955-06-04,,vigente,normal,1,activo,MUN-04,ZONA-04,CIRC-04,MESA-079
V001559,c66a3b953da5da7a506f,88,1938-06-03,,vigente,normal,1,activo,MUN-02,ZONA-02,CIRC-02,MESA-002
V001560,e3f8e80ceb64a5945666,32,1994-06-03,,vigente,normal,1,activo,MUN-01,ZONA-01,CIRC-01,MESA-071
V001561,86532e1e692f274c2697,82,1944-06-03,,vigente,normal,1,activo,MUN-02,ZONA-07,CIRC-02,MESA-032
V001562,ea1b96ac70f7a0718460,88,1938-06-03,,vigente,normal,1,activo,MUN-04,ZONA-04,CIRC-04,MESA-004
V001563,d72d5d14135150d9e37d,32,1994-06-03,,vigente,normal,1,activo,MUN-05,ZONA-10,CIRC-05,MESA-020
V001564,2c3efcc81c89dce3004c,38,1988-06-03,,vigente,normal,1,activo,MUN-01,ZONA-01,CIRC-01,MESA-036
V001565,87eba83075931911b93e,36,1990-06-03,,vigente,normal,1,activo,MUN-02,ZONA-07,CIRC-02,MESA-032
V001566,ccc6ee10124bc98bcb4d,77,1949-06-03,,vigente,normal,1,activo,MUN-03,ZONA-03,CIRC-03,MESA-028
V001567,b2226373116fc708a012,50,1976-06-03,,vigente,normal,1,activo,MUN-02,ZONA-02,CIRC-02,MESA-077
V001568,8a42347c51dfe2f0c76a,66,1960-06-03,,vigente,normal,1,activo,MUN-01,ZONA-01,CIRC-01,MESA-001
V001569,acc67f5ca2f5fdcf6def,52,1974-06-03,,vigente,normal,1,activo,MUN-05,ZONA-10,CIRC-05,MESA-060
V001570,a88814b139150c2730d5,61,1965-06-03,,vigente,normal,1,activo,MUN-01,ZONA-06,CIRC-01,MESA-056
V001571,73f1722c27fa8202cc6c,28,1998-06-03,,vigente,normal,1,activo,MUN-05,ZONA-10,CIRC-05,MESA-035
V001572,0cd63d3a068184b584d1,89,1937-06-03,,vigente,normal,1,activo,MUN-05,ZONA-05,CIRC-05,MESA-030
V001573,eeb3a8db4bd7043abd21,83,1943-06-04,,vigente,normal,1,activo,MUN-04,ZONA-04,CIRC-04,MESA-054
V001574,397980ddc10e4365e0a7,63,1963-06-04,,vigente,normal,1,activo,MUN-01,ZONA-01,CIRC-01,MESA-036
V001575,17d478451995b9f11074,26,2000-06-03,,vigente,normal,1,activo,MUN-05,ZONA-05,CIRC-05,MESA-055
V001576,7cf9e93a48625e6c7bdd,20,2006-06-03,,vigente,normal,1,activo,MUN-05,ZONA-05,CIRC-05,MESA-080
V001577,f60cffe870d876328d6f,43,1983-06-04,,vigente,normal,1,activo,MUN-03,ZONA-08,CIRC-03,MESA-058
V001578,3bff2463c64f37332c1c,89,1937-06-03,,vigente,normal,1,activo,MUN-05,ZONA-05,CIRC-05,MESA-065
V001579,91472778ca41c8f4bab3,65,1961-06-03,,vigente,normal,1,activo,MUN-04,ZONA-09,CIRC-04,MESA-069
V001580,5f58c4ebcbbe208bf18f,83,1943-06-04,,vigente,normal,1,activo,MUN-01,ZONA-01,CIRC-01,MESA-051
V001581,8d5d8ec3c7fe3fa843ef,87,1939-06-04,,vigente,normal,1,activo,MUN-02,ZONA-02,CIRC-02,MESA-022
V001582,e6e71d9987280b05c49e,45,1981-06-03,,vigente,normal,1,activo,MUN-03,ZONA-03,CIRC-03,MESA-053
V001583,9cd02946ccfacfc910a9,43,1983-06-04,,vigente,normal,1,activo,MUN-01,ZONA-01,CIRC-01,MESA-036
V001584,4958c03ecbfeb7a058aa,42,1984-06-03,,vigente,normal,1,activo,MUN-03,ZONA-08,CIRC-03,MESA-068
V001585,445acdb5037995cf0e08,29,1997-06-03,,vigente,normal,1,activo,MUN-01,ZONA-01,CIRC-01,MESA-036
V001586,7a4e4122e01626a94891,22,2004-06-03,,vigente,normal,1,activo,MUN-02,ZONA-02,CIRC-02,MESA-052
V001587,98a43317bd3927b1c1ff,65,1961-06-03,,vigente,normal,1,activo,MUN-03,ZONA-03,CIRC-03,MESA-053
V001588,507dd7971c2ae6a19e93,54,1972-06-03,,vigente,normal,1,activo,MUN-05,ZONA-05,CIRC-05,MESA-050
V001589,2a11d0c8210eec952f16,119,1907-06-04,,vigente,normal,1,activo,MUN-05,ZONA-05,CIRC-05,MESA-080
V001590,3afd82f7b6508c905f85,32,1994-06-03,,vigente,normal,1,activo,MUN-01,ZONA-06,CIRC-01,MESA-041
V001591,5469d78fff9b605f4bf9,60,1966-06-03,,vigente,normal,1,activo,MUN-03,ZONA-08,CIRC-03,MESA-018
V001592,a375bc90a213eb5671a4,65,1961-06-03,,vigente,normal,1,activo,MUN-02,ZONA-02,CIRC-02,MESA-022
V001593,ff003e9145a06918b6cb,87,1939-06-04,,vigente,normal,1,activo,MUN-01,ZONA-06,CIRC-01,MESA-066
V001594,329fc504b3f3487da639,63,1963-06-04,,vigente,normal,1,activo,MUN-01,ZONA-01,CIRC-01,MESA-021
V001595,445e37c42fae1ba829e5,60,1966-06-03,,vigente,normal,1,activo,MUN-04,ZONA-09,CIRC-04,MESA-044
V001596,1be9e5e4f2b410e51562,38,1988-06-03,,vigente,normal,1,activo,MUN-02,ZONA-02,CIRC-02,MESA-047
V001597,7a9a02257243cb827d54,40,1986-06-03,,vigente,normal,1,activo,MUN-04,ZONA-04,CIRC-04,MESA-039
V001598,7968a02823200a0bc76a,64,1962-06-03,,vigente,normal,1,activo,MUN-04,ZONA-04,CIRC-04,MESA-029
V001599,8663ba87094c6b88aeda,16,2010-06-03,,vigente,normal,1,activo,MUN-04,ZONA-04,CIRC-04,MESA-054
V001600,aa3d1c9a224b913f82da,42,1984-06-03,,vigente,normal,1,activo,MUN-02,ZONA-07,CIRC-02,MESA-017
V001601,6aa4405449b34b0d5991,53,1973-06-03,,vigente,normal,1,activo,MUN-05,ZONA-05,CIRC-05,MESA-080
V001602,fc0057a721002c15e447,68,1958-06-03,,vigente,normal,1,activo,MUN-05,ZONA-10,CIRC-05,MESA-060
V001603,7b252d3c09de1f73df60,32,1994-06-03,,vigente,normal,1,activo,MUN-01,ZONA-06,CIRC-01,MESA-031
V001604,ce9b0978fb53a2d7864e,85,1941-06-03,,vigente,normal,1,activo,MUN-03,ZONA-03,CIRC-03,MESA-073
V001605,3618f113a14a2f3b7c8f,38,1988-06-03,,vigente,normal,1,activo,MUN-03,ZONA-03,CIRC-03,MESA-078
V001606,8b4c9308169fb16afcbe,30,1996-06-03,,vigente,normal,1,activo,MUN-04,ZONA-04,CIRC-04,MESA-049
V001607,9c46aee1f79f1ae031d7,36,1990-06-03,,vigente,normal,1,activo,MUN-02,ZONA-02,CIRC-02,MESA-002
V001608,2c90b8447544b8798487,51,1975-06-04,,vigente,normal,1,activo,MUN-03,ZONA-03,CIRC-03,MESA-048
V001609,f0713bb55f1431a852de,85,1941-06-03,,cancelado,normal,1,activo,MUN-04,ZONA-04,CIRC-04,MESA-014
V001610,895a2c61d83a1a81c131,69,1957-06-03,,vigente,normal,1,activo,MUN-04,ZONA-09,CIRC-04,MESA-059
V001611,124bc1f91be97e7499db,44,1982-06-03,,vigente,normal,1,activo,MUN-03,ZONA-08,CIRC-03,MESA-058
V001612,81e81dfaca390a77eaf7,46,1980-06-03,,vigente,normal,1,activo,MUN-03,ZONA-08,CIRC-03,MESA-058
V001613,464252bb56ba99a07f1b,45,1981-06-03,,vigente,normal,1,activo,MUN-01,ZONA-01,CIRC-01,MESA-051
V001614,b21fefb313e081e08f2a,52,1974-06-03,,vigente,normal,1,activo,MUN-02,ZONA-02,CIRC-02,MESA-002
V001615,e566182beff02e4a66d3,25,2001-06-03,,vigente,normal,1,activo,MUN-01,ZONA-06,CIRC-01,MESA-041
V001616,d582ce6dc120f74f9090,33,1993-06-03,,vigente,normal,1,activo,MUN-01,ZONA-06,CIRC-01,MESA-016
V001617,875d869606e6d67b28b8,53,1973-06-03,,vigente,privado_libertad,1,activo,MUN-04,ZONA-04,CIRC-04,MESA-004
V001618,12e68c5ee92688f09a99,47,1979-06-04,,vigente,normal,1,activo,MUN-02,ZONA-02,CIRC-02,MESA-012
V001619,46cf8cc522f1c7cb593b,35,1991-06-04,,vigente,normal,1,activo,MUN-04,ZONA-04,CIRC-04,MESA-029
V001620,0ea2e7906608f55699e9,19,2007-06-04,,vigente,normal,1,activo,MUN-02,ZONA-07,CIRC-02,MESA-007
V001621,fccdd8a0555dd7845c8a,66,1960-06-03,,vigente,normal,1,activo,MUN-04,ZONA-04,CIRC-04,MESA-014
V001622,c0a3db61b11bba675553,21,2005-06-03,,vigente,normal,1,activo,MUN-02,ZONA-02,CIRC-02,MESA-012
V001623,7fef4affab7ededff0f8,24,2002-06-03,,vigente,normal,1,activo,MUN-05,ZONA-05,CIRC-05,MESA-005
V001624,0de43d8e5154d530bd20,56,1970-06-03,,vigente,normal,1,activo,MUN-02,ZONA-07,CIRC-02,MESA-032
V001625,1afd4c2c5161c0a6a9b8,30,1996-06-03,,vigente,normal,1,activo,MUN-04,ZONA-04,CIRC-04,MESA-074
V001626,71b436657108302229cb,48,1978-06-03,,vigente,normal,1,activo,MUN-03,ZONA-08,CIRC-03,MESA-043
V001627,18587c4864dd2e347c35,128,1898-06-02,,vigente,normal,1,activo,MUN-04,ZONA-09,CIRC-04,MESA-069
V001628,6ba285e0091a836c5bbb,80,1946-06-03,,vigente,normal,1,activo,MUN-05,ZONA-10,CIRC-05,MESA-045
V001629,f1453256345d4cf4872b,73,1953-06-03,,vigente,normal,1,activo,MUN-04,ZONA-09,CIRC-04,MESA-009
V001630,0e95f70d645e6eeab066,59,1967-06-04,,vigente,normal,1,activo,MUN-04,ZONA-04,CIRC-04,MESA-049
V001631,17985c4aec8cf20d9fa5,78,1948-06-03,,vigente,normal,1,activo,MUN-03,ZONA-08,CIRC-03,MESA-033
V001632,5da9db02c03c58788877,59,1967-06-04,,vigente,normal,1,activo,MUN-03,ZONA-08,CIRC-03,MESA-018
V001633,dfd7ff13ddce86627f78,73,1953-06-03,,vigente,normal,1,activo,MUN-04,ZONA-09,CIRC-04,MESA-009
V001634,9c5f94d0411cccd3e1b4,53,1973-06-03,,vigente,normal,1,activo,MUN-02,ZONA-02,CIRC-02,MESA-062
V001635,7b4f1931e264f4b3aa5d,85,1941-06-03,,vigente,normal,1,activo,MUN-02,ZONA-07,CIRC-02,MESA-057
V001636,85dc1bea70be52a6d23f,24,2002-06-03,,vigente,normal,1,activo,MUN-04,ZONA-04,CIRC-04,MESA-029
V001637,985705a804a9809ac9c8,71,1955-06-04,,vigente,normal,1,activo,MUN-03,ZONA-03,CIRC-03,MESA-078
V001638,6fe20410e3a03ccabdb5,18,2008-06-03,,vigente,normal,1,activo,MUN-05,ZONA-05,CIRC-05,MESA-025
V001639,c5502b915c0e5072578b,61,1965-06-03,,vigente,normal,1,activo,MUN-05,ZONA-05,CIRC-05,MESA-015
V001640,19c8eebc21aac031a6fd,62,1964-06-03,2024-09-18,vigente,fallecido,1,activo,MUN-01,ZONA-06,CIRC-01,MESA-006
V001641,68d8e811fe657df01677,64,1962-06-03,,vigente,normal,1,activo,MUN-02,ZONA-07,CIRC-02,MESA-042
V001642,de44ce166483638df745,30,1996-06-03,,vigente,normal,1,activo,MUN-04,ZONA-04,CIRC-04,MESA-029
V001643,a8b0b2d3bc59befa58e2,39,1987-06-04,,vigente,normal,1,activo,MUN-04,ZONA-04,CIRC-04,MESA-079
V001644,0fc37792c94f6c8eef3f,38,1988-06-03,,vigente,normal,1,activo,MUN-04,ZONA-04,CIRC-04,MESA-004
V001645,3b8d1a498e392a9befae,26,2000-06-03,,vigente,normal,1,activo,MUN-02,ZONA-07,CIRC-02,MESA-057
V001646,70b11390b9286f94a9b5,17,2009-06-03,,vigente,normal,1,activo,MUN-04,ZONA-04,CIRC-04,MESA-049
V001647,eaa55b2059a804f53084,26,2000-06-03,,vigente,normal,1,activo,MUN-04,ZONA-09,CIRC-04,MESA-044
V001648,6d7e183671f4435b0d03,32,1994-06-03,,vigente,normal,1,activo,MUN-05,ZONA-05,CIRC-05,MESA-080
V001649,5791485762cbaa97dcdc,27,1999-06-04,,vigente,normal,1,activo,MUN-05,ZONA-05,CIRC-05,MESA-075
V001650,baeb1b431d3405d9e717,59,1967-06-04,2024-12-01,vigente,fallecido,1,activo,MUN-04,ZONA-04,CIRC-04,MESA-014
V001651,d2037dd23a814af2fb87,89,1937-06-03,,vigente,normal,1,activo,MUN-03,ZONA-03,CIRC-03,MESA-003
V001652,6a19009809aac8473282,41,1985-06-03,,vigente,normal,1,activo,MUN-02,ZONA-02,CIRC-02,MESA-062
V001653,790d499675508212757a,66,1960-06-03,,vigente,normal,1,activo,MUN-04,ZONA-04,CIRC-04,MESA-064
V001654,82c0923524106808b385,43,1983-06-04,,vigente,normal,1,activo,MUN-05,ZONA-10,CIRC-05,MESA-045
V001655,f089bce49540baf22c4f,54,1972-06-03,,vigente,normal,1,activo,MUN-03,ZONA-08,CIRC-03,MESA-058
V001656,e98668def5d18fc38051,85,1941-06-03,,vigente,normal,1,activo,MUN-05,ZONA-10,CIRC-05,MESA-020
V001657,45458ea3c159c091e67a,67,1959-06-04,,vigente,normal,1,activo,MUN-03,ZONA-08,CIRC-03,MESA-058
V001658,57139ef5e28ccc4a25ec,41,1985-06-03,2024-07-13,vigente,fallecido,1,activo,MUN-02,ZONA-07,CIRC-02,MESA-057
V001659,95098cdce8f394c85247,36,1990-06-03,,vigente,normal,1,activo,MUN-02,ZONA-02,CIRC-02,MESA-077
V001660,37067e4a2e3e99b7df8e,77,1949-06-03,,vigente,normal,1,activo,MUN-03,ZONA-08,CIRC-03,MESA-068
V001661,24a933ec1cfb9a0a5d7d,56,1970-06-03,,vigente,normal,1,activo,MUN-03,ZONA-03,CIRC-03,MESA-078
V001662,5706303baececb19bdb9,35,1991-06-04,,vigente,normal,1,activo,MUN-02,ZONA-02,CIRC-02,MESA-052
V001663,1c3d6c81864d6f206054,36,1990-06-03,,vigente,normal,1,activo,MUN-02,ZONA-02,CIRC-02,MESA-037
V001664,a0ee98ec4ea649b12fd8,53,1973-06-03,,vigente,normal,1,activo,MUN-03,ZONA-08,CIRC-03,MESA-008
V001665,b9d7042b05760ee3e72b,72,1954-06-03,,vigente,normal,1,activo,MUN-04,ZONA-09,CIRC-04,MESA-044
V001666,5017308b859e14777cdf,86,1940-06-03,,vigente,normal,1,activo,MUN-05,ZONA-05,CIRC-05,MESA-005
V001667,d0e4bfe23a271a4e3b26,64,1962-06-03,,vigente,normal,1,activo,MUN-04,ZONA-09,CIRC-04,MESA-069
V001668,1afd811a15abede3ae7e,66,1960-06-03,,vigente,normal,1,activo,MUN-01,ZONA-06,CIRC-01,MESA-031
V001669,48dfba1b932a64df8ace,50,1976-06-03,,vigente,normal,1,activo,MUN-05,ZONA-10,CIRC-05,MESA-045
V001670,4147a5cf9b2b0827bf2f,38,1988-06-03,,vigente,normal,1,activo,MUN-04,ZONA-09,CIRC-04,MESA-009
V001671,3e65e4171bf5c8fc0734,39,1987-06-04,,vigente,normal,1,activo,MUN-02,ZONA-07,CIRC-02,MESA-032
V001672,81f5e6dd38f6a63f3d9f,65,1961-06-03,,vigente,normal,1,activo,MUN-03,ZONA-08,CIRC-03,MESA-033
V001673,6a907d34ec1f458e78fa,54,1972-06-03,,vigente,normal,1,activo,MUN-02,ZONA-07,CIRC-02,MESA-067
V001674,6b526212ded483010e98,32,1994-06-03,,vigente,normal,1,activo,MUN-05,ZONA-05,CIRC-05,MESA-030
V001675,56d1c2c46fd08020d2e4,52,1974-06-03,,vigente,normal,1,activo,MUN-01,ZONA-01,CIRC-01,MESA-076
V001676,3413a3bfdb3a95b565e3,88,1938-06-03,,vigente,normal,1,activo,MUN-04,ZONA-04,CIRC-04,MESA-029
V001677,2d05f5f060be89d25226,49,1977-06-03,,vigente,normal,1,activo,MUN-03,ZONA-03,CIRC-03,MESA-003
V001678,f5771d12a4f1d5ff6958,28,1998-06-03,,vigente,normal,1,activo,MUN-02,ZONA-07,CIRC-02,MESA-057
V001679,f222e8ed6abb26babc34,27,1999-06-04,,vigente,normal,1,activo,MUN-05,ZONA-05,CIRC-05,MESA-030
V001680,2d507a844a11aac36803,90,1936-06-03,,vigente,normal,1,activo,MUN-04,ZONA-09,CIRC-04,MESA-009
V001681,c7789976209be0462e33,74,1952-06-03,,vigente,normal,1,activo,MUN-01,ZONA-01,CIRC-01,MESA-026
V001682,6f193952cb0ed67433f3,42,1984-06-03,,vigente,normal,1,activo,MUN-02,ZONA-02,CIRC-02,MESA-002
V001683,0245f7df3c8e7495b3d4,19,2007-06-04,,vigente,normal,1,activo,MUN-02,ZONA-02,CIRC-02,MESA-062
V001684,dbddba1388c4e84a5b3a,81,1945-06-03,,vigente,normal,1,activo,MUN-03,ZONA-03,CIRC-03,MESA-003
V001685,dfd7c256d3ea8854391b,52,1974-06-03,,vigente,normal,1,activo,MUN-01,ZONA-01,CIRC-01,MESA-046
V001686,b093e43867a425289c17,24,2002-06-03,,vigente,normal,1,activo,MUN-03,ZONA-08,CIRC-03,MESA-068
V001687,37776ce632471324a67d,35,1991-06-04,,vigente,normal,1,activo,MUN-05,ZONA-05,CIRC-05,MESA-025
V001688,c200945d78c4fbf9bd51,84,1942-06-03,,vigente,normal,1,activo,MUN-01,ZONA-01,CIRC-01,MESA-051
V001689,a3309958ff0d489bfe15,59,1967-06-04,,vigente,normal,1,activo,MUN-03,ZONA-03,CIRC-03,MESA-013
V001690,dc0673ad7f9c8d13503f,56,1970-06-03,,vigente,normal,1,activo,MUN-04,ZONA-09,CIRC-04,MESA-044
V001691,c9738ff4ea8f9f642e47,58,1968-06-03,,vigente,normal,1,activo,MUN-05,ZONA-10,CIRC-05,MESA-035
V001692,a7eaf25347dd46893006,41,1985-06-03,,vigente,normal,1,activo,MUN-05,ZONA-05,CIRC-05,MESA-055
V001693,8ec26e917d9b6c6273df,77,1949-06-03,,vigente,normal,1,activo,MUN-04,ZONA-09,CIRC-04,MESA-009
V001694,365e4bfe5c02b669ff9f,63,1963-06-04,,vigente,normal,1,activo,MUN-02,ZONA-02,CIRC-02,MESA-002
V001695,934c1127458b6f0a350f,36,1990-06-03,,vigente,normal,1,activo,MUN-01,ZONA-01,CIRC-01,MESA-061
V001696,dfeb88564bc8976e4810,85,1941-06-03,,vigente,normal,1,activo,MUN-01,ZONA-06,CIRC-01,MESA-041
V001697,fdec669a07d796fd813a,59,1967-06-04,,vigente,normal,1,activo,MUN-04,ZONA-09,CIRC-04,MESA-044
V001698,73790dc9a6ea0d871daa,49,1977-06-03,,vigente,normal,1,activo,MUN-04,ZONA-04,CIRC-04,MESA-064
V001699,3428dc16d633c1cd1c19,56,1970-06-03,,vigente,normal,1,activo,MUN-01,ZONA-06,CIRC-01,MESA-031
V001700,dbdaebfea484b210446f,53,1973-06-03,,vigente,normal,1,activo,MUN-02,ZONA-02,CIRC-02,MESA-047
V001701,2b01b49ab76a092a98bc,53,1973-06-03,,vigente,normal,1,activo,MUN-02,ZONA-02,CIRC-02,MESA-002
V001702,42deb8bee69b74763507,20,2006-06-03,,vigente,normal,1,activo,MUN-02,ZONA-02,CIRC-02,MESA-077
V001703,7d9f9781001002273685,90,1936-06-03,,vigente,normal,1,activo,MUN-04,ZONA-09,CIRC-04,MESA-069
V001704,7f5e6972e75654f53c8e,25,2001-06-03,,vigente,normal,1,activo,MUN-03,ZONA-08,CIRC-03,MESA-058
V001705,b1819ad5bc0ff49e5c12,87,1939-06-04,,vigente,normal,1,activo,MUN-04,ZONA-09,CIRC-04,MESA-044
V001706,2048634eb1cb5b9d455e,58,1968-06-03,,vigente,normal,1,activo,MUN-04,ZONA-04,CIRC-04,MESA-074
V001707,1c63f86619a612aa3c74,85,1941-06-03,,vigente,normal,1,activo,MUN-01,ZONA-06,CIRC-01,MESA-056
V001708,abf09abecac4238e8326,30,1996-06-03,,vigente,normal,1,activo,MUN-03,ZONA-08,CIRC-03,MESA-043
V001709,b089e216a20021030cd2,66,1960-06-03,,vigente,normal,1,activo,MUN-04,ZONA-09,CIRC-04,MESA-034
V001710,703164fcb23d71911b89,77,1949-06-03,,vigente,normal,1,activo,MUN-05,ZONA-05,CIRC-05,MESA-030
V001711,65c8172b49583541fdf1,19,2007-06-04,,vigente,normal,1,activo,MUN-01,ZONA-01,CIRC-01,MESA-071
V001712,05ae4b643bdf3f5b8c87,77,1949-06-03,,vigente,normal,1,activo,MUN-05,ZONA-10,CIRC-05,MESA-070
V001713,2f57d648a891fccabebd,22,2004-06-03,,vigente,normal,1,activo,MUN-05,ZONA-05,CIRC-05,MESA-055
V001714,9a503db9dd6558e9c03b,61,1965-06-03,,vigente,normal,1,activo,MUN-02,ZONA-07,CIRC-02,MESA-067
V001715,33ecee99444a0aec02ab,44,1982-06-03,,vigente,normal,1,activo,MUN-03,ZONA-03,CIRC-03,MESA-013
V001716,c377131276f000faac23,49,1977-06-03,,vigente,normal,1,activo,MUN-03,ZONA-03,CIRC-03,MESA-003
V001717,5fb65be4f21f627f8118,38,1988-06-03,,vigente,normal,1,activo,MUN-01,ZONA-01,CIRC-01,MESA-026
V001718,41aa7a475dd354e7bd79,25,2001-06-03,,vigente,normal,1,activo,MUN-02,ZONA-07,CIRC-02,MESA-057
V001719,31381bd4dddefd1d5ffa,89,1937-06-03,,vigente,normal,1,activo,MUN-04,ZONA-04,CIRC-04,MESA-024
V001720,df5155d485d589220965,67,1959-06-04,,vigente,normal,1,activo,MUN-03,ZONA-03,CIRC-03,MESA-053
V001721,9b49c3f6453a089a4c98,84,1942-06-03,2023-12-31,vigente,fallecido,1,activo,MUN-05,ZONA-10,CIRC-05,MESA-070
V001722,2c556133376ba74fde9a,61,1965-06-03,,vigente,normal,1,activo,MUN-03,ZONA-08,CIRC-03,MESA-043
V001723,14918f84989b52f1c202,75,1951-06-04,,vigente,normal,1,activo,MUN-05,ZONA-10,CIRC-05,MESA-060
V001724,4116f99f537e3f0a500b,20,2006-06-03,,vigente,normal,1,activo,MUN-03,ZONA-08,CIRC-03,MESA-058
V001725,28090c0f1e69b68cc3ee,87,1939-06-04,,vigente,normal,1,activo,MUN-04,ZONA-04,CIRC-04,MESA-049
V001726,db77cbfe2bb38bc07537,19,2007-06-04,,vigente,normal,1,activo,MUN-02,ZONA-07,CIRC-02,MESA-042
V001727,e40b8b7cc7d533b58040,61,1965-06-03,,vigente,normal,1,activo,MUN-01,ZONA-01,CIRC-01,MESA-076
V001728,d8363369e878af625fb1,19,2007-06-04,,vigente,normal,1,activo,MUN-01,ZONA-06,CIRC-01,MESA-066
V001729,17907e7c627e3626f2a9,52,1974-06-03,,vigente,normal,1,activo,MUN-01,ZONA-01,CIRC-01,MESA-011
V001730,cf4c9e5d9c90d0ef48dd,47,1979-06-04,,vigente,normal,1,activo,MUN-03,ZONA-08,CIRC-03,MESA-018
V001731,2ad7c21b884a3f2893a8,25,2001-06-03,,vigente,normal,1,activo,MUN-02,ZONA-02,CIRC-02,MESA-052
V001732,47492a6cfc83e5a8d1d4,39,1987-06-04,,vigente,normal,1,activo,MUN-01,ZONA-01,CIRC-01,MESA-046
V001733,f16e11814d0ae65343f0,61,1965-06-03,,vigente,normal,1,activo,MUN-04,ZONA-09,CIRC-04,MESA-044
V001734,8569bdd1e7ee8d7053dc,75,1951-06-04,,vigente,normal,1,activo,MUN-02,ZONA-02,CIRC-02,MESA-022
V001735,50a2b0d5137d253136b0,53,1973-06-03,,vigente,normal,1,activo,MUN-03,ZONA-03,CIRC-03,MESA-053
V001736,e4bdaf9d1f58ecf8c6c6,86,1940-06-03,,vigente,inhabilitado,1,activo,MUN-04,ZONA-09,CIRC-04,MESA-059
V001737,d83abd2339049baf1061,48,1978-06-03,,vigente,normal,1,activo,MUN-05,ZONA-05,CIRC-05,MESA-030
V001738,1f5404073ff98cea7108,64,1962-06-03,,vigente,normal,1,activo,MUN-03,ZONA-08,CIRC-03,MESA-008
V001739,b3db8cd1598e2863ec3e,72,1954-06-03,,vigente,normal,1,activo,MUN-02,ZONA-07,CIRC-02,MESA-057
V001740,fb7d812e32c44bb130f1,79,1947-06-04,,vigente,normal,1,activo,MUN-03,ZONA-03,CIRC-03,MESA-073
V001741,fe88c76967050949206f,47,1979-06-04,,vigente,normal,1,activo,MUN-05,ZONA-10,CIRC-05,MESA-020
V001742,84a1ee7d68afa9fe91e9,72,1954-06-03,,vigente,normal,1,activo,MUN-05,ZONA-05,CIRC-05,MESA-025
V001743,cc27efd193141dd3da58,33,1993-06-03,,vigente,normal,1,activo,MUN-04,ZONA-09,CIRC-04,MESA-019
V001744,19d2be3602353c6db96f,29,1997-06-03,,vigente,normal,1,activo,MUN-05,ZONA-05,CIRC-05,MESA-005
V001745,b60f5b79a669b258af20,34,1992-06-03,,vigente,normal,1,activo,MUN-05,ZONA-05,CIRC-05,MESA-075
V001746,47535f562f27d8bbb161,33,1993-06-03,,vigente,normal,1,activo,MUN-04,ZONA-04,CIRC-04,MESA-079
V001747,ed7be146ce76c2dfef8b,29,1997-06-03,,vigente,normal,1,activo,MUN-02,ZONA-02,CIRC-02,MESA-072
V001748,cdbc15da50d889348051,25,2001-06-03,,vigente,normal,1,activo,MUN-02,ZONA-02,CIRC-02,MESA-027
V001749,d2fd4341673bdc523ee7,20,2006-06-03,,vigente,normal,1,activo,MUN-05,ZONA-05,CIRC-05,MESA-040
V001750,f88882061fd2a6570fb4,33,1993-06-03,,vigente,normal,1,activo,MUN-01,ZONA-01,CIRC-01,MESA-026
V001751,2c94be9f707dc8fcdc4f,47,1979-06-04,,vigente,normal,1,activo,MUN-02,ZONA-02,CIRC-02,MESA-027
V001752,8e2bcf04bd7ab429345c,40,1986-06-03,,vigente,normal,1,activo,MUN-02,ZONA-02,CIRC-02,MESA-062
V001753,b91c6044fa7526054cc6,22,2004-06-03,,vigente,normal,1,activo,MUN-05,ZONA-05,CIRC-05,MESA-050
V001754,00144c701a3875c11ef3,82,1944-06-03,,vigente,normal,1,activo,MUN-02,ZONA-07,CIRC-02,MESA-042
V001755,9cc177023f2f60ed971b,47,1979-06-04,,vigente,normal,1,activo,MUN-04,ZONA-04,CIRC-04,MESA-029
V001756,c4d06a55700b89624b18,38,1988-06-03,,vigente,normal,1,activo,MUN-04,ZONA-04,CIRC-04,MESA-039
V001757,a6d938a5af969411b8c6,87,1939-06-04,,vigente,normal,1,activo,MUN-05,ZONA-10,CIRC-05,MESA-060
V001758,72496aa91a20183c916a,39,1987-06-04,,vigente,normal,1,activo,MUN-01,ZONA-06,CIRC-01,MESA-041
V001759,62e1ebbe607cb2df482c,89,1937-06-03,,vigente,normal,1,activo,MUN-03,ZONA-08,CIRC-03,MESA-033
V001760,ee18f69c86f87ac98231,49,1977-06-03,,vigente,normal,1,activo,MUN-01,ZONA-06,CIRC-01,MESA-016
V001761,9023998c159b9131efd5,50,1976-06-03,,vigente,normal,1,activo,MUN-03,ZONA-03,CIRC-03,MESA-023
V001762,90727ee6357fda261368,33,1993-06-03,,vigente,normal,1,activo,MUN-02,ZONA-07,CIRC-02,MESA-007
V001763,fff608bcebd484fadcb4,55,1971-06-04,,vigente,normal,1,activo,MUN-01,ZONA-01,CIRC-01,MESA-026
V001764,e10007516c203f2b932f,31,1995-06-04,,vigente,normal,1,activo,MUN-02,ZONA-02,CIRC-02,MESA-012
V001765,b98629a26a25e8fc8eb3,53,1973-06-03,,vigente,normal,1,activo,MUN-02,ZONA-02,CIRC-02,MESA-072
V001766,0548fc995f2669becb5d,40,1986-06-03,,vigente,normal,1,activo,MUN-05,ZONA-05,CIRC-05,MESA-005
V001767,d74fa86e00bf65931e8d,83,1943-06-04,,vigente,normal,1,activo,MUN-04,ZONA-09,CIRC-04,MESA-069
V001768,2e58667b4fc76ecd34ca,17,2009-06-03,,vigente,normal,1,activo,MUN-04,ZONA-04,CIRC-04,MESA-049
V001769,f0261677e713659ce494,90,1936-06-03,,vigente,normal,1,activo,MUN-01,ZONA-01,CIRC-01,MESA-026
V001770,4ea3eefcdfc2c9b63c0e,82,1944-06-03,,vigente,normal,1,activo,MUN-05,ZONA-05,CIRC-05,MESA-005
V001771,37ec712b067b89640855,84,1942-06-03,,vigente,normal,1,activo,MUN-02,ZONA-02,CIRC-02,MESA-022
V001772,c82598bb1f7795212ab4,69,1957-06-03,,vigente,normal,1,activo,MUN-04,ZONA-04,CIRC-04,MESA-079
V001773,3ea03df7a9c8e6e4dd92,79,1947-06-04,,vigente,normal,1,activo,MUN-03,ZONA-03,CIRC-03,MESA-013
V001774,ff7dab66251c75b39cdb,40,1986-06-03,,vigente,normal,1,activo,MUN-03,ZONA-03,CIRC-03,MESA-028
V001775,a877b1e0c3aaea728d02,43,1983-06-04,,vigente,normal,1,activo,MUN-03,ZONA-08,CIRC-03,MESA-033
V001776,71ca4ab6564f5839f795,85,1941-06-03,,vigente,normal,1,activo,MUN-03,ZONA-03,CIRC-03,MESA-023
V001777,64d583c1c387a09d243f,72,1954-06-03,,vigente,normal,1,activo,MUN-03,ZONA-08,CIRC-03,MESA-018
V001778,0e6ae12c1fd171d11fa8,23,2003-06-04,,vigente,normal,1,activo,MUN-05,ZONA-05,CIRC-05,MESA-030
V001779,10dcbbda32e7828f71fa,52,1974-06-03,,vigente,normal,1,activo,MUN-01,ZONA-01,CIRC-01,MESA-026
V001780,4c6c23d379ea3e7512b3,39,1987-06-04,,vigente,normal,1,activo,MUN-01,ZONA-06,CIRC-01,MESA-016
V001781,c78995325fa98db92dcc,60,1966-06-03,,vigente,normal,1,activo,MUN-02,ZONA-02,CIRC-02,MESA-077
V001782,d6f82d90e350664337d6,32,1994-06-03,,vigente,normal,1,activo,MUN-04,ZONA-04,CIRC-04,MESA-039
V001783,73aa13293c89e50660f6,77,1949-06-03,,vigente,normal,1,activo,MUN-03,ZONA-08,CIRC-03,MESA-033
V001784,a86e1a90a2d57dc16029,29,1997-06-03,,vigente,normal,1,activo,MUN-01,ZONA-01,CIRC-01,MESA-026
V001785,6dfe0c4c92c4919f15a9,66,1960-06-03,,vigente,normal,1,activo,MUN-03,ZONA-03,CIRC-03,MESA-048
V001786,b533d374a95b1dac91bd,59,1967-06-04,,vigente,normal,1,activo,MUN-05,ZONA-05,CIRC-05,MESA-065
V001787,ddeec93afbbccc396194,55,1971-06-04,,vigente,normal,1,activo,MUN-03,ZONA-03,CIRC-03,MESA-038
V001788,a9dceea4d9243fc4e764,62,1964-06-03,,vigente,normal,1,activo,MUN-02,ZONA-02,CIRC-02,MESA-002
V001789,84173c767691640993bf,52,1974-06-03,,vigente,normal,1,activo,MUN-01,ZONA-06,CIRC-01,MESA-006
V001790,86acdd28748eb774db9b,47,1979-06-04,,vigente,normal,1,activo,MUN-01,ZONA-01,CIRC-01,MESA-046
V001791,c0ac5e665489dfc4b0d2,47,1979-06-04,,vigente,normal,1,activo,MUN-05,ZONA-05,CIRC-05,MESA-050
V001792,097071e2dc87a5840078,23,2003-06-04,,vigente,normal,1,activo,MUN-03,ZONA-03,CIRC-03,MESA-038
V001793,b4e2741a4ff16589de58,84,1942-06-03,,vigente,normal,1,activo,MUN-03,ZONA-08,CIRC-03,MESA-018
V001794,450796fe00604ff5967c,24,2002-06-03,,vigente,normal,1,activo,MUN-02,ZONA-02,CIRC-02,MESA-027
V001795,1548a6b9b803655c0386,69,1957-06-03,,vigente,normal,1,activo,MUN-01,ZONA-06,CIRC-01,MESA-041
V001796,498bf5deff3c11449293,31,1995-06-04,,vigente,privado_libertad,1,activo,MUN-02,ZONA-02,CIRC-02,MESA-072
V001797,3dab743f6a221e36324a,90,1936-06-03,,vigente,normal,1,activo,MUN-04,ZONA-04,CIRC-04,MESA-074
V001798,f3f3ba726af8d748ddcd,32,1994-06-03,,vigente,normal,1,activo,MUN-02,ZONA-07,CIRC-02,MESA-017
V001799,8ee12e2c1867da161745,38,1988-06-03,,vigente,normal,1,activo,MUN-02,ZONA-02,CIRC-02,MESA-062
V001800,7c10b9fa6257d9990386,52,1974-06-03,,vigente,normal,1,activo,MUN-04,ZONA-04,CIRC-04,MESA-029
V001801,636d94c3ceb4c2fa66ff,83,1943-06-04,,vigente,normal,1,activo,MUN-03,ZONA-08,CIRC-03,MESA-058
V001802,4a022a7ca434143bca8f,19,2007-06-04,,vigente,normal,1,activo,MUN-05,ZONA-10,CIRC-05,MESA-070
V001803,18c7fe2c466ab00f4c7a,52,1974-06-03,,vigente,normal,1,activo,MUN-03,ZONA-03,CIRC-03,MESA-078
V001804,04a4f17d2531bf4b2231,37,1989-06-03,,vigente,normal,1,activo,MUN-02,ZONA-02,CIRC-02,MESA-022
V001805,a9f68fc10bff3e23922c,27,1999-06-04,,vigente,normal,1,activo,MUN-01,ZONA-06,CIRC-01,MESA-006
V001806,2ae7f7df39f1118063ea,42,1984-06-03,,vigente,normal,1,activo,MUN-01,ZONA-01,CIRC-01,MESA-026
V001807,2800385ea3f32cc6ae74,83,1943-06-04,,vigente,normal,1,activo,MUN-04,ZONA-04,CIRC-04,MESA-039
V001808,954d7c7d5e218c294284,42,1984-06-03,,vigente,normal,1,activo,MUN-02,ZONA-02,CIRC-02,MESA-012
V001809,78139f60f1d17c8a44e3,71,1955-06-04,,vigente,normal,1,activo,MUN-04,ZONA-04,CIRC-04,MESA-014
V001810,3b0aa5e2f0b4d1f3f247,50,1976-06-03,,vigente,normal,1,activo,MUN-02,ZONA-02,CIRC-02,MESA-022
V001811,11ea05663e60d90281ad,53,1973-06-03,,vigente,normal,1,activo,MUN-01,ZONA-01,CIRC-01,MESA-051
V001812,885b3325fbe1e97edba0,31,1995-06-04,,vigente,normal,1,activo,MUN-03,ZONA-03,CIRC-03,MESA-023
V001813,d95a8f313096fc9f8151,82,1944-06-03,,vigente,normal,1,activo,MUN-03,ZONA-03,CIRC-03,MESA-048
V001814,f57f9330e76c617a13ec,71,1955-06-04,,vigente,normal,1,activo,MUN-01,ZONA-01,CIRC-01,MESA-071
V001815,682d32701b86d49b5c72,69,1957-06-03,,vigente,normal,1,activo,MUN-05,ZONA-05,CIRC-05,MESA-050
V001816,3d7d3b2aae6549360a37,20,2006-06-03,,vigente,normal,1,activo,MUN-03,ZONA-03,CIRC-03,MESA-013
V001817,989ade250d8ac1f62677,58,1968-06-03,,vigente,normal,1,activo,MUN-05,ZONA-10,CIRC-05,MESA-010
V001818,1e8cb2e6d68d25f14e16,23,2003-06-04,,vigente,normal,1,activo,MUN-05,ZONA-05,CIRC-05,MESA-055
V001819,d634093d66082e3e34e9,42,1984-06-03,,vigente,normal,1,activo,MUN-04,ZONA-09,CIRC-04,MESA-009
V001820,0fd0cadf4b5282f3fc7b,30,1996-06-03,,vigente,normal,1,activo,MUN-04,ZONA-04,CIRC-04,MESA-079
V001821,d29e03244198a575f4c7,25,2001-06-03,2025-07-08,vigente,fallecido,1,activo,MUN-02,ZONA-02,CIRC-02,MESA-052
V001822,b9c68f1ff42fb11830f2,38,1988-06-03,,vigente,normal,1,activo,MUN-02,ZONA-02,CIRC-02,MESA-002
V001823,4fb10e6ae5cada572bdd,85,1941-06-03,,vigente,normal,1,activo,MUN-05,ZONA-05,CIRC-05,MESA-025
V001824,fc1db06c45245ce68706,42,1984-06-03,,vigente,normal,1,activo,MUN-03,ZONA-03,CIRC-03,MESA-013
V001825,93bc145e87adefbbe9c7,85,1941-06-03,,cancelado,normal,1,activo,MUN-01,ZONA-01,CIRC-01,MESA-051
V001826,c7043739d800314237ff,62,1964-06-03,,vigente,normal,1,activo,MUN-03,ZONA-08,CIRC-03,MESA-058
V001827,e08d049bddfcd6d3c2a1,77,1949-06-03,,vigente,normal,1,activo,MUN-04,ZONA-09,CIRC-04,MESA-034
V001828,168d6ccd573bd99bcaec,29,1997-06-03,,vigente,normal,1,activo,MUN-05,ZONA-10,CIRC-05,MESA-035
V001829,dadf9d99c2a6e07db615,49,1977-06-03,,vigente,privado_libertad,1,activo,MUN-03,ZONA-03,CIRC-03,MESA-003
V001830,02ac352538309f9c418d,30,1996-06-03,,vigente,normal,1,activo,MUN-04,ZONA-09,CIRC-04,MESA-059
V001831,156388bae977ba2231b0,48,1978-06-03,,vigente,normal,1,activo,MUN-05,ZONA-10,CIRC-05,MESA-070
V001832,423bcc52933cfc298081,37,1989-06-03,,vigente,normal,1,activo,MUN-03,ZONA-03,CIRC-03,MESA-048
V001833,edcaa25ceb1fc16ed470,35,1991-06-04,,vigente,normal,1,activo,MUN-04,ZONA-04,CIRC-04,MESA-064
V001834,58aefe5a4ff0d1778d5f,77,1949-06-03,,vigente,normal,1,activo,MUN-04,ZONA-09,CIRC-04,MESA-019
V001835,9254d259172705ceb0f3,80,1946-06-03,,vigente,normal,1,activo,MUN-02,ZONA-07,CIRC-02,MESA-067
V001836,dd6564a3f6c8627cebe6,23,2003-06-04,,vigente,normal,1,activo,MUN-03,ZONA-03,CIRC-03,MESA-073
V001837,642b4de5b54521989816,49,1977-06-03,,vigente,normal,1,activo,MUN-01,ZONA-01,CIRC-01,MESA-076
V001838,95288d69c72b12ee01fe,60,1966-06-03,,vigente,normal,1,activo,MUN-05,ZONA-05,CIRC-05,MESA-005
V001839,57072ae39e28a4035528,19,2007-06-04,,vigente,normal,1,activo,MUN-02,ZONA-07,CIRC-02,MESA-067
V001840,86705cb9c1586fba699e,77,1949-06-03,,vigente,normal,1,activo,MUN-01,ZONA-01,CIRC-01,MESA-011
V001841,b53bf695a9a75ac3687f,40,1986-06-03,,vigente,normal,1,activo,MUN-03,ZONA-08,CIRC-03,MESA-068
V001842,9f74217723fdf6534db4,48,1978-06-03,,vigente,normal,1,activo,MUN-04,ZONA-09,CIRC-04,MESA-069
V001843,45c25bfbc06623f1af05,22,2004-06-03,,vigente,normal,1,activo,MUN-01,ZONA-01,CIRC-01,MESA-001
V001844,d5fd26e8f723450e5e0e,51,1975-06-04,,vigente,normal,1,activo,MUN-03,ZONA-03,CIRC-03,MESA-063
V001845,4e137fd353a533b33eda,27,1999-06-04,,vigente,normal,1,activo,MUN-04,ZONA-04,CIRC-04,MESA-029
V001846,1bc7be658b0c16355ab4,19,2007-06-04,,vigente,normal,1,activo,MUN-02,ZONA-02,CIRC-02,MESA-012
V001847,89a4a329d77f9e111e0a,28,1998-06-03,,vigente,normal,1,activo,MUN-02,ZONA-02,CIRC-02,MESA-077
V001848,1a8ac0fdb33865d15012,67,1959-06-04,,vigente,normal,1,activo,MUN-01,ZONA-06,CIRC-01,MESA-041
V001849,d6c346ef6bd4a232844d,48,1978-06-03,,vigente,normal,1,activo,MUN-02,ZONA-02,CIRC-02,MESA-002
V001850,503e0a765357912d94e8,73,1953-06-03,,vigente,normal,1,activo,MUN-02,ZONA-02,CIRC-02,MESA-037
V001851,7344965f63a177a2f116,90,1936-06-03,,vigente,normal,1,activo,MUN-05,ZONA-10,CIRC-05,MESA-045
V001852,e92a20528ff008ed4e96,26,2000-06-03,,vigente,normal,1,activo,MUN-05,ZONA-05,CIRC-05,MESA-080
V001853,de196f45d195814054d0,38,1988-06-03,,vigente,normal,1,activo,MUN-03,ZONA-03,CIRC-03,MESA-048
V001854,177ebe5005f8c013b503,90,1936-06-03,,vigente,normal,1,activo,MUN-04,ZONA-04,CIRC-04,MESA-024
V001855,d7bf8ece8bf15f8b6e67,45,1981-06-03,,vigente,normal,1,activo,MUN-02,ZONA-02,CIRC-02,MESA-022
V001856,96d833570de805917b48,129,1897-06-02,,vigente,normal,1,activo,MUN-01,ZONA-01,CIRC-01,MESA-011
V001857,8fb6cff4f6c329b2f8ad,24,2002-06-03,,vigente,normal,1,activo,MUN-03,ZONA-08,CIRC-03,MESA-058
V001858,8eac990fc65fc3d1c56f,33,1993-06-03,,vigente,normal,1,activo,MUN-01,ZONA-01,CIRC-01,MESA-046
V001859,ee342ed666bca535db00,21,2005-06-03,,vigente,normal,1,activo,MUN-04,ZONA-04,CIRC-04,MESA-029
V001860,695afd38dd9894e20848,21,2005-06-03,,vigente,normal,1,activo,MUN-05,ZONA-10,CIRC-05,MESA-035
V001861,6988abd2168d869fa105,57,1969-06-03,,vigente,normal,1,activo,MUN-05,ZONA-05,CIRC-05,MESA-015
V001862,8788e498e5549ebd2248,34,1992-06-03,,vigente,normal,1,activo,MUN-05,ZONA-10,CIRC-05,MESA-060
V001863,e8285cd788bed7d85e59,69,1957-06-03,,vigente,normal,1,activo,MUN-02,ZONA-07,CIRC-02,MESA-042
V001864,15a89264924938c22ba0,69,1957-06-03,,vigente,normal,1,activo,MUN-03,ZONA-08,CIRC-03,MESA-043
V001865,3bac51ec51de2cf81485,53,1973-06-03,,cancelado,normal,1,activo,MUN-05,ZONA-05,CIRC-05,MESA-080
V001866,9ee897a69765e1d9f01b,55,1971-06-04,,vigente,normal,1,activo,MUN-04,ZONA-04,CIRC-04,MESA-074
V001867,329bca2010cc3e3bd539,67,1959-06-04,,vigente,normal,1,activo,MUN-04,ZONA-04,CIRC-04,MESA-049
V001868,9970ffd898e14b978002,80,1946-06-03,,vigente,normal,1,activo,MUN-04,ZONA-04,CIRC-04,MESA-064
V001869,e74d2e95167de5e56f5a,80,1946-06-03,,vigente,normal,1,activo,MUN-02,ZONA-07,CIRC-02,MESA-032
V001870,5d9fe954d1e7c92274db,79,1947-06-04,,vigente,normal,1,activo,MUN-04,ZONA-04,CIRC-04,MESA-064
V001871,6a7386b724cbb85a1ee5,24,2002-06-03,,vigente,normal,1,activo,MUN-02,ZONA-02,CIRC-02,MESA-002
V001872,56adee9dce99771087c7,44,1982-06-03,,vigente,normal,1,activo,MUN-04,ZONA-04,CIRC-04,MESA-024
V001873,225bee6a618d930a24a1,31,1995-06-04,,vigente,normal,1,activo,MUN-01,ZONA-06,CIRC-01,MESA-066
V001874,a4ebf757a47239816715,88,1938-06-03,,vigente,normal,1,activo,MUN-03,ZONA-03,CIRC-03,MESA-038
V001875,1cc18bf54849b02145fb,22,2004-06-03,,vigente,normal,1,activo,MUN-01,ZONA-06,CIRC-01,MESA-031
V001876,7894bc07e545139854bf,72,1954-06-03,,vigente,normal,1,activo,MUN-01,ZONA-01,CIRC-01,MESA-026
V001877,99767e9589b273b8b0c0,19,2007-06-04,,vigente,normal,1,activo,MUN-04,ZONA-04,CIRC-04,MESA-029
V001878,16488ce319bed0b0a35c,79,1947-06-04,,vigente,privado_libertad,1,activo,MUN-02,ZONA-07,CIRC-02,MESA-067
V001879,be791cefbb6c94e26ae8,38,1988-06-03,,vigente,normal,1,activo,MUN-03,ZONA-03,CIRC-03,MESA-078
V001880,8018132407bbd2e7d5e7,38,1988-06-03,,vigente,normal,1,activo,MUN-05,ZONA-05,CIRC-05,MESA-025
V001881,828d7a1e2a57a2fde91e,27,1999-06-04,,vigente,normal,1,activo,MUN-03,ZONA-03,CIRC-03,MESA-048
V001882,ba821333229727ee9855,75,1951-06-04,,vigente,normal,1,activo,MUN-05,ZONA-05,CIRC-05,MESA-065
V001883,e3fd164fbb7e27292288,56,1970-06-03,,vigente,normal,1,activo,MUN-03,ZONA-03,CIRC-03,MESA-053
V001884,d80d3c0e6bdccf73d4b0,22,2004-06-03,,vigente,normal,1,activo,MUN-02,ZONA-07,CIRC-02,MESA-067
V001885,32327d896f38d4f74ac3,82,1944-06-03,,vigente,normal,1,activo,MUN-03,ZONA-08,CIRC-03,MESA-018
V001886,c631cc4bd557096dde98,30,1996-06-03,,vigente,normal,1,activo,MUN-04,ZONA-09,CIRC-04,MESA-009
V001887,de47534408a390284759,70,1956-06-03,,vigente,normal,1,activo,MUN-03,ZONA-03,CIRC-03,MESA-038
V001888,22b24ed818425e5f4bc5,62,1964-06-03,,vigente,normal,1,activo,MUN-01,ZONA-01,CIRC-01,MESA-021
V001889,1bb4b44b6060423cbd3a,49,1977-06-03,,vigente,normal,1,activo,MUN-05,ZONA-05,CIRC-05,MESA-065
V001890,ac76ab91ae9c56d1f99d,53,1973-06-03,,vigente,normal,1,activo,MUN-01,ZONA-01,CIRC-01,MESA-021
V001891,a50860c29dbfb7f88973,124,1902-06-03,,vigente,normal,1,activo,MUN-02,ZONA-02,CIRC-02,MESA-027
V001892,76d5be6022aad863d59d,28,1998-06-03,,vigente,normal,1,activo,MUN-05,ZONA-10,CIRC-05,MESA-070
V001893,9b6233cf97ce4663925c,80,1946-06-03,,vigente,normal,1,activo,MUN-04,ZONA-09,CIRC-04,MESA-044
V001894,63bb415acea3989521eb,38,1988-06-03,,vigente,normal,1,activo,MUN-03,ZONA-03,CIRC-03,MESA-028
V001895,763c2c308845c0f031a0,69,1957-06-03,,vigente,normal,1,activo,MUN-05,ZONA-10,CIRC-05,MESA-045
V001896,e7ef69017aecfcc060f0,72,1954-06-03,,vigente,normal,1,activo,MUN-02,ZONA-07,CIRC-02,MESA-017
V001897,ac27948abd8db98387ce,43,1983-06-04,,vigente,normal,1,activo,MUN-05,ZONA-05,CIRC-05,MESA-040
V001898,bc9bc3a3111d753bad6b,85,1941-06-03,,vigente,normal,1,activo,MUN-03,ZONA-03,CIRC-03,MESA-003
V001899,9cdbf373c3cd66d628df,51,1975-06-04,,vigente,normal,1,activo,MUN-01,ZONA-01,CIRC-01,MESA-076
V001900,bc7f815780f63e5496f2,69,1957-06-03,,vigente,normal,1,activo,MUN-01,ZONA-01,CIRC-01,MESA-076
V001901,b46479252fd0b4ce5459,69,1957-06-03,,vigente,normal,1,activo,MUN-01,ZONA-06,CIRC-01,MESA-066
V001902,f05f2b0caf75fbbdf084,46,1980-06-03,,vigente,normal,1,activo,MUN-01,ZONA-01,CIRC-01,MESA-046
V001903,6a70345b0910e5ad941b,55,1971-06-04,,vigente,normal,1,activo,MUN-05,ZONA-05,CIRC-05,MESA-030
V001904,f350b4c3268479709eb0,59,1967-06-04,,vigente,normal,1,activo,MUN-04,ZONA-09,CIRC-04,MESA-069
V001905,718dc845d039886af51e,38,1988-06-03,,vigente,normal,1,activo,MUN-04,ZONA-09,CIRC-04,MESA-009
V001906,0ebd0ca109b0f884eeb2,59,1967-06-04,,vigente,normal,1,activo,MUN-01,ZONA-01,CIRC-01,MESA-011
V001907,1f0e21168041d48f95e4,30,1996-06-03,,vigente,normal,1,activo,MUN-04,ZONA-09,CIRC-04,MESA-069
V001908,87591f08c5a04ac79eb7,81,1945-06-03,,vigente,normal,1,activo,MUN-01,ZONA-06,CIRC-01,MESA-066
V001909,a8e688a299dd638430d0,34,1992-06-03,,vigente,normal,1,activo,MUN-01,ZONA-06,CIRC-01,MESA-031
V001910,cce152772d8d0ab64da9,26,2000-06-03,,vigente,normal,1,activo,MUN-03,ZONA-08,CIRC-03,MESA-033
V001911,deef74056ee56407d490,58,1968-06-03,,vigente,inhabilitado,1,activo,MUN-04,ZONA-04,CIRC-04,MESA-039
V001912,c45ab7967b4679d05588,18,2008-06-03,,vigente,normal,1,activo,MUN-01,ZONA-01,CIRC-01,MESA-046
V001913,910a57960e4dcab9fd7e,19,2007-06-04,,vigente,normal,1,activo,MUN-02,ZONA-02,CIRC-02,MESA-037
V001914,98915313e716a52c5bdc,77,1949-06-03,,vigente,normal,1,activo,MUN-05,ZONA-10,CIRC-05,MESA-060
V001915,ccf6ec4ad195da12d7a6,65,1961-06-03,,vigente,normal,1,activo,MUN-01,ZONA-06,CIRC-01,MESA-031
V001916,65bf3d4cddd1c7b0528b,46,1980-06-03,,vigente,normal,1,activo,MUN-01,ZONA-01,CIRC-01,MESA-011
V001917,6efc7f8dee03a6fece51,27,1999-06-04,,vigente,normal,1,activo,MUN-02,ZONA-02,CIRC-02,MESA-002
V001918,38ac74380a578332c026,75,1951-06-04,,vigente,normal,1,activo,MUN-02,ZONA-02,CIRC-02,MESA-027
V001919,c021486dc52c46bd4509,77,1949-06-03,,vigente,normal,1,activo,MUN-02,ZONA-02,CIRC-02,MESA-002
V001920,d30d0186a9232473fc7a,38,1988-06-03,,cancelado,normal,1,activo,MUN-01,ZONA-01,CIRC-01,MESA-021
V001921,45458ea3c159c091e67a,45,1981-06-03,,vigente,normal,1,activo,MUN-03,ZONA-08,CIRC-03,MESA-058
V001922,72f495e005f2f4e3a1b1,51,1975-06-04,,vigente,normal,1,activo,MUN-05,ZONA-05,CIRC-05,MESA-005
V001923,3f6d906c76c793d583d1,25,2001-06-03,,vigente,normal,1,activo,MUN-02,ZONA-02,CIRC-02,MESA-052
V001924,c3b90d2f9a3daa81c818,76,1950-06-03,,vigente,normal,1,activo,MUN-05,ZONA-10,CIRC-05,MESA-045
V001925,8326cee8ab7320485310,89,1937-06-03,,vigente,normal,1,activo,MUN-05,ZONA-10,CIRC-05,MESA-020
V001926,716dc0236f74191117d6,66,1960-06-03,,vigente,normal,1,activo,MUN-01,ZONA-01,CIRC-01,MESA-061
V001927,d55d345b143d42aab6de,34,1992-06-03,,vigente,normal,1,activo,MUN-03,ZONA-03,CIRC-03,MESA-038
V001928,bbf4026b88caaee46e6d,77,1949-06-03,,vigente,normal,1,activo,MUN-05,ZONA-10,CIRC-05,MESA-020
V001929,face8dc9cfd815757c2c,62,1964-06-03,,vigente,normal,1,activo,MUN-05,ZONA-05,CIRC-05,MESA-025
V001930,b5a11150c55bf019501a,86,1940-06-03,,vigente,normal,1,activo,MUN-02,ZONA-02,CIRC-02,MESA-002
V001931,2e61e010f18b769d1c90,49,1977-06-03,,vigente,normal,1,activo,MUN-02,ZONA-07,CIRC-02,MESA-032
V001932,ce5f383641e872180f68,61,1965-06-03,,vigente,normal,1,activo,MUN-01,ZONA-01,CIRC-01,MESA-026
V001933,9c43b59a690d95e5fedd,82,1944-06-03,,vigente,normal,1,activo,MUN-05,ZONA-10,CIRC-05,MESA-070
V001934,9b5b8afc2dc9e2837ae2,25,2001-06-03,,vigente,normal,1,activo,MUN-01,ZONA-06,CIRC-01,MESA-041
V001935,309e62ab1f8f4cdda845,89,1937-06-03,,vigente,normal,1,activo,MUN-02,ZONA-07,CIRC-02,MESA-067
V001936,01817b8f85f8069edb48,60,1966-06-03,,vigente,normal,1,activo,MUN-01,ZONA-01,CIRC-01,MESA-001
V001937,e2acb641ae5bbf493b61,18,2008-06-03,,vigente,normal,1,activo,MUN-01,ZONA-01,CIRC-01,MESA-051
V001938,bd1cb57dc797270c1715,68,1958-06-03,,vigente,normal,1,activo,MUN-05,ZONA-05,CIRC-05,MESA-005
V001939,dc11bfca485c3e258315,41,1985-06-03,,vigente,normal,1,activo,MUN-03,ZONA-03,CIRC-03,MESA-013
V001940,d9a6d6babe4ea53ae6c4,41,1985-06-03,,vigente,normal,1,activo,MUN-04,ZONA-09,CIRC-04,MESA-019
V001941,fff51f0b964da68bd9e9,34,1992-06-03,,vigente,normal,1,activo,MUN-02,ZONA-02,CIRC-02,MESA-012
V001942,d7151015daf316ae7a05,22,2004-06-03,,vigente,normal,1,activo,MUN-03,ZONA-03,CIRC-03,MESA-048
V001943,e6ac9689378532819f41,37,1989-06-03,,vigente,normal,1,activo,MUN-05,ZONA-05,CIRC-05,MESA-025
V001944,1105abef6f849a77d89e,38,1988-06-03,,vigente,normal,1,activo,MUN-02,ZONA-07,CIRC-02,MESA-057
V001945,a97c3a2505d725754ba3,75,1951-06-04,,vigente,normal,1,activo,MUN-05,ZONA-10,CIRC-05,MESA-035
V001946,08a3c37d5344fd3023d1,48,1978-06-03,,vigente,normal,1,activo,MUN-01,ZONA-01,CIRC-01,MESA-076
V001947,e6d311f402995495d5b3,28,1998-06-03,2025-02-10,vigente,fallecido,1,activo,MUN-05,ZONA-05,CIRC-05,MESA-005
V001948,ba54e8879131c07cd3bb,69,1957-06-03,,vigente,normal,1,activo,MUN-02,ZONA-02,CIRC-02,MESA-022
V001949,8814e6f92a1df2de824a,32,1994-06-03,,vigente,normal,1,activo,MUN-02,ZONA-02,CIRC-02,MESA-077
V001950,ca73d2c254c58c0ec5be,24,2002-06-03,,vigente,normal,1,activo,MUN-02,ZONA-07,CIRC-02,MESA-057
V001951,11f7b20fcc0e55c0ab05,45,1981-06-03,,vigente,normal,1,activo,MUN-02,ZONA-02,CIRC-02,MESA-047
V001952,ed0f49431325ea5f0ee1,68,1958-06-03,,vigente,normal,1,activo,MUN-04,ZONA-04,CIRC-04,MESA-054
V001953,79ba87ab925384202dd9,75,1951-06-04,,vigente,normal,1,activo,MUN-03,ZONA-03,CIRC-03,MESA-003
V001954,f106b47597cdd35fba68,22,2004-06-03,,vigente,normal,1,activo,MUN-03,ZONA-03,CIRC-03,MESA-053
V001955,44e6cfb358cd5c8d1f41,22,2004-06-03,,vigente,normal,1,activo,MUN-01,ZONA-06,CIRC-01,MESA-031
V001956,261e0a0b24e06944b235,25,2001-06-03,,vigente,normal,1,activo,MUN-04,ZONA-09,CIRC-04,MESA-069
V001957,fd12f11ec4f1c8fb3bc5,81,1945-06-03,,vigente,normal,1,activo,MUN-03,ZONA-08,CIRC-03,MESA-033
V001958,6f292104e6a9ca2ab8ea,116,1910-06-03,,vigente,normal,1,activo,MUN-02,ZONA-02,CIRC-02,MESA-072
V001959,696f55a83be3a8e319e9,55,1971-06-04,,vigente,normal,1,activo,MUN-05,ZONA-05,CIRC-05,MESA-050
V001960,b8471cdcf4818aab2fe7,25,2001-06-03,,vigente,normal,1,activo,MUN-01,ZONA-06,CIRC-01,MESA-016
V001961,6c95f478fa394d43b2a4,42,1984-06-03,,vigente,normal,1,activo,MUN-01,ZONA-01,CIRC-01,MESA-076
V001962,1068be5a73c60ee8a6e1,90,1936-06-03,,vigente,normal,1,activo,MUN-02,ZONA-02,CIRC-02,MESA-077
V001963,b97e24bac845f24e83bf,83,1943-06-04,,vigente,normal,1,activo,MUN-04,ZONA-04,CIRC-04,MESA-039
V001964,0aeb48b0693a0c88e78e,67,1959-06-04,,vigente,normal,1,activo,MUN-01,ZONA-01,CIRC-01,MESA-046
V001965,bf99aca05b48d0321512,84,1942-06-03,,cancelado,normal,1,activo,MUN-02,ZONA-02,CIRC-02,MESA-047
V001966,58a039ea0b936c6138cf,66,1960-06-03,,vigente,normal,1,activo,MUN-04,ZONA-09,CIRC-04,MESA-044
V001967,d02d0f570b54e8ceb749,53,1973-06-03,,vigente,normal,1,activo,MUN-04,ZONA-09,CIRC-04,MESA-009
V001968,8ada913630c8bf323009,17,2009-06-03,,vigente,normal,1,activo,MUN-05,ZONA-05,CIRC-05,MESA-050
V001969,f9dc8efe94e131d4eb55,58,1968-06-03,,cancelado,normal,1,activo,MUN-02,ZONA-02,CIRC-02,MESA-077
V001970,f974331d98bbe9d5d44b,79,1947-06-04,2024-02-29,vigente,fallecido,1,activo,MUN-05,ZONA-10,CIRC-05,MESA-060
V001971,7850cb376a7f730e66f5,27,1999-06-04,,vigente,normal,1,activo,MUN-05,ZONA-05,CIRC-05,MESA-015
V001972,03dc7290930c3d97934a,38,1988-06-03,,vigente,normal,1,activo,MUN-01,ZONA-01,CIRC-01,MESA-036
V001973,7e0b1e5802b6dae91725,53,1973-06-03,,vigente,normal,1,activo,MUN-03,ZONA-03,CIRC-03,MESA-063
V001974,dfb7cfb9a71d3adaada2,29,1997-06-03,,vigente,normal,1,activo,MUN-04,ZONA-09,CIRC-04,MESA-069
V001975,854bab6d189843614461,19,2007-06-04,,vigente,normal,1,activo,MUN-05,ZONA-05,CIRC-05,MESA-080
V001976,5a05d45368d96447007a,30,1996-06-03,,vigente,normal,1,activo,MUN-01,ZONA-06,CIRC-01,MESA-041
V001977,c5194eed3b38fbd3d4be,70,1956-06-03,,vigente,normal,1,activo,MUN-04,ZONA-04,CIRC-04,MESA-074
V001978,41b1fadc1dbb9b7b68cd,49,1977-06-03,,vigente,normal,1,activo,MUN-04,ZONA-04,CIRC-04,MESA-024
V001979,b3b17db32ec2049c07b1,33,1993-06-03,,vigente,normal,1,activo,MUN-04,ZONA-04,CIRC-04,MESA-049
V001980,8506498b0c1cede3f3b2,49,1977-06-03,,vigente,normal,1,activo,MUN-03,ZONA-08,CIRC-03,MESA-018
V001981,c36a456ee4f6ef1e27d2,49,1977-06-03,,vigente,normal,1,activo,MUN-02,ZONA-07,CIRC-02,MESA-007
V001982,06193c0d437ac0e8d7aa,28,1998-06-03,,vigente,normal,1,activo,MUN-04,ZONA-04,CIRC-04,MESA-004
V001983,addee007ff97ca3c6f80,27,1999-06-04,,vigente,normal,1,activo,MUN-04,ZONA-09,CIRC-04,MESA-069
V001984,9d10397fd09f0aa26dec,32,1994-06-03,,vigente,normal,1,activo,MUN-05,ZONA-10,CIRC-05,MESA-060
V001985,9372581ef54bff3c43b3,34,1992-06-03,,vigente,normal,1,activo,MUN-05,ZONA-05,CIRC-05,MESA-055
V001986,8ecd9dae1a5ff02b5e76,57,1969-06-03,,vigente,normal,1,activo,MUN-01,ZONA-06,CIRC-01,MESA-016
V001987,28a9551eef2afbd76b09,35,1991-06-04,,vigente,normal,1,activo,MUN-04,ZONA-04,CIRC-04,MESA-029
V001988,5fd6eb56e75c68afc93d,72,1954-06-03,,vigente,normal,1,activo,MUN-03,ZONA-03,CIRC-03,MESA-023
V001989,1e3b761f41644edf0a75,90,1936-06-03,,vigente,normal,1,activo,MUN-04,ZONA-04,CIRC-04,MESA-014
V001990,2da4c7a1d29fe7a38535,42,1984-06-03,,vigente,normal,1,activo,MUN-04,ZONA-04,CIRC-04,MESA-079
V001991,00853ddde3c4c0c1a557,76,1950-06-03,,vigente,normal,1,activo,MUN-04,ZONA-04,CIRC-04,MESA-049
V001992,958717583d5747d50827,39,1987-06-04,,vigente,normal,1,activo,MUN-03,ZONA-08,CIRC-03,MESA-033
V001993,f9eeda2caabbd435a82b,47,1979-06-04,,vigente,normal,1,activo,MUN-05,ZONA-05,CIRC-05,MESA-025
V001994,9c1d10d283d447ebd4a1,61,1965-06-03,2024-01-15,vigente,fallecido,1,activo,MUN-01,ZONA-01,CIRC-01,MESA-021
V001995,79eb5d53929f1883c1b9,49,1977-06-03,,vigente,normal,1,activo,MUN-02,ZONA-07,CIRC-02,MESA-017
V001996,daeefae75a4ae946a690,68,1958-06-03,,vigente,normal,1,activo,MUN-03,ZONA-03,CIRC-03,MESA-023
V001997,7b2e8fd47f8c12909a7a,63,1963-06-04,,vigente,normal,1,activo,MUN-02,ZONA-07,CIRC-02,MESA-057
V001998,59fe539fed5f91237eca,38,1988-06-03,,vigente,normal,1,activo,MUN-03,ZONA-08,CIRC-03,MESA-058
V001999,8b51822c08f81d7d8722,49,1977-06-03,,vigente,normal,1,activo,MUN-04,ZONA-04,CIRC-04,MESA-014
V002000,cd739b0d10423ec0a4a4,56,1970-06-03,,vigente,normal,1,activo,MUN-05,ZONA-10,CIRC-05,MESA-020
V002001,cd01c96d3831236c34d3,29,1997-06-03,,vigente,normal,1,activo,MUN-05,ZONA-05,CIRC-05,MESA-030
V002002,02b0fcdc23479342c585,64,1962-06-03,,vigente,normal,1,activo,MUN-04,ZONA-09,CIRC-04,MESA-019
V002003,28378d4df7bfdfeec89e,35,1991-06-04,,vigente,normal,1,activo,MUN-03,ZONA-03,CIRC-03,MESA-053
V002004,561565dd3141cdd70f6c,38,1988-06-03,,vigente,normal,1,activo,MUN-01,ZONA-06,CIRC-01,MESA-056
V002005,4d14cc9a83851aa76199,30,1996-06-03,,vigente,normal,1,activo,MUN-02,ZONA-02,CIRC-02,MESA-077
V002006,58bb1e8871bbbb9fdea6,38,1988-06-03,,vigente,normal,1,activo,MUN-03,ZONA-03,CIRC-03,MESA-023
V002007,b9a14c9321e96be1f332,25,2001-06-03,,vigente,normal,1,activo,MUN-02,ZONA-02,CIRC-02,MESA-062
V002008,7fd244cd7a16d810aeaf,63,1963-06-04,,vigente,normal,1,activo,MUN-03,ZONA-08,CIRC-03,MESA-033
V002009,15f5306ed70ddcb168f8,24,2002-06-03,,vigente,normal,1,activo,MUN-03,ZONA-08,CIRC-03,MESA-018
V002010,a4ab852056910e5d6046,40,1986-06-03,,vigente,normal,1,activo,MUN-03,ZONA-03,CIRC-03,MESA-073
V002011,50bead5693f8b2c88d48,39,1987-06-04,,vigente,normal,1,activo,MUN-03,ZONA-08,CIRC-03,MESA-033
V002012,08eef3d6cae3cc83791d,39,1987-06-04,,vigente,normal,1,activo,MUN-02,ZONA-07,CIRC-02,MESA-032
V002013,e61893f0333592987145,46,1980-06-03,,vigente,normal,1,activo,MUN-01,ZONA-01,CIRC-01,MESA-061
V002014,1dc81005347ed4d2f050,30,1996-06-03,,vigente,privado_libertad,1,activo,MUN-04,ZONA-04,CIRC-04,MESA-054
V002015,f582cb6345e253d8d775,19,2007-06-04,,vigente,normal,1,activo,MUN-02,ZONA-07,CIRC-02,MESA-017
V002016,75388f8491f5449f8a73,46,1980-06-03,,vigente,normal,1,activo,MUN-04,ZONA-09,CIRC-04,MESA-019
V002017,dcb6725a625c2af54b0d,69,1957-06-03,,vigente,normal,1,activo,MUN-05,ZONA-10,CIRC-05,MESA-070
V002018,883824e2b040a768f123,44,1982-06-03,,vigente,normal,1,activo,MUN-04,ZONA-09,CIRC-04,MESA-034
V002019,aeada73a72f742c198ab,67,1959-06-04,,vigente,normal,1,activo,MUN-05,ZONA-05,CIRC-05,MESA-025
V002020,64c888eb85888d41a414,40,1986-06-03,,vigente,normal,1,activo,MUN-03,ZONA-08,CIRC-03,MESA-068
V002021,391592239c6c240cf9ae,61,1965-06-03,,vigente,normal,1,activo,MUN-04,ZONA-04,CIRC-04,MESA-074
V002022,ce1ac516a65c18c609be,39,1987-06-04,,vigente,normal,1,activo,MUN-04,ZONA-04,CIRC-04,MESA-074
V002023,9a6d0b7bfe24dffdb037,60,1966-06-03,,vigente,normal,1,activo,MUN-01,ZONA-01,CIRC-01,MESA-011
V002024,3dbe016cbe62d6cad1af,54,1972-06-03,,vigente,normal,1,activo,MUN-01,ZONA-06,CIRC-01,MESA-016
V002025,7457654c9fbcbc8a773b,78,1948-06-03,,vigente,normal,1,activo,MUN-01,ZONA-01,CIRC-01,MESA-061
V002026,f5d7726e6879b2003477,73,1953-06-03,,vigente,normal,1,activo,MUN-05,ZONA-05,CIRC-05,MESA-080
V002027,6baf248e220765ee3784,20,2006-06-03,,vigente,normal,1,activo,MUN-02,ZONA-07,CIRC-02,MESA-007
V002028,2e54b57fd7112c938331,80,1946-06-03,,vigente,normal,1,activo,MUN-01,ZONA-06,CIRC-01,MESA-016
V002029,814d2c391e288288da31,36,1990-06-03,,vigente,normal,1,activo,MUN-01,ZONA-06,CIRC-01,MESA-016
V002030,7994ae424759dc7fa085,40,1986-06-03,,vigente,normal,1,activo,MUN-05,ZONA-05,CIRC-05,MESA-040
V002031,aefbc8e981b5a016b072,46,1980-06-03,,vigente,normal,1,activo,MUN-02,ZONA-02,CIRC-02,MESA-012
V002032,561decad01d27dfbf586,47,1979-06-04,,vigente,normal,1,activo,MUN-05,ZONA-10,CIRC-05,MESA-035
V002033,d9570e97c916823c53a9,56,1970-06-03,,vigente,normal,1,activo,MUN-01,ZONA-01,CIRC-01,MESA-021
V002034,d52b542461096c580980,42,1984-06-03,,vigente,normal,1,activo,MUN-05,ZONA-05,CIRC-05,MESA-050
V002035,ce202f428e57b166af25,25,2001-06-03,,vigente,normal,1,activo,MUN-03,ZONA-08,CIRC-03,MESA-043
V002036,06659fac12b608c1cdc8,75,1951-06-04,,vigente,normal,1,activo,MUN-02,ZONA-07,CIRC-02,MESA-017
V002037,9e6282233cceda635f96,33,1993-06-03,,vigente,normal,1,activo,MUN-02,ZONA-07,CIRC-02,MESA-032
V002038,6d42238e9d4f2038b2b6,89,1937-06-03,,vigente,normal,1,activo,MUN-01,ZONA-06,CIRC-01,MESA-041
V002039,31c32a131edc4fee03e5,18,2008-06-03,,vigente,normal,1,activo,MUN-01,ZONA-06,CIRC-01,MESA-006
V002040,39317dfc60b496113a98,22,2004-06-03,,vigente,normal,1,activo,MUN-02,ZONA-02,CIRC-02,MESA-027
V002041,4bf3c9ecd3841e376af4,20,2006-06-03,,vigente,normal,1,activo,MUN-05,ZONA-10,CIRC-05,MESA-020
V002042,5533e3d90bc4c24ef80f,82,1944-06-03,,vigente,normal,1,activo,MUN-05,ZONA-05,CIRC-05,MESA-025
V002043,e0723853719a53ebca88,21,2005-06-03,,vigente,normal,1,activo,MUN-01,ZONA-06,CIRC-01,MESA-066
V002044,ac5c49fd974666dda5a3,81,1945-06-03,,vigente,normal,1,activo,MUN-04,ZONA-09,CIRC-04,MESA-009
V002045,225c3543daa54ad8aaa4,27,1999-06-04,,vigente,normal,1,activo,MUN-03,ZONA-03,CIRC-03,MESA-053
V002046,2f69778ca64d6a767161,38,1988-06-03,,vigente,normal,1,activo,MUN-01,ZONA-01,CIRC-01,MESA-061
V002047,8d6b126af820d2fad539,63,1963-06-04,,vigente,normal,1,activo,MUN-03,ZONA-03,CIRC-03,MESA-038
V002048,6ac37f41ce7b4f5cc515,44,1982-06-03,,vigente,normal,1,activo,MUN-03,ZONA-03,CIRC-03,MESA-003
V002049,003aa0b004423c4f22d4,83,1943-06-04,,vigente,normal,1,activo,MUN-05,ZONA-10,CIRC-05,MESA-070
V002050,d708713f08ca32211d7c,58,1968-06-03,,vigente,normal,1,activo,MUN-05,ZONA-05,CIRC-05,MESA-055
V002051,4583aa60beb2faa0c0b2,30,1996-06-03,,vigente,normal,1,activo,MUN-01,ZONA-01,CIRC-01,MESA-001
V002052,5550f4b0ae6d8a8406b1,26,2000-06-03,,vigente,normal,1,activo,MUN-05,ZONA-10,CIRC-05,MESA-070
V002053,dc8bd01b437076b6e47b,53,1973-06-03,,vigente,normal,1,activo,MUN-05,ZONA-10,CIRC-05,MESA-045
V002054,e2cf18f933bba5969fe3,75,1951-06-04,,vigente,normal,1,activo,MUN-02,ZONA-02,CIRC-02,MESA-047
V002055,5a711f943238149fb48e,71,1955-06-04,,vigente,normal,1,activo,MUN-04,ZONA-04,CIRC-04,MESA-079
V002056,f89a85c8ba6cccc4e0f2,17,2009-06-03,,vigente,normal,1,activo,MUN-01,ZONA-01,CIRC-01,MESA-026
V002057,18b5000dee57e9caf5a7,31,1995-06-04,,vigente,normal,1,activo,MUN-04,ZONA-04,CIRC-04,MESA-014
V002058,56460c48d03fc871855a,51,1975-06-04,,vigente,normal,1,activo,MUN-04,ZONA-04,CIRC-04,MESA-054
V002059,3bc9792bc951f84b4fad,70,1956-06-03,,vigente,normal,1,activo,MUN-01,ZONA-01,CIRC-01,MESA-071
V002060,e15291c1bee0864a272d,37,1989-06-03,,vigente,normal,1,activo,MUN-01,ZONA-01,CIRC-01,MESA-046
V002061,c65746f88ce3b7240b39,33,1993-06-03,,vigente,normal,1,activo,MUN-01,ZONA-06,CIRC-01,MESA-031
V002062,9c9f7efb069bc16a4254,87,1939-06-04,,vigente,normal,1,activo,MUN-04,ZONA-09,CIRC-04,MESA-059
V002063,7d39d907b309c35832b8,73,1953-06-03,,vigente,normal,1,activo,MUN-04,ZONA-04,CIRC-04,MESA-029
V002064,d0fe7f8811e9f7240179,75,1951-06-04,,vigente,normal,1,activo,MUN-02,ZONA-07,CIRC-02,MESA-017
V002065,788f166ddada9beb98b7,21,2005-06-03,,vigente,normal,1,activo,MUN-04,ZONA-04,CIRC-04,MESA-014
V002066,9b35bdc95a7b3e32c2ec,21,2005-06-03,,vigente,normal,1,activo,MUN-01,ZONA-01,CIRC-01,MESA-036
V002067,3e9475556bf92cc81cfc,37,1989-06-03,,vigente,normal,1,activo,MUN-03,ZONA-08,CIRC-03,MESA-058
V002068,06ece232516659fa143f,27,1999-06-04,,vigente,normal,1,activo,MUN-04,ZONA-04,CIRC-04,MESA-024
V002069,23c40ffb0210e30a6f81,41,1985-06-03,,vigente,normal,1,activo,MUN-03,ZONA-03,CIRC-03,MESA-063
V002070,3d82ea05a744028c8d59,43,1983-06-04,,vigente,normal,1,activo,MUN-05,ZONA-05,CIRC-05,MESA-025
V002071,be39ffaa48ae94196a90,54,1972-06-03,,vigente,normal,1,activo,MUN-04,ZONA-09,CIRC-04,MESA-059
V002072,6d3488304693baf286eb,71,1955-06-04,,vigente,normal,1,activo,MUN-02,ZONA-07,CIRC-02,MESA-032
V002073,175d85b57ceb2b6a46fb,38,1988-06-03,,vigente,normal,1,activo,MUN-03,ZONA-08,CIRC-03,MESA-018
V002074,24519ba3ad026cd9a5d9,55,1971-06-04,,vigente,normal,1,activo,MUN-02,ZONA-02,CIRC-02,MESA-037
V002075,15e0bece8052fc97ca11,63,1963-06-04,,vigente,normal,1,activo,MUN-01,ZONA-01,CIRC-01,MESA-026
V002076,4964452d2f34b435f882,21,2005-06-03,,vigente,normal,1,activo,MUN-04,ZONA-09,CIRC-04,MESA-009
V002077,173e21680ecdf310b8a8,15,2011-06-04,,vigente,normal,1,activo,MUN-04,ZONA-04,CIRC-04,MESA-064
V002078,caa42d716602e2c94bfe,74,1952-06-03,,vigente,normal,1,activo,MUN-02,ZONA-02,CIRC-02,MESA-072
V002079,0eaeff05062008ca8efd,62,1964-06-03,,vigente,normal,1,activo,MUN-05,ZONA-10,CIRC-05,MESA-020
V002080,a576d10442651774112e,37,1989-06-03,,vigente,normal,1,activo,MUN-04,ZONA-04,CIRC-04,MESA-054
V002081,c8d92ddf1d5e88a8807f,34,1992-06-03,,vigente,normal,1,activo,MUN-05,ZONA-05,CIRC-05,MESA-030
V002082,827037c5a371f091539e,88,1938-06-03,,vigente,normal,1,activo,MUN-03,ZONA-03,CIRC-03,MESA-053
V002083,e4ca4eb4bd7ad08d97cb,21,2005-06-03,,vigente,normal,1,activo,MUN-03,ZONA-03,CIRC-03,MESA-063
V002084,c351c8089e9c48bd1f0b,31,1995-06-04,,vigente,normal,1,activo,MUN-01,ZONA-01,CIRC-01,MESA-011
V002085,2cd53d951652a1f95f3c,20,2006-06-03,,vigente,normal,1,activo,MUN-01,ZONA-06,CIRC-01,MESA-031
V002086,4169766f0769646631cf,75,1951-06-04,,vigente,normal,1,activo,MUN-04,ZONA-04,CIRC-04,MESA-049
V002087,d75510dc9d42b78264b9,72,1954-06-03,,vigente,normal,1,activo,MUN-04,ZONA-09,CIRC-04,MESA-019
V002088,462f99f237015dd609e4,21,2005-06-03,,vigente,normal,1,activo,MUN-02,ZONA-02,CIRC-02,MESA-012
V002089,e677c464fb588535a9ea,41,1985-06-03,,vigente,normal,1,activo,MUN-05,ZONA-05,CIRC-05,MESA-015
V002090,c7f57e0a94867f8436bf,51,1975-06-04,,vigente,normal,1,activo,MUN-01,ZONA-06,CIRC-01,MESA-031
V002091,7d218af34f6f1e5035f8,47,1979-06-04,,vigente,normal,1,activo,MUN-03,ZONA-08,CIRC-03,MESA-043
V002092,156c594f313821d9221c,36,1990-06-03,,vigente,normal,1,activo,MUN-02,ZONA-02,CIRC-02,MESA-037
V002093,8815ed679e60b066f65a,48,1978-06-03,,vigente,normal,1,activo,MUN-04,ZONA-04,CIRC-04,MESA-079
V002094,b80a69ec08a2c1537215,77,1949-06-03,,vigente,normal,1,activo,MUN-04,ZONA-04,CIRC-04,MESA-029
V002095,66c512e9bcfb831499b2,77,1949-06-03,,vigente,normal,1,activo,MUN-01,ZONA-01,CIRC-01,MESA-026
V002096,ecc08c5dc66a743fc4db,36,1990-06-03,2024-11-18,vigente,fallecido,1,activo,MUN-02,ZONA-02,CIRC-02,MESA-002
V002097,c27e2d66da527ff26dbd,119,1907-06-04,,vigente,normal,1,activo,MUN-05,ZONA-05,CIRC-05,MESA-015
V002098,12c1e46f471d62f70534,80,1946-06-03,,vigente,normal,1,activo,MUN-04,ZONA-04,CIRC-04,MESA-004
V002099,bc9e262f9dcd447a4d96,39,1987-06-04,,vigente,normal,1,activo,MUN-05,ZONA-05,CIRC-05,MESA-050
V002100,ad8e28e997d421a69e35,41,1985-06-03,,vigente,normal,1,activo,MUN-03,ZONA-03,CIRC-03,MESA-038
V002101,848a657b3ba4412a738e,47,1979-06-04,,vigente,normal,1,activo,MUN-03,ZONA-03,CIRC-03,MESA-023
V002102,ef4a560fd8cf4e97b1fa,75,1951-06-04,,vigente,normal,1,activo,MUN-04,ZONA-09,CIRC-04,MESA-059
V002103,b1c54bc20c7763fc51a2,48,1978-06-03,,vigente,normal,1,activo,MUN-05,ZONA-05,CIRC-05,MESA-075
V002104,6cf062337c2133f4bbe2,81,1945-06-03,,vigente,normal,1,activo,MUN-03,ZONA-03,CIRC-03,MESA-028
V002105,ed8d3ca46b27b59bb857,36,1990-06-03,,vigente,normal,1,activo,MUN-01,ZONA-06,CIRC-01,MESA-066
V002106,827ea0ca391040e92cb6,65,1961-06-03,,vigente,normal,1,activo,MUN-03,ZONA-08,CIRC-03,MESA-008
V002107,8125259e3f0eec888de9,62,1964-06-03,,vigente,normal,1,activo,MUN-04,ZONA-04,CIRC-04,MESA-029
V002108,5864b8dfe1809bcb3cfa,72,1954-06-03,,vigente,normal,1,activo,MUN-01,ZONA-01,CIRC-01,MESA-011
V002109,71afb83cc2c9c89db5e8,72,1954-06-03,,vigente,normal,1,activo,MUN-03,ZONA-08,CIRC-03,MESA-018
V002110,e41b2d178f3f45609aeb,35,1991-06-04,,vigente,normal,1,activo,MUN-05,ZONA-05,CIRC-05,MESA-055
V002111,0ff681950ec34227f442,80,1946-06-03,,vigente,normal,1,activo,MUN-05,ZONA-05,CIRC-05,MESA-050
V002112,f6f4ea52d8a33fd2516b,64,1962-06-03,,vigente,normal,1,activo,MUN-04,ZONA-04,CIRC-04,MESA-014
V002113,3b4c84e8cd8fd723e29a,16,2010-06-03,,vigente,normal,1,activo,MUN-04,ZONA-04,CIRC-04,MESA-074
V002114,202dcf57757ce892b99c,62,1964-06-03,,vigente,normal,1,activo,MUN-04,ZONA-09,CIRC-04,MESA-009
V002115,2242df0674e064cde9db,50,1976-06-03,2025-07-26,vigente,fallecido,1,activo,MUN-01,ZONA-01,CIRC-01,MESA-011
V002116,f48c57115484d154d4e8,34,1992-06-03,,vigente,normal,1,activo,MUN-03,ZONA-03,CIRC-03,MESA-063
V002117,483b080f41146488a779,87,1939-06-04,,vigente,normal,1,activo,MUN-01,ZONA-01,CIRC-01,MESA-076
V002118,bb108f18db2bfb680858,21,2005-06-03,,vigente,normal,1,activo,MUN-02,ZONA-07,CIRC-02,MESA-067
V002119,11ecdd5fa05543851f09,37,1989-06-03,,vigente,normal,1,activo,MUN-03,ZONA-03,CIRC-03,MESA-053
V002120,c04ca26660865a767b6c,64,1962-06-03,,vigente,normal,1,activo,MUN-04,ZONA-04,CIRC-04,MESA-039
V002121,4c6e5d7c1284e624c078,32,1994-06-03,,vigente,normal,1,activo,MUN-03,ZONA-03,CIRC-03,MESA-078
V002122,4ad8fb0061125afe88c5,87,1939-06-04,,vigente,normal,1,activo,MUN-01,ZONA-06,CIRC-01,MESA-056
V002123,4708480e9239f5de53a0,64,1962-06-03,,vigente,normal,1,activo,MUN-03,ZONA-03,CIRC-03,MESA-028
V002124,6695f30924fe96ad5554,26,2000-06-03,,vigente,normal,1,activo,MUN-05,ZONA-05,CIRC-05,MESA-075
V002125,2f369c90bf76595e6de0,33,1993-06-03,,vigente,privado_libertad,1,activo,MUN-04,ZONA-04,CIRC-04,MESA-039
V002126,78f974bbd1dbfbd992b5,86,1940-06-03,,vigente,normal,1,activo,MUN-05,ZONA-05,CIRC-05,MESA-025
V002127,d729482b83dfa1ab0fa5,78,1948-06-03,,vigente,normal,1,activo,MUN-01,ZONA-01,CIRC-01,MESA-021
V002128,02e2da623c8950f595f9,27,1999-06-04,,vigente,normal,1,activo,MUN-05,ZONA-10,CIRC-05,MESA-010
V002129,1de8f347085811a19246,67,1959-06-04,,vigente,normal,1,activo,MUN-03,ZONA-08,CIRC-03,MESA-043
V002130,e5bbaf08a95d077d75fb,20,2006-06-03,,vigente,normal,1,activo,MUN-05,ZONA-05,CIRC-05,MESA-015
V002131,4eec5b839093fb68c98d,87,1939-06-04,,vigente,normal,1,activo,MUN-03,ZONA-03,CIRC-03,MESA-048
V002132,fb0c99f1ae7f25f164e4,68,1958-06-03,,vigente,normal,1,activo,MUN-01,ZONA-01,CIRC-01,MESA-021
V002133,653edae9320d32686604,36,1990-06-03,,vigente,normal,1,activo,MUN-05,ZONA-10,CIRC-05,MESA-060
V002134,2d5c8b3f86ad7fdee13e,59,1967-06-04,,vigente,normal,1,activo,MUN-05,ZONA-05,CIRC-05,MESA-050
V002135,ef5e1f86f49a69dddc60,52,1974-06-03,,vigente,normal,1,activo,MUN-03,ZONA-03,CIRC-03,MESA-023
V002136,547d998c94c6c4364706,63,1963-06-04,,vigente,normal,1,activo,MUN-03,ZONA-03,CIRC-03,MESA-013
V002137,68257bd6daa615d74cf3,43,1983-06-04,,vigente,normal,1,activo,MUN-04,ZONA-09,CIRC-04,MESA-069
V002138,bae79b421ee4444d59f4,86,1940-06-03,,vigente,normal,1,activo,MUN-04,ZONA-04,CIRC-04,MESA-004
V002139,842eaab9554c204b7892,81,1945-06-03,,vigente,normal,1,activo,MUN-03,ZONA-03,CIRC-03,MESA-078
V002140,ef339a985182ec30f57f,54,1972-06-03,,vigente,normal,1,activo,MUN-02,ZONA-02,CIRC-02,MESA-072
V002141,ff8782a6eed633ddf066,66,1960-06-03,,vigente,normal,1,activo,MUN-04,ZONA-09,CIRC-04,MESA-009
V002142,3f236178462c11ccd42b,38,1988-06-03,,vigente,normal,1,activo,MUN-05,ZONA-10,CIRC-05,MESA-035
V002143,0de7bbc180b4eb089c66,81,1945-06-03,,vigente,normal,1,activo,MUN-01,ZONA-01,CIRC-01,MESA-021
V002144,c17cb0fa3702693c6369,22,2004-06-03,,vigente,normal,1,activo,MUN-03,ZONA-08,CIRC-03,MESA-058
V002145,e8394335e1e8a7a7b470,87,1939-06-04,,vigente,normal,1,activo,MUN-03,ZONA-08,CIRC-03,MESA-018
V002146,0d7949b7a0075bfa2a77,21,2005-06-03,,vigente,normal,1,activo,MUN-02,ZONA-02,CIRC-02,MESA-072
V002147,e3c7f190656f564b69c1,56,1970-06-03,,vigente,normal,1,activo,MUN-03,ZONA-08,CIRC-03,MESA-043
V002148,abc7365463ce60e717be,52,1974-06-03,,vigente,normal,1,activo,MUN-01,ZONA-06,CIRC-01,MESA-006
V002149,1134643b0999e2a9628a,18,2008-06-03,,vigente,normal,1,activo,MUN-03,ZONA-03,CIRC-03,MESA-078
V002150,8bf8f9395dff8095bc84,41,1985-06-03,,vigente,normal,1,activo,MUN-02,ZONA-07,CIRC-02,MESA-067
V002151,7bd7d0225ca89a9c5422,74,1952-06-03,,vigente,normal,1,activo,MUN-02,ZONA-02,CIRC-02,MESA-012
V002152,6c85e872b6227c6fac5a,87,1939-06-04,,vigente,normal,1,activo,MUN-02,ZONA-02,CIRC-02,MESA-012
V002153,c2419adab997159c3ca1,58,1968-06-03,,vigente,normal,1,activo,MUN-01,ZONA-06,CIRC-01,MESA-066
V002154,ec71a6f17b22b4d15ae0,71,1955-06-04,,vigente,normal,1,activo,MUN-02,ZONA-02,CIRC-02,MESA-002
V002155,7bf0ae018940ef5941cf,63,1963-06-04,,cancelado,normal,1,activo,MUN-05,ZONA-05,CIRC-05,MESA-015
V002156,ff0d2a8081eea8b8ddab,77,1949-06-03,,vigente,normal,1,activo,MUN-03,ZONA-03,CIRC-03,MESA-023
V002157,d3a408b2451bdb7a954a,77,1949-06-03,,vigente,normal,1,activo,MUN-04,ZONA-04,CIRC-04,MESA-029
V002158,3f698368c1ad4c420df1,74,1952-06-03,,vigente,normal,1,activo,MUN-02,ZONA-07,CIRC-02,MESA-007
V002159,fb654fec4fa550cf01e8,48,1978-06-03,,vigente,normal,1,activo,MUN-03,ZONA-03,CIRC-03,MESA-028
V002160,30cf4d3015f93012af2d,41,1985-06-03,,vigente,normal,1,activo,MUN-04,ZONA-04,CIRC-04,MESA-014
V002161,f456480f28837eeadfea,53,1973-06-03,,vigente,normal,1,activo,MUN-04,ZONA-09,CIRC-04,MESA-044
V002162,9395f997daa41206ba6e,47,1979-06-04,,vigente,normal,1,activo,MUN-05,ZONA-05,CIRC-05,MESA-030
V002163,640ef45c0faf39cabe7a,41,1985-06-03,,vigente,normal,1,activo,MUN-02,ZONA-07,CIRC-02,MESA-032
V002164,b36af5e00c2f08db4584,47,1979-06-04,,vigente,normal,1,activo,MUN-05,ZONA-10,CIRC-05,MESA-070
V002165,69853aa14ae52858ac6e,24,2002-06-03,,vigente,normal,1,activo,MUN-01,ZONA-06,CIRC-01,MESA-006
V002166,b077e8851c1a2d801ed6,52,1974-06-03,,vigente,normal,1,activo,MUN-02,ZONA-02,CIRC-02,MESA-027
V002167,9e03000c7a32235bf07f,72,1954-06-03,,vigente,normal,1,activo,MUN-04,ZONA-04,CIRC-04,MESA-024
V002168,1c94fd24112dbb031097,31,1995-06-04,,vigente,normal,1,activo,MUN-04,ZONA-09,CIRC-04,MESA-034
V002169,7f07b9b2cc513d739ff1,27,1999-06-04,,vigente,normal,1,activo,MUN-05,ZONA-05,CIRC-05,MESA-040
V002170,601961ccfcec1d3b2395,33,1993-06-03,,vigente,normal,1,activo,MUN-02,ZONA-02,CIRC-02,MESA-047
V002171,a0eb6e31192498cf7b63,71,1955-06-04,,vigente,normal,1,activo,MUN-04,ZONA-04,CIRC-04,MESA-079
V002172,39420c3ef8b17193a578,87,1939-06-04,,vigente,normal,1,activo,MUN-05,ZONA-05,CIRC-05,MESA-075
V002173,a003c8289e2d46de9bcd,61,1965-06-03,,vigente,normal,1,activo,MUN-04,ZONA-04,CIRC-04,MESA-024
V002174,015c6f4c1e81cde0c024,90,1936-06-03,,vigente,normal,1,activo,MUN-05,ZONA-05,CIRC-05,MESA-065
V002175,4ade71186bdd1c23e21f,62,1964-06-03,,vigente,normal,1,activo,MUN-03,ZONA-08,CIRC-03,MESA-018
V002176,307490361ce0e3e8291a,73,1953-06-03,,vigente,normal,1,activo,MUN-04,ZONA-09,CIRC-04,MESA-044
V002177,2b30bf7a5937e6a4d885,74,1952-06-03,,vigente,normal,1,activo,MUN-01,ZONA-01,CIRC-01,MESA-076
V002178,827901374c0769aebf62,38,1988-06-03,,vigente,normal,1,activo,MUN-02,ZONA-07,CIRC-02,MESA-057
V002179,12211dbf9602fcb8e135,85,1941-06-03,,vigente,normal,1,activo,MUN-03,ZONA-03,CIRC-03,MESA-028
V002180,2ba55edbcc7bacf0184d,67,1959-06-04,,vigente,normal,1,activo,MUN-01,ZONA-01,CIRC-01,MESA-071
V002181,e7f87f2e637f1f6ec078,50,1976-06-03,,vigente,normal,1,activo,MUN-03,ZONA-03,CIRC-03,MESA-023
V002182,b223a693a1604a06d009,24,2002-06-03,,vigente,normal,1,activo,MUN-04,ZONA-09,CIRC-04,MESA-034
V002183,fde3ce0b3cf5e56c3bad,87,1939-06-04,,vigente,normal,1,activo,MUN-01,ZONA-01,CIRC-01,MESA-011
V002184,af7bf342eec5f7c2ebd3,32,1994-06-03,,vigente,normal,1,activo,MUN-05,ZONA-10,CIRC-05,MESA-035
V002185,e2b10f3bdad0860654d2,49,1977-06-03,,vigente,normal,1,activo,MUN-02,ZONA-07,CIRC-02,MESA-042
V002186,3598bc107d6dd159d3e0,37,1989-06-03,,vigente,normal,1,activo,MUN-03,ZONA-03,CIRC-03,MESA-028
V002187,aed6faad4cd54a7ab7e7,32,1994-06-03,,vigente,normal,1,activo,MUN-03,ZONA-03,CIRC-03,MESA-078
V002188,92a4a80d76ad6583313b,65,1961-06-03,,vigente,normal,1,activo,MUN-04,ZONA-04,CIRC-04,MESA-024
V002189,059c8a84c81eabe6679f,88,1938-06-03,,vigente,normal,1,activo,MUN-03,ZONA-08,CIRC-03,MESA-008
V002190,7a32f777bc5fc9892f76,38,1988-06-03,,vigente,normal,1,activo,MUN-03,ZONA-03,CIRC-03,MESA-053
V002191,01378dcc1645b037a555,59,1967-06-04,,vigente,normal,1,activo,MUN-02,ZONA-02,CIRC-02,MESA-072
V002192,6290564d784f961dbb10,43,1983-06-04,,vigente,normal,1,activo,MUN-04,ZONA-04,CIRC-04,MESA-004
V002193,efc2749320b3b6c23adb,31,1995-06-04,,vigente,normal,1,activo,MUN-05,ZONA-05,CIRC-05,MESA-005
V002194,63b2fa55fe839930ef5b,74,1952-06-03,,vigente,normal,1,activo,MUN-04,ZONA-04,CIRC-04,MESA-049
V002195,b75d476d201dc82ecdb8,54,1972-06-03,,vigente,normal,1,activo,MUN-05,ZONA-05,CIRC-05,MESA-030
V002196,3394c8a8caec5c21859b,75,1951-06-04,,vigente,normal,1,activo,MUN-02,ZONA-02,CIRC-02,MESA-072
V002197,688f4ee5458f60b5a58f,17,2009-06-03,,vigente,normal,1,activo,MUN-03,ZONA-03,CIRC-03,MESA-063
V002198,db4e4740c65f482a2877,86,1940-06-03,,vigente,normal,1,activo,MUN-02,ZONA-02,CIRC-02,MESA-047
V002199,e484d058554db601a66a,20,2006-06-03,,vigente,normal,1,activo,MUN-01,ZONA-01,CIRC-01,MESA-026
V002200,9173ccb521dd4afc1015,54,1972-06-03,,vigente,normal,1,activo,MUN-02,ZONA-07,CIRC-02,MESA-057
V002201,b492081a8f20ad04f9b2,66,1960-06-03,,vigente,normal,1,activo,MUN-02,ZONA-02,CIRC-02,MESA-037
V002202,550e31c0b0ff0d9a3866,36,1990-06-03,,vigente,normal,1,activo,MUN-02,ZONA-07,CIRC-02,MESA-007
V002203,35220b53d6bd5d9e9ec4,29,1997-06-03,,vigente,normal,1,activo,MUN-05,ZONA-05,CIRC-05,MESA-040
V002204,bdaf32cad773ed86744a,78,1948-06-03,,vigente,normal,1,activo,MUN-04,ZONA-04,CIRC-04,MESA-039
V002205,34d4809e40257b046962,58,1968-06-03,,vigente,normal,1,activo,MUN-02,ZONA-02,CIRC-02,MESA-062
V002206,c685d999e681a8da9685,50,1976-06-03,,vigente,normal,1,activo,MUN-03,ZONA-03,CIRC-03,MESA-078
V002207,a9bc0715e6ae49ee9b21,67,1959-06-04,,vigente,normal,1,activo,MUN-03,ZONA-03,CIRC-03,MESA-053
V002208,cded2ecac841357955b7,85,1941-06-03,,vigente,normal,1,activo,MUN-04,ZONA-04,CIRC-04,MESA-004
V002209,1d27c7acdf18fd87908c,88,1938-06-03,,vigente,normal,1,activo,MUN-05,ZONA-05,CIRC-05,MESA-025
V002210,1a4e1937bc174351b4f3,50,1976-06-03,,vigente,normal,1,activo,MUN-02,ZONA-07,CIRC-02,MESA-007
V002211,a540e6f5a0de7795b894,41,1985-06-03,,vigente,normal,1,activo,MUN-03,ZONA-03,CIRC-03,MESA-028
V002212,788b060bb09eb6749394,78,1948-06-03,,vigente,normal,1,activo,MUN-04,ZONA-09,CIRC-04,MESA-069
V002213,31ced69b1491d3bf176b,78,1948-06-03,,vigente,normal,1,activo,MUN-02,ZONA-07,CIRC-02,MESA-067
V002214,b1c3c2b9a90dcd4bbadb,45,1981-06-03,,vigente,normal,1,activo,MUN-05,ZONA-10,CIRC-05,MESA-020
V002215,3faba7dde04dc0523203,75,1951-06-04,,vigente,normal,1,activo,MUN-01,ZONA-01,CIRC-01,MESA-011
V002216,b2933a1aff858e74f929,60,1966-06-03,,vigente,normal,1,activo,MUN-02,ZONA-07,CIRC-02,MESA-067
V002217,b11535caa41f6afec7ce,58,1968-06-03,,vigente,normal,1,activo,MUN-02,ZONA-07,CIRC-02,MESA-007
V002218,045f0e5bafadb668dc79,56,1970-06-03,,vigente,normal,1,activo,MUN-03,ZONA-03,CIRC-03,MESA-023
V002219,fab308a6d3201ac238ba,66,1960-06-03,,vigente,normal,1,activo,MUN-01,ZONA-01,CIRC-01,MESA-061
V002220,636e28699a9feed3ad31,34,1992-06-03,,vigente,normal,1,activo,MUN-01,ZONA-01,CIRC-01,MESA-071
V002221,a225a00c37425f13cf76,87,1939-06-04,,vigente,normal,1,activo,MUN-04,ZONA-09,CIRC-04,MESA-034
V002222,f791cb1f8d1e21f32cad,87,1939-06-04,,vigente,normal,1,activo,MUN-04,ZONA-09,CIRC-04,MESA-019
V002223,e026dd549cdb839969f1,82,1944-06-03,,vigente,normal,1,activo,MUN-03,ZONA-08,CIRC-03,MESA-058
V002224,d6b1d630d2b309044a46,22,2004-06-03,,vigente,normal,1,activo,MUN-04,ZONA-09,CIRC-04,MESA-009
V002225,f188c36f1e33c9c56948,19,2007-06-04,,vigente,normal,1,activo,MUN-03,ZONA-03,CIRC-03,MESA-048
V002226,15cc460b49f0c754444c,39,1987-06-04,,vigente,normal,1,activo,MUN-01,ZONA-06,CIRC-01,MESA-041
V002227,d982d569e7ad83b29fd9,74,1952-06-03,,vigente,normal,1,activo,MUN-03,ZONA-03,CIRC-03,MESA-048
V002228,b66066241a8c9e43dd64,83,1943-06-04,,vigente,normal,1,activo,MUN-05,ZONA-10,CIRC-05,MESA-045
V002229,dc022f0303bbf7be728d,33,1993-06-03,,vigente,normal,1,activo,MUN-05,ZONA-05,CIRC-05,MESA-025
V002230,17ef558e62d20608dfbf,68,1958-06-03,2026-04-14,vigente,fallecido,1,activo,MUN-03,ZONA-03,CIRC-03,MESA-078
V002231,f24a9f2cabbd10734648,56,1970-06-03,,vigente,normal,1,activo,MUN-05,ZONA-05,CIRC-05,MESA-025
V002232,434e4689367449a2ab80,57,1969-06-03,,vigente,normal,1,activo,MUN-04,ZONA-09,CIRC-04,MESA-019
V002233,ae99986e14d75d4a0a91,55,1971-06-04,,vigente,normal,1,activo,MUN-04,ZONA-04,CIRC-04,MESA-039
V002234,41bfddcce213ac1dc4f6,77,1949-06-03,,vigente,normal,1,activo,MUN-04,ZONA-04,CIRC-04,MESA-079
V002235,8693257d8bac5f8d9b08,76,1950-06-03,,vigente,normal,1,activo,MUN-05,ZONA-05,CIRC-05,MESA-080
V002236,7ff4743be5573f7a1b30,27,1999-06-04,,vigente,normal,1,activo,MUN-02,ZONA-02,CIRC-02,MESA-027
V002237,a09968eb46d69cbe64ec,81,1945-06-03,,vigente,normal,1,activo,MUN-04,ZONA-04,CIRC-04,MESA-074
V002238,1dd0efb26e4fa3053804,80,1946-06-03,,vigente,normal,1,activo,MUN-03,ZONA-03,CIRC-03,MESA-063
V002239,74a90d1699dae4465239,66,1960-06-03,,vigente,normal,1,activo,MUN-03,ZONA-08,CIRC-03,MESA-068
V002240,50abb70db1e5bd84604d,81,1945-06-03,,vigente,normal,1,activo,MUN-04,ZONA-09,CIRC-04,MESA-019
V002241,40d55006b40deae877e3,49,1977-06-03,,vigente,normal,1,activo,MUN-03,ZONA-03,CIRC-03,MESA-028
V002242,115dbd952c7fdde0cbc7,24,2002-06-03,,vigente,normal,1,activo,MUN-03,ZONA-03,CIRC-03,MESA-078
V002243,f91032795697ced3cee4,38,1988-06-03,,vigente,normal,1,activo,MUN-03,ZONA-08,CIRC-03,MESA-033
V002244,5e36156b924cf4ec6ba1,37,1989-06-03,,vigente,normal,1,activo,MUN-05,ZONA-10,CIRC-05,MESA-010
V002245,ac66d46d2ea044d0bfa0,43,1983-06-04,,vigente,normal,1,activo,MUN-05,ZONA-05,CIRC-05,MESA-030
V002246,47dbdced092c6b86802d,85,1941-06-03,,vigente,normal,1,activo,MUN-02,ZONA-02,CIRC-02,MESA-022
V002247,b5af6b4d0200cce5c0fb,32,1994-06-03,,vigente,normal,1,activo,MUN-03,ZONA-03,CIRC-03,MESA-003
V002248,2a790cd34d78596fd859,31,1995-06-04,,vigente,normal,1,activo,MUN-05,ZONA-05,CIRC-05,MESA-075
V002249,47554389744b1a2eafa1,44,1982-06-03,,vigente,normal,1,activo,MUN-03,ZONA-03,CIRC-03,MESA-048
V002250,b113df2f4aa6d43311ed,57,1969-06-03,,vigente,normal,1,activo,MUN-02,ZONA-02,CIRC-02,MESA-002
V002251,e224995dac2c14a014e5,75,1951-06-04,,vigente,privado_libertad,1,activo,MUN-01,ZONA-01,CIRC-01,MESA-076
V002252,43ff3ad1590ed87995d4,45,1981-06-03,,vigente,normal,1,activo,MUN-04,ZONA-04,CIRC-04,MESA-054
V002253,b5c9ad38dea890f9cdcb,43,1983-06-04,,vigente,normal,1,activo,MUN-01,ZONA-06,CIRC-01,MESA-006
V002254,18a8a10c0987edb094da,80,1946-06-03,,vigente,normal,1,activo,MUN-05,ZONA-05,CIRC-05,MESA-040
V002255,8d08e3f3b5d7a5d0dbf6,83,1943-06-04,,vigente,normal,1,activo,MUN-02,ZONA-02,CIRC-02,MESA-002
V002256,6f0f47ed53eac60f96cd,42,1984-06-03,,vigente,normal,1,activo,MUN-03,ZONA-03,CIRC-03,MESA-073
V002257,4f2f2e26ffa4e55fc057,20,2006-06-03,,vigente,normal,1,activo,MUN-02,ZONA-02,CIRC-02,MESA-002
V002258,3783bc2bd489183e52fc,89,1937-06-03,,vigente,normal,1,activo,MUN-04,ZONA-04,CIRC-04,MESA-074
V002259,52ba354591f55e09dbe0,61,1965-06-03,,vigente,normal,1,activo,MUN-05,ZONA-05,CIRC-05,MESA-055
V002260,381df0b4f0c7ae61cd1a,59,1967-06-04,,vigente,normal,1,activo,MUN-02,ZONA-02,CIRC-02,MESA-072
V002261,ce5ce7046f2b6db20787,23,2003-06-04,,vigente,normal,1,activo,MUN-05,ZONA-10,CIRC-05,MESA-060
V002262,9ae9c59151685b33bc32,56,1970-06-03,2024-05-09,vigente,fallecido,1,activo,MUN-01,ZONA-06,CIRC-01,MESA-006
V002263,70ce7be2af6c2e420331,69,1957-06-03,,vigente,normal,1,activo,MUN-04,ZONA-09,CIRC-04,MESA-019
V002264,6d078a3cd6a1b2315143,40,1986-06-03,,vigente,normal,1,activo,MUN-02,ZONA-02,CIRC-02,MESA-027
V002265,d1b0edfda64292416698,67,1959-06-04,,vigente,normal,1,activo,MUN-01,ZONA-01,CIRC-01,MESA-001
V002266,dd8f06d096158f41ece0,60,1966-06-03,,vigente,normal,1,activo,MUN-03,ZONA-08,CIRC-03,MESA-033
V002267,912f6291dc615d43764d,36,1990-06-03,,vigente,normal,1,activo,MUN-05,ZONA-05,CIRC-05,MESA-040
V002268,b5f973709b8c9f87f0f3,86,1940-06-03,,vigente,normal,1,activo,MUN-02,ZONA-07,CIRC-02,MESA-032
V002269,88d0444be0912141fa45,68,1958-06-03,,vigente,normal,1,activo,MUN-04,ZONA-09,CIRC-04,MESA-069
V002270,78ce270e9e4e1f6257ac,28,1998-06-03,,vigente,normal,1,activo,MUN-02,ZONA-07,CIRC-02,MESA-017
V002271,dcccd1bb99332915665f,29,1997-06-03,,vigente,normal,1,activo,MUN-03,ZONA-08,CIRC-03,MESA-008
V002272,71c3bddb50932be3ac60,25,2001-06-03,,vigente,normal,1,activo,MUN-02,ZONA-07,CIRC-02,MESA-057
V002273,ff5c27cc81f8d27fdd7b,41,1985-06-03,,vigente,normal,1,activo,MUN-02,ZONA-07,CIRC-02,MESA-042
V002274,a0d490db040d3e0e45a9,58,1968-06-03,,vigente,normal,1,activo,MUN-04,ZONA-09,CIRC-04,MESA-009
V002275,ffeff6bb9569e8bced9b,53,1973-06-03,,vigente,normal,1,activo,MUN-05,ZONA-10,CIRC-05,MESA-035
V002276,758582ef770d479937d0,89,1937-06-03,,vigente,normal,1,activo,MUN-01,ZONA-01,CIRC-01,MESA-071
V002277,086c17d62ed24ed61aee,72,1954-06-03,,vigente,normal,1,activo,MUN-04,ZONA-04,CIRC-04,MESA-079
V002278,b2b52c285e90ee261c66,26,2000-06-03,,vigente,normal,1,activo,MUN-03,ZONA-03,CIRC-03,MESA-053
V002279,dedf5f9144a166a9f7fe,64,1962-06-03,,vigente,normal,1,activo,MUN-04,ZONA-04,CIRC-04,MESA-054
V002280,002427dae4649609185e,32,1994-06-03,,vigente,normal,1,activo,MUN-05,ZONA-05,CIRC-05,MESA-025
V002281,c6c916a2f87de864ad34,65,1961-06-03,,vigente,normal,1,activo,MUN-02,ZONA-07,CIRC-02,MESA-067
V002282,9c931e9e8ecc31f02500,59,1967-06-04,,vigente,normal,1,activo,MUN-02,ZONA-02,CIRC-02,MESA-062
V002283,fe13675ec0b43f0a1bac,77,1949-06-03,,vigente,normal,1,activo,MUN-05,ZONA-05,CIRC-05,MESA-055
V002284,281399d7e0a734553802,87,1939-06-04,,vigente,normal,1,activo,MUN-01,ZONA-01,CIRC-01,MESA-046
V002285,3ac1c0d58020aaded412,29,1997-06-03,,vigente,normal,1,activo,MUN-04,ZONA-04,CIRC-04,MESA-024
V002286,e24d9988460e82515205,19,2007-06-04,,vigente,normal,1,activo,MUN-01,ZONA-01,CIRC-01,MESA-046
V002287,bf3e25c8fd3939e6e2d6,24,2002-06-03,,vigente,normal,1,activo,MUN-02,ZONA-02,CIRC-02,MESA-022
V002288,a8f542890eaa526eefd5,20,2006-06-03,,vigente,normal,1,activo,MUN-01,ZONA-01,CIRC-01,MESA-011
V002289,8ba0fe2595129fd8d703,20,2006-06-03,,vigente,normal,1,activo,MUN-03,ZONA-03,CIRC-03,MESA-048
V002290,c48f89b8420bc900f3f4,44,1982-06-03,,vigente,normal,1,activo,MUN-03,ZONA-08,CIRC-03,MESA-008
V002291,9cf614463780fb7e8609,57,1969-06-03,,vigente,normal,1,activo,MUN-04,ZONA-04,CIRC-04,MESA-039
V002292,ac58cea1341ceb183c81,50,1976-06-03,,vigente,normal,1,activo,MUN-05,ZONA-10,CIRC-05,MESA-035
V002293,524c9750ab0a984d5efb,18,2008-06-03,,vigente,normal,1,activo,MUN-04,ZONA-04,CIRC-04,MESA-049
V002294,bcc14cbe9dbc67f6cc0b,25,2001-06-03,,vigente,normal,1,activo,MUN-01,ZONA-01,CIRC-01,MESA-046
V002295,dd35ecbd03d85a7eb674,49,1977-06-03,,vigente,normal,1,activo,MUN-03,ZONA-03,CIRC-03,MESA-038
V002296,612ab23b1a0feb20d722,65,1961-06-03,,vigente,normal,1,activo,MUN-03,ZONA-08,CIRC-03,MESA-008
V002297,5d850c6357a2b09404d0,21,2005-06-03,,vigente,normal,1,activo,MUN-04,ZONA-04,CIRC-04,MESA-054
V002298,426eddf63f4f11719077,87,1939-06-04,,vigente,normal,1,activo,MUN-02,ZONA-02,CIRC-02,MESA-037
V002299,ad5183f4499f72890363,36,1990-06-03,,vigente,normal,1,activo,MUN-05,ZONA-05,CIRC-05,MESA-040
V002300,304eeb522117e5273ced,49,1977-06-03,,vigente,normal,1,activo,MUN-04,ZONA-09,CIRC-04,MESA-034
V002301,687f5536f0dbdb313633,26,2000-06-03,,vigente,normal,1,activo,MUN-04,ZONA-04,CIRC-04,MESA-079
V002302,f736c18cfa9f82ff39c8,29,1997-06-03,,vigente,normal,1,activo,MUN-02,ZONA-07,CIRC-02,MESA-017
V002303,ad7927af6d997af61755,28,1998-06-03,,vigente,normal,1,activo,MUN-03,ZONA-08,CIRC-03,MESA-033
V002304,f6a01b8ff52e41e51b5d,63,1963-06-04,,vigente,normal,1,activo,MUN-02,ZONA-02,CIRC-02,MESA-047
V002305,480a0508fea4063ae6c4,33,1993-06-03,,vigente,normal,1,activo,MUN-02,ZONA-02,CIRC-02,MESA-052
V002306,27d8866c47ebb8115f88,18,2008-06-03,,vigente,normal,1,activo,MUN-05,ZONA-05,CIRC-05,MESA-080
V002307,ca4da7f14c0305106945,80,1946-06-03,,vigente,normal,1,activo,MUN-04,ZONA-09,CIRC-04,MESA-009
V002308,8ce29702f36706ffa579,38,1988-06-03,,vigente,normal,1,activo,MUN-03,ZONA-08,CIRC-03,MESA-033
V002309,a5b0d40e418e512cbbef,47,1979-06-04,,vigente,normal,1,activo,MUN-05,ZONA-10,CIRC-05,MESA-060
V002310,7cba227d43bdea9a635a,30,1996-06-03,,vigente,normal,1,activo,MUN-02,ZONA-02,CIRC-02,MESA-077
V002311,00960966fb68f0ab4d47,51,1975-06-04,,vigente,normal,1,activo,MUN-01,ZONA-01,CIRC-01,MESA-021
V002312,c15c3b4d0e2c6bf4da70,21,2005-06-03,,vigente,normal,1,activo,MUN-03,ZONA-08,CIRC-03,MESA-058
V002313,762ae66576efec0a19a3,45,1981-06-03,,vigente,normal,1,activo,MUN-04,ZONA-09,CIRC-04,MESA-069
V002314,0ab14f39dc0a1b280190,76,1950-06-03,,vigente,normal,1,activo,MUN-05,ZONA-10,CIRC-05,MESA-010
V002315,e072e66e1c042c818176,44,1982-06-03,,vigente,normal,1,activo,MUN-01,ZONA-06,CIRC-01,MESA-006
V002316,dc5b646ab1bd55690f35,86,1940-06-03,,vigente,normal,1,activo,MUN-03,ZONA-03,CIRC-03,MESA-013
V002317,3420ea7fadee25bba953,42,1984-06-03,,vigente,normal,1,activo,MUN-05,ZONA-05,CIRC-05,MESA-065
V002318,4338f5681ba97f76d48e,20,2006-06-03,,vigente,normal,1,activo,MUN-05,ZONA-10,CIRC-05,MESA-020
V002319,a72a0c7fe61994066106,126,1900-06-03,,vigente,normal,1,activo,MUN-02,ZONA-07,CIRC-02,MESA-057
V002320,0a677cdd3889586c7b1f,42,1984-06-03,,vigente,normal,1,activo,MUN-01,ZONA-01,CIRC-01,MESA-046
V002321,454b13ab43e676d521ae,37,1989-06-03,,vigente,normal,1,activo,MUN-03,ZONA-08,CIRC-03,MESA-008
V002322,0eca03fb601bc9ff966a,51,1975-06-04,,vigente,normal,1,activo,MUN-05,ZONA-10,CIRC-05,MESA-010
V002323,0ef41bfb48ea19f20ffa,43,1983-06-04,,vigente,normal,1,activo,MUN-03,ZONA-03,CIRC-03,MESA-073
V002324,de28eb215c4f2a1936fb,22,2004-06-03,,vigente,normal,1,activo,MUN-02,ZONA-07,CIRC-02,MESA-067
V002325,bb1ed19439ebf84e1960,78,1948-06-03,,vigente,normal,1,activo,MUN-01,ZONA-01,CIRC-01,MESA-011
V002326,58e4166f8cde1684536c,26,2000-06-03,,vigente,normal,1,activo,MUN-02,ZONA-02,CIRC-02,MESA-012
V002327,fdc4ba0f0693e13d18d3,67,1959-06-04,,vigente,normal,1,activo,MUN-05,ZONA-10,CIRC-05,MESA-010
V002328,8031c920c571f1a6d916,23,2003-06-04,,vigente,normal,1,activo,MUN-05,ZONA-05,CIRC-05,MESA-025
V002329,b0686db6f49457fd7e84,77,1949-06-03,,vigente,normal,1,activo,MUN-04,ZONA-04,CIRC-04,MESA-049
V002330,4e2211627c8b504108a6,61,1965-06-03,,vigente,normal,1,activo,MUN-04,ZONA-04,CIRC-04,MESA-049
V002331,5c1976398805ebe8e45f,28,1998-06-03,,vigente,normal,1,activo,MUN-01,ZONA-01,CIRC-01,MESA-011
V002332,24915e0bda8ba12cc83a,83,1943-06-04,,vigente,normal,1,activo,MUN-02,ZONA-02,CIRC-02,MESA-062
V002333,8a4e0353fbb2695c3c09,64,1962-06-03,,vigente,normal,1,activo,MUN-01,ZONA-01,CIRC-01,MESA-036
V002334,e4b113b2618cc965e4ba,90,1936-06-03,,vigente,normal,1,activo,MUN-04,ZONA-04,CIRC-04,MESA-039
V002335,3b7c1da3e2a0de6ce02c,20,2006-06-03,,vigente,normal,1,activo,MUN-03,ZONA-03,CIRC-03,MESA-053
V002336,eaa2755dc03bdbf20db4,47,1979-06-04,,vigente,normal,1,activo,MUN-03,ZONA-03,CIRC-03,MESA-078
V002337,1c86074e692e07df0129,38,1988-06-03,,vigente,normal,1,activo,MUN-01,ZONA-06,CIRC-01,MESA-056
V002338,a4da7b496302f093c9e8,45,1981-06-03,,vigente,normal,1,activo,MUN-01,ZONA-01,CIRC-01,MESA-001
V002339,0db1d37a29112b9c607a,79,1947-06-04,,vigente,normal,1,activo,MUN-01,ZONA-06,CIRC-01,MESA-056
V002340,c50e282bcf644da117d2,50,1976-06-03,,vigente,normal,1,activo,MUN-04,ZONA-04,CIRC-04,MESA-004
V002341,9338b9e1d43b571a1c90,52,1974-06-03,,vigente,normal,1,activo,MUN-05,ZONA-05,CIRC-05,MESA-030
V002342,a9738bb0644b4f1e44e5,69,1957-06-03,,cancelado,normal,1,activo,MUN-02,ZONA-02,CIRC-02,MESA-012
V002343,a657d7123f6456ed8579,51,1975-06-04,,vigente,normal,1,activo,MUN-05,ZONA-10,CIRC-05,MESA-035
V002344,17915cfff337445d67c7,58,1968-06-03,,vigente,normal,1,activo,MUN-02,ZONA-02,CIRC-02,MESA-077
V002345,9fad686b685756f32932,68,1958-06-03,,cancelado,normal,1,activo,MUN-02,ZONA-02,CIRC-02,MESA-052
V002346,07dd64e957be48fef361,64,1962-06-03,,vigente,normal,1,activo,MUN-01,ZONA-06,CIRC-01,MESA-031
V002347,824e09cc047898d36a67,75,1951-06-04,,vigente,normal,1,activo,MUN-03,ZONA-08,CIRC-03,MESA-068
V002348,8507618a693e73ccd8c1,74,1952-06-03,,vigente,normal,1,activo,MUN-02,ZONA-02,CIRC-02,MESA-052
V002349,427438763ea1ebe01e3b,40,1986-06-03,,vigente,normal,1,activo,MUN-05,ZONA-05,CIRC-05,MESA-080
V002350,f996bbd1ccb1e7261107,65,1961-06-03,,vigente,normal,1,activo,MUN-02,ZONA-07,CIRC-02,MESA-007
V002351,b5e746a80c69206599f4,39,1987-06-04,,vigente,normal,1,activo,MUN-02,ZONA-02,CIRC-02,MESA-022
V002352,63c77b5b2babf35c7f09,34,1992-06-03,,vigente,normal,1,activo,MUN-05,ZONA-05,CIRC-05,MESA-075
V002353,2958936297c33001f8a4,86,1940-06-03,,vigente,normal,1,activo,MUN-01,ZONA-06,CIRC-01,MESA-056
V002354,d000c4ad3abf17938dd4,28,1998-06-03,,vigente,normal,1,activo,MUN-03,ZONA-08,CIRC-03,MESA-058
V002355,d0f807dedb3be6d3ebfa,32,1994-06-03,,vigente,normal,1,activo,MUN-04,ZONA-04,CIRC-04,MESA-064
V002356,2baf9626dea6dea08dc3,52,1974-06-03,,vigente,normal,1,activo,MUN-02,ZONA-02,CIRC-02,MESA-012
V002357,22c8311b54510bac6bd2,50,1976-06-03,,vigente,normal,1,activo,MUN-02,ZONA-07,CIRC-02,MESA-007
V002358,510fa5fac4ae473dec4c,33,1993-06-03,,vigente,normal,1,activo,MUN-05,ZONA-05,CIRC-05,MESA-055
V002359,1ae1caa2d2c2a4f005ac,51,1975-06-04,,vigente,normal,1,activo,MUN-02,ZONA-02,CIRC-02,MESA-062
V002360,ff0293eeb8dc1b89b65d,83,1943-06-04,,vigente,normal,1,activo,MUN-03,ZONA-03,CIRC-03,MESA-073
V002361,66b70f1274b1727040e4,57,1969-06-03,,vigente,normal,1,activo,MUN-02,ZONA-02,CIRC-02,MESA-077
V002362,af600621d34d35b45aa1,45,1981-06-03,,vigente,normal,1,activo,MUN-05,ZONA-05,CIRC-05,MESA-055
V002363,0d11165b427db14c5643,64,1962-06-03,,vigente,normal,1,activo,MUN-01,ZONA-01,CIRC-01,MESA-036
V002364,0ebd0ca109b0f884eeb2,56,1970-06-03,,vigente,normal,1,activo,MUN-04,ZONA-04,CIRC-04,MESA-024
V002365,879933448c872acdb532,87,1939-06-04,,vigente,normal,1,activo,MUN-04,ZONA-09,CIRC-04,MESA-044
V002366,1fbc5936b1bdc0c94292,90,1936-06-03,,vigente,normal,1,activo,MUN-02,ZONA-07,CIRC-02,MESA-017
V002367,e22eebf108f714e67329,37,1989-06-03,,vigente,normal,1,activo,MUN-02,ZONA-02,CIRC-02,MESA-002
V002368,83b75e9b2a5e4f730391,18,2008-06-03,,vigente,normal,1,activo,MUN-03,ZONA-03,CIRC-03,MESA-013
V002369,87b2ea15b9b9d690a612,89,1937-06-03,,vigente,normal,1,activo,MUN-01,ZONA-06,CIRC-01,MESA-031
V002370,f79cde447a6bac623950,80,1946-06-03,,vigente,normal,1,activo,MUN-03,ZONA-03,CIRC-03,MESA-028
V002371,c0820af1eca49cbfbac9,84,1942-06-03,,vigente,normal,1,activo,MUN-05,ZONA-10,CIRC-05,MESA-060
V002372,5eabceea80961c59eb7a,21,2005-06-03,,vigente,normal,1,activo,MUN-02,ZONA-02,CIRC-02,MESA-027
V002373,8f5abc0097a626c6f908,75,1951-06-04,,vigente,normal,1,activo,MUN-05,ZONA-05,CIRC-05,MESA-015
V002374,d8bba42ecb8e24b9414f,42,1984-06-03,,vigente,normal,1,activo,MUN-04,ZONA-04,CIRC-04,MESA-079
V002375,56b262aeb0cb7bafc0a7,64,1962-06-03,,vigente,normal,1,activo,MUN-03,ZONA-08,CIRC-03,MESA-033
V002376,35945df312fdf0603017,55,1971-06-04,,vigente,normal,1,activo,MUN-05,ZONA-10,CIRC-05,MESA-020
V002377,c3ce059ebbe8642ec621,32,1994-06-03,,vigente,normal,1,activo,MUN-02,ZONA-07,CIRC-02,MESA-042
V002378,d4a2e332a9edc1097870,80,1946-06-03,,vigente,normal,1,activo,MUN-02,ZONA-02,CIRC-02,MESA-012
V002379,c98bd8ca526853294105,38,1988-06-03,,vigente,normal,1,activo,MUN-03,ZONA-03,CIRC-03,MESA-073
V002380,ad1228da68a4ccf2a5c4,74,1952-06-03,,vigente,normal,1,activo,MUN-03,ZONA-03,CIRC-03,MESA-023
V002381,5b6087b0a42b07a41a49,70,1956-06-03,,vigente,normal,1,activo,MUN-02,ZONA-02,CIRC-02,MESA-072
V002382,82eeeb6df1930027bf7e,63,1963-06-04,2024-08-18,vigente,fallecido,1,activo,MUN-04,ZONA-04,CIRC-04,MESA-014
V002383,bcaf197008a4b93fcbc4,31,1995-06-04,,vigente,normal,1,activo,MUN-05,ZONA-05,CIRC-05,MESA-025
V002384,ca334791897c8c5bc0e7,34,1992-06-03,,vigente,normal,1,activo,MUN-02,ZONA-02,CIRC-02,MESA-077
V002385,d02d9a453d79665e1e20,56,1970-06-03,,vigente,normal,1,activo,MUN-01,ZONA-06,CIRC-01,MESA-031
V002386,09c9a50d7ca650538b1c,26,2000-06-03,,vigente,normal,1,activo,MUN-04,ZONA-04,CIRC-04,MESA-054
V002387,eaf2db174d75b14d3d87,23,2003-06-04,,vigente,normal,1,activo,MUN-05,ZONA-05,CIRC-05,MESA-005
V002388,af3bfc7cbb7ceb3022b3,40,1986-06-03,,vigente,normal,1,activo,MUN-03,ZONA-03,CIRC-03,MESA-013
V002389,5a224075084899e188a3,76,1950-06-03,,vigente,normal,1,activo,MUN-03,ZONA-03,CIRC-03,MESA-028
V002390,2ce89d4928625ed39088,63,1963-06-04,,vigente,normal,1,activo,MUN-03,ZONA-08,CIRC-03,MESA-043
V002391,77a488c320cd5af6d6be,55,1971-06-04,,vigente,normal,1,activo,MUN-02,ZONA-02,CIRC-02,MESA-047
V002392,790655b14b26203e8a02,31,1995-06-04,,vigente,normal,1,activo,MUN-01,ZONA-01,CIRC-01,MESA-071
V002393,bc6a5798c0c53fa05c7a,16,2010-06-03,,vigente,normal,1,activo,MUN-03,ZONA-03,CIRC-03,MESA-038
V002394,776ab7d890172e3596f7,79,1947-06-04,,vigente,normal,1,activo,MUN-02,ZONA-07,CIRC-02,MESA-067
V002395,5e89e3d9822f3be568b2,52,1974-06-03,,vigente,normal,1,activo,MUN-02,ZONA-02,CIRC-02,MESA-062
V002396,d109cb1fab73a0786544,36,1990-06-03,,vigente,normal,1,activo,MUN-04,ZONA-04,CIRC-04,MESA-039
V002397,cdf8a42539e2fb6f78eb,47,1979-06-04,,vigente,normal,1,activo,MUN-02,ZONA-02,CIRC-02,MESA-037
V002398,17e4160e2e47a272d3d2,42,1984-06-03,,vigente,normal,1,activo,MUN-03,ZONA-08,CIRC-03,MESA-008
V002399,fa2cd07d98cbfc54b254,57,1969-06-03,,vigente,normal,1,activo,MUN-02,ZONA-02,CIRC-02,MESA-052
V002400,f87d934016b3ee44cf06,31,1995-06-04,,vigente,normal,1,activo,MUN-03,ZONA-08,CIRC-03,MESA-033
V002401,bc595d716ad610ff676b,43,1983-06-04,,vigente,normal,1,activo,MUN-02,ZONA-07,CIRC-02,MESA-042
V002402,8021dd4211f37faa9edc,39,1987-06-04,,vigente,normal,1,activo,MUN-01,ZONA-01,CIRC-01,MESA-076
V002403,7ffb1dac127509b5e201,65,1961-06-03,,vigente,normal,1,activo,MUN-02,ZONA-02,CIRC-02,MESA-027
V002404,b91621e91ce95a4bf6d6,68,1958-06-03,,vigente,normal,1,activo,MUN-03,ZONA-08,CIRC-03,MESA-008
V002405,ded172e77094cf40812e,20,2006-06-03,,vigente,normal,1,activo,MUN-03,ZONA-03,CIRC-03,MESA-023
V002406,050298fc9a7418d22849,59,1967-06-04,2024-06-02,vigente,fallecido,1,activo,MUN-04,ZONA-04,CIRC-04,MESA-064
V002407,f17d3811b8ef6a6eaaf4,36,1990-06-03,,vigente,normal,1,activo,MUN-05,ZONA-10,CIRC-05,MESA-020
V002408,34a01542862016a64bc0,90,1936-06-03,,vigente,normal,1,activo,MUN-01,ZONA-06,CIRC-01,MESA-016
V002409,3757d95fdd004c490d83,45,1981-06-03,,vigente,normal,1,activo,MUN-02,ZONA-07,CIRC-02,MESA-017
V002410,5b074caef3b55fd51d7d,62,1964-06-03,,vigente,normal,1,activo,MUN-05,ZONA-05,CIRC-05,MESA-080
V002411,8b309db9580586e99235,88,1938-06-03,,vigente,normal,1,activo,MUN-04,ZONA-09,CIRC-04,MESA-019
V002412,46c2fd1abca8783ad615,80,1946-06-03,,vigente,normal,1,activo,MUN-03,ZONA-08,CIRC-03,MESA-008
V002413,4eb4425a98c6c1c563be,90,1936-06-03,,vigente,normal,1,activo,MUN-03,ZONA-03,CIRC-03,MESA-038
V002414,629bd0c024802ef1e4fa,36,1990-06-03,,vigente,normal,1,activo,MUN-03,ZONA-03,CIRC-03,MESA-038
V002415,52a51420fb3f847441fd,64,1962-06-03,,vigente,normal,1,activo,MUN-03,ZONA-03,CIRC-03,MESA-053
V002416,16e91c0f1907a546fa88,31,1995-06-04,,vigente,normal,1,activo,MUN-01,ZONA-06,CIRC-01,MESA-031
V002417,9c58b49da014fdc26056,55,1971-06-04,,vigente,normal,1,activo,MUN-04,ZONA-09,CIRC-04,MESA-044
V002418,a3a9bdb3805e7f4d09fb,70,1956-06-03,,vigente,normal,1,activo,MUN-05,ZONA-10,CIRC-05,MESA-060
V002419,3a47b0ba84ac0543b37f,78,1948-06-03,,vigente,normal,1,activo,MUN-01,ZONA-01,CIRC-01,MESA-076
V002420,d8c724b8661fcf374c6c,53,1973-06-03,,vigente,normal,1,activo,MUN-02,ZONA-07,CIRC-02,MESA-017
V002421,ea6260a915b397cd1616,57,1969-06-03,,vigente,normal,1,activo,MUN-04,ZONA-04,CIRC-04,MESA-079
V002422,3ffe1b638fe11cc966ce,47,1979-06-04,,vigente,normal,1,activo,MUN-03,ZONA-03,CIRC-03,MESA-073
V002423,d2e710756d690421df51,26,2000-06-03,,vigente,normal,1,activo,MUN-04,ZONA-04,CIRC-04,MESA-039
V002424,ff6c8869a142505be5a2,15,2011-06-04,,vigente,normal,1,activo,MUN-02,ZONA-07,CIRC-02,MESA-042
V002425,3f293a83b0167c7d415b,50,1976-06-03,,vigente,normal,1,activo,MUN-03,ZONA-03,CIRC-03,MESA-048
V002426,04cb843cec13aedc62e7,69,1957-06-03,,vigente,normal,1,activo,MUN-02,ZONA-02,CIRC-02,MESA-012
V002427,194cf8be2bd73e82d845,31,1995-06-04,,vigente,normal,1,activo,MUN-03,ZONA-08,CIRC-03,MESA-018
V002428,bc2646a99e91922e4412,70,1956-06-03,,vigente,normal,1,activo,MUN-04,ZONA-04,CIRC-04,MESA-079
V002429,ba455ec2f47aeae45983,76,1950-06-03,,vigente,normal,1,activo,MUN-01,ZONA-06,CIRC-01,MESA-006
V002430,77bce8cf180181e3e976,58,1968-06-03,,vigente,normal,1,activo,MUN-03,ZONA-08,CIRC-03,MESA-043
V002431,2fac602eb63b9e16496d,85,1941-06-03,,vigente,normal,1,activo,MUN-05,ZONA-10,CIRC-05,MESA-035
V002432,572ad4e58a1eb61a78da,85,1941-06-03,,vigente,normal,1,activo,MUN-04,ZONA-04,CIRC-04,MESA-054
V002433,a7e6fcab1ffceca92fec,25,2001-06-03,,vigente,normal,1,activo,MUN-02,ZONA-02,CIRC-02,MESA-062
V002434,4d3ed773b98fea616af4,19,2007-06-04,,vigente,normal,1,activo,MUN-04,ZONA-09,CIRC-04,MESA-069
V002435,ad20a55fe1bddf69ca3f,58,1968-06-03,,vigente,normal,1,activo,MUN-01,ZONA-06,CIRC-01,MESA-016
V002436,20dabcc66cc857e33973,72,1954-06-03,2024-09-30,vigente,fallecido,1,activo,MUN-03,ZONA-08,CIRC-03,MESA-008
V002437,dba3bbbf85e08cee8bd7,33,1993-06-03,,vigente,normal,1,activo,MUN-01,ZONA-06,CIRC-01,MESA-031
V002438,ea4c1c75ebf07d6a3722,79,1947-06-04,,vigente,normal,1,activo,MUN-05,ZONA-10,CIRC-05,MESA-010
V002439,cc0c756a314b8239e11b,65,1961-06-03,,vigente,normal,1,activo,MUN-01,ZONA-06,CIRC-01,MESA-056
V002440,c0d908f1d569cf71da88,47,1979-06-04,,vigente,normal,1,activo,MUN-01,ZONA-01,CIRC-01,MESA-076
V002441,3f21a063aa62c1e9c0aa,29,1997-06-03,,vigente,normal,1,activo,MUN-05,ZONA-10,CIRC-05,MESA-070
V002442,53ed22f4462813d7c84d,52,1974-06-03,,vigente,normal,1,activo,MUN-05,ZONA-10,CIRC-05,MESA-020
V002443,567386a6135982cacfd4,28,1998-06-03,,vigente,normal,1,activo,MUN-05,ZONA-05,CIRC-05,MESA-005
V002444,9f1f7cdf70c7c77c6a4a,81,1945-06-03,,vigente,normal,1,activo,MUN-03,ZONA-03,CIRC-03,MESA-023
V002445,e09c85ed7fd83fdb179e,67,1959-06-04,,vigente,normal,1,activo,MUN-04,ZONA-09,CIRC-04,MESA-009
V002446,e207d50db36ad78b4b71,38,1988-06-03,,vigente,normal,1,activo,MUN-03,ZONA-08,CIRC-03,MESA-058
V002447,6397fdca33f5a517e7af,86,1940-06-03,,vigente,normal,1,activo,MUN-04,ZONA-09,CIRC-04,MESA-059
V002448,e7f1a29f2a466bf6a5f7,65,1961-06-03,,vigente,normal,1,activo,MUN-05,ZONA-05,CIRC-05,MESA-080
V002449,2e544731c9d11dd51537,37,1989-06-03,,cancelado,normal,1,activo,MUN-04,ZONA-04,CIRC-04,MESA-054
V002450,8ecad34e0509430dc61c,84,1942-06-03,,vigente,normal,1,activo,MUN-01,ZONA-01,CIRC-01,MESA-046
V002451,35ee453e09c5e18320e6,61,1965-06-03,,vigente,normal,1,activo,MUN-02,ZONA-02,CIRC-02,MESA-022
V002452,a1687c95d5beb9f4619d,122,1904-06-03,,vigente,normal,1,activo,MUN-04,ZONA-04,CIRC-04,MESA-064
V002453,bd26623ec6e93c2d4daa,90,1936-06-03,,vigente,normal,1,activo,MUN-03,ZONA-08,CIRC-03,MESA-008
V002454,8b25bd0ea03ff63053b9,78,1948-06-03,,vigente,normal,1,activo,MUN-05,ZONA-10,CIRC-05,MESA-020
V002455,67a94ca9f443ce657772,15,2011-06-04,,vigente,normal,1,activo,MUN-01,ZONA-01,CIRC-01,MESA-051
V002456,5e3017d81df5810e3ae7,85,1941-06-03,,vigente,normal,1,activo,MUN-03,ZONA-03,CIRC-03,MESA-078
V002457,6c12fe56ccc3c8fb5d26,52,1974-06-03,,vigente,normal,1,activo,MUN-04,ZONA-04,CIRC-04,MESA-039
V002458,dde050b9e731f3e691fe,82,1944-06-03,,vigente,normal,1,activo,MUN-02,ZONA-02,CIRC-02,MESA-037
V002459,e60d201a27df55ac82a4,25,2001-06-03,,vigente,normal,1,activo,MUN-05,ZONA-05,CIRC-05,MESA-050
V002460,a9527f0497b97c47c90b,62,1964-06-03,,vigente,normal,1,activo,MUN-04,ZONA-09,CIRC-04,MESA-034
V002461,96cde9e3d02efad054ab,64,1962-06-03,,vigente,normal,1,activo,MUN-05,ZONA-05,CIRC-05,MESA-075
V002462,d9e03f01a9693bf6d4c3,57,1969-06-03,,vigente,normal,1,activo,MUN-03,ZONA-08,CIRC-03,MESA-033
V002463,27a3b7d0131b763b22cf,71,1955-06-04,,vigente,normal,1,activo,MUN-01,ZONA-06,CIRC-01,MESA-031
V002464,cdade759a2e1b34e6a08,63,1963-06-04,,vigente,normal,1,activo,MUN-04,ZONA-04,CIRC-04,MESA-054
V002465,fdacaeebf5001aff9b65,64,1962-06-03,,vigente,normal,1,activo,MUN-04,ZONA-09,CIRC-04,MESA-044
V002466,93e4f8b9e5ecdd8523ab,32,1994-06-03,,vigente,normal,1,activo,MUN-04,ZONA-09,CIRC-04,MESA-034
V002467,e3f65232bc9f910812d8,36,1990-06-03,,vigente,normal,1,activo,MUN-01,ZONA-01,CIRC-01,MESA-071
V002468,fd211a69dcbb63509e50,43,1983-06-04,,vigente,normal,1,activo,MUN-02,ZONA-02,CIRC-02,MESA-062
V002469,2d2f44f4744340c0bec1,69,1957-06-03,,vigente,normal,1,activo,MUN-03,ZONA-03,CIRC-03,MESA-023
V002470,92c124193f69eac76908,39,1987-06-04,,vigente,normal,1,activo,MUN-01,ZONA-01,CIRC-01,MESA-046
V002471,f90e7172561f17c6e2a2,38,1988-06-03,,vigente,normal,1,activo,MUN-01,ZONA-06,CIRC-01,MESA-056
V002472,e9ec5240d59ee4ccea44,68,1958-06-03,,vigente,normal,1,activo,MUN-02,ZONA-07,CIRC-02,MESA-007
V002473,174763350630e11e1b67,55,1971-06-04,,vigente,normal,1,activo,MUN-01,ZONA-01,CIRC-01,MESA-061
V002474,74f07fcb66a77ddaa017,37,1989-06-03,,vigente,normal,1,activo,MUN-03,ZONA-03,CIRC-03,MESA-003
V002475,815f8878047260cce9cf,46,1980-06-03,,vigente,normal,1,activo,MUN-03,ZONA-03,CIRC-03,MESA-038
V002476,07fce5038ce276f3e127,68,1958-06-03,,vigente,normal,1,activo,MUN-04,ZONA-09,CIRC-04,MESA-034
V002477,0b6b309296060f055cfa,21,2005-06-03,,vigente,normal,1,activo,MUN-04,ZONA-09,CIRC-04,MESA-044
V002478,9bc0699efa83ed571dee,72,1954-06-03,,vigente,normal,1,activo,MUN-05,ZONA-05,CIRC-05,MESA-030
V002479,123c0392f0ea98ae96ce,88,1938-06-03,2025-02-25,vigente,fallecido,1,activo,MUN-02,ZONA-07,CIRC-02,MESA-017
V002480,302e19f0a73e9933ad0c,45,1981-06-03,,vigente,normal,1,activo,MUN-04,ZONA-09,CIRC-04,MESA-059
V002481,1b4811f295c0e1671c6c,21,2005-06-03,,vigente,normal,1,activo,MUN-05,ZONA-10,CIRC-05,MESA-010
V002482,c871957014a1d811665f,39,1987-06-04,,vigente,normal,1,activo,MUN-03,ZONA-08,CIRC-03,MESA-018
V002483,05703fc04b11ed6f89a7,62,1964-06-03,,vigente,normal,1,activo,MUN-05,ZONA-10,CIRC-05,MESA-045
V002484,77c718305823f2fd01cb,84,1942-06-03,,vigente,normal,1,activo,MUN-04,ZONA-09,CIRC-04,MESA-059
V002485,8372856eaff1cb02ceed,83,1943-06-04,,vigente,normal,1,activo,MUN-02,ZONA-02,CIRC-02,MESA-062
V002486,04b4bb832fef774ab850,51,1975-06-04,,vigente,normal,1,activo,MUN-04,ZONA-09,CIRC-04,MESA-059
V002487,3b19624b39c5ea1a7e53,72,1954-06-03,,vigente,normal,1,activo,MUN-04,ZONA-04,CIRC-04,MESA-049
V002488,30dffd4e07eafbe5d688,18,2008-06-03,,vigente,normal,1,activo,MUN-03,ZONA-03,CIRC-03,MESA-063
V002489,024ecba321941ac7fefc,89,1937-06-03,,vigente,normal,1,activo,MUN-02,ZONA-07,CIRC-02,MESA-032
V002490,ca9979ec80f4743b4398,55,1971-06-04,,vigente,normal,1,activo,MUN-05,ZONA-10,CIRC-05,MESA-010
V002491,d82d7b25dbf7c6bc176c,23,2003-06-04,,vigente,normal,1,activo,MUN-01,ZONA-01,CIRC-01,MESA-011
V002492,352163035749123b8a64,42,1984-06-03,,vigente,normal,1,activo,MUN-05,ZONA-10,CIRC-05,MESA-070
V002493,5f4eb23ebce9c5cf15ff,34,1992-06-03,,vigente,normal,1,activo,MUN-02,ZONA-02,CIRC-02,MESA-062
V002494,8a8dde8c668326299ac2,78,1948-06-03,,vigente,normal,1,activo,MUN-02,ZONA-02,CIRC-02,MESA-047
V002495,4a50bf7165dbd4af8330,29,1997-06-03,,vigente,normal,1,activo,MUN-04,ZONA-09,CIRC-04,MESA-034
V002496,5e6367b00bf15e53d465,23,2003-06-04,,vigente,normal,1,activo,MUN-02,ZONA-07,CIRC-02,MESA-017
V002497,87e86276d85a66861104,44,1982-06-03,,vigente,normal,1,activo,MUN-04,ZONA-04,CIRC-04,MESA-054
V002498,e239a706569b9a212122,25,2001-06-03,,vigente,normal,1,activo,MUN-01,ZONA-01,CIRC-01,MESA-076
V002499,26abccb88bf773d20e45,82,1944-06-03,,vigente,privado_libertad,1,activo,MUN-05,ZONA-05,CIRC-05,MESA-040
V002500,6c534d7bebf0ec2e173b,74,1952-06-03,,vigente,normal,1,activo,MUN-04,ZONA-09,CIRC-04,MESA-019
V002501,5fc565af283e912342dd,57,1969-06-03,,vigente,normal,1,activo,MUN-02,ZONA-07,CIRC-02,MESA-067
V002502,e898bcbf7c1d098e0432,31,1995-06-04,,vigente,normal,1,activo,MUN-03,ZONA-03,CIRC-03,MESA-053
V002503,cfb18816cade83d311b5,52,1974-06-03,,vigente,normal,1,activo,MUN-04,ZONA-04,CIRC-04,MESA-064
V002504,5538726ac942b8424f9e,65,1961-06-03,,vigente,normal,1,activo,MUN-02,ZONA-02,CIRC-02,MESA-047
V002505,db832140c77eda972dec,73,1953-06-03,,vigente,normal,1,activo,MUN-01,ZONA-06,CIRC-01,MESA-006
V002506,e173ea30602f28b28546,66,1960-06-03,,vigente,normal,1,activo,MUN-01,ZONA-06,CIRC-01,MESA-016
V002507,a7ae285cc42d3b0530f8,30,1996-06-03,,vigente,normal,1,activo,MUN-02,ZONA-02,CIRC-02,MESA-072
V002508,ba516760787a364f1cf9,78,1948-06-03,,vigente,normal,1,activo,MUN-03,ZONA-08,CIRC-03,MESA-018
V002509,0334c16d0587a548ca15,66,1960-06-03,,vigente,normal,1,activo,MUN-02,ZONA-02,CIRC-02,MESA-052
V002510,2735a73db6a5d10b83c3,63,1963-06-04,,vigente,normal,1,activo,MUN-03,ZONA-03,CIRC-03,MESA-048
V002511,f7f285c159dcb1f4284b,79,1947-06-04,,vigente,normal,1,activo,MUN-03,ZONA-08,CIRC-03,MESA-043
V002512,d64364104129dd1affd5,25,2001-06-03,,vigente,normal,1,activo,MUN-04,ZONA-04,CIRC-04,MESA-039
V002513,bbadaf7b37e3e65f55e8,60,1966-06-03,,vigente,normal,1,activo,MUN-04,ZONA-04,CIRC-04,MESA-049
V002514,f3f78e81cad933b67b26,37,1989-06-03,,vigente,normal,1,activo,MUN-02,ZONA-02,CIRC-02,MESA-012
V002515,f7b1c56c6d28c85d04ca,56,1970-06-03,,vigente,normal,1,activo,MUN-05,ZONA-10,CIRC-05,MESA-010
V002516,04186e37ce7081317432,66,1960-06-03,,vigente,normal,1,activo,MUN-01,ZONA-01,CIRC-01,MESA-071
V002517,e231d903c51a6be34073,81,1945-06-03,,vigente,normal,1,activo,MUN-05,ZONA-05,CIRC-05,MESA-055
V002518,4c1ef784392added8d84,79,1947-06-04,,vigente,privado_libertad,1,activo,MUN-01,ZONA-01,CIRC-01,MESA-001
V002519,191b56d257302cd9fbe9,71,1955-06-04,,vigente,normal,1,activo,MUN-04,ZONA-04,CIRC-04,MESA-049
V002520,e41db87d3849743dbec1,26,2000-06-03,,vigente,normal,1,activo,MUN-01,ZONA-01,CIRC-01,MESA-036
V002521,67b4ccec3392a71e8365,54,1972-06-03,,vigente,normal,1,activo,MUN-01,ZONA-01,CIRC-01,MESA-021
V002522,f60bff8c58135a16b367,66,1960-06-03,,vigente,normal,1,activo,MUN-02,ZONA-02,CIRC-02,MESA-037
V002523,e3295418444dc26eb638,58,1968-06-03,,vigente,normal,1,activo,MUN-04,ZONA-04,CIRC-04,MESA-024
V002524,3e4f6fbf3e7335ca1942,34,1992-06-03,,vigente,normal,1,activo,MUN-05,ZONA-05,CIRC-05,MESA-055
V002525,69001a8943180e8a193e,117,1909-06-03,,vigente,normal,1,activo,MUN-05,ZONA-05,CIRC-05,MESA-025
V002526,fd273f7d56a2493e82e4,68,1958-06-03,,vigente,normal,1,activo,MUN-02,ZONA-07,CIRC-02,MESA-007
V002527,cfdce3a525af450805e1,76,1950-06-03,,vigente,normal,1,activo,MUN-01,ZONA-01,CIRC-01,MESA-071
V002528,b678306d48c06a2faaaf,56,1970-06-03,,vigente,normal,1,activo,MUN-01,ZONA-01,CIRC-01,MESA-071
V002529,ba7d0099229698f31f7e,72,1954-06-03,,vigente,normal,1,activo,MUN-04,ZONA-04,CIRC-04,MESA-024
V002530,0aa9e27acbdfb6ae63fa,58,1968-06-03,,vigente,normal,1,activo,MUN-01,ZONA-01,CIRC-01,MESA-011
V002531,58d75ebc101222737a9f,56,1970-06-03,,vigente,normal,1,activo,MUN-03,ZONA-03,CIRC-03,MESA-073
V002532,bcc7e0685fb3d6e536a0,30,1996-06-03,,vigente,normal,1,activo,MUN-02,ZONA-02,CIRC-02,MESA-012
V002533,21b6e9d20d5d098dd2a0,81,1945-06-03,,vigente,normal,1,activo,MUN-05,ZONA-10,CIRC-05,MESA-035
V002534,005c781de9fe2b590d78,28,1998-06-03,,vigente,normal,1,activo,MUN-03,ZONA-03,CIRC-03,MESA-063
V002535,187c99883c9e04fd6995,36,1990-06-03,,vigente,normal,1,activo,MUN-03,ZONA-08,CIRC-03,MESA-068
V002536,064cd1a0cbd7b2b6befd,28,1998-06-03,,vigente,normal,1,activo,MUN-02,ZONA-07,CIRC-02,MESA-057
V002537,6ce9297f361dece87a1f,63,1963-06-04,,vigente,normal,1,activo,MUN-03,ZONA-03,CIRC-03,MESA-013
V002538,c5dff89e584ed85e3738,62,1964-06-03,,vigente,normal,1,activo,MUN-03,ZONA-03,CIRC-03,MESA-023
V002539,e522993406da09f17b17,18,2008-06-03,,vigente,normal,1,activo,MUN-04,ZONA-04,CIRC-04,MESA-039
V002540,18190c337c696015a2b8,57,1969-06-03,,vigente,normal,1,activo,MUN-05,ZONA-05,CIRC-05,MESA-080
V002541,857d910de58fb41ace6d,36,1990-06-03,,vigente,normal,1,activo,MUN-02,ZONA-02,CIRC-02,MESA-012
V002542,04740d0a759260a4805b,89,1937-06-03,,vigente,normal,1,activo,MUN-04,ZONA-09,CIRC-04,MESA-034
V002543,bcdb303279a349566934,89,1937-06-03,,vigente,normal,1,activo,MUN-01,ZONA-01,CIRC-01,MESA-071
V002544,10fca83bf57972a55cc0,78,1948-06-03,,vigente,normal,1,activo,MUN-05,ZONA-05,CIRC-05,MESA-075
V002545,0283a683ac620131c42a,29,1997-06-03,,vigente,normal,1,activo,MUN-01,ZONA-06,CIRC-01,MESA-031
V002546,245c7a78df82dd74ff3a,128,1898-06-02,,vigente,normal,1,activo,MUN-02,ZONA-02,CIRC-02,MESA-062
V002547,55defd9c48c40ea585d6,50,1976-06-03,,vigente,normal,1,activo,MUN-03,ZONA-03,CIRC-03,MESA-013
V002548,ceb0a0705b279225f66e,62,1964-06-03,,vigente,normal,1,activo,MUN-01,ZONA-06,CIRC-01,MESA-031
V002549,4c5cc78570783f604b99,86,1940-06-03,,vigente,normal,1,activo,MUN-02,ZONA-02,CIRC-02,MESA-002
V002550,cc0bf72bc77ba62ceaf0,25,2001-06-03,,vigente,normal,1,activo,MUN-05,ZONA-05,CIRC-05,MESA-015
V002551,86dd1fb04122b3ff6636,42,1984-06-03,,vigente,normal,1,activo,MUN-02,ZONA-07,CIRC-02,MESA-057
V002552,6b0167b1b1c3c35184d3,63,1963-06-04,,vigente,normal,1,activo,MUN-05,ZONA-05,CIRC-05,MESA-075
V002553,75e8a3c07d8a8494020d,47,1979-06-04,,vigente,normal,1,activo,MUN-04,ZONA-09,CIRC-04,MESA-034
V002554,98a0930db435412e1355,64,1962-06-03,,vigente,normal,1,activo,MUN-03,ZONA-08,CIRC-03,MESA-068
V002555,52a4ce8b93e00306db51,66,1960-06-03,,vigente,normal,1,activo,MUN-05,ZONA-05,CIRC-05,MESA-075
V002556,8bf5c21f4219ea59c734,64,1962-06-03,,vigente,normal,1,activo,MUN-04,ZONA-04,CIRC-04,MESA-029
V002557,be5393c6d73c4285e651,35,1991-06-04,,vigente,normal,1,activo,MUN-01,ZONA-06,CIRC-01,MESA-066
V002558,4b6e7a899466972878f2,83,1943-06-04,,vigente,normal,1,activo,MUN-01,ZONA-06,CIRC-01,MESA-016
V002559,fe67c238b36b202cbfb3,85,1941-06-03,,vigente,normal,1,activo,MUN-04,ZONA-04,CIRC-04,MESA-039
V002560,4ca9304b18e2f8893ca4,50,1976-06-03,,vigente,normal,1,activo,MUN-02,ZONA-02,CIRC-02,MESA-077
V002561,e5418e4326ac779b9795,53,1973-06-03,,vigente,normal,1,activo,MUN-02,ZONA-02,CIRC-02,MESA-037
V002562,0ddab9ac6e1280f0238f,36,1990-06-03,,vigente,normal,1,activo,MUN-01,ZONA-01,CIRC-01,MESA-021
V002563,b5f3e24bf139a317a348,45,1981-06-03,,vigente,normal,1,activo,MUN-04,ZONA-09,CIRC-04,MESA-044
V002564,d687107b261bf2625095,57,1969-06-03,,vigente,normal,1,activo,MUN-04,ZONA-09,CIRC-04,MESA-019
V002565,7dbce793a7cbfb2d6158,32,1994-06-03,,vigente,normal,1,activo,MUN-01,ZONA-01,CIRC-01,MESA-071
V002566,e5e86a4f15586c203fbf,58,1968-06-03,,vigente,normal,1,activo,MUN-03,ZONA-08,CIRC-03,MESA-008
V002567,3216273cf424216dbe63,56,1970-06-03,,vigente,normal,1,activo,MUN-02,ZONA-02,CIRC-02,MESA-077
V002568,24d6631c317d1f603442,19,2007-06-04,,vigente,normal,1,activo,MUN-01,ZONA-06,CIRC-01,MESA-066
V002569,aaa592244357ec3e1965,80,1946-06-03,,vigente,normal,1,activo,MUN-01,ZONA-06,CIRC-01,MESA-041
V002570,fab7012a5569d07442ce,46,1980-06-03,,vigente,normal,1,activo,MUN-05,ZONA-05,CIRC-05,MESA-075
V002571,8d87ae8e2695e0e9f52f,83,1943-06-04,,vigente,normal,1,activo,MUN-05,ZONA-10,CIRC-05,MESA-070
V002572,3e52d3d03b9845e7c03e,68,1958-06-03,,vigente,normal,1,activo,MUN-01,ZONA-01,CIRC-01,MESA-061
V002573,1d6f59a76a7cfba2c1c7,27,1999-06-04,,vigente,normal,1,activo,MUN-01,ZONA-01,CIRC-01,MESA-026
V002574,eb0d2bbde15fdab5c5ea,31,1995-06-04,,vigente,normal,1,activo,MUN-01,ZONA-01,CIRC-01,MESA-071
V002575,6ee1459cd1e6fcb28d9a,68,1958-06-03,,vigente,normal,1,activo,MUN-05,ZONA-10,CIRC-05,MESA-070
V002576,0c612362affa1ae76adf,90,1936-06-03,,vigente,normal,1,activo,MUN-04,ZONA-04,CIRC-04,MESA-029
V002577,55b71b77e705cac8c5df,56,1970-06-03,,vigente,normal,1,activo,MUN-01,ZONA-06,CIRC-01,MESA-066
V002578,b2df231c4be02d0fe217,45,1981-06-03,,vigente,normal,1,activo,MUN-04,ZONA-09,CIRC-04,MESA-019
V002579,9ed8c90854c92de00048,20,2006-06-03,,vigente,normal,1,activo,MUN-03,ZONA-08,CIRC-03,MESA-068
V002580,1b2ce1b163fda422530a,87,1939-06-04,,vigente,normal,1,activo,MUN-03,ZONA-08,CIRC-03,MESA-058
V002581,f487ac6a86c25985eeb1,44,1982-06-03,,vigente,normal,1,activo,MUN-05,ZONA-10,CIRC-05,MESA-070
V002582,2f0844b3c47d5b905598,19,2007-06-04,,vigente,normal,1,activo,MUN-02,ZONA-07,CIRC-02,MESA-057
V002583,a2bcf0bcdeca295e4ab2,55,1971-06-04,,vigente,normal,1,activo,MUN-02,ZONA-02,CIRC-02,MESA-037
V002584,bd45732fe6e6af1bf9f0,20,2006-06-03,,vigente,normal,1,activo,MUN-01,ZONA-01,CIRC-01,MESA-061
V002585,7c4e60cd55d30b024a3d,33,1993-06-03,,vigente,normal,1,activo,MUN-05,ZONA-05,CIRC-05,MESA-030
V002586,14932a67dc4d7711a1cf,57,1969-06-03,,vigente,normal,1,activo,MUN-01,ZONA-01,CIRC-01,MESA-071
V002587,07fb4bfbab665d329fab,19,2007-06-04,,vigente,normal,1,activo,MUN-03,ZONA-03,CIRC-03,MESA-073
V002588,a2d183c5bd0dd4f28ac7,58,1968-06-03,2025-11-22,vigente,fallecido,1,activo,MUN-05,ZONA-05,CIRC-05,MESA-025
V002589,c6ad98ced5fb93433031,29,1997-06-03,,vigente,normal,1,activo,MUN-05,ZONA-05,CIRC-05,MESA-065
V002590,a9c3f3f8e585a8e523f5,52,1974-06-03,2025-11-26,vigente,fallecido,1,activo,MUN-01,ZONA-06,CIRC-01,MESA-006
V002591,46ce6dfd2c1be72514af,82,1944-06-03,2024-10-14,vigente,fallecido,1,activo,MUN-03,ZONA-08,CIRC-03,MESA-018
V002592,5eec4c3ef48611491bb9,72,1954-06-03,,vigente,normal,1,activo,MUN-05,ZONA-10,CIRC-05,MESA-010
V002593,831838947eca5c7d24df,62,1964-06-03,,vigente,normal,1,activo,MUN-01,ZONA-01,CIRC-01,MESA-011
V002594,a35c7d515dc8fcccb711,79,1947-06-04,,vigente,normal,1,activo,MUN-05,ZONA-05,CIRC-05,MESA-065
V002595,8b0997abe3ab959eb05e,66,1960-06-03,,vigente,normal,1,activo,MUN-02,ZONA-02,CIRC-02,MESA-077
V002596,d71c7ee20669892109fe,42,1984-06-03,,vigente,normal,1,activo,MUN-05,ZONA-05,CIRC-05,MESA-065
V002597,709717188a54cff66742,40,1986-06-03,,vigente,normal,1,activo,MUN-02,ZONA-02,CIRC-02,MESA-052
V002598,47c13014e0c8028314c0,41,1985-06-03,,vigente,normal,1,activo,MUN-02,ZONA-07,CIRC-02,MESA-067
V002599,f933e8e536befc291ed9,55,1971-06-04,,vigente,normal,1,activo,MUN-03,ZONA-03,CIRC-03,MESA-078
V002600,ad57e5b6320e3b4c1590,45,1981-06-03,,vigente,normal,1,activo,MUN-01,ZONA-06,CIRC-01,MESA-031
V002601,0cb59bf878b9a057bcf4,38,1988-06-03,,vigente,normal,1,activo,MUN-02,ZONA-07,CIRC-02,MESA-017
V002602,6b4abdc3a0cb9ca277f3,71,1955-06-04,,vigente,normal,1,activo,MUN-05,ZONA-05,CIRC-05,MESA-055
V002603,0c92f3bd65ccf11b5f4a,35,1991-06-04,,vigente,normal,1,activo,MUN-01,ZONA-01,CIRC-01,MESA-036
V002604,d23d6c6246c068ac764d,53,1973-06-03,,vigente,normal,1,activo,MUN-01,ZONA-01,CIRC-01,MESA-026
V002605,67e4bf59e4fdc0dc5d39,62,1964-06-03,,vigente,normal,1,activo,MUN-03,ZONA-03,CIRC-03,MESA-053
V002606,c1961a830556909b6417,90,1936-06-03,,vigente,normal,1,activo,MUN-02,ZONA-07,CIRC-02,MESA-017
V002607,01229c479789f1a94f88,70,1956-06-03,,vigente,normal,1,activo,MUN-05,ZONA-05,CIRC-05,MESA-025
V002608,8415aba70924897debf7,47,1979-06-04,,vigente,normal,1,activo,MUN-02,ZONA-02,CIRC-02,MESA-002
V002609,636b70c57b9ab69146fd,77,1949-06-03,,vigente,normal,1,activo,MUN-05,ZONA-05,CIRC-05,MESA-005
V002610,722488eb2884906e2042,49,1977-06-03,,vigente,normal,1,activo,MUN-04,ZONA-04,CIRC-04,MESA-004
V002611,213d73b893763ae3ca54,84,1942-06-03,,vigente,normal,1,activo,MUN-01,ZONA-01,CIRC-01,MESA-036
V002612,c0ef80badb39538b3eff,84,1942-06-03,,vigente,normal,1,activo,MUN-01,ZONA-06,CIRC-01,MESA-006
V002613,81ea108f40af766a7cbc,45,1981-06-03,,vigente,normal,1,activo,MUN-01,ZONA-01,CIRC-01,MESA-021
V002614,1e2cab2a20eefaa51104,61,1965-06-03,,vigente,normal,1,activo,MUN-02,ZONA-02,CIRC-02,MESA-077
V002615,2b05e336627397c3d081,58,1968-06-03,,vigente,normal,1,activo,MUN-01,ZONA-01,CIRC-01,MESA-026
V002616,8336c0a3ee6ea7e9c8ef,80,1946-06-03,,vigente,normal,1,activo,MUN-05,ZONA-05,CIRC-05,MESA-055
V002617,3c2d411a315e3d279a96,40,1986-06-03,,vigente,normal,1,activo,MUN-04,ZONA-04,CIRC-04,MESA-039
V002618,4019ec89ae7ddee7c59f,65,1961-06-03,,vigente,normal,1,activo,MUN-03,ZONA-08,CIRC-03,MESA-033
V002619,5615f1cc4f3e0584d839,49,1977-06-03,,vigente,normal,1,activo,MUN-04,ZONA-04,CIRC-04,MESA-014
V002620,5afb0ee26d37a96dc9d4,74,1952-06-03,,vigente,normal,1,activo,MUN-01,ZONA-06,CIRC-01,MESA-056
V002621,97e81125f22f889db486,50,1976-06-03,,vigente,normal,1,activo,MUN-01,ZONA-01,CIRC-01,MESA-021
V002622,2adb4f971103e3cc488a,41,1985-06-03,,vigente,normal,1,activo,MUN-01,ZONA-01,CIRC-01,MESA-046
V002623,6e62b90b2f03d5c7a7fe,56,1970-06-03,,vigente,normal,1,activo,MUN-01,ZONA-06,CIRC-01,MESA-016
V002624,de21ad21ab78e35d669f,51,1975-06-04,,vigente,normal,1,activo,MUN-01,ZONA-06,CIRC-01,MESA-016
V002625,a9de87c37a6bb796e8bc,73,1953-06-03,,vigente,normal,1,activo,MUN-04,ZONA-04,CIRC-04,MESA-029
V002626,cf2cc1bbf100124946ea,45,1981-06-03,,vigente,inhabilitado,1,activo,MUN-03,ZONA-08,CIRC-03,MESA-008
V002627,e6a8c4c629bb289797cf,54,1972-06-03,,vigente,normal,1,activo,MUN-03,ZONA-03,CIRC-03,MESA-003
V002628,5280d45df6a8a55afe5b,24,2002-06-03,,vigente,normal,1,activo,MUN-04,ZONA-09,CIRC-04,MESA-019
V002629,7c36ed86f4862bf7229c,85,1941-06-03,,vigente,normal,1,activo,MUN-01,ZONA-06,CIRC-01,MESA-066
V002630,e91e90ebca2310332622,54,1972-06-03,2024-11-22,vigente,fallecido,1,activo,MUN-04,ZONA-04,CIRC-04,MESA-079
V002631,0fd2878d48958d31c345,73,1953-06-03,,vigente,normal,1,activo,MUN-04,ZONA-04,CIRC-04,MESA-074
V002632,2c9abcbf7895cd94d521,16,2010-06-03,,vigente,normal,1,activo,MUN-02,ZONA-02,CIRC-02,MESA-022
V002633,7b2d162641d420c1d950,82,1944-06-03,,vigente,normal,1,activo,MUN-01,ZONA-01,CIRC-01,MESA-046
V002634,b4cfe9241930f87a67f1,64,1962-06-03,,vigente,normal,1,activo,MUN-03,ZONA-03,CIRC-03,MESA-013
V002635,edefeea53c0b04f540b0,37,1989-06-03,,vigente,normal,1,activo,MUN-03,ZONA-08,CIRC-03,MESA-033
V002636,8d48281b1713baa5e0d1,36,1990-06-03,,vigente,normal,1,activo,MUN-05,ZONA-05,CIRC-05,MESA-005
V002637,62ba26ca0e9468bfeb77,46,1980-06-03,,vigente,normal,1,activo,MUN-02,ZONA-02,CIRC-02,MESA-077
V002638,25bdfb3b7fc657d64701,77,1949-06-03,2024-06-11,vigente,fallecido,1,activo,MUN-02,ZONA-02,CIRC-02,MESA-027
V002639,3448213292cd9031d475,35,1991-06-04,,vigente,normal,1,activo,MUN-03,ZONA-03,CIRC-03,MESA-078
V002640,7925d2d28052637c05b3,52,1974-06-03,,vigente,normal,1,activo,MUN-04,ZONA-04,CIRC-04,MESA-024
V002641,e968c8165bf9c44fd0f5,60,1966-06-03,,vigente,normal,1,activo,MUN-02,ZONA-07,CIRC-02,MESA-067
V002642,cee646cae64e2a24488f,28,1998-06-03,,vigente,normal,1,activo,MUN-03,ZONA-03,CIRC-03,MESA-063
V002643,17214bfd667d93bf97b8,66,1960-06-03,,vigente,normal,1,activo,MUN-03,ZONA-03,CIRC-03,MESA-048
V002644,0341be5ad8f74f8533f7,55,1971-06-04,,vigente,normal,1,activo,MUN-03,ZONA-03,CIRC-03,MESA-063
V002645,2e56415903eec6e37349,81,1945-06-03,,vigente,normal,1,activo,MUN-03,ZONA-03,CIRC-03,MESA-078
V002646,71922c5c0b8488166d12,86,1940-06-03,,vigente,normal,1,activo,MUN-02,ZONA-02,CIRC-02,MESA-012
V002647,3c22fcebab51025549ae,25,2001-06-03,,vigente,normal,1,activo,MUN-03,ZONA-03,CIRC-03,MESA-028
V002648,0d94db53ae0b2845f109,51,1975-06-04,,vigente,normal,1,activo,MUN-04,ZONA-09,CIRC-04,MESA-044
V002649,f31740549406142ec0bd,65,1961-06-03,,vigente,normal,1,activo,MUN-03,ZONA-08,CIRC-03,MESA-043
V002650,176d5c805b0050bb1898,73,1953-06-03,,vigente,normal,1,activo,MUN-02,ZONA-07,CIRC-02,MESA-017
V002651,9034ff6701be1f8b32a6,82,1944-06-03,,vigente,normal,1,activo,MUN-05,ZONA-05,CIRC-05,MESA-040
V002652,4464298874fe7d060321,48,1978-06-03,,cancelado,normal,1,activo,MUN-04,ZONA-04,CIRC-04,MESA-049
V002653,3e115dbfa962aeb42a17,21,2005-06-03,,vigente,normal,1,activo,MUN-02,ZONA-07,CIRC-02,MESA-057
V002654,cbfe89d1def4bf6b709b,67,1959-06-04,,vigente,normal,1,activo,MUN-04,ZONA-04,CIRC-04,MESA-064
V002655,2fb62e8e477c2342edc8,86,1940-06-03,,vigente,normal,1,activo,MUN-05,ZONA-05,CIRC-05,MESA-075
V002656,a7805fb7d642752d10ed,47,1979-06-04,,vigente,normal,1,activo,MUN-02,ZONA-07,CIRC-02,MESA-057
V002657,f9c73a60eec5755de7a2,76,1950-06-03,,vigente,normal,1,activo,MUN-04,ZONA-04,CIRC-04,MESA-074
V002658,28226f8a89e36db0ac57,84,1942-06-03,,vigente,normal,1,activo,MUN-04,ZONA-04,CIRC-04,MESA-074
V002659,c748a44db45cc70c0500,62,1964-06-03,,vigente,normal,1,activo,MUN-05,ZONA-10,CIRC-05,MESA-070
V002660,b73e27ff30e5aefa4872,21,2005-06-03,,vigente,normal,1,activo,MUN-01,ZONA-01,CIRC-01,MESA-076
V002661,66e9de04dfabc3456250,43,1983-06-04,,vigente,normal,1,activo,MUN-03,ZONA-08,CIRC-03,MESA-043
V002662,b89cbcb7a066a68aaeb0,44,1982-06-03,,vigente,normal,1,activo,MUN-03,ZONA-03,CIRC-03,MESA-023
V002663,d74f478d61aaf0319a92,63,1963-06-04,,vigente,normal,1,activo,MUN-02,ZONA-02,CIRC-02,MESA-027
V002664,25f40b099f52459ca5bc,81,1945-06-03,,vigente,normal,1,activo,MUN-03,ZONA-08,CIRC-03,MESA-058
V002665,b6bf07dd9d7e986efb18,68,1958-06-03,,vigente,normal,1,activo,MUN-02,ZONA-02,CIRC-02,MESA-037
V002666,0b1aac20623f43420241,67,1959-06-04,,vigente,normal,1,activo,MUN-01,ZONA-06,CIRC-01,MESA-006
V002667,d24385c0e4493f829485,23,2003-06-04,,vigente,normal,1,activo,MUN-05,ZONA-05,CIRC-05,MESA-065
V002668,765949305c7ad1238b6d,76,1950-06-03,,vigente,normal,1,activo,MUN-01,ZONA-06,CIRC-01,MESA-006
V002669,97db827437e8bd27d219,32,1994-06-03,,vigente,normal,1,activo,MUN-05,ZONA-05,CIRC-05,MESA-050
V002670,9c8f827d2bc14720dee1,47,1979-06-04,,vigente,normal,1,activo,MUN-02,ZONA-02,CIRC-02,MESA-022
V002671,627a0a3497ed3b0a3c8e,59,1967-06-04,,vigente,normal,1,activo,MUN-05,ZONA-05,CIRC-05,MESA-025
V002672,4276616ca3a5788526c0,54,1972-06-03,,vigente,normal,1,activo,MUN-04,ZONA-04,CIRC-04,MESA-079
V002673,239c9a581528754cf161,59,1967-06-04,,vigente,normal,1,activo,MUN-02,ZONA-02,CIRC-02,MESA-072
V002674,6bd6f75d757f8224269e,52,1974-06-03,,vigente,normal,1,activo,MUN-01,ZONA-01,CIRC-01,MESA-051
V002675,5e85ab21a8e750e37863,23,2003-06-04,,vigente,normal,1,activo,MUN-03,ZONA-03,CIRC-03,MESA-048
V002676,e49414e45df9426da3d9,85,1941-06-03,,vigente,normal,1,activo,MUN-05,ZONA-10,CIRC-05,MESA-070
V002677,1363a3f05c0284de5331,35,1991-06-04,,vigente,normal,1,activo,MUN-05,ZONA-05,CIRC-05,MESA-065
V002678,7adbfd0ea57fd660d280,90,1936-06-03,2025-01-16,vigente,fallecido,1,activo,MUN-05,ZONA-10,CIRC-05,MESA-060
V002679,8f068cb4d81de4440722,46,1980-06-03,,vigente,normal,1,activo,MUN-01,ZONA-01,CIRC-01,MESA-046
V002680,51da67b1f2496f122895,76,1950-06-03,,vigente,normal,1,activo,MUN-01,ZONA-01,CIRC-01,MESA-036
V002681,88fb16aedfa074b882b4,64,1962-06-03,,vigente,normal,1,activo,MUN-03,ZONA-08,CIRC-03,MESA-058
V002682,3b2f810834feeb87fc79,34,1992-06-03,,vigente,normal,1,activo,MUN-01,ZONA-01,CIRC-01,MESA-076
V002683,5313e168a99c881226a0,39,1987-06-04,,vigente,normal,1,activo,MUN-03,ZONA-03,CIRC-03,MESA-038
V002684,e82a658cf69b1e4b6c92,85,1941-06-03,,vigente,normal,1,activo,MUN-01,ZONA-01,CIRC-01,MESA-011
V002685,b44f869541e1ff1d1199,86,1940-06-03,,cancelado,normal,1,activo,MUN-02,ZONA-02,CIRC-02,MESA-012
V002686,869b4c856b7ea480a941,54,1972-06-03,,vigente,normal,1,activo,MUN-02,ZONA-07,CIRC-02,MESA-042
V002687,e110a517a481bef90d3b,66,1960-06-03,,vigente,normal,1,activo,MUN-04,ZONA-04,CIRC-04,MESA-039
V002688,4db552366c8cf2da94e0,30,1996-06-03,,vigente,normal,1,activo,MUN-01,ZONA-01,CIRC-01,MESA-071
V002689,3c4ffc7e52a8eb893212,51,1975-06-04,,vigente,normal,1,activo,MUN-01,ZONA-01,CIRC-01,MESA-011
V002690,7f0da5bd4a965962f237,70,1956-06-03,,vigente,normal,1,activo,MUN-01,ZONA-01,CIRC-01,MESA-036
V002691,7eeec2415c48eed93d4d,68,1958-06-03,,vigente,normal,1,activo,MUN-02,ZONA-02,CIRC-02,MESA-052
V002692,4aea36ec2fe2538cb934,20,2006-06-03,,vigente,normal,1,activo,MUN-01,ZONA-06,CIRC-01,MESA-031
V002693,f6b2eee834488c4eb71f,59,1967-06-04,,vigente,normal,1,activo,MUN-03,ZONA-08,CIRC-03,MESA-033
V002694,24376965899ea5606b56,49,1977-06-03,,vigente,normal,1,activo,MUN-03,ZONA-03,CIRC-03,MESA-013
V002695,230b4e7cd292881c56d6,68,1958-06-03,,vigente,normal,1,activo,MUN-03,ZONA-08,CIRC-03,MESA-018
V002696,2625714c8441e41627e1,63,1963-06-04,,vigente,normal,1,activo,MUN-01,ZONA-06,CIRC-01,MESA-041
V002697,4955a4c3b42a9f7f1a1a,38,1988-06-03,,vigente,normal,1,activo,MUN-03,ZONA-08,CIRC-03,MESA-058
V002698,f5b89e4fd2f178a672fa,61,1965-06-03,,vigente,normal,1,activo,MUN-01,ZONA-06,CIRC-01,MESA-056
V002699,2bed49f5abf4f79844f3,28,1998-06-03,,vigente,normal,1,activo,MUN-04,ZONA-04,CIRC-04,MESA-024
V002700,d834fd8cea6de7ee81ec,85,1941-06-03,,vigente,normal,1,activo,MUN-03,ZONA-03,CIRC-03,MESA-073
V002701,9df642bff57c97fd3b04,18,2008-06-03,,vigente,normal,1,activo,MUN-01,ZONA-06,CIRC-01,MESA-031
V002702,7b51fdd85423fc2b628c,80,1946-06-03,,vigente,normal,1,activo,MUN-05,ZONA-05,CIRC-05,MESA-055
V002703,546118570f23a74d1734,41,1985-06-03,,vigente,normal,1,activo,MUN-05,ZONA-10,CIRC-05,MESA-010
V002704,07d8fbd9751fc6b94f9e,15,2011-06-04,,vigente,normal,1,activo,MUN-05,ZONA-10,CIRC-05,MESA-060
V002705,b059e4d60dce10db73e2,28,1998-06-03,,vigente,normal,1,activo,MUN-02,ZONA-02,CIRC-02,MESA-002
V002706,ebaeac1a0f1f1d67d327,68,1958-06-03,,vigente,normal,1,activo,MUN-05,ZONA-05,CIRC-05,MESA-015
V002707,c4346e7d87aad7e41756,34,1992-06-03,,vigente,normal,1,activo,MUN-03,ZONA-03,CIRC-03,MESA-003
V002708,e8668daff10696034f22,41,1985-06-03,,vigente,normal,1,activo,MUN-03,ZONA-08,CIRC-03,MESA-043
V002709,f35a3f97b0ce422ef49a,36,1990-06-03,,vigente,normal,1,activo,MUN-01,ZONA-06,CIRC-01,MESA-031
V002710,37b8c35c0eb8433f47cf,54,1972-06-03,,vigente,normal,1,activo,MUN-05,ZONA-10,CIRC-05,MESA-070
V002711,f74609ce5b504a009e8b,25,2001-06-03,,vigente,normal,1,activo,MUN-02,ZONA-07,CIRC-02,MESA-067
V002712,11e638a56d4f7801bbb7,17,2009-06-03,,vigente,normal,1,activo,MUN-01,ZONA-06,CIRC-01,MESA-056
V002713,6c9d49a57275f621b231,22,2004-06-03,,vigente,normal,1,activo,MUN-03,ZONA-03,CIRC-03,MESA-063
V002714,bbdb3d4d83818ba3ae2d,34,1992-06-03,,vigente,normal,1,activo,MUN-05,ZONA-05,CIRC-05,MESA-075
V002715,f69db461e225c66f246d,53,1973-06-03,,vigente,normal,1,activo,MUN-05,ZONA-05,CIRC-05,MESA-015
V002716,83a0f71e7fbd460be6eb,36,1990-06-03,,vigente,normal,1,activo,MUN-05,ZONA-10,CIRC-05,MESA-010
V002717,2fede12522f7f126cc7b,81,1945-06-03,,vigente,normal,1,activo,MUN-03,ZONA-03,CIRC-03,MESA-038
V002718,54d075a922982c7c786d,28,1998-06-03,,vigente,normal,1,activo,MUN-02,ZONA-02,CIRC-02,MESA-047
V002719,9155484663f47fd9018b,71,1955-06-04,,vigente,normal,1,activo,MUN-02,ZONA-07,CIRC-02,MESA-057
V002720,85b92e50ba4fc1b04de4,62,1964-06-03,,vigente,normal,1,activo,MUN-05,ZONA-05,CIRC-05,MESA-050
V002721,361f8cf60de60d8a76a1,64,1962-06-03,,vigente,normal,1,activo,MUN-01,ZONA-01,CIRC-01,MESA-071
V002722,7ab099110cc422407afe,29,1997-06-03,,vigente,normal,1,activo,MUN-05,ZONA-05,CIRC-05,MESA-015
V002723,c93538cc8c23a2b6e3c0,38,1988-06-03,,vigente,normal,1,activo,MUN-03,ZONA-08,CIRC-03,MESA-018
V002724,810cb4f7655bcf972d0a,28,1998-06-03,,vigente,normal,1,activo,MUN-02,ZONA-02,CIRC-02,MESA-002
V002725,415ad6d56dad3ed4add3,126,1900-06-03,,vigente,normal,1,activo,MUN-03,ZONA-08,CIRC-03,MESA-043
V002726,733470780b9c67d1e82d,73,1953-06-03,,vigente,normal,1,activo,MUN-01,ZONA-01,CIRC-01,MESA-026
V002727,6887427cb156c5cddbb7,37,1989-06-03,,vigente,normal,1,activo,MUN-01,ZONA-01,CIRC-01,MESA-071
V002728,f6d926f0330d2b17b386,58,1968-06-03,,vigente,normal,1,activo,MUN-03,ZONA-03,CIRC-03,MESA-038
V002729,2d102842571e271c1e55,63,1963-06-04,,vigente,normal,1,activo,MUN-02,ZONA-07,CIRC-02,MESA-042
V002730,e04dfb9f209870b492f5,29,1997-06-03,,vigente,normal,1,activo,MUN-05,ZONA-05,CIRC-05,MESA-005
V002731,2146d991826aeaaf6232,87,1939-06-04,,vigente,normal,1,activo,MUN-01,ZONA-01,CIRC-01,MESA-011
V002732,392ac1b521866e13895e,34,1992-06-03,,vigente,normal,1,activo,MUN-05,ZONA-05,CIRC-05,MESA-065
V002733,b46c1396d189f841b533,36,1990-06-03,,vigente,normal,1,activo,MUN-04,ZONA-09,CIRC-04,MESA-034
V002734,2dbe0da2e71cbe3dda32,43,1983-06-04,,vigente,normal,1,activo,MUN-01,ZONA-01,CIRC-01,MESA-001
V002735,e5aafd6ede4fcf371048,65,1961-06-03,,vigente,normal,1,activo,MUN-02,ZONA-02,CIRC-02,MESA-002
V002736,f41cd141821f4b13d9ff,69,1957-06-03,,vigente,normal,1,activo,MUN-05,ZONA-10,CIRC-05,MESA-020
V002737,89887f8b2c4cd5e09fcc,87,1939-06-04,,vigente,normal,1,activo,MUN-01,ZONA-01,CIRC-01,MESA-061
V002738,03723a8516024958c139,72,1954-06-03,,vigente,normal,1,activo,MUN-01,ZONA-01,CIRC-01,MESA-021
V002739,258c65e8e9cd21d0358e,50,1976-06-03,,vigente,normal,1,activo,MUN-03,ZONA-08,CIRC-03,MESA-068
V002740,5ace56ed6b6e95d966d3,79,1947-06-04,2024-04-03,vigente,fallecido,1,activo,MUN-02,ZONA-02,CIRC-02,MESA-012
V002741,1da9f1145dddc7739a81,40,1986-06-03,,vigente,normal,1,activo,MUN-02,ZONA-02,CIRC-02,MESA-022
V002742,22ae2265765236b53fc5,32,1994-06-03,,vigente,normal,1,activo,MUN-05,ZONA-10,CIRC-05,MESA-020
V002743,bc537a8c20ae20c90a93,44,1982-06-03,,cancelado,normal,1,activo,MUN-01,ZONA-01,CIRC-01,MESA-001
V002744,fe6d97b2395719241d7a,81,1945-06-03,,vigente,normal,1,activo,MUN-05,ZONA-05,CIRC-05,MESA-030
V002745,98945788a851ce39c4ec,68,1958-06-03,,vigente,normal,1,activo,MUN-04,ZONA-04,CIRC-04,MESA-024
V002746,e8f7e9dfedce4e2e8273,70,1956-06-03,,vigente,normal,1,activo,MUN-04,ZONA-04,CIRC-04,MESA-014
V002747,30b0a6d49fe5b3e9a63e,68,1958-06-03,,vigente,normal,1,activo,MUN-01,ZONA-01,CIRC-01,MESA-036
V002748,3edddec7f09a9a6a0ce4,64,1962-06-03,,vigente,normal,1,activo,MUN-04,ZONA-09,CIRC-04,MESA-069
V002749,29faf6a16bec4be77dc1,21,2005-06-03,,vigente,normal,1,activo,MUN-05,ZONA-05,CIRC-05,MESA-075
V002750,b3a6086e6bd8a754b2f1,24,2002-06-03,,vigente,normal,1,activo,MUN-04,ZONA-04,CIRC-04,MESA-024
V002751,65f53eba344735df17ff,52,1974-06-03,,vigente,normal,1,activo,MUN-05,ZONA-10,CIRC-05,MESA-060
V002752,6d5622bd50f386f33214,65,1961-06-03,,vigente,normal,1,activo,MUN-05,ZONA-05,CIRC-05,MESA-055
V002753,a2f87d65870f1d73fe7b,90,1936-06-03,,vigente,normal,1,activo,MUN-02,ZONA-02,CIRC-02,MESA-077
V002754,3e0edc8ae45f2dd7b31b,89,1937-06-03,,vigente,normal,1,activo,MUN-05,ZONA-05,CIRC-05,MESA-080
V002755,542af3bd7890b74ab6f5,62,1964-06-03,,vigente,normal,1,activo,MUN-04,ZONA-04,CIRC-04,MESA-024
V002756,8ac4de505a87c703dda2,118,1908-06-03,,vigente,normal,1,activo,MUN-02,ZONA-02,CIRC-02,MESA-077
V002757,000e8e5487da4c972fb3,36,1990-06-03,,vigente,normal,1,activo,MUN-04,ZONA-04,CIRC-04,MESA-024
V002758,b889c175d9d7d5e81590,80,1946-06-03,,vigente,normal,1,activo,MUN-04,ZONA-04,CIRC-04,MESA-054
V002759,bdc4ecab77b69c21a924,55,1971-06-04,,vigente,normal,1,activo,MUN-01,ZONA-01,CIRC-01,MESA-026
V002760,78ecdd2b6e3afdc8a06a,84,1942-06-03,,vigente,normal,1,activo,MUN-01,ZONA-06,CIRC-01,MESA-066
V002761,4a925f09563179e03955,76,1950-06-03,,vigente,normal,1,activo,MUN-05,ZONA-05,CIRC-05,MESA-080
V002762,c7c899b8aa8a20d853ce,86,1940-06-03,,vigente,normal,1,activo,MUN-03,ZONA-03,CIRC-03,MESA-038
V002763,95a0039cb781430bcbbf,30,1996-06-03,,vigente,normal,1,activo,MUN-05,ZONA-05,CIRC-05,MESA-065
V002764,8ce092308cd0f13526bb,64,1962-06-03,,vigente,normal,1,activo,MUN-05,ZONA-05,CIRC-05,MESA-075
V002765,7a585fd8b2a1bdc7d380,78,1948-06-03,,vigente,normal,1,activo,MUN-01,ZONA-01,CIRC-01,MESA-051
V002766,755250832d81da2f4365,48,1978-06-03,,vigente,normal,1,activo,MUN-05,ZONA-10,CIRC-05,MESA-035
V002767,70f7afeef074b4298f7a,39,1987-06-04,,vigente,normal,1,activo,MUN-03,ZONA-08,CIRC-03,MESA-043
V002768,213ecdb9e6239d86ffc9,60,1966-06-03,,vigente,normal,1,activo,MUN-04,ZONA-04,CIRC-04,MESA-029
V002769,f17303cd96c476558d19,84,1942-06-03,,vigente,normal,1,activo,MUN-02,ZONA-02,CIRC-02,MESA-037
V002770,561ecda2832f6e84fcef,71,1955-06-04,,vigente,normal,1,activo,MUN-03,ZONA-08,CIRC-03,MESA-058
V002771,37647b0182acdee67c57,27,1999-06-04,,vigente,normal,1,activo,MUN-04,ZONA-04,CIRC-04,MESA-054
V002772,46c2b6c4dd26920d4e48,59,1967-06-04,,vigente,normal,1,activo,MUN-04,ZONA-04,CIRC-04,MESA-039
V002773,3ec73cbd1e907e91bb2d,81,1945-06-03,,vigente,normal,1,activo,MUN-02,ZONA-07,CIRC-02,MESA-042
V002774,201af1cd7383206cd595,38,1988-06-03,,vigente,normal,1,activo,MUN-03,ZONA-03,CIRC-03,MESA-028
V002775,132d2b696e6f99daa2f9,83,1943-06-04,,vigente,normal,1,activo,MUN-04,ZONA-04,CIRC-04,MESA-029
V002776,4426803a7bf588eb794e,58,1968-06-03,,vigente,normal,1,activo,MUN-03,ZONA-08,CIRC-03,MESA-043
V002777,c816795233d67d91aa6c,41,1985-06-03,,vigente,normal,1,activo,MUN-03,ZONA-03,CIRC-03,MESA-003
V002778,9cf768232f6e114bf90c,52,1974-06-03,,vigente,normal,1,activo,MUN-05,ZONA-10,CIRC-05,MESA-010
V002779,6cbd56fc503c91dd1b8f,73,1953-06-03,,vigente,normal,1,activo,MUN-04,ZONA-09,CIRC-04,MESA-059
V002780,24a0d9f9a7ef9bc034a9,47,1979-06-04,,vigente,normal,1,activo,MUN-04,ZONA-04,CIRC-04,MESA-014
V002781,d77d78129d5a89330663,74,1952-06-03,,vigente,normal,1,activo,MUN-01,ZONA-01,CIRC-01,MESA-076
V002782,ea95d5896e5836ebd477,64,1962-06-03,,vigente,normal,1,activo,MUN-02,ZONA-02,CIRC-02,MESA-047
V002783,1e58168b3a809d3537fd,52,1974-06-03,,vigente,normal,1,activo,MUN-02,ZONA-07,CIRC-02,MESA-042
V002784,e5ad4dbbc2d267078cd0,36,1990-06-03,,vigente,normal,1,activo,MUN-02,ZONA-07,CIRC-02,MESA-032
V002785,2ad8aac23a760b5f635f,25,2001-06-03,,vigente,normal,1,activo,MUN-02,ZONA-07,CIRC-02,MESA-032
V002786,9922f6bb1ee779e27b3d,43,1983-06-04,,vigente,normal,1,activo,MUN-02,ZONA-07,CIRC-02,MESA-042
V002787,6a9965147652c7f35d4b,88,1938-06-03,,vigente,privado_libertad,1,activo,MUN-02,ZONA-07,CIRC-02,MESA-032
V002788,b34a4901a9da8a4187eb,47,1979-06-04,,vigente,normal,1,activo,MUN-01,ZONA-01,CIRC-01,MESA-026
V002789,63a8f903beb08c924de4,24,2002-06-03,,vigente,normal,1,activo,MUN-01,ZONA-01,CIRC-01,MESA-001
V002790,9e45e60bea5920174ed9,84,1942-06-03,,vigente,normal,1,activo,MUN-01,ZONA-06,CIRC-01,MESA-056
V002791,c8bb9c5aae5f6068f076,82,1944-06-03,,vigente,normal,1,activo,MUN-02,ZONA-02,CIRC-02,MESA-002
V002792,ab438d224d45f03d46b8,53,1973-06-03,,vigente,normal,1,activo,MUN-05,ZONA-05,CIRC-05,MESA-030
V002793,ea830e8496c2885a543e,42,1984-06-03,,vigente,normal,1,activo,MUN-01,ZONA-01,CIRC-01,MESA-071
V002794,2854bd648c809a3a8e51,54,1972-06-03,,vigente,normal,1,activo,MUN-02,ZONA-02,CIRC-02,MESA-052
V002795,590e12844bc56220a7f4,18,2008-06-03,,cancelado,normal,1,activo,MUN-04,ZONA-09,CIRC-04,MESA-009
V002796,6ce06de8a04a30394f80,32,1994-06-03,,vigente,normal,1,activo,MUN-02,ZONA-02,CIRC-02,MESA-022
V002797,cd951fffc1b1f08c1096,54,1972-06-03,,vigente,normal,1,activo,MUN-04,ZONA-09,CIRC-04,MESA-034
V002798,aa415e60aee8ab762c97,30,1996-06-03,,vigente,normal,1,activo,MUN-04,ZONA-04,CIRC-04,MESA-049
V002799,7770b9f369cfa9717195,25,2001-06-03,,vigente,normal,1,activo,MUN-01,ZONA-01,CIRC-01,MESA-001
V002800,06158b5ed748bdf3e0d1,22,2004-06-03,,vigente,normal,1,activo,MUN-03,ZONA-03,CIRC-03,MESA-073
V002801,1fffe3853031ad5dc891,77,1949-06-03,,vigente,normal,1,activo,MUN-03,ZONA-03,CIRC-03,MESA-053
V002802,800508f05de3912df9b5,90,1936-06-03,,vigente,normal,1,activo,MUN-05,ZONA-05,CIRC-05,MESA-040
V002803,04d59f3404b8acacc6ff,18,2008-06-03,,vigente,normal,1,activo,MUN-05,ZONA-10,CIRC-05,MESA-045
V002804,7c36ed86f4862bf7229c,53,1973-06-03,,vigente,normal,1,activo,MUN-03,ZONA-08,CIRC-03,MESA-068
V002805,4ec038c6559a237f9228,52,1974-06-03,,vigente,normal,1,activo,MUN-04,ZONA-09,CIRC-04,MESA-009
V002806,3cf7dc538b7d487239ee,83,1943-06-04,,vigente,normal,1,activo,MUN-02,ZONA-02,CIRC-02,MESA-022
V002807,c8e527a00b1c1fcad281,80,1946-06-03,,vigente,normal,1,activo,MUN-03,ZONA-08,CIRC-03,MESA-018
V002808,4a618af11cdbd97995a1,40,1986-06-03,,vigente,privado_libertad,1,activo,MUN-01,ZONA-01,CIRC-01,MESA-076
V002809,b5fce85c101c65ffddea,26,2000-06-03,,vigente,normal,1,activo,MUN-03,ZONA-08,CIRC-03,MESA-043
V002810,12b267707ec3f53eac5f,51,1975-06-04,,vigente,normal,1,activo,MUN-04,ZONA-04,CIRC-04,MESA-039
V002811,e8fd7f00d5df869a51c0,63,1963-06-04,,vigente,normal,1,activo,MUN-03,ZONA-03,CIRC-03,MESA-073
V002812,4373a95cd657f9e24da2,21,2005-06-03,,vigente,normal,1,activo,MUN-01,ZONA-06,CIRC-01,MESA-006
V002813,5749701077eb75e22d6b,47,1979-06-04,,vigente,normal,1,activo,MUN-03,ZONA-03,CIRC-03,MESA-048
V002814,407fa0e477ee7a75f53c,89,1937-06-03,,vigente,normal,1,activo,MUN-02,ZONA-07,CIRC-02,MESA-007
V002815,35d831826f98c5608931,20,2006-06-03,,vigente,normal,1,activo,MUN-05,ZONA-05,CIRC-05,MESA-080
V002816,061c6d3aa6d9237ccb46,31,1995-06-04,,vigente,normal,1,activo,MUN-04,ZONA-09,CIRC-04,MESA-069
V002817,165bbe9bf7b46efe4132,77,1949-06-03,,vigente,normal,1,activo,MUN-01,ZONA-06,CIRC-01,MESA-016
V002818,a8b680c8bd499f8c3a6d,62,1964-06-03,,vigente,normal,1,activo,MUN-01,ZONA-01,CIRC-01,MESA-001
V002819,af66d153331c239e944c,51,1975-06-04,,vigente,normal,1,activo,MUN-02,ZONA-02,CIRC-02,MESA-037
V002820,1b86849c85963ff02ac4,62,1964-06-03,,vigente,normal,1,activo,MUN-02,ZONA-02,CIRC-02,MESA-037
V002821,66f564b4f523a717af37,78,1948-06-03,,vigente,normal,1,activo,MUN-04,ZONA-04,CIRC-04,MESA-064
V002822,dce48e17ff17d2f80d58,33,1993-06-03,,vigente,normal,1,activo,MUN-02,ZONA-02,CIRC-02,MESA-062
V002823,db3f0733bf5483e43504,83,1943-06-04,,vigente,normal,1,activo,MUN-02,ZONA-02,CIRC-02,MESA-072
V002824,5ac5c86d8edc3fe3918c,57,1969-06-03,,vigente,normal,1,activo,MUN-01,ZONA-01,CIRC-01,MESA-061
V002825,72e27e5f71146f597f9d,34,1992-06-03,,vigente,normal,1,activo,MUN-03,ZONA-08,CIRC-03,MESA-033
V002826,854949d2fae82ac58ebe,51,1975-06-04,,vigente,normal,1,activo,MUN-01,ZONA-06,CIRC-01,MESA-066
V002827,b9ca6b3e1010576428de,33,1993-06-03,,vigente,normal,1,activo,MUN-05,ZONA-05,CIRC-05,MESA-030
V002828,7f04f5e3569cdeca1b6b,116,1910-06-03,,vigente,normal,1,activo,MUN-05,ZONA-10,CIRC-05,MESA-020
V002829,d11453d2184387d48458,83,1943-06-04,,cancelado,normal,1,activo,MUN-05,ZONA-10,CIRC-05,MESA-060
V002830,6a1af03d9414104bb57a,83,1943-06-04,,vigente,inhabilitado,1,activo,MUN-04,ZONA-04,CIRC-04,MESA-074
V002831,90b2f212de06011aff7a,30,1996-06-03,,vigente,normal,1,activo,MUN-04,ZONA-04,CIRC-04,MESA-024
V002832,e2c81b41bde0898e60b4,73,1953-06-03,,vigente,normal,1,activo,MUN-04,ZONA-04,CIRC-04,MESA-004
V002833,fc3095575fb3d3efa848,48,1978-06-03,,vigente,normal,1,activo,MUN-02,ZONA-02,CIRC-02,MESA-037
V002834,b229a3cb1a42269729c9,51,1975-06-04,,vigente,normal,1,activo,MUN-04,ZONA-04,CIRC-04,MESA-004
V002835,7aca6f8f0729cd6c29b8,56,1970-06-03,,vigente,normal,1,activo,MUN-02,ZONA-02,CIRC-02,MESA-077
V002836,5a481fb5e48890589deb,84,1942-06-03,,vigente,normal,1,activo,MUN-02,ZONA-02,CIRC-02,MESA-077
V002837,f3a200bac6ae3b22bba6,25,2001-06-03,,vigente,normal,1,activo,MUN-03,ZONA-08,CIRC-03,MESA-018
V002838,d025470b19b7aff9bd70,72,1954-06-03,,vigente,normal,1,activo,MUN-01,ZONA-06,CIRC-01,MESA-066
V002839,3d072bdede1f503353b6,44,1982-06-03,,vigente,normal,1,activo,MUN-03,ZONA-03,CIRC-03,MESA-048
V002840,9f51e6dd6557e11543f4,70,1956-06-03,,vigente,normal,1,activo,MUN-03,ZONA-08,CIRC-03,MESA-033
V002841,66aa76ac110d242e238f,56,1970-06-03,,vigente,normal,1,activo,MUN-03,ZONA-08,CIRC-03,MESA-058
V002842,db36ab7ea6046155c3ed,82,1944-06-03,,vigente,normal,1,activo,MUN-03,ZONA-03,CIRC-03,MESA-073
V002843,1654e0b096852051e795,34,1992-06-03,,vigente,normal,1,activo,MUN-03,ZONA-03,CIRC-03,MESA-028
V002844,a8c5a5933a7418980a5a,47,1979-06-04,,vigente,normal,1,activo,MUN-05,ZONA-10,CIRC-05,MESA-035
V002845,75e2464aa449853b6df5,70,1956-06-03,,vigente,normal,1,activo,MUN-05,ZONA-10,CIRC-05,MESA-010
V002846,12c238d606ac14810661,30,1996-06-03,,vigente,normal,1,activo,MUN-05,ZONA-05,CIRC-05,MESA-065
V002847,c7b8a58abeb49dcaa449,38,1988-06-03,,vigente,normal,1,activo,MUN-02,ZONA-07,CIRC-02,MESA-042
V002848,056b92dcb33daac94241,36,1990-06-03,,vigente,normal,1,activo,MUN-04,ZONA-09,CIRC-04,MESA-009
V002849,64a69a863bf3d3c671eb,70,1956-06-03,,cancelado,normal,1,activo,MUN-05,ZONA-10,CIRC-05,MESA-060
V002850,f56c0eea2d3109f40f56,36,1990-06-03,,vigente,normal,1,activo,MUN-05,ZONA-05,CIRC-05,MESA-015
V002851,57c667e80ccf510884ed,74,1952-06-03,,vigente,normal,1,activo,MUN-02,ZONA-07,CIRC-02,MESA-057
V002852,cb4334ac4883447b79a9,42,1984-06-03,,vigente,normal,1,activo,MUN-04,ZONA-09,CIRC-04,MESA-069
V002853,e864cc2ed62b980095c5,48,1978-06-03,,vigente,normal,1,activo,MUN-02,ZONA-02,CIRC-02,MESA-022
V002854,839a42ced621ae8bbcb3,72,1954-06-03,,vigente,normal,1,activo,MUN-04,ZONA-04,CIRC-04,MESA-064
V002855,f7df254aeaed1d8fe4de,40,1986-06-03,,vigente,normal,1,activo,MUN-01,ZONA-06,CIRC-01,MESA-041
V002856,8f83284af13ef902ffa9,49,1977-06-03,,vigente,normal,1,activo,MUN-01,ZONA-01,CIRC-01,MESA-071
V002857,539a93e6afadd58a653a,79,1947-06-04,,vigente,normal,1,activo,MUN-01,ZONA-06,CIRC-01,MESA-056
V002858,b7bbcf8bce9487802610,27,1999-06-04,,vigente,normal,1,activo,MUN-03,ZONA-03,CIRC-03,MESA-023
V002859,e878f2f69d86433caf3c,89,1937-06-03,,vigente,normal,1,activo,MUN-05,ZONA-05,CIRC-05,MESA-025
V002860,85726ef183a6a531691f,71,1955-06-04,,vigente,normal,1,activo,MUN-01,ZONA-06,CIRC-01,MESA-006
V002861,729fb702a1a9dc518237,69,1957-06-03,,vigente,normal,1,activo,MUN-04,ZONA-09,CIRC-04,MESA-034
V002862,e858b76d7621fa67dae3,37,1989-06-03,,vigente,normal,1,activo,MUN-03,ZONA-03,CIRC-03,MESA-063
V002863,3ca566c51d83641f484a,49,1977-06-03,,vigente,normal,1,activo,MUN-04,ZONA-09,CIRC-04,MESA-009
V002864,d1f8f1d6bc486fa8d31f,31,1995-06-04,,vigente,normal,1,activo,MUN-05,ZONA-10,CIRC-05,MESA-060
V002865,5956062d5d2a115ef6a1,67,1959-06-04,,vigente,normal,1,activo,MUN-04,ZONA-04,CIRC-04,MESA-049
V002866,c1f50480aec9dd845123,45,1981-06-03,,vigente,normal,1,activo,MUN-01,ZONA-01,CIRC-01,MESA-051
V002867,dbe56bc1087a066b9313,70,1956-06-03,,vigente,normal,1,activo,MUN-05,ZONA-10,CIRC-05,MESA-060
V002868,70e321bee9ea9cb67ac1,41,1985-06-03,,vigente,normal,1,activo,MUN-05,ZONA-10,CIRC-05,MESA-070
V002869,2785f10d331e43b74d9f,39,1987-06-04,,vigente,normal,1,activo,MUN-02,ZONA-02,CIRC-02,MESA-037
V002870,9a6d3a7577a6e2fcc322,47,1979-06-04,,vigente,normal,1,activo,MUN-01,ZONA-06,CIRC-01,MESA-031
V002871,c8bc7ba82af57f4ab6d6,80,1946-06-03,,vigente,normal,1,activo,MUN-01,ZONA-06,CIRC-01,MESA-041
V002872,19766f69edaaa6601ddf,21,2005-06-03,,vigente,normal,1,activo,MUN-02,ZONA-02,CIRC-02,MESA-062
V002873,4d98bc1aa2961f16b557,76,1950-06-03,,vigente,normal,1,activo,MUN-03,ZONA-08,CIRC-03,MESA-058
V002874,1e9a78f001a3126b2ac4,25,2001-06-03,,vigente,normal,1,activo,MUN-04,ZONA-04,CIRC-04,MESA-014
V002875,8779f78a5fab3e4c2614,29,1997-06-03,,vigente,normal,1,activo,MUN-01,ZONA-01,CIRC-01,MESA-036
V002876,b75785f141633837ff72,48,1978-06-03,,vigente,normal,1,activo,MUN-01,ZONA-01,CIRC-01,MESA-036
V002877,c495a328336431b677da,51,1975-06-04,,vigente,normal,1,activo,MUN-04,ZONA-04,CIRC-04,MESA-079
V002878,f6e91c9c3773e16405cc,66,1960-06-03,,vigente,normal,1,activo,MUN-03,ZONA-08,CIRC-03,MESA-008
V002879,a76210485b04c36ecb8d,74,1952-06-03,,vigente,normal,1,activo,MUN-01,ZONA-01,CIRC-01,MESA-026
V002880,df75460a60b52335be13,43,1983-06-04,,vigente,normal,1,activo,MUN-01,ZONA-01,CIRC-01,MESA-036
V002881,3447ee37b5eca8a7fc8e,35,1991-06-04,,vigente,normal,1,activo,MUN-03,ZONA-03,CIRC-03,MESA-048
V002882,3047320b4b7230570ca0,55,1971-06-04,,vigente,normal,1,activo,MUN-03,ZONA-03,CIRC-03,MESA-028
V002883,9121aa87a9e00b9516d6,17,2009-06-03,,vigente,normal,1,activo,MUN-03,ZONA-08,CIRC-03,MESA-068
V002884,3bfe1aa74701300d60cc,25,2001-06-03,,vigente,normal,1,activo,MUN-02,ZONA-02,CIRC-02,MESA-062
V002885,4e8c9c91f594aa74b38e,58,1968-06-03,,vigente,normal,1,activo,MUN-05,ZONA-05,CIRC-05,MESA-080
V002886,c1b9757625bbd486655f,23,2003-06-04,,vigente,normal,1,activo,MUN-01,ZONA-01,CIRC-01,MESA-076
V002887,10d6f252142957d34a81,86,1940-06-03,,vigente,normal,1,activo,MUN-05,ZONA-05,CIRC-05,MESA-080
V002888,1a8de56de487a2ff0bad,61,1965-06-03,,vigente,normal,1,activo,MUN-01,ZONA-01,CIRC-01,MESA-051
V002889,36e66a6248a41eb4a512,81,1945-06-03,,vigente,normal,1,activo,MUN-02,ZONA-07,CIRC-02,MESA-042
V002890,b51eebdb79a7a50bd261,46,1980-06-03,,vigente,normal,1,activo,MUN-04,ZONA-04,CIRC-04,MESA-029
V002891,8ed2a5009bfc01443a9f,45,1981-06-03,,vigente,normal,1,activo,MUN-05,ZONA-10,CIRC-05,MESA-010
V002892,cb0a4685cadee2041fea,28,1998-06-03,,vigente,normal,1,activo,MUN-04,ZONA-04,CIRC-04,MESA-039
V002893,a3440f33eea072da27b5,82,1944-06-03,,cancelado,normal,1,activo,MUN-01,ZONA-01,CIRC-01,MESA-001
V002894,ad9dbaabc2a98f5cccef,36,1990-06-03,,vigente,normal,1,activo,MUN-04,ZONA-04,CIRC-04,MESA-039
V002895,4b7d2c1b4ef15351d688,26,2000-06-03,,vigente,normal,1,activo,MUN-01,ZONA-01,CIRC-01,MESA-021
V002896,96408a941781633f991c,44,1982-06-03,,vigente,normal,1,activo,MUN-05,ZONA-05,CIRC-05,MESA-065
V002897,5b795bb3bf0076bb1f92,51,1975-06-04,,vigente,normal,1,activo,MUN-05,ZONA-05,CIRC-05,MESA-015
V002898,a5180bb58ff033f3969f,61,1965-06-03,,vigente,normal,1,activo,MUN-04,ZONA-04,CIRC-04,MESA-004
V002899,2ae6896d85e9ef59b6c3,85,1941-06-03,,vigente,normal,1,activo,MUN-05,ZONA-10,CIRC-05,MESA-060
V002900,6b58ed7410f38d4b0f9f,32,1994-06-03,,vigente,normal,1,activo,MUN-01,ZONA-01,CIRC-01,MESA-061
V002901,23a4450d24c023287dcd,68,1958-06-03,,vigente,normal,1,activo,MUN-05,ZONA-10,CIRC-05,MESA-020
V002902,9933b7510dee81318d66,30,1996-06-03,,vigente,normal,1,activo,MUN-05,ZONA-10,CIRC-05,MESA-010
V002903,3b8adbdd8d1505ba9377,66,1960-06-03,,cancelado,normal,1,activo,MUN-04,ZONA-09,CIRC-04,MESA-034
V002904,ca4f82fa6408c84e22ca,87,1939-06-04,,vigente,normal,1,activo,MUN-03,ZONA-03,CIRC-03,MESA-048
V002905,3b807c7004e230c7359a,73,1953-06-03,,vigente,normal,1,activo,MUN-03,ZONA-08,CIRC-03,MESA-033
V002906,db3b2d90ac9e0acad78a,68,1958-06-03,,vigente,normal,1,activo,MUN-01,ZONA-01,CIRC-01,MESA-061
V002907,a5c8eb2ab95e4e48e737,54,1972-06-03,,vigente,normal,1,activo,MUN-05,ZONA-10,CIRC-05,MESA-010
V002908,4811d3a2903448c75e42,34,1992-06-03,,vigente,normal,1,activo,MUN-04,ZONA-04,CIRC-04,MESA-054
V002909,d8f70e3a44800c206056,75,1951-06-04,,vigente,normal,1,activo,MUN-05,ZONA-05,CIRC-05,MESA-065
V002910,72207d351b87ca74c4d9,46,1980-06-03,,vigente,normal,1,activo,MUN-02,ZONA-02,CIRC-02,MESA-077
V002911,b6ef41462a74dbad1d84,50,1976-06-03,,vigente,normal,1,activo,MUN-01,ZONA-01,CIRC-01,MESA-001
V002912,0027f7ce8f2285f03220,77,1949-06-03,,vigente,normal,1,activo,MUN-05,ZONA-05,CIRC-05,MESA-005
V002913,7fb800d5583769c63ba4,72,1954-06-03,,vigente,normal,1,activo,MUN-05,ZONA-05,CIRC-05,MESA-080
V002914,9585340d7818bea5017f,27,1999-06-04,,vigente,normal,1,activo,MUN-05,ZONA-05,CIRC-05,MESA-015
V002915,0a0ceb4ca92e5da4af4e,64,1962-06-03,,vigente,normal,1,activo,MUN-03,ZONA-03,CIRC-03,MESA-028
V002916,399a3e50d41087a6be8b,40,1986-06-03,,vigente,normal,1,activo,MUN-03,ZONA-03,CIRC-03,MESA-023
V002917,a56e27f00d43c5e67dc4,38,1988-06-03,,vigente,normal,1,activo,MUN-02,ZONA-07,CIRC-02,MESA-017
V002918,f9e24fd90d7adc774ac7,30,1996-06-03,,vigente,normal,1,activo,MUN-03,ZONA-03,CIRC-03,MESA-013
V002919,292c6f7973fc7fe5332a,50,1976-06-03,,vigente,normal,1,activo,MUN-04,ZONA-04,CIRC-04,MESA-014
V002920,ecbb01eb730cde991e06,41,1985-06-03,,vigente,normal,1,activo,MUN-01,ZONA-01,CIRC-01,MESA-011
V002921,eae6b64e3cbac4d5fd1e,28,1998-06-03,,vigente,normal,1,activo,MUN-03,ZONA-03,CIRC-03,MESA-028
V002922,be5a0e3118c6cee6e22b,34,1992-06-03,,vigente,normal,1,activo,MUN-02,ZONA-07,CIRC-02,MESA-042
V002923,45f71624f8b9aa912e2f,85,1941-06-03,,vigente,normal,1,activo,MUN-01,ZONA-01,CIRC-01,MESA-061
V002924,78290bc8a7509ae64172,64,1962-06-03,,vigente,normal,1,activo,MUN-04,ZONA-04,CIRC-04,MESA-064
V002925,e3e56c590d11d08ec318,42,1984-06-03,,vigente,normal,1,activo,MUN-01,ZONA-06,CIRC-01,MESA-031
V002926,d20305756a527f50d241,90,1936-06-03,,cancelado,normal,1,activo,MUN-03,ZONA-03,CIRC-03,MESA-073
V002927,f91620b664679d8f4413,38,1988-06-03,,vigente,normal,1,activo,MUN-05,ZONA-10,CIRC-05,MESA-010
V002928,37cdb56703ac37450102,29,1997-06-03,,vigente,normal,1,activo,MUN-03,ZONA-08,CIRC-03,MESA-008
V002929,594f27d0c320cac9905b,54,1972-06-03,,vigente,normal,1,activo,MUN-01,ZONA-01,CIRC-01,MESA-021
V002930,0f04edf78a060707750b,59,1967-06-04,,vigente,normal,1,activo,MUN-02,ZONA-02,CIRC-02,MESA-077
V002931,b4b7125cc0de0125e26b,34,1992-06-03,,vigente,normal,1,activo,MUN-04,ZONA-09,CIRC-04,MESA-059
V002932,d4d25eee892941e838a5,65,1961-06-03,,vigente,normal,1,activo,MUN-05,ZONA-05,CIRC-05,MESA-050
V002933,2eb69a110ca5076f295f,45,1981-06-03,,vigente,normal,1,activo,MUN-04,ZONA-09,CIRC-04,MESA-069
V002934,cb6d046105343e0d7699,58,1968-06-03,,vigente,normal,1,activo,MUN-05,ZONA-10,CIRC-05,MESA-070
V002935,f167f239b67e60552dd7,64,1962-06-03,2024-01-26,vigente,fallecido,1,activo,MUN-05,ZONA-05,CIRC-05,MESA-030
V002936,388734bf60435743ca8b,35,1991-06-04,,vigente,normal,1,activo,MUN-02,ZONA-07,CIRC-02,MESA-017
V002937,177a2d9cc9343e5f8f62,88,1938-06-03,,vigente,normal,1,activo,MUN-05,ZONA-05,CIRC-05,MESA-075
V002938,2f97eacec4e930960ada,30,1996-06-03,,vigente,normal,1,activo,MUN-05,ZONA-10,CIRC-05,MESA-020
V002939,17e7ea18dca304a124cc,30,1996-06-03,,vigente,normal,1,activo,MUN-03,ZONA-03,CIRC-03,MESA-048
V002940,48af5438bf5a67b04608,48,1978-06-03,,vigente,normal,1,activo,MUN-03,ZONA-03,CIRC-03,MESA-073
V002941,565e90e48bf159a03f13,19,2007-06-04,,vigente,normal,1,activo,MUN-02,ZONA-02,CIRC-02,MESA-002
V002942,ddc773b6877dcf7d7903,33,1993-06-03,,vigente,normal,1,activo,MUN-02,ZONA-02,CIRC-02,MESA-037
V002943,a85bb66c8c6e632b3ffc,26,2000-06-03,,vigente,normal,1,activo,MUN-01,ZONA-01,CIRC-01,MESA-001
V002944,4e647ad030dd1ad1a341,90,1936-06-03,,vigente,normal,1,activo,MUN-04,ZONA-04,CIRC-04,MESA-004
V002945,8736516c1394193caec6,55,1971-06-04,,vigente,normal,1,activo,MUN-04,ZONA-04,CIRC-04,MESA-054
V002946,d50d9083eac812fd65ed,71,1955-06-04,,vigente,normal,1,activo,MUN-05,ZONA-05,CIRC-05,MESA-025
V002947,fcc57c0055160122d33b,73,1953-06-03,,vigente,normal,1,activo,MUN-03,ZONA-03,CIRC-03,MESA-003
V002948,1a578c174b803f993bf0,62,1964-06-03,,vigente,normal,1,activo,MUN-04,ZONA-09,CIRC-04,MESA-009
V002949,ef21d2cdeed9b8654fd0,51,1975-06-04,,vigente,normal,1,activo,MUN-01,ZONA-01,CIRC-01,MESA-076
V002950,472dff4fecca2fc5fc25,26,2000-06-03,,vigente,normal,1,activo,MUN-04,ZONA-04,CIRC-04,MESA-074
V002951,ebc7694a91b8b26579c7,25,2001-06-03,,cancelado,normal,1,activo,MUN-04,ZONA-09,CIRC-04,MESA-034
V002952,455df80ee23b90d3ab6c,24,2002-06-03,,vigente,normal,1,activo,MUN-03,ZONA-08,CIRC-03,MESA-043
V002953,c2e073d73e0cd48a16af,53,1973-06-03,,vigente,normal,1,activo,MUN-04,ZONA-04,CIRC-04,MESA-074
V002954,bed1c8dede9ae8cd0b1d,35,1991-06-04,,vigente,normal,1,activo,MUN-02,ZONA-02,CIRC-02,MESA-022
V002955,c4840fc38a0c6a48c4b4,20,2006-06-03,,vigente,normal,1,activo,MUN-05,ZONA-10,CIRC-05,MESA-070
V002956,d225075d02ee04f4134b,45,1981-06-03,,vigente,normal,1,activo,MUN-02,ZONA-02,CIRC-02,MESA-002
V002957,7ae42b06eb565ba780eb,87,1939-06-04,2025-12-23,vigente,fallecido,1,activo,MUN-01,ZONA-06,CIRC-01,MESA-066
V002958,71cbf09609232c22cbd4,61,1965-06-03,,vigente,normal,1,activo,MUN-02,ZONA-07,CIRC-02,MESA-032
V002959,761999a1c089a5f8893e,38,1988-06-03,,vigente,normal,1,activo,MUN-01,ZONA-06,CIRC-01,MESA-016
V002960,f603b998b85f75021db5,45,1981-06-03,,vigente,normal,1,activo,MUN-01,ZONA-01,CIRC-01,MESA-076
V002961,ffefe30f94be2c1726e0,71,1955-06-04,,vigente,normal,1,activo,MUN-01,ZONA-01,CIRC-01,MESA-001
V002962,d1271e5c456cf6540240,71,1955-06-04,,vigente,normal,1,activo,MUN-02,ZONA-02,CIRC-02,MESA-072
V002963,044e4d0deafe0f04d685,82,1944-06-03,,vigente,normal,1,activo,MUN-03,ZONA-03,CIRC-03,MESA-048
V002964,b2833ce8f459f8d344be,38,1988-06-03,,vigente,normal,1,activo,MUN-05,ZONA-05,CIRC-05,MESA-050
V002965,e6d268071261a39accc0,30,1996-06-03,,vigente,normal,1,activo,MUN-03,ZONA-03,CIRC-03,MESA-013
V002966,4b32cb5f3f284981e6a6,74,1952-06-03,,vigente,normal,1,activo,MUN-05,ZONA-05,CIRC-05,MESA-015
V002967,0772e6cffe78aa1ff017,66,1960-06-03,,vigente,normal,1,activo,MUN-03,ZONA-03,CIRC-03,MESA-053
V002968,b369f23d39b2248d7f0f,71,1955-06-04,,vigente,normal,1,activo,MUN-04,ZONA-09,CIRC-04,MESA-044
V002969,80aaa2aab0415ded6c84,27,1999-06-04,,vigente,normal,1,activo,MUN-03,ZONA-08,CIRC-03,MESA-008
V002970,5c64d1031d66b356b505,70,1956-06-03,,vigente,normal,1,activo,MUN-04,ZONA-04,CIRC-04,MESA-074
V002971,c8f87f7701ed924c8764,61,1965-06-03,,vigente,normal,1,activo,MUN-01,ZONA-01,CIRC-01,MESA-046
V002972,f3c42956b578457a4c12,64,1962-06-03,,vigente,normal,1,activo,MUN-04,ZONA-09,CIRC-04,MESA-069
V002973,80815af1ceaa1e35abf0,70,1956-06-03,,vigente,normal,1,activo,MUN-04,ZONA-09,CIRC-04,MESA-019
V002974,1e93fab447a8d68c905f,63,1963-06-04,,vigente,normal,1,activo,MUN-03,ZONA-03,CIRC-03,MESA-038
V002975,3f0cab5fd43aecf5862f,30,1996-06-03,,vigente,normal,1,activo,MUN-01,ZONA-01,CIRC-01,MESA-011
V002976,111aa63f588117f92793,54,1972-06-03,,vigente,normal,1,activo,MUN-03,ZONA-08,CIRC-03,MESA-043
V002977,78b49193366a2eb6a30f,41,1985-06-03,,vigente,normal,1,activo,MUN-05,ZONA-10,CIRC-05,MESA-020
V002978,fa9db75421012599aebd,19,2007-06-04,,vigente,normal,1,activo,MUN-05,ZONA-10,CIRC-05,MESA-020
V002979,d437560bbea28d8d10cc,31,1995-06-04,,vigente,normal,1,activo,MUN-01,ZONA-01,CIRC-01,MESA-021
V002980,1d732ddcce7ff1a55bf8,27,1999-06-04,,vigente,normal,1,activo,MUN-02,ZONA-07,CIRC-02,MESA-057
V002981,5cd52748fa855ec433f7,52,1974-06-03,,vigente,normal,1,activo,MUN-05,ZONA-05,CIRC-05,MESA-050
V002982,6265491a01a4a532993f,42,1984-06-03,,vigente,normal,1,activo,MUN-04,ZONA-04,CIRC-04,MESA-074
V002983,e0e316e8e0f38856e3d8,20,2006-06-03,,vigente,normal,1,activo,MUN-01,ZONA-01,CIRC-01,MESA-026
V002984,620dfe0ca9bcf1c80a50,34,1992-06-03,,vigente,normal,1,activo,MUN-05,ZONA-05,CIRC-05,MESA-030
V002985,d324994dcd328c58b2e6,29,1997-06-03,,vigente,normal,1,activo,MUN-03,ZONA-03,CIRC-03,MESA-073
V002986,6295800da3425debf1d9,71,1955-06-04,,vigente,normal,1,activo,MUN-01,ZONA-06,CIRC-01,MESA-031
V002987,e69687ca3a84f4b8f70e,41,1985-06-03,,vigente,normal,1,activo,MUN-02,ZONA-07,CIRC-02,MESA-042
V002988,70414b37000812df3699,46,1980-06-03,,vigente,normal,1,activo,MUN-03,ZONA-08,CIRC-03,MESA-068
V002989,575cac876412029b8664,60,1966-06-03,,vigente,normal,1,activo,MUN-01,ZONA-01,CIRC-01,MESA-061
V002990,162bcf4311966045c0ab,42,1984-06-03,,vigente,normal,1,activo,MUN-01,ZONA-01,CIRC-01,MESA-061
V002991,c65efc4a8504a83917a1,77,1949-06-03,,vigente,normal,1,activo,MUN-05,ZONA-10,CIRC-05,MESA-070
V002992,1705675ae5dbfd22772e,82,1944-06-03,,vigente,normal,1,activo,MUN-03,ZONA-03,CIRC-03,MESA-078
V002993,09f29d404a5bf2cb1c82,45,1981-06-03,,vigente,normal,1,activo,MUN-03,ZONA-08,CIRC-03,MESA-068
V002994,2ceb2bd04234ac5d2031,33,1993-06-03,,vigente,normal,1,activo,MUN-02,ZONA-07,CIRC-02,MESA-017
V002995,fa6d75ff6197d1fc678d,64,1962-06-03,,vigente,normal,1,activo,MUN-04,ZONA-09,CIRC-04,MESA-019
V002996,bc936e2f65f89558626f,75,1951-06-04,,vigente,normal,1,activo,MUN-01,ZONA-01,CIRC-01,MESA-051
V002997,5706dd8b29eeeaf86527,44,1982-06-03,,cancelado,normal,1,activo,MUN-05,ZONA-10,CIRC-05,MESA-070
V002998,190d7e31922249bb36b7,70,1956-06-03,,vigente,normal,1,activo,MUN-03,ZONA-03,CIRC-03,MESA-063
V002999,6dec33c54a387e7f09d6,59,1967-06-04,,vigente,normal,1,activo,MUN-05,ZONA-05,CIRC-05,MESA-075
V003000,85a314860b79e567bd28,76,1950-06-03,,vigente,normal,1,activo,MUN-05,ZONA-05,CIRC-05,MESA-080
V003001,a5df5ab240c1dd91f627,64,1962-06-03,,vigente,normal,1,activo,MUN-05,ZONA-05,CIRC-05,MESA-030
V003002,a49f8d48db2103623f34,51,1975-06-04,,vigente,normal,1,activo,MUN-05,ZONA-05,CIRC-05,MESA-025
V003003,85991ec64fd903f5f9cc,54,1972-06-03,2025-08-08,vigente,fallecido,1,activo,MUN-05,ZONA-05,CIRC-05,MESA-075
V003004,2876de1757d6579c8328,23,2003-06-04,,vigente,normal,1,activo,MUN-01,ZONA-01,CIRC-01,MESA-071
V003005,8d4a0fec16d20bb14d90,24,2002-06-03,,vigente,normal,1,activo,MUN-01,ZONA-01,CIRC-01,MESA-026
V003006,d64a74a8a06aaae682be,42,1984-06-03,,vigente,normal,1,activo,MUN-01,ZONA-06,CIRC-01,MESA-056
V003007,392ab35e0d17e8996ab1,50,1976-06-03,,vigente,normal,1,activo,MUN-02,ZONA-02,CIRC-02,MESA-022
V003008,d31742f2b6ebd936e195,72,1954-06-03,,vigente,normal,1,activo,MUN-04,ZONA-09,CIRC-04,MESA-019
V003009,48d48e97e7989222d069,75,1951-06-04,,vigente,normal,1,activo,MUN-01,ZONA-06,CIRC-01,MESA-031
V003010,4aa60b467fe5de478e53,24,2002-06-03,,vigente,normal,1,activo,MUN-01,ZONA-01,CIRC-01,MESA-026
V003011,549bf0905887d4760b5b,74,1952-06-03,,vigente,normal,1,activo,MUN-02,ZONA-07,CIRC-02,MESA-042
V003012,ce5205af07632cd0acb9,29,1997-06-03,,vigente,normal,1,activo,MUN-01,ZONA-06,CIRC-01,MESA-041
V003013,4d383d358346092e8456,33,1993-06-03,,vigente,normal,1,activo,MUN-03,ZONA-03,CIRC-03,MESA-023
V003014,658ec8e55fb0b61c1ef8,60,1966-06-03,,vigente,normal,1,activo,MUN-02,ZONA-02,CIRC-02,MESA-047
V003015,55a1f88b49f560c6eff6,24,2002-06-03,,vigente,normal,1,activo,MUN-03,ZONA-03,CIRC-03,MESA-013
V003016,5724b79826e669bd00c0,68,1958-06-03,,vigente,normal,1,activo,MUN-01,ZONA-06,CIRC-01,MESA-066
V003017,4d46e0d8dd83543be0a9,90,1936-06-03,,vigente,normal,1,activo,MUN-01,ZONA-06,CIRC-01,MESA-066
V003018,602f314c5d43735561f7,49,1977-06-03,,vigente,normal,1,activo,MUN-01,ZONA-06,CIRC-01,MESA-016
V003019,d2d69c3c7b23d101bc56,25,2001-06-03,,vigente,normal,1,activo,MUN-03,ZONA-03,CIRC-03,MESA-073
V003020,f82a1b45a775c528655a,89,1937-06-03,,vigente,normal,1,activo,MUN-03,ZONA-03,CIRC-03,MESA-028
V003021,5563c5082271449d7e54,62,1964-06-03,,vigente,normal,1,activo,MUN-02,ZONA-02,CIRC-02,MESA-077
V003022,118a7fe2f99ad9a34115,76,1950-06-03,,vigente,normal,1,activo,MUN-05,ZONA-10,CIRC-05,MESA-035
V003023,748647bf396e53141cd0,21,2005-06-03,,vigente,normal,1,activo,MUN-01,ZONA-06,CIRC-01,MESA-041
V003024,19a233495653b9a2e427,84,1942-06-03,,vigente,normal,1,activo,MUN-02,ZONA-02,CIRC-02,MESA-077
V003025,e702eaa8dfcbfd7582d4,46,1980-06-03,,vigente,normal,1,activo,MUN-01,ZONA-06,CIRC-01,MESA-031
V003026,b7dc342853b96ff80dbe,46,1980-06-03,,vigente,normal,1,activo,MUN-02,ZONA-07,CIRC-02,MESA-032
V003027,072302b2585c29e4ca5d,45,1981-06-03,,vigente,normal,1,activo,MUN-04,ZONA-04,CIRC-04,MESA-054
V003028,4feb446323ab2d8794f1,61,1965-06-03,,vigente,normal,1,activo,MUN-02,ZONA-02,CIRC-02,MESA-072
V003029,8c039916c7a0c8a8d1d0,21,2005-06-03,,vigente,normal,1,activo,MUN-04,ZONA-09,CIRC-04,MESA-059
V003030,481df374fe388b17d389,26,2000-06-03,,vigente,normal,1,activo,MUN-01,ZONA-06,CIRC-01,MESA-041
V003031,b673f7ef3c0938011f93,22,2004-06-03,,vigente,normal,1,activo,MUN-01,ZONA-06,CIRC-01,MESA-066
V003032,ce030a03ad14bb00e3e9,73,1953-06-03,,vigente,normal,1,activo,MUN-04,ZONA-04,CIRC-04,MESA-054
V003033,1dc1d6ae4446e4b0772f,67,1959-06-04,,vigente,normal,1,activo,MUN-05,ZONA-05,CIRC-05,MESA-040
V003034,2854bd648c809a3a8e51,32,1994-06-03,,vigente,normal,1,activo,MUN-03,ZONA-03,CIRC-03,MESA-028
V003035,5f2920fb7127761f4172,49,1977-06-03,,vigente,normal,1,activo,MUN-02,ZONA-02,CIRC-02,MESA-037
V003036,e472c0567a2e12f86a9c,45,1981-06-03,,vigente,normal,1,activo,MUN-05,ZONA-05,CIRC-05,MESA-065
V003037,b942f5066614ff0bf986,39,1987-06-04,,vigente,normal,1,activo,MUN-04,ZONA-04,CIRC-04,MESA-074
V003038,01be75a6b2dce033784f,34,1992-06-03,,vigente,normal,1,activo,MUN-05,ZONA-05,CIRC-05,MESA-055
V003039,e7762d9dae9c8c467a32,76,1950-06-03,2025-05-28,vigente,fallecido,1,activo,MUN-04,ZONA-04,CIRC-04,MESA-004
V003040,ab0190f578ae17527fb7,88,1938-06-03,,vigente,normal,1,activo,MUN-05,ZONA-10,CIRC-05,MESA-010
V003041,3616b3f49a3633154372,74,1952-06-03,,vigente,normal,1,activo,MUN-02,ZONA-02,CIRC-02,MESA-047
V003042,8abf8bc1b32b8feda715,43,1983-06-04,,vigente,normal,1,activo,MUN-05,ZONA-05,CIRC-05,MESA-075
V003043,5e3742bf1bd8bcbcde2a,42,1984-06-03,,vigente,normal,1,activo,MUN-04,ZONA-04,CIRC-04,MESA-014
V003044,a4fd5443b97468734f74,27,1999-06-04,,vigente,normal,1,activo,MUN-03,ZONA-03,CIRC-03,MESA-038
V003045,d420487428a1b9e33c4f,62,1964-06-03,,vigente,normal,1,activo,MUN-02,ZONA-02,CIRC-02,MESA-012
V003046,fa84abfc6e90e1f46a50,28,1998-06-03,,vigente,normal,1,activo,MUN-05,ZONA-10,CIRC-05,MESA-045
V003047,35b29beb3be4b782fd14,70,1956-06-03,,vigente,normal,1,activo,MUN-02,ZONA-07,CIRC-02,MESA-017
V003048,d303f373e5cd73e87c2d,89,1937-06-03,,vigente,normal,1,activo,MUN-05,ZONA-05,CIRC-05,MESA-080
V003049,028912883b91d1fb8df2,85,1941-06-03,,vigente,normal,1,activo,MUN-05,ZONA-10,CIRC-05,MESA-035
V003050,62a92517ea9445239e16,45,1981-06-03,,cancelado,normal,1,activo,MUN-01,ZONA-06,CIRC-01,MESA-066
V003051,5658d8e873ec6c2cc7f6,82,1944-06-03,,vigente,normal,1,activo,MUN-05,ZONA-05,CIRC-05,MESA-075
V003052,3c0499f0461bc926c73a,66,1960-06-03,,vigente,normal,1,activo,MUN-01,ZONA-06,CIRC-01,MESA-041
V003053,f55f7b6b54ae5c9c7316,64,1962-06-03,,vigente,normal,1,activo,MUN-02,ZONA-07,CIRC-02,MESA-067
V003054,638fc0b022fe85890fde,69,1957-06-03,,vigente,normal,1,activo,MUN-04,ZONA-04,CIRC-04,MESA-029
V003055,2281f68458f5d6d2bcf7,71,1955-06-04,,vigente,normal,1,activo,MUN-03,ZONA-08,CIRC-03,MESA-018
V003056,a7aac861fb08cc58e68b,77,1949-06-03,,vigente,normal,1,activo,MUN-05,ZONA-10,CIRC-05,MESA-020
V003057,7df16dcb1096190902f3,74,1952-06-03,,vigente,normal,1,activo,MUN-04,ZONA-04,CIRC-04,MESA-014
V003058,a55867215c59253548ba,64,1962-06-03,,vigente,normal,1,activo,MUN-04,ZONA-09,CIRC-04,MESA-034
V003059,2cdac2a3f452693d3e34,48,1978-06-03,,vigente,normal,1,activo,MUN-04,ZONA-04,CIRC-04,MESA-049
V003060,f9cc28dde735cdcade13,63,1963-06-04,,vigente,normal,1,activo,MUN-04,ZONA-04,CIRC-04,MESA-054
V003061,62076b13e80f11ce37ff,43,1983-06-04,,vigente,normal,1,activo,MUN-01,ZONA-06,CIRC-01,MESA-031
V003062,d3c1fe910c4969509a74,22,2004-06-03,,vigente,normal,1,activo,MUN-03,ZONA-08,CIRC-03,MESA-058
V003063,121727b0995f7b1ae756,69,1957-06-03,,vigente,normal,1,activo,MUN-02,ZONA-07,CIRC-02,MESA-042
V003064,35664f5c97a0bd5d3c06,71,1955-06-04,,vigente,normal,1,activo,MUN-03,ZONA-08,CIRC-03,MESA-058
V003065,c0415c885ab913ec6f1a,50,1976-06-03,,vigente,normal,1,activo,MUN-05,ZONA-05,CIRC-05,MESA-030
V003066,982e4e99a8bd71ee4933,67,1959-06-04,,vigente,normal,1,activo,MUN-05,ZONA-05,CIRC-05,MESA-025
V003067,47f6c54091c3c7c4d10b,55,1971-06-04,,vigente,normal,1,activo,MUN-03,ZONA-03,CIRC-03,MESA-063
V003068,6d0aef9d0f5c01ebdcdf,44,1982-06-03,,vigente,normal,1,activo,MUN-04,ZONA-09,CIRC-04,MESA-019
V003069,2ccecd82faaabbbd3405,32,1994-06-03,,vigente,normal,1,activo,MUN-02,ZONA-02,CIRC-02,MESA-072
V003070,d02d9a453d79665e1e20,125,1901-06-03,,vigente,normal,1,activo,MUN-03,ZONA-08,CIRC-03,MESA-008
V003071,6c693cf0fd49bc4b1aac,38,1988-06-03,,vigente,normal,1,activo,MUN-03,ZONA-03,CIRC-03,MESA-003
V003072,8e91a1cb66fe379418fc,63,1963-06-04,,vigente,normal,1,activo,MUN-02,ZONA-07,CIRC-02,MESA-067
V003073,43789304582b6b58651e,86,1940-06-03,,vigente,normal,1,activo,MUN-02,ZONA-07,CIRC-02,MESA-017
V003074,948bef7d660150f7955c,23,2003-06-04,,vigente,normal,1,activo,MUN-04,ZONA-04,CIRC-04,MESA-014
V003075,efacfb52719590e7e64a,55,1971-06-04,,vigente,normal,1,activo,MUN-04,ZONA-09,CIRC-04,MESA-009
V003076,e71c1b9543d3add328a4,79,1947-06-04,,vigente,normal,1,activo,MUN-02,ZONA-02,CIRC-02,MESA-062
V003077,bc82329c042a56dd026d,79,1947-06-04,,vigente,normal,1,activo,MUN-01,ZONA-01,CIRC-01,MESA-021
V003078,151a9124ac3787e0e7a9,63,1963-06-04,,vigente,normal,1,activo,MUN-01,ZONA-01,CIRC-01,MESA-076
V003079,fbb0f522afe3bd8d29ec,30,1996-06-03,,vigente,normal,1,activo,MUN-02,ZONA-02,CIRC-02,MESA-037
V003080,465053d66665c1278776,20,2006-06-03,,vigente,normal,1,activo,MUN-01,ZONA-01,CIRC-01,MESA-011
V003081,0b3278d3c5ae9e9f760c,23,2003-06-04,,vigente,normal,1,activo,MUN-05,ZONA-10,CIRC-05,MESA-020
V003082,ace6cbb040858af9f019,25,2001-06-03,,vigente,normal,1,activo,MUN-05,ZONA-10,CIRC-05,MESA-035
V003083,cd100bebdda3f964d300,61,1965-06-03,,vigente,privado_libertad,1,activo,MUN-03,ZONA-03,CIRC-03,MESA-053
V003084,20cf5be16e0296b5a12a,50,1976-06-03,,vigente,normal,1,activo,MUN-02,ZONA-02,CIRC-02,MESA-047
V003085,894f595b11a069041dd9,67,1959-06-04,,vigente,normal,1,activo,MUN-05,ZONA-05,CIRC-05,MESA-075
V003086,5c91ed1ec5a6fc7f0998,28,1998-06-03,,vigente,normal,1,activo,MUN-02,ZONA-02,CIRC-02,MESA-052
V003087,65e7dc68acceef9388de,45,1981-06-03,,vigente,normal,1,activo,MUN-03,ZONA-08,CIRC-03,MESA-008
V003088,59d9b8005395a2080872,87,1939-06-04,,vigente,normal,1,activo,MUN-04,ZONA-04,CIRC-04,MESA-004
V003089,4f5f8ed3b4b784322225,58,1968-06-03,,vigente,normal,1,activo,MUN-02,ZONA-02,CIRC-02,MESA-027
V003090,84b2d7c687eeacdf28d4,33,1993-06-03,,vigente,normal,1,activo,MUN-04,ZONA-09,CIRC-04,MESA-044
V003091,94efb030691ac655baae,85,1941-06-03,,vigente,normal,1,activo,MUN-05,ZONA-05,CIRC-05,MESA-040
V003092,06ae0af83cccad892281,65,1961-06-03,,vigente,normal,1,activo,MUN-02,ZONA-02,CIRC-02,MESA-047
V003093,f57ae255eed3058ff5ff,73,1953-06-03,,vigente,normal,1,activo,MUN-04,ZONA-09,CIRC-04,MESA-044
V003094,a4178dedf69855d0de4d,81,1945-06-03,,vigente,normal,1,activo,MUN-03,ZONA-03,CIRC-03,MESA-048
V003095,1c05a72f36f458f848ba,76,1950-06-03,2026-01-02,vigente,fallecido,1,activo,MUN-02,ZONA-02,CIRC-02,MESA-052
V003096,44145b4c677ac9f10943,79,1947-06-04,,vigente,normal,1,activo,MUN-03,ZONA-08,CIRC-03,MESA-068
V003097,43873c309518db1dab95,28,1998-06-03,,vigente,normal,1,activo,MUN-01,ZONA-01,CIRC-01,MESA-011
V003098,d056b4abd9f343a2ae6e,35,1991-06-04,,vigente,normal,1,activo,MUN-02,ZONA-02,CIRC-02,MESA-077
V003099,54a4471f17218bbf76fb,36,1990-06-03,,vigente,normal,1,activo,MUN-03,ZONA-03,CIRC-03,MESA-073
V003100,4e687009cee4cec84e62,72,1954-06-03,,vigente,normal,1,activo,MUN-04,ZONA-04,CIRC-04,MESA-004
V003101,d069755dea26125614b1,43,1983-06-04,,vigente,normal,1,activo,MUN-01,ZONA-01,CIRC-01,MESA-076
V003102,d87e72866b5acef50882,23,2003-06-04,,vigente,normal,1,activo,MUN-03,ZONA-03,CIRC-03,MESA-073
V003103,6bbeee9a57154dfe6dd5,21,2005-06-03,,vigente,normal,1,activo,MUN-02,ZONA-02,CIRC-02,MESA-077
V003104,ef267f9a0990605483fd,46,1980-06-03,,vigente,normal,1,activo,MUN-03,ZONA-03,CIRC-03,MESA-048
V003105,08e711c30a43e1043fec,76,1950-06-03,,vigente,normal,1,activo,MUN-01,ZONA-01,CIRC-01,MESA-026
V003106,8d86b8abf938fa5f8f28,34,1992-06-03,,vigente,normal,1,activo,MUN-02,ZONA-02,CIRC-02,MESA-077
V003107,e8ed7811276a625bdc06,60,1966-06-03,,vigente,normal,1,activo,MUN-04,ZONA-04,CIRC-04,MESA-039
V003108,d1eb85a264b6cb04d2d1,83,1943-06-04,,vigente,normal,1,activo,MUN-03,ZONA-08,CIRC-03,MESA-058
V003109,6b56a6bbbcac7b6e970a,51,1975-06-04,,vigente,normal,1,activo,MUN-04,ZONA-09,CIRC-04,MESA-019
V003110,7ee78b32d60dcd5372e2,25,2001-06-03,,vigente,normal,1,activo,MUN-02,ZONA-02,CIRC-02,MESA-077
V003111,92ce076eb452526bc885,30,1996-06-03,,vigente,normal,1,activo,MUN-02,ZONA-02,CIRC-02,MESA-077
V003112,1f15f914dd0e793d951e,25,2001-06-03,,vigente,normal,1,activo,MUN-03,ZONA-08,CIRC-03,MESA-058
V003113,ff152662129ecd6608c4,82,1944-06-03,,vigente,normal,1,activo,MUN-03,ZONA-03,CIRC-03,MESA-028
V003114,121c1ebc78630c7bf149,60,1966-06-03,,vigente,normal,1,activo,MUN-01,ZONA-06,CIRC-01,MESA-066
V003115,4be90925b44bccd70c42,56,1970-06-03,,vigente,normal,1,activo,MUN-05,ZONA-10,CIRC-05,MESA-010
V003116,fb1abe63e8163f4d0e81,76,1950-06-03,,vigente,normal,1,activo,MUN-02,ZONA-02,CIRC-02,MESA-077
V003117,df1bfe2c0b8ee9139d85,61,1965-06-03,,vigente,normal,1,activo,MUN-03,ZONA-08,CIRC-03,MESA-058
V003118,79121dfab327ebeeafdd,26,2000-06-03,,vigente,normal,1,activo,MUN-03,ZONA-03,CIRC-03,MESA-073
V003119,958f203c4c60ea99679c,54,1972-06-03,,vigente,normal,1,activo,MUN-04,ZONA-04,CIRC-04,MESA-014
V003120,478624345c97088c5bdd,53,1973-06-03,,vigente,normal,1,activo,MUN-05,ZONA-05,CIRC-05,MESA-015
V003121,6031b17429c68e5c6593,45,1981-06-03,,vigente,normal,1,activo,MUN-03,ZONA-08,CIRC-03,MESA-033
V003122,f73288bc5a20f69ec20e,59,1967-06-04,,vigente,normal,1,activo,MUN-02,ZONA-07,CIRC-02,MESA-017
V003123,b09c7e8b477edc8ee70c,60,1966-06-03,,vigente,normal,1,activo,MUN-04,ZONA-04,CIRC-04,MESA-024
V003124,80438e9b487317f92058,59,1967-06-04,,vigente,normal,1,activo,MUN-05,ZONA-05,CIRC-05,MESA-030
V003125,78c226525409379139ca,83,1943-06-04,,vigente,normal,1,activo,MUN-02,ZONA-02,CIRC-02,MESA-062
V003126,bd9a7f384e719b3537f0,72,1954-06-03,,vigente,normal,1,activo,MUN-03,ZONA-03,CIRC-03,MESA-013
V003127,1fc18ee91405c2215894,89,1937-06-03,,vigente,normal,1,activo,MUN-02,ZONA-02,CIRC-02,MESA-062
V003128,0c9e38ce21cc1b244bc7,65,1961-06-03,,vigente,normal,1,activo,MUN-02,ZONA-02,CIRC-02,MESA-047
V003129,d68d2dad0ab8c1c586d2,39,1987-06-04,,vigente,normal,1,activo,MUN-01,ZONA-06,CIRC-01,MESA-016
V003130,158a75cf738c7d15a534,44,1982-06-03,,vigente,normal,1,activo,MUN-01,ZONA-06,CIRC-01,MESA-066
V003131,b27f82b35d1f396ac75f,84,1942-06-03,,vigente,normal,1,activo,MUN-03,ZONA-08,CIRC-03,MESA-043
V003132,f7caaa1c5a7d35b40472,30,1996-06-03,,vigente,normal,1,activo,MUN-03,ZONA-08,CIRC-03,MESA-008
V003133,46f4b3c4eb0f7cdc0632,62,1964-06-03,,vigente,normal,1,activo,MUN-03,ZONA-03,CIRC-03,MESA-003
V003134,686ed30849e303d1c60c,27,1999-06-04,,vigente,normal,1,activo,MUN-02,ZONA-02,CIRC-02,MESA-012
V003135,cd66d54dbd6f469c6089,26,2000-06-03,,vigente,normal,1,activo,MUN-01,ZONA-06,CIRC-01,MESA-016
V003136,76f63366deec4a9806ec,71,1955-06-04,,vigente,normal,1,activo,MUN-03,ZONA-03,CIRC-03,MESA-078
V003137,9756080dfd4757811316,44,1982-06-03,,vigente,normal,1,activo,MUN-05,ZONA-05,CIRC-05,MESA-080
V003138,90c6ffa937704a0b45d7,51,1975-06-04,,vigente,normal,1,activo,MUN-04,ZONA-09,CIRC-04,MESA-059
V003139,49dfabed311ea095afc9,18,2008-06-03,,cancelado,normal,1,activo,MUN-04,ZONA-04,CIRC-04,MESA-049
V003140,e4dd75ae375a638d5fbc,49,1977-06-03,,vigente,normal,1,activo,MUN-03,ZONA-03,CIRC-03,MESA-063
V003141,462151e94b005e057eab,88,1938-06-03,,vigente,normal,1,activo,MUN-02,ZONA-02,CIRC-02,MESA-062
V003142,a0247207d9f384bae8d0,84,1942-06-03,,vigente,normal,1,activo,MUN-04,ZONA-04,CIRC-04,MESA-049
V003143,3c951e489e201aac1154,37,1989-06-03,,vigente,normal,1,activo,MUN-01,ZONA-01,CIRC-01,MESA-051
V003144,4cd98ad69b943d697280,52,1974-06-03,,vigente,normal,1,activo,MUN-03,ZONA-08,CIRC-03,MESA-033
V003145,6feb5c00eb6afce28041,34,1992-06-03,,vigente,normal,1,activo,MUN-05,ZONA-05,CIRC-05,MESA-030
V003146,f6a78c56fa525f47e8d7,35,1991-06-04,,vigente,normal,1,activo,MUN-04,ZONA-09,CIRC-04,MESA-059
V003147,934fb6f6d3e63b9e718e,62,1964-06-03,,vigente,normal,1,activo,MUN-01,ZONA-01,CIRC-01,MESA-076
V003148,2fde7c8820ca4ca6c921,70,1956-06-03,,vigente,normal,1,activo,MUN-05,ZONA-05,CIRC-05,MESA-015
V003149,b40f951e0f92c0aa6ba3,85,1941-06-03,,vigente,normal,1,activo,MUN-03,ZONA-03,CIRC-03,MESA-023
V003150,b663e6c34830d482c3e4,82,1944-06-03,,vigente,normal,1,activo,MUN-03,ZONA-03,CIRC-03,MESA-078
V003151,f63ef2dd793284b643ee,18,2008-06-03,,vigente,normal,1,activo,MUN-05,ZONA-10,CIRC-05,MESA-045
V003152,af65beb737d35aa1bba5,75,1951-06-04,,vigente,normal,1,activo,MUN-02,ZONA-02,CIRC-02,MESA-062
V003153,a9d8714f5b42992129be,43,1983-06-04,,cancelado,normal,1,activo,MUN-04,ZONA-04,CIRC-04,MESA-079
V003154,fe68e111c8f6dbc18536,37,1989-06-03,,vigente,normal,1,activo,MUN-01,ZONA-01,CIRC-01,MESA-071
V003155,09df37764bd65a686e98,27,1999-06-04,,vigente,normal,1,activo,MUN-05,ZONA-05,CIRC-05,MESA-015
V003156,082de8770bb84440e086,76,1950-06-03,,vigente,normal,1,activo,MUN-01,ZONA-01,CIRC-01,MESA-046
V003157,a4a38b039a333fa99e91,58,1968-06-03,,vigente,normal,1,activo,MUN-04,ZONA-04,CIRC-04,MESA-064
V003158,d5108ff3e20191091838,22,2004-06-03,,vigente,normal,1,activo,MUN-01,ZONA-01,CIRC-01,MESA-046
V003159,c5ac44c747bba197ba20,82,1944-06-03,,vigente,normal,1,activo,MUN-01,ZONA-06,CIRC-01,MESA-056
V003160,24bc1af2ae29e8dbd5ae,34,1992-06-03,2025-12-25,vigente,fallecido,1,activo,MUN-04,ZONA-09,CIRC-04,MESA-044
V003161,b7249bec9aa78f643bce,39,1987-06-04,,vigente,normal,1,activo,MUN-05,ZONA-05,CIRC-05,MESA-075
V003162,09c9479637f1d543da90,58,1968-06-03,,vigente,normal,1,activo,MUN-04,ZONA-04,CIRC-04,MESA-029
V003163,42581f094c495c94a7bd,85,1941-06-03,,vigente,normal,1,activo,MUN-02,ZONA-02,CIRC-02,MESA-062
V003164,cf26c971311cbcf16012,86,1940-06-03,,vigente,normal,1,activo,MUN-02,ZONA-02,CIRC-02,MESA-052
V003165,1d8c49f685ca4f8076c3,28,1998-06-03,,vigente,normal,1,activo,MUN-04,ZONA-04,CIRC-04,MESA-054
V003166,33747206b2aa7e7903c5,73,1953-06-03,,vigente,normal,1,activo,MUN-02,ZONA-07,CIRC-02,MESA-057
V003167,8e91b68630fdd9b2f455,68,1958-06-03,,vigente,normal,1,activo,MUN-01,ZONA-06,CIRC-01,MESA-066
V003168,d1eaafc2a39d7d78d99a,38,1988-06-03,,vigente,normal,1,activo,MUN-02,ZONA-02,CIRC-02,MESA-022
V003169,ff2259c93df53ea3dc3d,43,1983-06-04,,vigente,normal,1,activo,MUN-05,ZONA-10,CIRC-05,MESA-020
V003170,e8bde4a88d510441b5a7,36,1990-06-03,,vigente,normal,1,activo,MUN-03,ZONA-08,CIRC-03,MESA-033
V003171,744d0c6ae6aa7788129e,77,1949-06-03,,vigente,normal,1,activo,MUN-02,ZONA-02,CIRC-02,MESA-072
V003172,efbf4f8f27703e41b279,88,1938-06-03,,vigente,normal,1,activo,MUN-05,ZONA-05,CIRC-05,MESA-025
V003173,2b879aa23c220b1ab199,64,1962-06-03,,vigente,normal,1,activo,MUN-01,ZONA-01,CIRC-01,MESA-046
V003174,610be7cfe4ac5f2e23e0,88,1938-06-03,,vigente,normal,1,activo,MUN-03,ZONA-03,CIRC-03,MESA-073
V003175,49948be6025f4e5a6942,43,1983-06-04,,vigente,normal,1,activo,MUN-02,ZONA-07,CIRC-02,MESA-057
V003176,cd9888c4ee2f93e159c0,57,1969-06-03,,vigente,normal,1,activo,MUN-05,ZONA-05,CIRC-05,MESA-005
V003177,41e11a0131540c77f7eb,22,2004-06-03,,vigente,normal,1,activo,MUN-05,ZONA-05,CIRC-05,MESA-055
V003178,2c21c4fbadc7e17c9f75,38,1988-06-03,,vigente,normal,1,activo,MUN-01,ZONA-01,CIRC-01,MESA-061
V003179,4a8036b04166fd9d9070,21,2005-06-03,,vigente,normal,1,activo,MUN-03,ZONA-08,CIRC-03,MESA-008
V003180,e2226cbfb26cf6825ca1,40,1986-06-03,,vigente,normal,1,activo,MUN-01,ZONA-06,CIRC-01,MESA-016
V003181,66d6a170d514b6a82a4f,32,1994-06-03,,vigente,normal,1,activo,MUN-03,ZONA-03,CIRC-03,MESA-048
V003182,c8b48da77004b22ba19c,25,2001-06-03,,vigente,normal,1,activo,MUN-01,ZONA-01,CIRC-01,MESA-061
V003183,096b93dbbd200db65a18,58,1968-06-03,,vigente,normal,1,activo,MUN-05,ZONA-05,CIRC-05,MESA-015
V003184,6f1e8e9554508a660c23,36,1990-06-03,,vigente,normal,1,activo,MUN-05,ZONA-05,CIRC-05,MESA-065
V003185,7c76988c227c13f43f6e,63,1963-06-04,,vigente,normal,1,activo,MUN-02,ZONA-02,CIRC-02,MESA-022
V003186,3361d0d0ceeaa5c3f16f,45,1981-06-03,,vigente,normal,1,activo,MUN-03,ZONA-03,CIRC-03,MESA-003
V003187,428e020ab069fd19c33e,85,1941-06-03,,vigente,normal,1,activo,MUN-04,ZONA-04,CIRC-04,MESA-054
V003188,2ee569b2e11195a786bd,32,1994-06-03,,vigente,normal,1,activo,MUN-04,ZONA-04,CIRC-04,MESA-014
V003189,ae87476ad7ebdd2e4978,54,1972-06-03,,vigente,normal,1,activo,MUN-01,ZONA-01,CIRC-01,MESA-036
V003190,1db02a73306d0707d8ad,18,2008-06-03,,vigente,normal,1,activo,MUN-02,ZONA-07,CIRC-02,MESA-067
V003191,a3fd67818d06187b78db,84,1942-06-03,,vigente,normal,1,activo,MUN-05,ZONA-10,CIRC-05,MESA-010
V003192,55c9f677f71860c42118,41,1985-06-03,,vigente,normal,1,activo,MUN-04,ZONA-04,CIRC-04,MESA-049
V003193,ae2acdeafd0e7acc5f1b,44,1982-06-03,,vigente,normal,1,activo,MUN-05,ZONA-05,CIRC-05,MESA-065
V003194,5ed1af9d2438bc976cee,57,1969-06-03,,vigente,normal,1,activo,MUN-02,ZONA-07,CIRC-02,MESA-057
V003195,7c23238e805b6bbb4b2f,80,1946-06-03,,vigente,normal,1,activo,MUN-02,ZONA-02,CIRC-02,MESA-027
V003196,d6c179103cdd75df4b25,78,1948-06-03,,vigente,normal,1,activo,MUN-05,ZONA-05,CIRC-05,MESA-075
V003197,e1df13caa0135f7ed6bc,53,1973-06-03,,vigente,normal,1,activo,MUN-05,ZONA-05,CIRC-05,MESA-005
V003198,448cdddb7914ae1d2413,41,1985-06-03,,vigente,normal,1,activo,MUN-01,ZONA-01,CIRC-01,MESA-071
V003199,3f10d03ab4bfbb8bbbb3,41,1985-06-03,,vigente,normal,1,activo,MUN-02,ZONA-07,CIRC-02,MESA-057
V003200,61071f9237f21520b39e,21,2005-06-03,,vigente,normal,1,activo,MUN-05,ZONA-05,CIRC-05,MESA-015
V003201,3d35ca311ca4ea6b99df,84,1942-06-03,,vigente,normal,1,activo,MUN-01,ZONA-01,CIRC-01,MESA-076
V003202,6f2acc5baf7f29e3d3ec,51,1975-06-04,,vigente,normal,1,activo,MUN-05,ZONA-05,CIRC-05,MESA-030
V003203,1f95d466c7403dd5aeea,74,1952-06-03,,vigente,normal,1,activo,MUN-05,ZONA-10,CIRC-05,MESA-020
V003204,848a2929e40dc513e261,66,1960-06-03,,vigente,normal,1,activo,MUN-02,ZONA-02,CIRC-02,MESA-037
V003205,097af68ba967d46f8d63,70,1956-06-03,,vigente,normal,1,activo,MUN-03,ZONA-03,CIRC-03,MESA-003
V003206,e6dcced211a0a9c64acf,40,1986-06-03,,vigente,normal,1,activo,MUN-03,ZONA-03,CIRC-03,MESA-073
V003207,74156aa906b729fca21e,86,1940-06-03,,vigente,normal,1,activo,MUN-01,ZONA-06,CIRC-01,MESA-041
V003208,6b4fd2fcd9c31675a212,70,1956-06-03,2026-03-07,vigente,fallecido,1,activo,MUN-04,ZONA-04,CIRC-04,MESA-039
V003209,d5363f9ef96901b77277,79,1947-06-04,,vigente,normal,1,activo,MUN-01,ZONA-01,CIRC-01,MESA-026
V003210,adfde98d2d2aa6e13ae6,58,1968-06-03,,vigente,normal,1,activo,MUN-02,ZONA-02,CIRC-02,MESA-002
V003211,eebf686c425a2db0b3e0,74,1952-06-03,,vigente,normal,1,activo,MUN-03,ZONA-03,CIRC-03,MESA-023
V003212,b2c9878d2f1c24b00146,77,1949-06-03,,vigente,normal,1,activo,MUN-03,ZONA-03,CIRC-03,MESA-023
V003213,bb56e1b3682f7ee53922,71,1955-06-04,,vigente,normal,1,activo,MUN-01,ZONA-06,CIRC-01,MESA-016
V003214,a7412ac22fe1a17a5d56,87,1939-06-04,,vigente,normal,1,activo,MUN-04,ZONA-09,CIRC-04,MESA-009
V003215,10aa0409b493621af249,74,1952-06-03,,vigente,normal,1,activo,MUN-03,ZONA-03,CIRC-03,MESA-013
V003216,ed3f4aac027c81ff331c,27,1999-06-04,,vigente,normal,1,activo,MUN-03,ZONA-03,CIRC-03,MESA-028
V003217,afa3d64753cff55531c5,57,1969-06-03,,vigente,normal,1,activo,MUN-02,ZONA-02,CIRC-02,MESA-027
V003218,28bfa2079bba3af99005,24,2002-06-03,,vigente,normal,1,activo,MUN-01,ZONA-01,CIRC-01,MESA-051
V003219,5f5e80659f1b80610c3c,55,1971-06-04,,vigente,normal,1,activo,MUN-04,ZONA-04,CIRC-04,MESA-064
V003220,a2e71a3f182a460e0b7a,78,1948-06-03,,vigente,normal,1,activo,MUN-02,ZONA-02,CIRC-02,MESA-052
V003221,43d6c41874f9ea988d1e,20,2006-06-03,,vigente,normal,1,activo,MUN-03,ZONA-03,CIRC-03,MESA-038
V003222,da6eb1ec213b69d5fa2f,68,1958-06-03,,vigente,normal,1,activo,MUN-05,ZONA-05,CIRC-05,MESA-065
V003223,19ca44322769b7be7915,64,1962-06-03,,vigente,normal,1,activo,MUN-03,ZONA-08,CIRC-03,MESA-018
V003224,a8e22883fb2bc770125d,85,1941-06-03,,vigente,normal,1,activo,MUN-03,ZONA-03,CIRC-03,MESA-063
V003225,a8c678c221100116efd8,55,1971-06-04,,vigente,normal,1,activo,MUN-01,ZONA-01,CIRC-01,MESA-051
V003226,0121c95435a103ff4cb4,53,1973-06-03,,vigente,normal,1,activo,MUN-04,ZONA-09,CIRC-04,MESA-009
V003227,efd667b31dd2bbd5a8d8,58,1968-06-03,,vigente,normal,1,activo,MUN-03,ZONA-03,CIRC-03,MESA-013
V003228,fbbd5b8e08e2d9dd9904,86,1940-06-03,,vigente,normal,1,activo,MUN-05,ZONA-05,CIRC-05,MESA-040
V003229,ba85c80fcc453d557ef6,30,1996-06-03,,vigente,normal,1,activo,MUN-05,ZONA-05,CIRC-05,MESA-055
V003230,c7c662c9897d27a150d8,75,1951-06-04,,vigente,normal,1,activo,MUN-04,ZONA-04,CIRC-04,MESA-079
V003231,39c46ddef6370fff5fcf,67,1959-06-04,,vigente,normal,1,activo,MUN-03,ZONA-08,CIRC-03,MESA-043
V003232,75d7115df805507e804f,47,1979-06-04,,vigente,normal,1,activo,MUN-04,ZONA-09,CIRC-04,MESA-044
V003233,af0285d73c2e8eb39d09,79,1947-06-04,,vigente,normal,1,activo,MUN-03,ZONA-08,CIRC-03,MESA-068
V003234,d053732dc3f903941bb9,42,1984-06-03,,vigente,normal,1,activo,MUN-03,ZONA-08,CIRC-03,MESA-033
V003235,be6fbb38bd537501a874,44,1982-06-03,,vigente,normal,1,activo,MUN-04,ZONA-04,CIRC-04,MESA-024
V003236,98db40d29fc9d8b9523a,68,1958-06-03,,vigente,normal,1,activo,MUN-01,ZONA-01,CIRC-01,MESA-036
V003237,6ba1b46b4fe2c1dfa8a2,74,1952-06-03,,vigente,normal,1,activo,MUN-05,ZONA-10,CIRC-05,MESA-010
V003238,3f47385a45a5c929de23,64,1962-06-03,,vigente,normal,1,activo,MUN-05,ZONA-10,CIRC-05,MESA-020
V003239,cd5cde9f048743eb5b0e,56,1970-06-03,,vigente,normal,1,activo,MUN-05,ZONA-05,CIRC-05,MESA-075
V003240,06f12ee3ffa20484f214,33,1993-06-03,,vigente,normal,1,activo,MUN-02,ZONA-02,CIRC-02,MESA-012
V003241,0e88f67ddd577fe25109,39,1987-06-04,,vigente,normal,1,activo,MUN-02,ZONA-02,CIRC-02,MESA-062
V003242,5b9e7f04be33749d4865,71,1955-06-04,,vigente,normal,1,activo,MUN-03,ZONA-08,CIRC-03,MESA-018
V003243,28c6b1971e2cd4b6ac7b,38,1988-06-03,,vigente,normal,1,activo,MUN-03,ZONA-03,CIRC-03,MESA-063
V003244,f5e0115215e244a2a3fd,89,1937-06-03,,cancelado,normal,1,activo,MUN-05,ZONA-05,CIRC-05,MESA-025
V003245,6ac350c48e90b71695df,33,1993-06-03,,vigente,normal,1,activo,MUN-02,ZONA-02,CIRC-02,MESA-012
V003246,e7292243de4e65fb7cf8,76,1950-06-03,,vigente,normal,1,activo,MUN-01,ZONA-01,CIRC-01,MESA-021
V003247,ffe512b987e8550591bf,48,1978-06-03,,vigente,normal,1,activo,MUN-05,ZONA-05,CIRC-05,MESA-025
V003248,e6e98bf56be5e86cb137,59,1967-06-04,,vigente,normal,1,activo,MUN-01,ZONA-01,CIRC-01,MESA-011
V003249,637469f3ee08c5df0b6a,49,1977-06-03,,vigente,normal,1,activo,MUN-04,ZONA-04,CIRC-04,MESA-064
V003250,f9e89f6d311337377102,76,1950-06-03,,vigente,normal,1,activo,MUN-03,ZONA-03,CIRC-03,MESA-073
V003251,3774716617a120ddcd25,51,1975-06-04,,vigente,normal,1,activo,MUN-05,ZONA-05,CIRC-05,MESA-050
V003252,1e0254aaeb847920da37,26,2000-06-03,,vigente,normal,1,activo,MUN-02,ZONA-02,CIRC-02,MESA-062
V003253,c4f48722438717d36ace,28,1998-06-03,,vigente,normal,1,activo,MUN-04,ZONA-04,CIRC-04,MESA-049
V003254,5fb7531307d2d6f5b322,15,2011-06-04,,vigente,normal,1,activo,MUN-04,ZONA-04,CIRC-04,MESA-014
V003255,231268390236d149554c,34,1992-06-03,,vigente,normal,1,activo,MUN-01,ZONA-01,CIRC-01,MESA-001
V003256,f107a18756a3ad2c961e,85,1941-06-03,,vigente,normal,1,activo,MUN-05,ZONA-05,CIRC-05,MESA-025
V003257,5c8ed3b5bcae49dc9677,65,1961-06-03,,vigente,normal,1,activo,MUN-04,ZONA-09,CIRC-04,MESA-059
V003258,d09729876ffb2d389322,69,1957-06-03,,vigente,normal,1,activo,MUN-02,ZONA-02,CIRC-02,MESA-072
V003259,2ed3a9985846e7349b71,16,2010-06-03,,vigente,normal,1,activo,MUN-04,ZONA-09,CIRC-04,MESA-069
V003260,1bbe7b1b60b4c90944b3,38,1988-06-03,,vigente,normal,1,activo,MUN-05,ZONA-05,CIRC-05,MESA-005
V003261,634a98c4af0204b0c2a2,82,1944-06-03,,vigente,normal,1,activo,MUN-04,ZONA-09,CIRC-04,MESA-019
V003262,a05f2f923f4cb08c7847,80,1946-06-03,,vigente,normal,1,activo,MUN-03,ZONA-03,CIRC-03,MESA-023
V003263,c2d833a97bf9faa4eac9,68,1958-06-03,,vigente,normal,1,activo,MUN-04,ZONA-09,CIRC-04,MESA-009
V003264,90cd8d6d7817947a5460,53,1973-06-03,,vigente,normal,1,activo,MUN-05,ZONA-05,CIRC-05,MESA-050
V003265,7985598c56279e27f082,83,1943-06-04,,vigente,normal,1,activo,MUN-01,ZONA-06,CIRC-01,MESA-016
V003266,8a12576b4e82628fcf27,32,1994-06-03,,vigente,normal,1,activo,MUN-03,ZONA-08,CIRC-03,MESA-033
V003267,b7509ecbe5211c7f7a8e,56,1970-06-03,,vigente,normal,1,activo,MUN-02,ZONA-02,CIRC-02,MESA-002
V003268,81028b034f3a369b090d,87,1939-06-04,,vigente,normal,1,activo,MUN-04,ZONA-04,CIRC-04,MESA-014
V003269,377b6e89a1fd86a5a1b3,18,2008-06-03,,vigente,normal,1,activo,MUN-01,ZONA-01,CIRC-01,MESA-001
V003270,48a3157a348200529951,40,1986-06-03,,vigente,normal,1,activo,MUN-03,ZONA-08,CIRC-03,MESA-058
V003271,10aa3479634caf5aa255,56,1970-06-03,,vigente,normal,1,activo,MUN-01,ZONA-06,CIRC-01,MESA-016
V003272,8a675ce36a47aac716e4,74,1952-06-03,,vigente,normal,1,activo,MUN-04,ZONA-04,CIRC-04,MESA-079
V003273,29265d9f8fc49f3faea1,51,1975-06-04,,vigente,normal,1,activo,MUN-02,ZONA-02,CIRC-02,MESA-047
V003274,19450f2d7f2e8dbad3df,58,1968-06-03,,vigente,normal,1,activo,MUN-04,ZONA-09,CIRC-04,MESA-044
V003275,ef9070c80e8ef6ff2dbc,90,1936-06-03,,vigente,normal,1,activo,MUN-05,ZONA-05,CIRC-05,MESA-080
V003276,f19915dc35dda653aa9c,30,1996-06-03,,vigente,normal,1,activo,MUN-04,ZONA-04,CIRC-04,MESA-014
V003277,3079b5c1109fa3c64b3a,87,1939-06-04,,vigente,normal,1,activo,MUN-04,ZONA-04,CIRC-04,MESA-024
V003278,31d864380bde169ce390,23,2003-06-04,,vigente,normal,1,activo,MUN-05,ZONA-05,CIRC-05,MESA-055
V003279,a1e19edd1c1030d73a68,69,1957-06-03,,vigente,normal,1,activo,MUN-05,ZONA-05,CIRC-05,MESA-015
V003280,c0d58e8d5230629d3bfd,20,2006-06-03,,vigente,normal,1,activo,MUN-02,ZONA-02,CIRC-02,MESA-072
V003281,e392c6ac91633cc35b4c,80,1946-06-03,,vigente,normal,1,activo,MUN-04,ZONA-09,CIRC-04,MESA-034
V003282,180d72a2bf1a9531103b,66,1960-06-03,,vigente,normal,1,activo,MUN-02,ZONA-02,CIRC-02,MESA-002
V003283,e48a20d74f9c30353d02,64,1962-06-03,,vigente,normal,1,activo,MUN-02,ZONA-02,CIRC-02,MESA-027
V003284,8953c400c347ea95023c,72,1954-06-03,,vigente,normal,1,activo,MUN-04,ZONA-04,CIRC-04,MESA-074
V003285,e2487d9f9d641e88d9f5,81,1945-06-03,,vigente,normal,1,activo,MUN-02,ZONA-02,CIRC-02,MESA-072
V003286,e48af1151669109609be,82,1944-06-03,,vigente,normal,1,activo,MUN-03,ZONA-03,CIRC-03,MESA-023
V003287,c38b79cbba230aaabf54,84,1942-06-03,,vigente,normal,1,activo,MUN-03,ZONA-08,CIRC-03,MESA-068
V003288,16dbe6d32bbf25570b3b,32,1994-06-03,,vigente,normal,1,activo,MUN-04,ZONA-04,CIRC-04,MESA-014
V003289,8884f1328cd734366de8,49,1977-06-03,,vigente,normal,1,activo,MUN-03,ZONA-03,CIRC-03,MESA-063
V003290,07665b01642e504b56a3,85,1941-06-03,,vigente,normal,1,activo,MUN-05,ZONA-05,CIRC-05,MESA-065
V003291,94d84b325590039c65ff,35,1991-06-04,,vigente,normal,1,activo,MUN-03,ZONA-08,CIRC-03,MESA-068
V003292,456d5a0ceaf2754f9944,60,1966-06-03,,vigente,normal,1,activo,MUN-03,ZONA-03,CIRC-03,MESA-063
V003293,c82bbbdacf2e2ac35937,52,1974-06-03,,vigente,normal,1,activo,MUN-04,ZONA-04,CIRC-04,MESA-064
V003294,3228a3e128ececfff4f2,75,1951-06-04,,vigente,normal,1,activo,MUN-02,ZONA-07,CIRC-02,MESA-032
V003295,db70fc3f84b1cb850238,16,2010-06-03,,vigente,normal,1,activo,MUN-04,ZONA-04,CIRC-04,MESA-079
V003296,7e48d603fda80e72528a,31,1995-06-04,,cancelado,normal,1,activo,MUN-03,ZONA-03,CIRC-03,MESA-013
V003297,7279d16bf34ee29c011c,51,1975-06-04,,vigente,normal,1,activo,MUN-01,ZONA-06,CIRC-01,MESA-066
V003298,a1e3566b8ae601d64001,78,1948-06-03,,cancelado,normal,1,activo,MUN-04,ZONA-09,CIRC-04,MESA-019
V003299,afe790d48c39116ad0ab,21,2005-06-03,,vigente,normal,1,activo,MUN-04,ZONA-04,CIRC-04,MESA-024
V003300,97bbc49ead0a8fb02e58,76,1950-06-03,,vigente,normal,1,activo,MUN-01,ZONA-01,CIRC-01,MESA-011
V003301,8f7ce3c0ce672fd7241d,46,1980-06-03,,vigente,normal,1,activo,MUN-04,ZONA-09,CIRC-04,MESA-059
V003302,ee20fa345c2e3142acfb,23,2003-06-04,,vigente,normal,1,activo,MUN-05,ZONA-05,CIRC-05,MESA-015
V003303,e553ffe5fb3678027141,66,1960-06-03,,vigente,normal,1,activo,MUN-05,ZONA-10,CIRC-05,MESA-010
V003304,ce1adb36af7b0f0440e6,57,1969-06-03,,vigente,normal,1,activo,MUN-01,ZONA-06,CIRC-01,MESA-041
V003305,a31ce8da9f335c64d18e,82,1944-06-03,,vigente,normal,1,activo,MUN-02,ZONA-02,CIRC-02,MESA-027
V003306,58edb1794261613a7f2a,86,1940-06-03,,vigente,normal,1,activo,MUN-05,ZONA-10,CIRC-05,MESA-060
V003307,757bca21cdaf97b28618,44,1982-06-03,,vigente,normal,1,activo,MUN-03,ZONA-03,CIRC-03,MESA-073
V003308,d259b79e2d2c1ad64913,23,2003-06-04,,vigente,normal,1,activo,MUN-02,ZONA-02,CIRC-02,MESA-052
V003309,8e7192cc55da80cc48fb,30,1996-06-03,,vigente,normal,1,activo,MUN-03,ZONA-03,CIRC-03,MESA-028
V003310,f0f5f33b38035e846a83,81,1945-06-03,,vigente,normal,1,activo,MUN-05,ZONA-05,CIRC-05,MESA-065
V003311,5f7a587d004c448929d9,79,1947-06-04,,vigente,normal,1,activo,MUN-02,ZONA-07,CIRC-02,MESA-017
V003312,53776346eda69cb666cd,36,1990-06-03,,vigente,normal,1,activo,MUN-04,ZONA-09,CIRC-04,MESA-044
V003313,885b7f4f1a9a7e911124,60,1966-06-03,,vigente,normal,1,activo,MUN-05,ZONA-10,CIRC-05,MESA-010
V003314,29b991fe50df508abea8,37,1989-06-03,,vigente,normal,1,activo,MUN-03,ZONA-03,CIRC-03,MESA-063
V003315,344f65144660ab04d385,85,1941-06-03,,vigente,normal,1,activo,MUN-02,ZONA-02,CIRC-02,MESA-047
V003316,3aab4700d68f7f035f83,61,1965-06-03,,vigente,normal,1,activo,MUN-03,ZONA-03,CIRC-03,MESA-038
V003317,a8117fa659b49aed051b,40,1986-06-03,,vigente,normal,1,activo,MUN-05,ZONA-10,CIRC-05,MESA-070
V003318,eb6125df6af3a2896fb9,19,2007-06-04,,vigente,normal,1,activo,MUN-01,ZONA-01,CIRC-01,MESA-076
V003319,fa519b10c8f92cd1cd1c,39,1987-06-04,,vigente,normal,1,activo,MUN-03,ZONA-03,CIRC-03,MESA-053
V003320,3459813e41ce19a4b204,74,1952-06-03,,vigente,normal,1,activo,MUN-03,ZONA-03,CIRC-03,MESA-078
V003321,6e30a8fe67f974c924db,89,1937-06-03,,vigente,normal,1,activo,MUN-04,ZONA-09,CIRC-04,MESA-044
V003322,f60f40d63f7828d00196,24,2002-06-03,,vigente,normal,1,activo,MUN-04,ZONA-04,CIRC-04,MESA-074
V003323,81a23485f9798298c059,73,1953-06-03,,vigente,normal,1,activo,MUN-04,ZONA-04,CIRC-04,MESA-054
V003324,56248ceed201ecd35df0,84,1942-06-03,,vigente,normal,1,activo,MUN-05,ZONA-10,CIRC-05,MESA-020
V003325,712811cb75ae04ec4709,33,1993-06-03,,vigente,normal,1,activo,MUN-04,ZONA-04,CIRC-04,MESA-079
V003326,8c1ef9bbb5fc7e8423b2,68,1958-06-03,,vigente,normal,1,activo,MUN-01,ZONA-06,CIRC-01,MESA-031
V003327,26229f4fe7c34b673203,89,1937-06-03,,cancelado,normal,1,activo,MUN-02,ZONA-07,CIRC-02,MESA-007
V003328,e7de399441662a058088,29,1997-06-03,,vigente,normal,1,activo,MUN-03,ZONA-08,CIRC-03,MESA-058
V003329,eea2dffec40374fb19c5,70,1956-06-03,,vigente,normal,1,activo,MUN-05,ZONA-10,CIRC-05,MESA-010
V003330,c92846c9625dda2baa73,22,2004-06-03,,vigente,normal,1,activo,MUN-05,ZONA-10,CIRC-05,MESA-010
V003331,a93bdde4490ce3f027d4,44,1982-06-03,,vigente,normal,1,activo,MUN-04,ZONA-04,CIRC-04,MESA-039
V003332,7932a6d86097ef66c42e,29,1997-06-03,,vigente,normal,1,activo,MUN-03,ZONA-03,CIRC-03,MESA-028
V003333,9d15a43a8ca4fb518904,34,1992-06-03,,vigente,normal,1,activo,MUN-05,ZONA-05,CIRC-05,MESA-030
V003334,51b7e15fc7b36fc2b1d8,23,2003-06-04,,vigente,normal,1,activo,MUN-02,ZONA-02,CIRC-02,MESA-037
V003335,f57c7a145f458a7c4027,22,2004-06-03,,vigente,normal,1,activo,MUN-02,ZONA-07,CIRC-02,MESA-067
V003336,c3e255dd13185e9cea0e,74,1952-06-03,,vigente,normal,1,activo,MUN-03,ZONA-08,CIRC-03,MESA-043
V003337,b032b438f3873efbb51b,16,2010-06-03,,vigente,normal,1,activo,MUN-04,ZONA-04,CIRC-04,MESA-079
V003338,dc59a5216908f6696f0c,86,1940-06-03,,vigente,normal,1,activo,MUN-02,ZONA-02,CIRC-02,MESA-052
V003339,9b7f031afe2b5df535be,76,1950-06-03,,vigente,normal,1,activo,MUN-01,ZONA-06,CIRC-01,MESA-056
V003340,4f44968c34275ab7003e,50,1976-06-03,,vigente,normal,1,activo,MUN-01,ZONA-01,CIRC-01,MESA-076
V003341,788ea966473937a7ddb6,79,1947-06-04,,vigente,normal,1,activo,MUN-03,ZONA-08,CIRC-03,MESA-068
V003342,27a001344f513cebfd36,67,1959-06-04,,vigente,normal,1,activo,MUN-04,ZONA-09,CIRC-04,MESA-009
V003343,16d25fcdb6af712bdedb,36,1990-06-03,,vigente,normal,1,activo,MUN-03,ZONA-03,CIRC-03,MESA-023
V003344,7d3c356606c4fb53b924,86,1940-06-03,,vigente,normal,1,activo,MUN-03,ZONA-03,CIRC-03,MESA-063
V003345,2db85b088155886246d9,83,1943-06-04,,vigente,normal,1,activo,MUN-01,ZONA-01,CIRC-01,MESA-061
V003346,701275d2687577db8807,64,1962-06-03,,vigente,normal,1,activo,MUN-05,ZONA-05,CIRC-05,MESA-040
V003347,501669010917a429d83d,56,1970-06-03,,vigente,normal,1,activo,MUN-04,ZONA-09,CIRC-04,MESA-044
V003348,fc628a0cbb98d1532061,85,1941-06-03,,vigente,normal,1,activo,MUN-04,ZONA-04,CIRC-04,MESA-024
V003349,c94a0f4c4715060f88de,50,1976-06-03,,vigente,normal,1,activo,MUN-01,ZONA-01,CIRC-01,MESA-051
V003350,9110f06b709498550c9d,30,1996-06-03,,vigente,normal,1,activo,MUN-03,ZONA-08,CIRC-03,MESA-058
V003351,8f32975a9168e60b2a4e,71,1955-06-04,,vigente,normal,1,activo,MUN-03,ZONA-08,CIRC-03,MESA-033
V003352,42e064db6592940c9920,24,2002-06-03,,vigente,normal,1,activo,MUN-01,ZONA-06,CIRC-01,MESA-016
V003353,a73cf33a17469e7b50e7,31,1995-06-04,,vigente,normal,1,activo,MUN-02,ZONA-02,CIRC-02,MESA-022
V003354,1a79df2d50cbbee656c0,36,1990-06-03,,vigente,normal,1,activo,MUN-02,ZONA-07,CIRC-02,MESA-057
V003355,3216273cf424216dbe63,71,1955-06-04,,vigente,normal,1,activo,MUN-02,ZONA-02,CIRC-02,MESA-062
V003356,b286f90421f71ee49082,37,1989-06-03,,vigente,normal,1,activo,MUN-01,ZONA-01,CIRC-01,MESA-071
V003357,a2c4af897fbab6138458,46,1980-06-03,,vigente,normal,1,activo,MUN-02,ZONA-02,CIRC-02,MESA-072
V003358,e5904249c382d9a82a3e,41,1985-06-03,,vigente,normal,1,activo,MUN-05,ZONA-10,CIRC-05,MESA-070
V003359,fc43a93480e96e34ab5c,80,1946-06-03,,vigente,normal,1,activo,MUN-05,ZONA-05,CIRC-05,MESA-030
V003360,9bf59decb836087a768f,17,2009-06-03,,vigente,normal,1,activo,MUN-03,ZONA-03,CIRC-03,MESA-023
V003361,af730f393f7fefdd970e,25,2001-06-03,,vigente,normal,1,activo,MUN-02,ZONA-07,CIRC-02,MESA-032
V003362,b4f85be20b0f25645c01,79,1947-06-04,,vigente,normal,1,activo,MUN-02,ZONA-07,CIRC-02,MESA-057
V003363,be27d5df9c841fece57b,46,1980-06-03,,vigente,normal,1,activo,MUN-04,ZONA-09,CIRC-04,MESA-009
V003364,7246019bcf43b71eaaad,34,1992-06-03,,vigente,normal,1,activo,MUN-01,ZONA-06,CIRC-01,MESA-031
V003365,28f6ba6bdd82eaf9fec2,83,1943-06-04,,vigente,normal,1,activo,MUN-01,ZONA-01,CIRC-01,MESA-071
V003366,546552028a88eb0d7a98,23,2003-06-04,,vigente,normal,1,activo,MUN-04,ZONA-09,CIRC-04,MESA-009
V003367,a0d56fdaaff3bb3b79b0,75,1951-06-04,,vigente,normal,1,activo,MUN-03,ZONA-03,CIRC-03,MESA-013
V003368,b61d4eb7dfce08d79eac,86,1940-06-03,,vigente,normal,1,activo,MUN-03,ZONA-08,CIRC-03,MESA-058
V003369,aa5530409ec6ba4f3067,45,1981-06-03,,vigente,normal,1,activo,MUN-03,ZONA-03,CIRC-03,MESA-003
V003370,b5fafa2b46a22c605884,79,1947-06-04,,vigente,normal,1,activo,MUN-05,ZONA-10,CIRC-05,MESA-035
V003371,2a7fded7c3650956cbad,58,1968-06-03,,vigente,normal,1,activo,MUN-01,ZONA-01,CIRC-01,MESA-021
V003372,7c7cf1d1bf7d2c826f91,86,1940-06-03,,vigente,normal,1,activo,MUN-04,ZONA-04,CIRC-04,MESA-064
V003373,9cd20a62a07b9b07807d,58,1968-06-03,,vigente,normal,1,activo,MUN-02,ZONA-02,CIRC-02,MESA-052
V003374,0cbdebb860e115f7fd47,66,1960-06-03,,vigente,normal,1,activo,MUN-04,ZONA-09,CIRC-04,MESA-034
V003375,6f7c3d693b303e165e75,66,1960-06-03,,vigente,normal,1,activo,MUN-05,ZONA-10,CIRC-05,MESA-035
V003376,1fbe33adba1c52471004,88,1938-06-03,,vigente,normal,1,activo,MUN-05,ZONA-05,CIRC-05,MESA-015
V003377,e218a60ba69c1dffe412,20,2006-06-03,,vigente,normal,1,activo,MUN-01,ZONA-06,CIRC-01,MESA-006
V003378,f8d9beb56e3d06e7811a,27,1999-06-04,,vigente,normal,1,activo,MUN-02,ZONA-07,CIRC-02,MESA-032
V003379,40412eb2557fde1b53f9,52,1974-06-03,,vigente,normal,1,activo,MUN-02,ZONA-02,CIRC-02,MESA-052
V003380,0b6c97ebfefad953e4cc,19,2007-06-04,,vigente,normal,1,activo,MUN-03,ZONA-03,CIRC-03,MESA-028
V003381,80ea47dc646de7dbdb01,41,1985-06-03,,vigente,normal,1,activo,MUN-04,ZONA-04,CIRC-04,MESA-064
V003382,9c838c4bccb3c0a1004b,55,1971-06-04,,vigente,normal,1,activo,MUN-04,ZONA-04,CIRC-04,MESA-079
V003383,620282657678f3b09179,39,1987-06-04,,vigente,normal,1,activo,MUN-03,ZONA-03,CIRC-03,MESA-078
V003384,8fb761f642c14f6a9a1b,43,1983-06-04,,vigente,normal,1,activo,MUN-04,ZONA-09,CIRC-04,MESA-019
V003385,257bb4506bfa5f222cbf,60,1966-06-03,,vigente,normal,1,activo,MUN-05,ZONA-05,CIRC-05,MESA-015
V003386,39b7a2da96ab61f3ca34,72,1954-06-03,,vigente,normal,1,activo,MUN-01,ZONA-06,CIRC-01,MESA-006
V003387,76f8a3cf6b6c7ebee546,56,1970-06-03,,vigente,normal,1,activo,MUN-03,ZONA-03,CIRC-03,MESA-073
V003388,8bacb0ce87626c40f34b,46,1980-06-03,,vigente,normal,1,activo,MUN-03,ZONA-03,CIRC-03,MESA-038
V003389,8110cac5ba740f1b1a2f,37,1989-06-03,,vigente,normal,1,activo,MUN-01,ZONA-01,CIRC-01,MESA-026
V003390,d2614702bbb8683acb99,58,1968-06-03,,vigente,normal,1,activo,MUN-01,ZONA-01,CIRC-01,MESA-051
V003391,a793c3445b27cdfbac6b,71,1955-06-04,,vigente,normal,1,activo,MUN-03,ZONA-03,CIRC-03,MESA-073
V003392,be11f5094ea582eba4c0,37,1989-06-03,,vigente,normal,1,activo,MUN-03,ZONA-03,CIRC-03,MESA-053
V003393,80eab46b2b458bf03062,36,1990-06-03,,vigente,normal,1,activo,MUN-01,ZONA-06,CIRC-01,MESA-056
V003394,0c14c8cd02df77f45dd0,83,1943-06-04,,vigente,normal,1,activo,MUN-04,ZONA-09,CIRC-04,MESA-059
V003395,234edbfe9ef92d7ed0f1,47,1979-06-04,,vigente,normal,1,activo,MUN-05,ZONA-10,CIRC-05,MESA-070
V003396,e7a1c6694382c9cab911,70,1956-06-03,,vigente,normal,1,activo,MUN-03,ZONA-03,CIRC-03,MESA-078
V003397,307928416e24fd0b0f30,51,1975-06-04,,vigente,normal,1,activo,MUN-03,ZONA-08,CIRC-03,MESA-058
V003398,06c87e9fa892ced6e6cb,39,1987-06-04,,vigente,normal,1,activo,MUN-03,ZONA-03,CIRC-03,MESA-013
V003399,d3b73014d80ec5b6f1b2,84,1942-06-03,,vigente,normal,1,activo,MUN-03,ZONA-08,CIRC-03,MESA-043
V003400,26e7e37a2feaf31efc7d,23,2003-06-04,,vigente,normal,1,activo,MUN-01,ZONA-01,CIRC-01,MESA-076
V003401,f306e22ffd86701ffb72,44,1982-06-03,,vigente,privado_libertad,1,activo,MUN-01,ZONA-01,CIRC-01,MESA-051
V003402,8f7db8493729379fce6f,27,1999-06-04,,vigente,normal,1,activo,MUN-04,ZONA-09,CIRC-04,MESA-019
V003403,6844c671927eb2505f3f,90,1936-06-03,,vigente,normal,1,activo,MUN-01,ZONA-01,CIRC-01,MESA-021
V003404,55b91c3e8f6dbc3c5da3,65,1961-06-03,,vigente,normal,1,activo,MUN-04,ZONA-04,CIRC-04,MESA-024
V003405,2b0dde374fbe6f4a0239,87,1939-06-04,,vigente,normal,1,activo,MUN-01,ZONA-01,CIRC-01,MESA-026
V003406,3672f39b35ddf03c0167,76,1950-06-03,,vigente,normal,1,activo,MUN-05,ZONA-10,CIRC-05,MESA-045
V003407,940cf26c208b88b59a5e,76,1950-06-03,,vigente,normal,1,activo,MUN-03,ZONA-03,CIRC-03,MESA-028
V003408,e69c71cd2b527437d53a,19,2007-06-04,2024-12-03,vigente,fallecido,1,activo,MUN-04,ZONA-04,CIRC-04,MESA-029
V003409,2b513d11b9ab74039ec8,46,1980-06-03,,vigente,normal,1,activo,MUN-02,ZONA-07,CIRC-02,MESA-017
V003410,2d9d349e77557b219b72,85,1941-06-03,,vigente,normal,1,activo,MUN-03,ZONA-08,CIRC-03,MESA-068
V003411,0f95a2e21da48b383883,82,1944-06-03,,vigente,normal,1,activo,MUN-04,ZONA-09,CIRC-04,MESA-044
V003412,722dc8c39a6e83e57b17,43,1983-06-04,,vigente,normal,1,activo,MUN-01,ZONA-01,CIRC-01,MESA-061
V003413,de6d8da7d32e490ea64b,27,1999-06-04,,vigente,normal,1,activo,MUN-03,ZONA-08,CIRC-03,MESA-068
V003414,f65456b444ffd7a49807,70,1956-06-03,,vigente,normal,1,activo,MUN-04,ZONA-04,CIRC-04,MESA-074
V003415,0db70f8758c7b3110df1,76,1950-06-03,,vigente,privado_libertad,1,activo,MUN-05,ZONA-05,CIRC-05,MESA-025
V003416,8af25c06c88c5a73fdd1,39,1987-06-04,,vigente,normal,1,activo,MUN-02,ZONA-07,CIRC-02,MESA-067
V003417,13f6d61517f7a3f82510,68,1958-06-03,,vigente,normal,1,activo,MUN-02,ZONA-02,CIRC-02,MESA-002
V003418,9bf19d1de1cf2d18f67d,65,1961-06-03,,vigente,normal,1,activo,MUN-04,ZONA-04,CIRC-04,MESA-049
V003419,beaec6c6aa33d94259ae,38,1988-06-03,,vigente,normal,1,activo,MUN-05,ZONA-10,CIRC-05,MESA-070
V003420,ccfa1cc13c419937b38a,39,1987-06-04,,vigente,normal,1,activo,MUN-01,ZONA-01,CIRC-01,MESA-026
V003421,13b736313d24476d8649,47,1979-06-04,,vigente,normal,1,activo,MUN-02,ZONA-02,CIRC-02,MESA-072
V003422,b9138d17a2378a70c278,42,1984-06-03,,vigente,normal,1,activo,MUN-02,ZONA-02,CIRC-02,MESA-027
V003423,b19566aca7f66d31af11,45,1981-06-03,,vigente,normal,1,activo,MUN-03,ZONA-08,CIRC-03,MESA-018
V003424,331408ec3cccd344df47,82,1944-06-03,,vigente,normal,1,activo,MUN-04,ZONA-04,CIRC-04,MESA-054
V003425,540e89e5a20b2925ca1f,62,1964-06-03,,vigente,normal,1,activo,MUN-01,ZONA-01,CIRC-01,MESA-001
V003426,0045962cf5ed42c7366c,85,1941-06-03,2024-01-26,vigente,fallecido,1,activo,MUN-01,ZONA-01,CIRC-01,MESA-061
V003427,443a98287182b1ff3fa6,24,2002-06-03,,vigente,normal,1,activo,MUN-03,ZONA-03,CIRC-03,MESA-003
V003428,d11018c4b5ccd29285d4,66,1960-06-03,,vigente,normal,1,activo,MUN-03,ZONA-08,CIRC-03,MESA-068
V003429,5981d5b59fa488f7586c,26,2000-06-03,,vigente,normal,1,activo,MUN-01,ZONA-06,CIRC-01,MESA-041
V003430,3ed58dfe827b043e13c7,53,1973-06-03,,vigente,normal,1,activo,MUN-02,ZONA-02,CIRC-02,MESA-037
V003431,dd390ced66c7a99b306d,18,2008-06-03,,vigente,normal,1,activo,MUN-01,ZONA-01,CIRC-01,MESA-051
V003432,a57a22a7f814f0b789af,27,1999-06-04,,vigente,normal,1,activo,MUN-05,ZONA-05,CIRC-05,MESA-015
V003433,7e0b1e5802b6dae91725,53,1973-06-03,,vigente,normal,1,activo,MUN-03,ZONA-08,CIRC-03,MESA-008
V003434,bb46b7cd57c45a0187a0,90,1936-06-03,,vigente,normal,1,activo,MUN-03,ZONA-03,CIRC-03,MESA-038
V003435,53a211f31ce836341596,121,1905-06-03,,vigente,normal,1,activo,MUN-01,ZONA-06,CIRC-01,MESA-056
V003436,a4bd1532c8e4666910cd,49,1977-06-03,,vigente,normal,1,activo,MUN-02,ZONA-02,CIRC-02,MESA-047
V003437,d3354a828204184fcc19,49,1977-06-03,,vigente,normal,1,activo,MUN-05,ZONA-10,CIRC-05,MESA-010
V003438,68371e15cbc77a54f980,23,2003-06-04,,vigente,normal,1,activo,MUN-03,ZONA-03,CIRC-03,MESA-078
V003439,c9961605a008eefc197d,65,1961-06-03,,vigente,normal,1,activo,MUN-04,ZONA-04,CIRC-04,MESA-049
V003440,a8275e7c92e7473dd635,55,1971-06-04,,vigente,normal,1,activo,MUN-01,ZONA-06,CIRC-01,MESA-041
V003441,620bad137a5165442871,34,1992-06-03,,vigente,normal,1,activo,MUN-05,ZONA-05,CIRC-05,MESA-030
V003442,f6e338578a0b07c782b6,44,1982-06-03,,vigente,normal,1,activo,MUN-05,ZONA-05,CIRC-05,MESA-005
V003443,a0542ba65001637ef72e,71,1955-06-04,,vigente,normal,1,activo,MUN-01,ZONA-01,CIRC-01,MESA-071
V003444,ad563daf20cf5a047765,67,1959-06-04,,vigente,normal,1,activo,MUN-01,ZONA-06,CIRC-01,MESA-031
V003445,4fff95d62adf14d5c693,52,1974-06-03,,vigente,normal,1,activo,MUN-02,ZONA-02,CIRC-02,MESA-052
V003446,1d27e646263e406e4d84,42,1984-06-03,,vigente,normal,1,activo,MUN-03,ZONA-03,CIRC-03,MESA-023
V003447,5db81bf210a0b8b1c9ff,45,1981-06-03,,vigente,normal,1,activo,MUN-03,ZONA-03,CIRC-03,MESA-048
V003448,e87ff9ae1e47b8976bc0,32,1994-06-03,,vigente,normal,1,activo,MUN-05,ZONA-05,CIRC-05,MESA-040
V003449,afa78024ae094cefa206,21,2005-06-03,,vigente,normal,1,activo,MUN-01,ZONA-06,CIRC-01,MESA-006
V003450,ed87123e8dbe572597ca,90,1936-06-03,,vigente,normal,1,activo,MUN-03,ZONA-03,CIRC-03,MESA-038
V003451,9c3bcfb561db866357cc,44,1982-06-03,,vigente,normal,1,activo,MUN-01,ZONA-06,CIRC-01,MESA-041
V003452,6f2bdb4985ae762ceb48,43,1983-06-04,,vigente,normal,1,activo,MUN-02,ZONA-02,CIRC-02,MESA-027
V003453,0df0e408edb11759fa19,36,1990-06-03,2025-05-07,vigente,fallecido,1,activo,MUN-05,ZONA-05,CIRC-05,MESA-075
V003454,25e43dd0974b28b6c57f,34,1992-06-03,,vigente,normal,1,activo,MUN-04,ZONA-09,CIRC-04,MESA-069
V003455,b3ee1819fe1a4dd2ee78,60,1966-06-03,,vigente,normal,1,activo,MUN-02,ZONA-07,CIRC-02,MESA-057
V003456,fa8637e0b9e33b2a1679,58,1968-06-03,,vigente,normal,1,activo,MUN-02,ZONA-07,CIRC-02,MESA-017
V003457,54578c99d75248072c50,59,1967-06-04,,vigente,normal,1,activo,MUN-01,ZONA-01,CIRC-01,MESA-071
V003458,5835f894627e69ec4966,67,1959-06-04,,vigente,normal,1,activo,MUN-02,ZONA-02,CIRC-02,MESA-047
V003459,a5a7e2bf050c6cb841a3,57,1969-06-03,,vigente,normal,1,activo,MUN-04,ZONA-04,CIRC-04,MESA-079
V003460,51b8c51b3e37a721c889,56,1970-06-03,,vigente,normal,1,activo,MUN-03,ZONA-03,CIRC-03,MESA-013
V003461,1c786aa6b37d1296bfe5,40,1986-06-03,,vigente,normal,1,activo,MUN-01,ZONA-01,CIRC-01,MESA-011
V003462,fad53562cbda64f133ce,69,1957-06-03,,vigente,normal,1,activo,MUN-04,ZONA-04,CIRC-04,MESA-024
V003463,4c3506795f8a83de9e26,64,1962-06-03,,vigente,normal,1,activo,MUN-03,ZONA-03,CIRC-03,MESA-073
V003464,28419ab1397d9acff099,80,1946-06-03,,vigente,normal,1,activo,MUN-04,ZONA-04,CIRC-04,MESA-004
V003465,490fa0974b33f85a93f2,86,1940-06-03,,vigente,normal,1,activo,MUN-01,ZONA-01,CIRC-01,MESA-046
V003466,42760546b181b5260be2,60,1966-06-03,,vigente,normal,1,activo,MUN-03,ZONA-08,CIRC-03,MESA-018
V003467,1e0aa39299b3b1f259a9,65,1961-06-03,,vigente,normal,1,activo,MUN-03,ZONA-08,CIRC-03,MESA-043
V003468,8bc52aed6990485010d9,51,1975-06-04,,vigente,normal,1,activo,MUN-05,ZONA-05,CIRC-05,MESA-080
V003469,485bea5ce4357f7fe8bd,57,1969-06-03,,vigente,normal,1,activo,MUN-03,ZONA-08,CIRC-03,MESA-033
V003470,9c4d8bd3be906a754c4d,78,1948-06-03,,vigente,normal,1,activo,MUN-05,ZONA-10,CIRC-05,MESA-010
V003471,e216904e03dbc57a7613,67,1959-06-04,,vigente,normal,1,activo,MUN-03,ZONA-03,CIRC-03,MESA-073
V003472,32696560da4e06036ce1,84,1942-06-03,,vigente,normal,1,activo,MUN-04,ZONA-09,CIRC-04,MESA-059
V003473,a9ecaa08571b6c18a197,17,2009-06-03,,vigente,normal,1,activo,MUN-01,ZONA-06,CIRC-01,MESA-031
V003474,ff6d0e7243b6898be7db,75,1951-06-04,,vigente,normal,1,activo,MUN-03,ZONA-03,CIRC-03,MESA-028
V003475,4b2718c97877cde05e54,50,1976-06-03,,vigente,normal,1,activo,MUN-05,ZONA-10,CIRC-05,MESA-060
V003476,8fc06a63f66df1c4616c,116,1910-06-03,,vigente,normal,1,activo,MUN-03,ZONA-03,CIRC-03,MESA-003
V003477,12f7779449c10d383a2c,65,1961-06-03,,vigente,normal,1,activo,MUN-05,ZONA-05,CIRC-05,MESA-055
V003478,bcadf87bed54d4d829ac,27,1999-06-04,,vigente,normal,1,activo,MUN-04,ZONA-04,CIRC-04,MESA-014
V003479,9230ad4ba263b1e4207f,55,1971-06-04,,vigente,normal,1,activo,MUN-03,ZONA-08,CIRC-03,MESA-058
V003480,0cf75b0b200ec1192997,36,1990-06-03,,vigente,normal,1,activo,MUN-05,ZONA-05,CIRC-05,MESA-015
V003481,2714a79e48a24bca69c9,53,1973-06-03,,vigente,normal,1,activo,MUN-02,ZONA-02,CIRC-02,MESA-002
V003482,73f86e7fc0153fe8c07b,76,1950-06-03,,vigente,normal,1,activo,MUN-04,ZONA-04,CIRC-04,MESA-024
V003483,690b5ed494947c2e0316,80,1946-06-03,,vigente,normal,1,activo,MUN-03,ZONA-03,CIRC-03,MESA-078
V003484,6d1d51cac56815cbf487,63,1963-06-04,,vigente,normal,1,activo,MUN-04,ZONA-04,CIRC-04,MESA-064
V003485,1a660f6c762bc437c75b,20,2006-06-03,,vigente,normal,1,activo,MUN-01,ZONA-01,CIRC-01,MESA-071
V003486,caca4024eeb9b5517362,82,1944-06-03,,vigente,normal,1,activo,MUN-04,ZONA-04,CIRC-04,MESA-024
V003487,b9da2159212a4ca65836,25,2001-06-03,,vigente,normal,1,activo,MUN-02,ZONA-02,CIRC-02,MESA-027
V003488,e328d4f81f34a66501ef,68,1958-06-03,,vigente,normal,1,activo,MUN-02,ZONA-02,CIRC-02,MESA-037
V003489,e48cc3ee8d88675ec47a,90,1936-06-03,,vigente,normal,1,activo,MUN-04,ZONA-04,CIRC-04,MESA-039
V003490,d4c5876b1ec21b12c3f2,23,2003-06-04,,vigente,normal,1,activo,MUN-03,ZONA-03,CIRC-03,MESA-063
V003491,4a3a2a45390eac683346,56,1970-06-03,,vigente,normal,1,activo,MUN-04,ZONA-04,CIRC-04,MESA-079
V003492,8bd9df650c2a2fc09492,77,1949-06-03,,vigente,normal,1,activo,MUN-01,ZONA-01,CIRC-01,MESA-026
V003493,e657a3c029dcd8b68735,45,1981-06-03,,vigente,normal,1,activo,MUN-05,ZONA-05,CIRC-05,MESA-065
V003494,f1db1e33eb2a0ce16994,71,1955-06-04,,vigente,normal,1,activo,MUN-04,ZONA-04,CIRC-04,MESA-004
V003495,3365941aacd294e455ca,54,1972-06-03,,vigente,normal,1,activo,MUN-04,ZONA-04,CIRC-04,MESA-029
V003496,e0347bd02d2719541836,26,2000-06-03,,vigente,normal,1,activo,MUN-01,ZONA-01,CIRC-01,MESA-001
V003497,4dd5c5637d5a02d8fdc1,73,1953-06-03,,vigente,normal,1,activo,MUN-05,ZONA-05,CIRC-05,MESA-050
V003498,67e7ed973af6f4130689,76,1950-06-03,,vigente,normal,1,activo,MUN-01,ZONA-01,CIRC-01,MESA-011
V003499,aa46c6d32334ba4ed10b,19,2007-06-04,,vigente,normal,1,activo,MUN-04,ZONA-04,CIRC-04,MESA-074
V003500,60d4ff570482edec9256,78,1948-06-03,,vigente,normal,1,activo,MUN-04,ZONA-09,CIRC-04,MESA-059
V003501,b840da0c9cee79e8bcf9,75,1951-06-04,,vigente,normal,1,activo,MUN-02,ZONA-02,CIRC-02,MESA-062
V003502,501e985b47edc6690faa,77,1949-06-03,,vigente,normal,1,activo,MUN-01,ZONA-01,CIRC-01,MESA-036
V003503,6d74436bb0c7b4e3cd4c,57,1969-06-03,,vigente,normal,1,activo,MUN-01,ZONA-06,CIRC-01,MESA-056
V003504,63d7b536daee47a1621b,53,1973-06-03,,vigente,normal,1,activo,MUN-01,ZONA-01,CIRC-01,MESA-021
V003505,66e83e82a1d04abb38bd,54,1972-06-03,,vigente,normal,1,activo,MUN-03,ZONA-03,CIRC-03,MESA-013
V003506,1c48dfdd4a0e77d7676f,35,1991-06-04,,vigente,normal,1,activo,MUN-04,ZONA-09,CIRC-04,MESA-009
V003507,43221f40301afb327198,80,1946-06-03,,vigente,normal,1,activo,MUN-01,ZONA-01,CIRC-01,MESA-011
V003508,3e2d7a6a5491aac02190,39,1987-06-04,,vigente,normal,1,activo,MUN-05,ZONA-05,CIRC-05,MESA-075
V003509,6baf431ebe116d4f1192,28,1998-06-03,,vigente,normal,1,activo,MUN-05,ZONA-10,CIRC-05,MESA-070
V003510,4c5fb293de73e986ffeb,75,1951-06-04,,cancelado,normal,1,activo,MUN-01,ZONA-01,CIRC-01,MESA-001
V003511,9d5190219e3e20749e4e,74,1952-06-03,,vigente,normal,1,activo,MUN-05,ZONA-10,CIRC-05,MESA-070
V003512,06c206fa922e72626994,21,2005-06-03,,vigente,normal,1,activo,MUN-02,ZONA-02,CIRC-02,MESA-077
V003513,8ae02d72a91ac285736b,24,2002-06-03,,vigente,normal,1,activo,MUN-01,ZONA-06,CIRC-01,MESA-056
V003514,4245191d29f187aa02c1,78,1948-06-03,,vigente,normal,1,activo,MUN-01,ZONA-06,CIRC-01,MESA-031
V003515,88d91017bb50337f443b,71,1955-06-04,,vigente,normal,1,activo,MUN-02,ZONA-02,CIRC-02,MESA-037
V003516,f50ddaa47d95dc7acbda,85,1941-06-03,,vigente,normal,1,activo,MUN-02,ZONA-02,CIRC-02,MESA-047
V003517,1b9f69d91e7cb2e4cbaf,18,2008-06-03,,vigente,normal,1,activo,MUN-03,ZONA-03,CIRC-03,MESA-078
V003518,79113856db544f4434d9,72,1954-06-03,,vigente,normal,1,activo,MUN-02,ZONA-02,CIRC-02,MESA-047
V003519,b7311387c75949339b75,20,2006-06-03,,vigente,normal,1,activo,MUN-04,ZONA-09,CIRC-04,MESA-069
V003520,af516ec5d03f02d19875,55,1971-06-04,,vigente,normal,1,activo,MUN-03,ZONA-08,CIRC-03,MESA-058
V003521,0bb6ff8b028763f37096,18,2008-06-03,,vigente,normal,1,activo,MUN-01,ZONA-01,CIRC-01,MESA-036
V003522,5abdfb36850a3df115d8,55,1971-06-04,,vigente,normal,1,activo,MUN-02,ZONA-07,CIRC-02,MESA-032
V003523,54f10546d6141092bce5,46,1980-06-03,,vigente,normal,1,activo,MUN-04,ZONA-04,CIRC-04,MESA-064
V003524,5a4d28ba01e517719af1,22,2004-06-03,,vigente,normal,1,activo,MUN-01,ZONA-01,CIRC-01,MESA-071
V003525,121b587cc2b61244e060,38,1988-06-03,,vigente,normal,1,activo,MUN-02,ZONA-07,CIRC-02,MESA-042
V003526,007e89679d9ac21ee09e,88,1938-06-03,,vigente,normal,1,activo,MUN-03,ZONA-03,CIRC-03,MESA-048
V003527,3c1df59b63d982cb9679,84,1942-06-03,,vigente,normal,1,activo,MUN-04,ZONA-04,CIRC-04,MESA-074
V003528,18f0100d27d5efcf2e88,64,1962-06-03,,vigente,normal,1,activo,MUN-05,ZONA-05,CIRC-05,MESA-030
V003529,6e7c1e180c75b45de287,52,1974-06-03,,vigente,normal,1,activo,MUN-01,ZONA-01,CIRC-01,MESA-021
V003530,fb11089b0ccf926ce373,85,1941-06-03,2024-10-22,vigente,fallecido,1,activo,MUN-05,ZONA-10,CIRC-05,MESA-060
V003531,365b9575ba09a43fb1fc,86,1940-06-03,,vigente,normal,1,activo,MUN-03,ZONA-03,CIRC-03,MESA-013
V003532,080c3d4cc7561134f2ff,18,2008-06-03,,vigente,normal,1,activo,MUN-01,ZONA-01,CIRC-01,MESA-001
V003533,a46b379bae9be7acce4f,85,1941-06-03,,vigente,normal,1,activo,MUN-05,ZONA-05,CIRC-05,MESA-065
V003534,3b01b335bfd7b55f1a27,29,1997-06-03,,vigente,normal,1,activo,MUN-03,ZONA-08,CIRC-03,MESA-033
V003535,69921702ad419ea2c148,77,1949-06-03,,vigente,normal,1,activo,MUN-03,ZONA-03,CIRC-03,MESA-038
V003536,3fd12ba39ab0e20c707b,44,1982-06-03,,vigente,normal,1,activo,MUN-05,ZONA-05,CIRC-05,MESA-025
V003537,d0cc2c73f7b165543c90,73,1953-06-03,,vigente,normal,1,activo,MUN-01,ZONA-01,CIRC-01,MESA-026
V003538,97905a21903f305bcdd5,40,1986-06-03,,vigente,normal,1,activo,MUN-02,ZONA-02,CIRC-02,MESA-077
V003539,99ddd67a860587310eca,42,1984-06-03,,vigente,normal,1,activo,MUN-04,ZONA-09,CIRC-04,MESA-059
V003540,4d664a66a18dad5ef578,38,1988-06-03,,vigente,normal,1,activo,MUN-03,ZONA-08,CIRC-03,MESA-033
V003541,f0d360d72f42133944a5,78,1948-06-03,,vigente,normal,1,activo,MUN-01,ZONA-06,CIRC-01,MESA-041
V003542,8216971bf500cd8868e7,80,1946-06-03,,vigente,normal,1,activo,MUN-05,ZONA-05,CIRC-05,MESA-030
V003543,e75e914eac2f0709c27e,69,1957-06-03,,vigente,normal,1,activo,MUN-02,ZONA-07,CIRC-02,MESA-057
V003544,f95241553a6f73ac1e70,42,1984-06-03,,vigente,normal,1,activo,MUN-04,ZONA-04,CIRC-04,MESA-049
V003545,437e7664dc9bb01a65a1,72,1954-06-03,,vigente,normal,1,activo,MUN-03,ZONA-03,CIRC-03,MESA-048
V003546,fdef14361906e72a152e,63,1963-06-04,,vigente,normal,1,activo,MUN-02,ZONA-02,CIRC-02,MESA-072
V003547,69c2dffdf03ad2741563,49,1977-06-03,,vigente,normal,1,activo,MUN-04,ZONA-04,CIRC-04,MESA-049
V003548,15e433579f2cff7e58df,72,1954-06-03,,vigente,normal,1,activo,MUN-02,ZONA-02,CIRC-02,MESA-047
V003549,aaf387ee4b3a7c301d4f,22,2004-06-03,,vigente,normal,1,activo,MUN-01,ZONA-06,CIRC-01,MESA-056
V003550,c7b3da3d63c5131dd2ba,53,1973-06-03,,vigente,normal,1,activo,MUN-05,ZONA-05,CIRC-05,MESA-065
V003551,8213762a8e79da87c4d7,129,1897-06-02,,vigente,normal,1,activo,MUN-02,ZONA-02,CIRC-02,MESA-012
V003552,3b08cf413b2b6b2e1f93,75,1951-06-04,2025-09-05,vigente,fallecido,1,activo,MUN-04,ZONA-09,CIRC-04,MESA-069
V003553,d4442afd5ab6d4666536,56,1970-06-03,,vigente,normal,1,activo,MUN-01,ZONA-06,CIRC-01,MESA-006
V003554,b3605644c000f3d01ce6,78,1948-06-03,,vigente,normal,1,activo,MUN-05,ZONA-05,CIRC-05,MESA-065
V003555,e7ea4d67c9db5e89af01,26,2000-06-03,,vigente,normal,1,activo,MUN-05,ZONA-05,CIRC-05,MESA-025
V003556,513c24bf48332779d7a8,23,2003-06-04,,vigente,normal,1,activo,MUN-01,ZONA-01,CIRC-01,MESA-001
V003557,1b5d2baf174367effdba,52,1974-06-03,,vigente,normal,1,activo,MUN-02,ZONA-07,CIRC-02,MESA-032
V003558,7f36ef1a110dbc2c957e,56,1970-06-03,,vigente,normal,1,activo,MUN-03,ZONA-03,CIRC-03,MESA-003
V003559,2bc4cd905321d997e64d,39,1987-06-04,,vigente,normal,1,activo,MUN-04,ZONA-04,CIRC-04,MESA-049
V003560,dd5fb97dc8201364d4f5,58,1968-06-03,,vigente,normal,1,activo,MUN-04,ZONA-09,CIRC-04,MESA-019
V003561,e2d97f18a0362e0c582d,22,2004-06-03,,vigente,normal,1,activo,MUN-05,ZONA-10,CIRC-05,MESA-060
V003562,ed41f694194a89b77ec7,59,1967-06-04,,vigente,normal,1,activo,MUN-04,ZONA-04,CIRC-04,MESA-029
V003563,5a102e44dfdb1af0e59a,84,1942-06-03,,vigente,normal,1,activo,MUN-05,ZONA-05,CIRC-05,MESA-050
V003564,5aa07c061c3dce878dbe,47,1979-06-04,,vigente,normal,1,activo,MUN-02,ZONA-02,CIRC-02,MESA-002
V003565,0ee7f2400ac034f6a41e,74,1952-06-03,,vigente,normal,1,activo,MUN-03,ZONA-03,CIRC-03,MESA-073
V003566,d16c70b965d86d6eea0e,90,1936-06-03,,vigente,normal,1,activo,MUN-01,ZONA-06,CIRC-01,MESA-056
V003567,2b1d927d16b9712d6344,46,1980-06-03,,vigente,normal,1,activo,MUN-02,ZONA-07,CIRC-02,MESA-017
V003568,944e77158ac67dbff1e9,54,1972-06-03,,vigente,normal,1,activo,MUN-05,ZONA-10,CIRC-05,MESA-060
V003569,662e783a53786f252911,30,1996-06-03,,vigente,normal,1,activo,MUN-01,ZONA-01,CIRC-01,MESA-036
V003570,8a0849cc8d5c458a4d64,49,1977-06-03,,vigente,normal,1,activo,MUN-01,ZONA-01,CIRC-01,MESA-061
V003571,40e248457f1e6232d1c0,63,1963-06-04,,vigente,normal,1,activo,MUN-02,ZONA-07,CIRC-02,MESA-017
V003572,5186ecac902067b11a90,40,1986-06-03,,vigente,normal,1,activo,MUN-04,ZONA-04,CIRC-04,MESA-049
V003573,1beeab4390cb25d23fb7,62,1964-06-03,,vigente,normal,1,activo,MUN-01,ZONA-01,CIRC-01,MESA-076
V003574,e976da7d8bfcfc046228,34,1992-06-03,,vigente,normal,1,activo,MUN-05,ZONA-10,CIRC-05,MESA-060
V003575,f60ef613f2b16a8bf076,83,1943-06-04,,vigente,normal,1,activo,MUN-05,ZONA-10,CIRC-05,MESA-020
V003576,051477fa1fa0c8ffbc77,23,2003-06-04,,vigente,normal,1,activo,MUN-05,ZONA-05,CIRC-05,MESA-050
V003577,9f58f1f92c6b4cb2bb27,35,1991-06-04,,vigente,normal,1,activo,MUN-03,ZONA-03,CIRC-03,MESA-003
V003578,28e8d2c3184992700781,39,1987-06-04,,vigente,normal,1,activo,MUN-03,ZONA-08,CIRC-03,MESA-043
V003579,1f5fffa70a700e8e907d,50,1976-06-03,,vigente,normal,1,activo,MUN-02,ZONA-07,CIRC-02,MESA-057
V003580,792cd6920579152b1726,47,1979-06-04,,vigente,normal,1,activo,MUN-05,ZONA-05,CIRC-05,MESA-050
V003581,1b3746e7848787eda64b,49,1977-06-03,,vigente,normal,1,activo,MUN-03,ZONA-08,CIRC-03,MESA-068
V003582,e08cf9b110242e99f7d8,59,1967-06-04,,vigente,normal,1,activo,MUN-05,ZONA-05,CIRC-05,MESA-050
V003583,2be5b87c7490ba7b25b6,27,1999-06-04,,vigente,normal,1,activo,MUN-02,ZONA-02,CIRC-02,MESA-037
V003584,97d8d6140af7d0e6b7cb,53,1973-06-03,,vigente,normal,1,activo,MUN-01,ZONA-01,CIRC-01,MESA-046
V003585,18d021e7f5c562324c8c,51,1975-06-04,,vigente,normal,1,activo,MUN-02,ZONA-07,CIRC-02,MESA-042
V003586,265783508e278a1e4442,90,1936-06-03,,vigente,normal,1,activo,MUN-05,ZONA-05,CIRC-05,MESA-015
V003587,75a0c9450532050737fa,45,1981-06-03,,vigente,normal,1,activo,MUN-03,ZONA-08,CIRC-03,MESA-033
V003588,3d1ce18a4b27b89fb82f,28,1998-06-03,,vigente,normal,1,activo,MUN-05,ZONA-05,CIRC-05,MESA-080
V003589,a98568aae7a6b2be66a4,56,1970-06-03,,vigente,normal,1,activo,MUN-01,ZONA-01,CIRC-01,MESA-011
V003590,322abaf238e92ea6b402,64,1962-06-03,,vigente,normal,1,activo,MUN-05,ZONA-10,CIRC-05,MESA-020
V003591,5dc266c2a6b8b5ee0f9e,36,1990-06-03,,vigente,normal,1,activo,MUN-04,ZONA-04,CIRC-04,MESA-024
V003592,d87d86599695a3ec8452,32,1994-06-03,,vigente,normal,1,activo,MUN-04,ZONA-04,CIRC-04,MESA-064
V003593,e155d4677a1f4d8e396c,45,1981-06-03,,vigente,normal,1,activo,MUN-05,ZONA-05,CIRC-05,MESA-080
V003594,5fe9f3cb8bd0ca5d1cd4,41,1985-06-03,,vigente,normal,1,activo,MUN-05,ZONA-05,CIRC-05,MESA-065
V003595,87b797048dded1c131ce,89,1937-06-03,,vigente,normal,1,activo,MUN-03,ZONA-03,CIRC-03,MESA-073
V003596,b039636d73ea3e658298,26,2000-06-03,,vigente,normal,1,activo,MUN-01,ZONA-01,CIRC-01,MESA-076
V003597,53776346eda69cb666cd,64,1962-06-03,,vigente,normal,1,activo,MUN-02,ZONA-07,CIRC-02,MESA-017
V003598,3576cf26fc2090cd2b86,50,1976-06-03,,vigente,normal,1,activo,MUN-01,ZONA-01,CIRC-01,MESA-061
V003599,6fcba78e20ae13190ed1,79,1947-06-04,,vigente,normal,1,activo,MUN-05,ZONA-05,CIRC-05,MESA-015
V003600,ad633e47e2f7056d89e0,36,1990-06-03,,vigente,normal,1,activo,MUN-01,ZONA-01,CIRC-01,MESA-051
V003601,eef640e75718fd5b31e0,84,1942-06-03,,vigente,normal,1,activo,MUN-02,ZONA-02,CIRC-02,MESA-027
V003602,518e28272f0ac9dde622,57,1969-06-03,,vigente,normal,1,activo,MUN-04,ZONA-04,CIRC-04,MESA-074
V003603,2ec1e44c55139147ba37,64,1962-06-03,,vigente,normal,1,activo,MUN-01,ZONA-01,CIRC-01,MESA-061
V003604,3eb92cfedb216c44da6f,82,1944-06-03,,vigente,normal,1,activo,MUN-03,ZONA-08,CIRC-03,MESA-058
V003605,7929083a3c0e8b69a6f0,46,1980-06-03,,vigente,normal,1,activo,MUN-01,ZONA-06,CIRC-01,MESA-031
V003606,7dbf6f8ae0f820686e41,67,1959-06-04,,vigente,normal,1,activo,MUN-02,ZONA-02,CIRC-02,MESA-012
V003607,e0b07a85438e6fe47b34,30,1996-06-03,,vigente,normal,1,activo,MUN-01,ZONA-01,CIRC-01,MESA-046
V003608,06995f4a645b8fde7d47,18,2008-06-03,,vigente,normal,1,activo,MUN-01,ZONA-06,CIRC-01,MESA-031
V003609,35b955ba064a3208d945,51,1975-06-04,,vigente,normal,1,activo,MUN-02,ZONA-07,CIRC-02,MESA-032
V003610,72b12dcbbad2453c4b4c,65,1961-06-03,,vigente,normal,1,activo,MUN-02,ZONA-07,CIRC-02,MESA-032
V003611,b4fe883d08fb23511463,65,1961-06-03,,vigente,normal,1,activo,MUN-03,ZONA-03,CIRC-03,MESA-053
V003612,b49ac1aa5f02526567fb,66,1960-06-03,,vigente,normal,1,activo,MUN-01,ZONA-01,CIRC-01,MESA-061
V003613,a74d27f10f46147d751c,81,1945-06-03,,vigente,normal,1,activo,MUN-01,ZONA-01,CIRC-01,MESA-046
V003614,b86f2555993a4fd46080,78,1948-06-03,,vigente,inhabilitado,1,activo,MUN-04,ZONA-04,CIRC-04,MESA-074
V003615,2c0c65cd6b6c225b1319,46,1980-06-03,,vigente,normal,1,activo,MUN-05,ZONA-05,CIRC-05,MESA-080
V003616,de0378a305a5951683bf,56,1970-06-03,,vigente,normal,1,activo,MUN-02,ZONA-07,CIRC-02,MESA-007
V003617,a300970a797c1c5c86aa,43,1983-06-04,,vigente,normal,1,activo,MUN-04,ZONA-04,CIRC-04,MESA-004
V003618,1e3d008dcfd6c8369b15,34,1992-06-03,,vigente,normal,1,activo,MUN-02,ZONA-02,CIRC-02,MESA-052
V003619,24c232fa419d50ee3a87,88,1938-06-03,,vigente,normal,1,activo,MUN-01,ZONA-06,CIRC-01,MESA-031
V003620,14598ee29416d4aba567,30,1996-06-03,,vigente,normal,1,activo,MUN-05,ZONA-05,CIRC-05,MESA-075
V003621,03f3d4b6a10f42852ba0,86,1940-06-03,,vigente,normal,1,activo,MUN-01,ZONA-01,CIRC-01,MESA-036
V003622,c50d93552a2445e813fd,43,1983-06-04,,vigente,normal,1,activo,MUN-04,ZONA-04,CIRC-04,MESA-054
V003623,a5bda69f56c0271b08ea,66,1960-06-03,,vigente,normal,1,activo,MUN-04,ZONA-04,CIRC-04,MESA-054
V003624,95a6ca6ef91c9bd6691c,84,1942-06-03,,vigente,normal,1,activo,MUN-02,ZONA-07,CIRC-02,MESA-017
V003625,4843dafa88120d33e633,24,2002-06-03,,vigente,normal,1,activo,MUN-05,ZONA-05,CIRC-05,MESA-075
V003626,b75d065369b4abc9ac69,75,1951-06-04,,vigente,normal,1,activo,MUN-05,ZONA-05,CIRC-05,MESA-030
V003627,7b775993a23255f9577c,66,1960-06-03,,vigente,normal,1,activo,MUN-02,ZONA-02,CIRC-02,MESA-022
V003628,406df0be989ddb49d5b8,70,1956-06-03,,vigente,normal,1,activo,MUN-03,ZONA-08,CIRC-03,MESA-043
V003629,41e0c11d51962a744ee5,82,1944-06-03,,vigente,normal,1,activo,MUN-02,ZONA-02,CIRC-02,MESA-027
V003630,5a4d931b90d161529140,79,1947-06-04,,vigente,normal,1,activo,MUN-02,ZONA-02,CIRC-02,MESA-037
V003631,e14aa7a1f4302b56a349,34,1992-06-03,,vigente,normal,1,activo,MUN-01,ZONA-01,CIRC-01,MESA-046
V003632,be2c56c09c159f484279,60,1966-06-03,,vigente,normal,1,activo,MUN-05,ZONA-10,CIRC-05,MESA-035
V003633,64208f0b0099184320df,42,1984-06-03,,vigente,normal,1,activo,MUN-04,ZONA-04,CIRC-04,MESA-004
V003634,917b3f6caebbb1889020,20,2006-06-03,,vigente,normal,1,activo,MUN-05,ZONA-05,CIRC-05,MESA-080
V003635,d9aed1d2dd24a6431318,46,1980-06-03,,vigente,normal,1,activo,MUN-05,ZONA-05,CIRC-05,MESA-080
V003636,c4f86645ad000b36084d,49,1977-06-03,,vigente,normal,1,activo,MUN-01,ZONA-01,CIRC-01,MESA-026
V003637,4c421de75c19f8b088f6,43,1983-06-04,,vigente,normal,1,activo,MUN-04,ZONA-09,CIRC-04,MESA-019
V003638,098b0fb36347414133b4,33,1993-06-03,,vigente,normal,1,activo,MUN-05,ZONA-10,CIRC-05,MESA-045
V003639,f2d47247928a0296f665,42,1984-06-03,,vigente,normal,1,activo,MUN-01,ZONA-01,CIRC-01,MESA-026
V003640,16767b5a1a3b08ad6350,71,1955-06-04,,vigente,normal,1,activo,MUN-02,ZONA-02,CIRC-02,MESA-022
V003641,0bfafaf9384cee9c236a,45,1981-06-03,,vigente,normal,1,activo,MUN-03,ZONA-08,CIRC-03,MESA-058
V003642,f080f187c32738173fb6,90,1936-06-03,,vigente,normal,1,activo,MUN-03,ZONA-03,CIRC-03,MESA-063
V003643,7a3ef8b44d7c665ffdf5,73,1953-06-03,,vigente,normal,1,activo,MUN-03,ZONA-03,CIRC-03,MESA-028
V003644,7964b2d0539598766088,82,1944-06-03,,vigente,normal,1,activo,MUN-05,ZONA-05,CIRC-05,MESA-065
V003645,40014a045a1f0d875212,58,1968-06-03,,vigente,normal,1,activo,MUN-04,ZONA-09,CIRC-04,MESA-044
V003646,84ad1c9875cb672953e5,68,1958-06-03,,vigente,normal,1,activo,MUN-03,ZONA-08,CIRC-03,MESA-043
V003647,3c0b9a9bdbe5fe559790,88,1938-06-03,,vigente,normal,1,activo,MUN-02,ZONA-02,CIRC-02,MESA-037
V003648,8758c1acb61144cf5926,46,1980-06-03,,vigente,normal,1,activo,MUN-01,ZONA-06,CIRC-01,MESA-066
V003649,9b3edae03cf77cbb611b,36,1990-06-03,,vigente,normal,1,activo,MUN-02,ZONA-07,CIRC-02,MESA-017
V003650,6dc22ea966b8e69a1818,83,1943-06-04,,vigente,normal,1,activo,MUN-05,ZONA-05,CIRC-05,MESA-040
V003651,c5808431cde686897888,58,1968-06-03,,vigente,normal,1,activo,MUN-03,ZONA-03,CIRC-03,MESA-038
V003652,a26ad34dbfa833749c56,129,1897-06-02,,vigente,normal,1,activo,MUN-01,ZONA-01,CIRC-01,MESA-061
V003653,15c7aa3a8d29756757c8,32,1994-06-03,,vigente,normal,1,activo,MUN-04,ZONA-09,CIRC-04,MESA-009
V003654,489bc7d46bae702260da,20,2006-06-03,,vigente,normal,1,activo,MUN-02,ZONA-02,CIRC-02,MESA-077
V003655,60872e51a255de9d133b,28,1998-06-03,,vigente,normal,1,activo,MUN-05,ZONA-05,CIRC-05,MESA-075
V003656,edcd24dfc7eeb58182f0,70,1956-06-03,,vigente,normal,1,activo,MUN-01,ZONA-01,CIRC-01,MESA-061
V003657,50091e56cdb7885cd7d9,63,1963-06-04,,vigente,normal,1,activo,MUN-05,ZONA-05,CIRC-05,MESA-080
V003658,13aa0d7a9ca5a95e5af6,47,1979-06-04,,vigente,normal,1,activo,MUN-01,ZONA-06,CIRC-01,MESA-016
V003659,5d543b57b3dbe3b4792d,74,1952-06-03,,vigente,normal,1,activo,MUN-02,ZONA-02,CIRC-02,MESA-002
V003660,43cbddc2f25419e660cb,35,1991-06-04,,vigente,normal,1,activo,MUN-02,ZONA-02,CIRC-02,MESA-072
V003661,6024e84cff7f17777b6b,68,1958-06-03,,vigente,normal,1,activo,MUN-03,ZONA-08,CIRC-03,MESA-043
V003662,ac4ef01014ad65421ea9,15,2011-06-04,,vigente,normal,1,activo,MUN-02,ZONA-07,CIRC-02,MESA-042
V003663,52130d1d3b1013df77d2,83,1943-06-04,,vigente,normal,1,activo,MUN-02,ZONA-02,CIRC-02,MESA-077
V003664,859570b8cd59ba35f204,25,2001-06-03,,vigente,normal,1,activo,MUN-02,ZONA-07,CIRC-02,MESA-057
V003665,d0c2daf35d9ed930e003,39,1987-06-04,,vigente,normal,1,activo,MUN-02,ZONA-07,CIRC-02,MESA-067
V003666,f17ed17be0f264def958,23,2003-06-04,,vigente,normal,1,activo,MUN-05,ZONA-05,CIRC-05,MESA-030
V003667,9ee66ca9c05e1eec07a8,74,1952-06-03,,vigente,normal,1,activo,MUN-03,ZONA-03,CIRC-03,MESA-013
V003668,4fa5322bdca2b4665b40,53,1973-06-03,,vigente,normal,1,activo,MUN-04,ZONA-09,CIRC-04,MESA-019
V003669,490b447841953615bb53,74,1952-06-03,,vigente,normal,1,activo,MUN-02,ZONA-07,CIRC-02,MESA-007
V003670,7c3e369748847dd27967,66,1960-06-03,,vigente,normal,1,activo,MUN-04,ZONA-09,CIRC-04,MESA-009
V003671,e802fc0c1bf045e674c0,62,1964-06-03,,vigente,normal,1,activo,MUN-04,ZONA-04,CIRC-04,MESA-054
V003672,e05311f859f154a5e2b3,83,1943-06-04,2024-12-11,vigente,fallecido,1,activo,MUN-01,ZONA-01,CIRC-01,MESA-061
V003673,d55cdbe8b2d1cd06b6c1,62,1964-06-03,,vigente,normal,1,activo,MUN-02,ZONA-02,CIRC-02,MESA-002
V003674,4c8f375dd85d0fc4e60a,16,2010-06-03,,vigente,normal,1,activo,MUN-05,ZONA-05,CIRC-05,MESA-050
V003675,b3414e5c8e86acee9b33,81,1945-06-03,,vigente,normal,1,activo,MUN-05,ZONA-05,CIRC-05,MESA-075
V003676,2a1dfc63a78680aed5c6,84,1942-06-03,,vigente,normal,1,activo,MUN-01,ZONA-06,CIRC-01,MESA-031
V003677,d520784f79322d0d5f57,20,2006-06-03,,vigente,normal,1,activo,MUN-03,ZONA-08,CIRC-03,MESA-033
V003678,12cd95034f3ff8479e5f,71,1955-06-04,,vigente,normal,1,activo,MUN-03,ZONA-03,CIRC-03,MESA-078
V003679,9133951976f3296b005f,81,1945-06-03,,vigente,normal,1,activo,MUN-05,ZONA-05,CIRC-05,MESA-080
V003680,ddc3caf843d3a1289ab7,57,1969-06-03,,vigente,normal,1,activo,MUN-01,ZONA-01,CIRC-01,MESA-011
V003681,2f113c9e2fec801898f5,76,1950-06-03,,vigente,normal,1,activo,MUN-03,ZONA-08,CIRC-03,MESA-033
V003682,59cc977b9212e0bf6835,72,1954-06-03,,vigente,normal,1,activo,MUN-02,ZONA-07,CIRC-02,MESA-007
V003683,dcf7ddadd915b4e7f5be,79,1947-06-04,,vigente,normal,1,activo,MUN-01,ZONA-06,CIRC-01,MESA-031
V003684,d49b4d6402dc8ee5a9f7,21,2005-06-03,,vigente,normal,1,activo,MUN-03,ZONA-03,CIRC-03,MESA-048
V003685,e42589fe4aa792c623a3,77,1949-06-03,,vigente,normal,1,activo,MUN-02,ZONA-02,CIRC-02,MESA-047
V003686,5c20df8e5aec3c5677ff,47,1979-06-04,,vigente,normal,1,activo,MUN-03,ZONA-03,CIRC-03,MESA-078
V003687,33362fdc0fe890427e49,19,2007-06-04,,vigente,inhabilitado,1,activo,MUN-03,ZONA-03,CIRC-03,MESA-053
V003688,b5e1037dff43492e9f8b,79,1947-06-04,,vigente,inhabilitado,1,activo,MUN-05,ZONA-05,CIRC-05,MESA-080
V003689,5ca2f84f429b599fe495,66,1960-06-03,,vigente,normal,1,activo,MUN-04,ZONA-09,CIRC-04,MESA-019
V003690,633304b69ad6e493a3d0,26,2000-06-03,,vigente,normal,1,activo,MUN-01,ZONA-06,CIRC-01,MESA-006
V003691,6931b171c9321d02e483,48,1978-06-03,,vigente,normal,1,activo,MUN-04,ZONA-04,CIRC-04,MESA-049
V003692,b8c9b46688be8f4f7287,78,1948-06-03,,vigente,normal,1,activo,MUN-03,ZONA-03,CIRC-03,MESA-073
V003693,cbc47446252f136483db,65,1961-06-03,,vigente,normal,1,activo,MUN-05,ZONA-05,CIRC-05,MESA-050
V003694,dc9e3431cc7f4836149a,42,1984-06-03,,vigente,normal,1,activo,MUN-02,ZONA-02,CIRC-02,MESA-012
V003695,76be3cde40174f563ffb,53,1973-06-03,,vigente,normal,1,activo,MUN-03,ZONA-03,CIRC-03,MESA-023
V003696,1c52139b693edfaf5262,25,2001-06-03,,vigente,normal,1,activo,MUN-04,ZONA-04,CIRC-04,MESA-054
V003697,5c792e9d2e8c189bfe17,90,1936-06-03,,cancelado,normal,1,activo,MUN-04,ZONA-09,CIRC-04,MESA-069
V003698,05ccacda3856beb3465b,75,1951-06-04,,vigente,normal,1,activo,MUN-04,ZONA-09,CIRC-04,MESA-059
V003699,96a6291cec0b05b79f4f,62,1964-06-03,,cancelado,normal,1,activo,MUN-01,ZONA-01,CIRC-01,MESA-036
V003700,488ae4d60da2f4c374c1,79,1947-06-04,,vigente,normal,1,activo,MUN-03,ZONA-03,CIRC-03,MESA-003
V003701,86951608dfd190be11a1,56,1970-06-03,,vigente,normal,1,activo,MUN-03,ZONA-08,CIRC-03,MESA-058
V003702,62793ef0d8ffa4b9a13e,75,1951-06-04,,vigente,normal,1,activo,MUN-05,ZONA-05,CIRC-05,MESA-055
V003703,7630ed51b7fb9ba28159,81,1945-06-03,,vigente,normal,1,activo,MUN-02,ZONA-07,CIRC-02,MESA-057
V003704,6ba3ed7cc1e73b039283,61,1965-06-03,,vigente,normal,1,activo,MUN-02,ZONA-07,CIRC-02,MESA-017
V003705,a14f2842b0660a7b0c86,46,1980-06-03,,vigente,normal,1,activo,MUN-04,ZONA-04,CIRC-04,MESA-039
V003706,22ff7b27b28fa6912293,76,1950-06-03,,vigente,privado_libertad,1,activo,MUN-03,ZONA-08,CIRC-03,MESA-068
V003707,3af14673152ae0fda6dc,88,1938-06-03,,vigente,normal,1,activo,MUN-05,ZONA-05,CIRC-05,MESA-055
V003708,cc768e277b771a36241d,26,2000-06-03,,vigente,normal,1,activo,MUN-05,ZONA-10,CIRC-05,MESA-045
V003709,e2d4dbe15bf801f46600,23,2003-06-04,,vigente,normal,1,activo,MUN-01,ZONA-01,CIRC-01,MESA-076
V003710,5b7e17739572231fba24,46,1980-06-03,,vigente,normal,1,activo,MUN-01,ZONA-01,CIRC-01,MESA-001
V003711,6e1e10194d914b85cf43,75,1951-06-04,,vigente,normal,1,activo,MUN-01,ZONA-01,CIRC-01,MESA-021
V003712,b7f2bee0855daa29cbae,34,1992-06-03,,vigente,normal,1,activo,MUN-01,ZONA-01,CIRC-01,MESA-021
V003713,23d547c0f53f74f71426,33,1993-06-03,,vigente,normal,1,activo,MUN-02,ZONA-02,CIRC-02,MESA-052
V003714,ff90e474cca5c96fb7e4,20,2006-06-03,,vigente,normal,1,activo,MUN-03,ZONA-08,CIRC-03,MESA-043
V003715,64737025d14610319875,38,1988-06-03,2024-03-21,vigente,fallecido,1,activo,MUN-02,ZONA-02,CIRC-02,MESA-052
V003716,c009abe6fb2ec956d10c,81,1945-06-03,,vigente,normal,1,activo,MUN-02,ZONA-07,CIRC-02,MESA-067
V003717,c09ba4ad74f880171ceb,53,1973-06-03,,vigente,normal,1,activo,MUN-04,ZONA-09,CIRC-04,MESA-044
V003718,e6afbef3426585fd6eda,79,1947-06-04,,vigente,normal,1,activo,MUN-02,ZONA-07,CIRC-02,MESA-032
V003719,1bb584f8459c95ec44f5,59,1967-06-04,,vigente,normal,1,activo,MUN-05,ZONA-10,CIRC-05,MESA-010
V003720,f35efe5aa6192583db1d,59,1967-06-04,,vigente,normal,1,activo,MUN-04,ZONA-04,CIRC-04,MESA-064
V003721,efc8acb7ea73f729f0dd,78,1948-06-03,,vigente,normal,1,activo,MUN-04,ZONA-04,CIRC-04,MESA-079
V003722,a960118f4a3ff116aea0,30,1996-06-03,,vigente,normal,1,activo,MUN-04,ZONA-09,CIRC-04,MESA-069
V003723,4f94273ef056107decc0,28,1998-06-03,,vigente,normal,1,activo,MUN-03,ZONA-08,CIRC-03,MESA-068
V003724,c8def7b889ad0d703aa0,71,1955-06-04,,vigente,normal,1,activo,MUN-03,ZONA-03,CIRC-03,MESA-028
V003725,db8522ea735a86cd048c,33,1993-06-03,,vigente,normal,1,activo,MUN-03,ZONA-03,CIRC-03,MESA-053
V003726,c358bfea80eec97d5eac,25,2001-06-03,,vigente,normal,1,activo,MUN-01,ZONA-01,CIRC-01,MESA-051
V003727,70fdd3d684b1a4da4a84,76,1950-06-03,,vigente,normal,1,activo,MUN-03,ZONA-03,CIRC-03,MESA-053
V003728,33986ffa60b9bae0f1b4,74,1952-06-03,,vigente,normal,1,activo,MUN-04,ZONA-04,CIRC-04,MESA-004
V003729,0c3b9ddea02bf560bfb6,57,1969-06-03,,vigente,normal,1,activo,MUN-04,ZONA-04,CIRC-04,MESA-079
V003730,cb1067148ea8fa7cd68f,16,2010-06-03,,vigente,normal,1,activo,MUN-02,ZONA-07,CIRC-02,MESA-017
V003731,53f2f5e939c3b924d13d,19,2007-06-04,,vigente,normal,1,activo,MUN-02,ZONA-07,CIRC-02,MESA-067
V003732,145eb9e7bbdbf19a91df,27,1999-06-04,,vigente,normal,1,activo,MUN-04,ZONA-04,CIRC-04,MESA-074
V003733,d99812311a0709a42641,61,1965-06-03,,vigente,normal,1,activo,MUN-02,ZONA-02,CIRC-02,MESA-047
V003734,f4a229b4d3ec4975b055,28,1998-06-03,,vigente,normal,1,activo,MUN-01,ZONA-06,CIRC-01,MESA-056
V003735,e0da2a7df6ed390024b3,19,2007-06-04,,vigente,normal,1,activo,MUN-03,ZONA-03,CIRC-03,MESA-023
V003736,40e162d120ab8a526108,67,1959-06-04,,vigente,normal,1,activo,MUN-03,ZONA-08,CIRC-03,MESA-018
V003737,27e7d54f5f475972e379,15,2011-06-04,,vigente,normal,1,activo,MUN-01,ZONA-01,CIRC-01,MESA-001
V003738,15f844c515d752a3a2f2,40,1986-06-03,,vigente,normal,1,activo,MUN-05,ZONA-10,CIRC-05,MESA-035
V003739,0e0413da0ff8ce1f177d,35,1991-06-04,,vigente,normal,1,activo,MUN-04,ZONA-04,CIRC-04,MESA-064
V003740,b2a30e2b0faa458df888,79,1947-06-04,,vigente,normal,1,activo,MUN-03,ZONA-08,CIRC-03,MESA-058
V003741,bc145a72da6b6e24cf38,79,1947-06-04,,vigente,normal,1,activo,MUN-04,ZONA-09,CIRC-04,MESA-059
V003742,854edb8db57357fc0b4e,125,1901-06-03,,vigente,normal,1,activo,MUN-01,ZONA-01,CIRC-01,MESA-001
V003743,f3c66371af0a91fd1540,84,1942-06-03,,vigente,normal,1,activo,MUN-03,ZONA-03,CIRC-03,MESA-003
V003744,f88cd57cc8044c43fdf7,55,1971-06-04,,vigente,normal,1,activo,MUN-02,ZONA-07,CIRC-02,MESA-067
V003745,31c70ec91c15f69df35f,84,1942-06-03,,vigente,normal,1,activo,MUN-02,ZONA-02,CIRC-02,MESA-037
V003746,c0aeb38d2261db054180,78,1948-06-03,,vigente,normal,1,activo,MUN-04,ZONA-04,CIRC-04,MESA-029
V003747,6cc170ede5fcb0f4fc06,18,2008-06-03,,vigente,normal,1,activo,MUN-03,ZONA-08,CIRC-03,MESA-033
V003748,a9a28ef9362baa3d9d61,62,1964-06-03,,vigente,normal,1,activo,MUN-01,ZONA-01,CIRC-01,MESA-061
V003749,38b23c37d6bc219f82b5,45,1981-06-03,,vigente,normal,1,activo,MUN-04,ZONA-04,CIRC-04,MESA-004
V003750,1c66d10e29bbdc2e31cf,38,1988-06-03,,vigente,normal,1,activo,MUN-04,ZONA-04,CIRC-04,MESA-014
V003751,9dfe604ea6e02aa7b863,30,1996-06-03,,vigente,normal,1,activo,MUN-03,ZONA-08,CIRC-03,MESA-033
V003752,e1c4e910c24652f55e18,44,1982-06-03,,vigente,normal,1,activo,MUN-02,ZONA-02,CIRC-02,MESA-022
V003753,f1c5e9f1f84ea88ef558,24,2002-06-03,,vigente,normal,1,activo,MUN-03,ZONA-03,CIRC-03,MESA-048
V003754,67daf13ec923f52ae00e,39,1987-06-04,,vigente,normal,1,activo,MUN-03,ZONA-03,CIRC-03,MESA-003
V003755,a5d16284e5e20116a5ff,70,1956-06-03,,vigente,normal,1,activo,MUN-03,ZONA-03,CIRC-03,MESA-023
V003756,2e878a5bb6833abda3c2,21,2005-06-03,,vigente,normal,1,activo,MUN-03,ZONA-08,CIRC-03,MESA-068
V003757,5ef7445e283ac8cfe456,40,1986-06-03,,vigente,normal,1,activo,MUN-01,ZONA-01,CIRC-01,MESA-021
V003758,0041cb6eabbdce7883d0,87,1939-06-04,,vigente,normal,1,activo,MUN-03,ZONA-08,CIRC-03,MESA-043
V003759,932c432a3d6290929cc7,50,1976-06-03,,vigente,normal,1,activo,MUN-01,ZONA-01,CIRC-01,MESA-026
V003760,01ab6b83c2630f765e69,45,1981-06-03,,vigente,normal,1,activo,MUN-01,ZONA-06,CIRC-01,MESA-041
V003761,ad366f2d14783b98aedc,25,2001-06-03,,vigente,normal,1,activo,MUN-03,ZONA-03,CIRC-03,MESA-038
V003762,6f474e727f3a6412cafc,18,2008-06-03,,vigente,normal,1,activo,MUN-01,ZONA-01,CIRC-01,MESA-011
V003763,14eacdd9cf08f2d06a48,54,1972-06-03,,vigente,normal,1,activo,MUN-04,ZONA-04,CIRC-04,MESA-029
V003764,c5dd857554f5f96e868d,80,1946-06-03,,vigente,normal,1,activo,MUN-05,ZONA-10,CIRC-05,MESA-060
V003765,242b9cbb5ed2ec6393f6,39,1987-06-04,,vigente,normal,1,activo,MUN-02,ZONA-07,CIRC-02,MESA-067
V003766,471d1bedcadc073c57ce,87,1939-06-04,,vigente,normal,1,activo,MUN-05,ZONA-05,CIRC-05,MESA-065
V003767,25bfe46a5afaf34b587e,38,1988-06-03,,vigente,normal,1,activo,MUN-01,ZONA-01,CIRC-01,MESA-061
V003768,67100bdb89f5c7f97cf0,52,1974-06-03,,cancelado,normal,1,activo,MUN-04,ZONA-09,CIRC-04,MESA-019
V003769,466e038ce69358237d04,22,2004-06-03,,vigente,normal,1,activo,MUN-01,ZONA-01,CIRC-01,MESA-046
V003770,eb0a00fcc994d9c4ccf8,77,1949-06-03,,vigente,normal,1,activo,MUN-04,ZONA-04,CIRC-04,MESA-049
V003771,b1da11e3ae96a3b9aeeb,63,1963-06-04,,vigente,normal,1,activo,MUN-02,ZONA-02,CIRC-02,MESA-022
V003772,95b48fb6968aff37a0e3,67,1959-06-04,,vigente,normal,1,activo,MUN-03,ZONA-03,CIRC-03,MESA-078
V003773,dc3f77cd60222afe20cb,65,1961-06-03,,vigente,normal,1,activo,MUN-02,ZONA-07,CIRC-02,MESA-057
V003774,2b7ad4ebd107c75fb489,23,2003-06-04,,vigente,normal,1,activo,MUN-04,ZONA-04,CIRC-04,MESA-014
V003775,b9aee27670a294403b4e,73,1953-06-03,,vigente,normal,1,activo,MUN-04,ZONA-09,CIRC-04,MESA-044
V003776,babb100e887cfd1e86a7,76,1950-06-03,,vigente,normal,1,activo,MUN-01,ZONA-06,CIRC-01,MESA-016
V003777,545ce733bb11fca59568,46,1980-06-03,,vigente,normal,1,activo,MUN-02,ZONA-02,CIRC-02,MESA-077
V003778,bcbd3cd6c5ed72f5a31a,88,1938-06-03,,vigente,normal,1,activo,MUN-02,ZONA-02,CIRC-02,MESA-012
V003779,54cd39a2322b6ec31042,35,1991-06-04,,vigente,normal,1,activo,MUN-05,ZONA-05,CIRC-05,MESA-055
V003780,23fb64e7faeca2694eff,19,2007-06-04,,vigente,normal,1,activo,MUN-01,ZONA-01,CIRC-01,MESA-051
V003781,e72a037337ee08784364,25,2001-06-03,,vigente,normal,1,activo,MUN-04,ZONA-04,CIRC-04,MESA-039
V003782,4543820a1beaf4ee9aac,71,1955-06-04,,vigente,normal,1,activo,MUN-03,ZONA-08,CIRC-03,MESA-033
V003783,a6542096c6cdbeef5358,16,2010-06-03,,vigente,normal,1,activo,MUN-03,ZONA-08,CIRC-03,MESA-033
V003784,2c514eefe7ee279b706f,65,1961-06-03,,vigente,normal,1,activo,MUN-04,ZONA-04,CIRC-04,MESA-029
V003785,046a785a719799fc11a1,44,1982-06-03,,vigente,normal,1,activo,MUN-04,ZONA-09,CIRC-04,MESA-069
V003786,524e2a0b8ab12a3e5ca2,37,1989-06-03,,vigente,normal,1,activo,MUN-05,ZONA-10,CIRC-05,MESA-070
V003787,b9796a26a5e3a730a45f,29,1997-06-03,,vigente,normal,1,activo,MUN-01,ZONA-06,CIRC-01,MESA-031
V003788,94055be6a3a970842a2d,60,1966-06-03,,vigente,normal,1,activo,MUN-05,ZONA-05,CIRC-05,MESA-080
V003789,cca2240fcc62e15460d9,78,1948-06-03,,vigente,normal,1,activo,MUN-01,ZONA-06,CIRC-01,MESA-031
V003790,fddc91ae6b42c50b1b98,48,1978-06-03,,vigente,normal,1,activo,MUN-01,ZONA-01,CIRC-01,MESA-046
V003791,94e801da4388ed90618b,78,1948-06-03,,vigente,normal,1,activo,MUN-02,ZONA-02,CIRC-02,MESA-077
V003792,7374fb7be5a4e37c24d6,84,1942-06-03,,vigente,normal,1,activo,MUN-02,ZONA-02,CIRC-02,MESA-052
V003793,95f2da03278204778c4c,52,1974-06-03,,vigente,normal,1,activo,MUN-05,ZONA-10,CIRC-05,MESA-010
V003794,699c584c4579c8721079,32,1994-06-03,,vigente,normal,1,activo,MUN-04,ZONA-04,CIRC-04,MESA-074
V003795,d9227ac45329cb5a82f7,33,1993-06-03,,vigente,normal,1,activo,MUN-01,ZONA-06,CIRC-01,MESA-041
V003796,c7a28e0f2306b3d16748,30,1996-06-03,2024-09-28,vigente,fallecido,1,activo,MUN-02,ZONA-02,CIRC-02,MESA-077
V003797,279b64907ad516acf0e0,52,1974-06-03,,vigente,normal,1,activo,MUN-03,ZONA-03,CIRC-03,MESA-003
V003798,2f18398e5a84a2cf098c,76,1950-06-03,,vigente,normal,1,activo,MUN-04,ZONA-09,CIRC-04,MESA-059
V003799,87991b3271d59d395c8e,38,1988-06-03,,vigente,normal,1,activo,MUN-02,ZONA-02,CIRC-02,MESA-052
V003800,067d28d1dd6c34213198,71,1955-06-04,,vigente,normal,1,activo,MUN-04,ZONA-09,CIRC-04,MESA-034
V003801,466fac85ece2a5ef6b87,47,1979-06-04,,vigente,normal,1,activo,MUN-04,ZONA-04,CIRC-04,MESA-049
V003802,150009dd74a1df6e652f,65,1961-06-03,,vigente,normal,1,activo,MUN-03,ZONA-03,CIRC-03,MESA-028
V003803,add9d11e22113d2772b5,52,1974-06-03,,vigente,normal,1,activo,MUN-03,ZONA-03,CIRC-03,MESA-013
V003804,d070fb832cd93c99037c,55,1971-06-04,,vigente,normal,1,activo,MUN-04,ZONA-09,CIRC-04,MESA-069
V003805,d72e6f5f9f52ce2b6488,48,1978-06-03,,vigente,normal,1,activo,MUN-02,ZONA-07,CIRC-02,MESA-067
V003806,b260f5ea6cc6c0c3913a,17,2009-06-03,,vigente,normal,1,activo,MUN-01,ZONA-01,CIRC-01,MESA-061
V003807,5e0c48024183e7063df5,66,1960-06-03,,vigente,normal,1,activo,MUN-05,ZONA-10,CIRC-05,MESA-060
V003808,ad358e9398b469c252f3,49,1977-06-03,,vigente,normal,1,activo,MUN-01,ZONA-01,CIRC-01,MESA-071
V003809,9d8bc89a3d054ef8c140,72,1954-06-03,,vigente,normal,1,activo,MUN-04,ZONA-04,CIRC-04,MESA-024
V003810,e12a2fb4374014c90299,75,1951-06-04,,vigente,normal,1,activo,MUN-03,ZONA-03,CIRC-03,MESA-063
V003811,2de1776bf0c3503ba14b,20,2006-06-03,,vigente,normal,1,activo,MUN-01,ZONA-01,CIRC-01,MESA-061
V003812,9980e15e3b3b84824d44,86,1940-06-03,,vigente,normal,1,activo,MUN-03,ZONA-03,CIRC-03,MESA-023
V003813,e2cf9a4a80798f0ffe5c,27,1999-06-04,,vigente,normal,1,activo,MUN-05,ZONA-05,CIRC-05,MESA-030
V003814,bd9d24cdd3d9007cdce7,42,1984-06-03,,vigente,normal,1,activo,MUN-05,ZONA-10,CIRC-05,MESA-060
V003815,955cb969e8330beaa65e,85,1941-06-03,,vigente,normal,1,activo,MUN-03,ZONA-08,CIRC-03,MESA-018
V003816,f56c23c23d805ced742b,78,1948-06-03,,vigente,normal,1,activo,MUN-01,ZONA-06,CIRC-01,MESA-056
V003817,3325929fd90ece173bc3,17,2009-06-03,,vigente,normal,1,activo,MUN-03,ZONA-03,CIRC-03,MESA-053
V003818,6cd2fbeed3b7844d2855,36,1990-06-03,,vigente,normal,1,activo,MUN-02,ZONA-07,CIRC-02,MESA-007
V003819,b58e9446887df7417771,60,1966-06-03,2024-07-22,vigente,fallecido,1,activo,MUN-04,ZONA-09,CIRC-04,MESA-069
V003820,1f8871a782ba5f4683f9,83,1943-06-04,,vigente,normal,1,activo,MUN-02,ZONA-02,CIRC-02,MESA-072
V003821,118299fa3f2f1d5663ba,78,1948-06-03,,vigente,normal,1,activo,MUN-04,ZONA-04,CIRC-04,MESA-079
V003822,6c5888bb9e60bbdc748a,60,1966-06-03,,vigente,normal,1,activo,MUN-02,ZONA-02,CIRC-02,MESA-052
V003823,1794c47d92f9971e8fbc,42,1984-06-03,,vigente,normal,1,activo,MUN-04,ZONA-04,CIRC-04,MESA-004
V003824,68212b3819bd7fffdfab,37,1989-06-03,,vigente,normal,1,activo,MUN-04,ZONA-09,CIRC-04,MESA-034
V003825,49a2d4ca000db13c1260,65,1961-06-03,,vigente,normal,1,activo,MUN-04,ZONA-09,CIRC-04,MESA-069
V003826,4d55566a678bfab717df,41,1985-06-03,,vigente,normal,1,activo,MUN-03,ZONA-08,CIRC-03,MESA-033
V003827,705d2e779aed25a891dd,28,1998-06-03,,vigente,normal,1,activo,MUN-04,ZONA-09,CIRC-04,MESA-069
V003828,10a7658bf03e675814a4,72,1954-06-03,,vigente,normal,1,activo,MUN-03,ZONA-03,CIRC-03,MESA-038
V003829,d148d8fbd82c8051eae6,45,1981-06-03,,cancelado,normal,1,activo,MUN-01,ZONA-01,CIRC-01,MESA-026
V003830,e2a4be5e3869b2da37cd,86,1940-06-03,,vigente,normal,1,activo,MUN-01,ZONA-01,CIRC-01,MESA-001
V003831,22399dbd7ac3ea031a17,80,1946-06-03,,vigente,normal,1,activo,MUN-04,ZONA-04,CIRC-04,MESA-004
V003832,a80a70de481e1a2fba6a,76,1950-06-03,,vigente,normal,1,activo,MUN-04,ZONA-04,CIRC-04,MESA-039
V003833,c0147b44372557811967,22,2004-06-03,,vigente,normal,1,activo,MUN-04,ZONA-04,CIRC-04,MESA-054
V003834,c1c771a0e3da34cc4fb8,68,1958-06-03,,vigente,normal,1,activo,MUN-03,ZONA-08,CIRC-03,MESA-033
V003835,e7bf9ef827d6c7140741,129,1897-06-02,,vigente,normal,1,activo,MUN-03,ZONA-08,CIRC-03,MESA-033
V003836,10feeac1533ca7f1a7f7,29,1997-06-03,,vigente,normal,1,activo,MUN-02,ZONA-02,CIRC-02,MESA-072
V003837,3dbee3f78ecd2360caa5,67,1959-06-04,,vigente,normal,1,activo,MUN-05,ZONA-10,CIRC-05,MESA-020
V003838,973d182e027aa2a51c40,21,2005-06-03,,vigente,normal,1,activo,MUN-01,ZONA-06,CIRC-01,MESA-016
V003839,b60b2c64fe9c80a343a5,59,1967-06-04,,vigente,normal,1,activo,MUN-01,ZONA-01,CIRC-01,MESA-021
V003840,f576f4536aa6c415de7c,55,1971-06-04,,vigente,normal,1,activo,MUN-05,ZONA-10,CIRC-05,MESA-045
V003841,a778a87b496026cc90ca,42,1984-06-03,,vigente,normal,1,activo,MUN-02,ZONA-02,CIRC-02,MESA-062
V003842,f554fcc6aaab7518b9c7,31,1995-06-04,,vigente,normal,1,activo,MUN-01,ZONA-06,CIRC-01,MESA-031
V003843,f4e4dec1d571e8aeb345,49,1977-06-03,,vigente,normal,1,activo,MUN-02,ZONA-07,CIRC-02,MESA-042
V003844,c592d93dc0ee362c42c8,28,1998-06-03,,vigente,normal,1,activo,MUN-02,ZONA-02,CIRC-02,MESA-012
V003845,555d519373b350533f4b,78,1948-06-03,,vigente,normal,1,activo,MUN-05,ZONA-05,CIRC-05,MESA-065
V003846,dd5c3094cf8d4a5a62eb,35,1991-06-04,,vigente,normal,1,activo,MUN-03,ZONA-03,CIRC-03,MESA-073
V003847,324c43405382ef91c3a8,44,1982-06-03,,vigente,normal,1,activo,MUN-03,ZONA-03,CIRC-03,MESA-003
V003848,3223d232026f674df14b,72,1954-06-03,,vigente,normal,1,activo,MUN-04,ZONA-09,CIRC-04,MESA-009
V003849,3394c8a8caec5c21859b,71,1955-06-04,,vigente,normal,1,activo,MUN-01,ZONA-01,CIRC-01,MESA-051
V003850,f87f7d2f44e18e06d284,38,1988-06-03,,vigente,normal,1,activo,MUN-01,ZONA-06,CIRC-01,MESA-016
V003851,0ce8839e5762f217d009,61,1965-06-03,2026-02-11,vigente,fallecido,1,activo,MUN-03,ZONA-03,CIRC-03,MESA-078
V003852,af63a7df6f2e058617e2,22,2004-06-03,,vigente,normal,1,activo,MUN-03,ZONA-03,CIRC-03,MESA-003
V003853,aa087ce8246d0acdf1ea,58,1968-06-03,,vigente,normal,1,activo,MUN-04,ZONA-04,CIRC-04,MESA-024
V003854,ff55ce17d22e159e2a72,76,1950-06-03,,vigente,normal,1,activo,MUN-03,ZONA-03,CIRC-03,MESA-073
V003855,a8da6e37d097bff826c9,71,1955-06-04,,vigente,normal,1,activo,MUN-03,ZONA-03,CIRC-03,MESA-013
V003856,1ceea06580b8943fe651,39,1987-06-04,,vigente,normal,1,activo,MUN-02,ZONA-02,CIRC-02,MESA-002
V003857,4380b2de08d6f620dc7f,82,1944-06-03,,vigente,normal,1,activo,MUN-01,ZONA-01,CIRC-01,MESA-071
V003858,7a484cbb8c9488e9bfec,81,1945-06-03,,vigente,normal,1,activo,MUN-01,ZONA-01,CIRC-01,MESA-021
V003859,e5c445ac6ecb31dd2cad,88,1938-06-03,,vigente,normal,1,activo,MUN-04,ZONA-09,CIRC-04,MESA-019
V003860,98615fa787cf46fd69e1,21,2005-06-03,,vigente,normal,1,activo,MUN-02,ZONA-02,CIRC-02,MESA-047
V003861,588dc83ab49f55acb275,82,1944-06-03,,vigente,normal,1,activo,MUN-02,ZONA-02,CIRC-02,MESA-022
V003862,0079f834d8cc37040f9b,32,1994-06-03,,vigente,normal,1,activo,MUN-05,ZONA-05,CIRC-05,MESA-075
V003863,4fd9952337696d4920d5,39,1987-06-04,,vigente,normal,1,activo,MUN-03,ZONA-08,CIRC-03,MESA-033
V003864,22d4329aae1fff7304b3,64,1962-06-03,,cancelado,normal,1,activo,MUN-02,ZONA-07,CIRC-02,MESA-032
V003865,443635b007228aaf3cf3,63,1963-06-04,,vigente,normal,1,activo,MUN-04,ZONA-04,CIRC-04,MESA-064
V003866,a96584bf490f60dd1592,31,1995-06-04,,vigente,normal,1,activo,MUN-04,ZONA-04,CIRC-04,MESA-039
V003867,af1f475184a527790b0a,67,1959-06-04,,vigente,normal,1,activo,MUN-02,ZONA-02,CIRC-02,MESA-072
V003868,01b00b5f57f979e5c7ad,122,1904-06-03,,vigente,normal,1,activo,MUN-02,ZONA-07,CIRC-02,MESA-042
V003869,7b1b12f96e05af349b7d,67,1959-06-04,,vigente,normal,1,activo,MUN-04,ZONA-09,CIRC-04,MESA-009
V003870,2dc8a404c36d339e1028,50,1976-06-03,,vigente,normal,1,activo,MUN-05,ZONA-05,CIRC-05,MESA-025
V003871,e8b0d666f1e65c8ee2d9,16,2010-06-03,,vigente,normal,1,activo,MUN-02,ZONA-02,CIRC-02,MESA-002
V003872,ba7b0d615b0ee0e2090a,60,1966-06-03,,vigente,normal,1,activo,MUN-04,ZONA-09,CIRC-04,MESA-019
V003873,9fd80e7212e938c2a773,29,1997-06-03,,vigente,normal,1,activo,MUN-05,ZONA-10,CIRC-05,MESA-020
V003874,0afb068cf4bf93b1f420,57,1969-06-03,,vigente,normal,1,activo,MUN-05,ZONA-10,CIRC-05,MESA-070
V003875,edbac387c0bcdc896acb,37,1989-06-03,,vigente,normal,1,activo,MUN-02,ZONA-07,CIRC-02,MESA-017
V003876,a06ac741578ef9c19c68,55,1971-06-04,,vigente,normal,1,activo,MUN-03,ZONA-08,CIRC-03,MESA-068
V003877,0cb7a582db5b14c1eb64,20,2006-06-03,,vigente,normal,1,activo,MUN-03,ZONA-03,CIRC-03,MESA-003
V003878,7925422e3985f881c4b3,45,1981-06-03,,vigente,normal,1,activo,MUN-01,ZONA-01,CIRC-01,MESA-051
V003879,9694e369b9b485a1ab85,73,1953-06-03,,vigente,normal,1,activo,MUN-01,ZONA-01,CIRC-01,MESA-026
V003880,b030779272bf607c1695,30,1996-06-03,,vigente,normal,1,activo,MUN-01,ZONA-06,CIRC-01,MESA-056
V003881,ef6a5ec64f646e26f827,83,1943-06-04,,vigente,normal,1,activo,MUN-04,ZONA-04,CIRC-04,MESA-064
V003882,e923a0ffda2be21a8af8,54,1972-06-03,,vigente,normal,1,activo,MUN-03,ZONA-08,CIRC-03,MESA-008
V003883,c4b019f2cd4c14c8b113,66,1960-06-03,,vigente,normal,1,activo,MUN-02,ZONA-02,CIRC-02,MESA-037
V003884,95226e53852b9bb01cc5,83,1943-06-04,,vigente,normal,1,activo,MUN-02,ZONA-02,CIRC-02,MESA-027
V003885,72b0ddfc972e42bd1bec,53,1973-06-03,,vigente,normal,1,activo,MUN-05,ZONA-10,CIRC-05,MESA-045
V003886,3371c80bd40a3f70e771,71,1955-06-04,,vigente,normal,1,activo,MUN-04,ZONA-04,CIRC-04,MESA-004
V003887,fef222786dc7e27b2856,43,1983-06-04,,vigente,normal,1,activo,MUN-02,ZONA-02,CIRC-02,MESA-037
V003888,1b22d8a57f51d0aba95e,89,1937-06-03,,vigente,normal,1,activo,MUN-01,ZONA-01,CIRC-01,MESA-071
V003889,b314be0715bae24c5691,57,1969-06-03,2026-01-14,vigente,fallecido,1,activo,MUN-03,ZONA-08,CIRC-03,MESA-033
V003890,ffd25862e2ff3ca3fbe9,15,2011-06-04,,vigente,normal,1,activo,MUN-01,ZONA-06,CIRC-01,MESA-031
V003891,4d3eaf7b665098a6b8c8,39,1987-06-04,,vigente,normal,1,activo,MUN-05,ZONA-05,CIRC-05,MESA-055
V003892,703c2563fca70a246956,37,1989-06-03,,vigente,normal,1,activo,MUN-02,ZONA-02,CIRC-02,MESA-012
V003893,441c8b711f004ec9b5b6,25,2001-06-03,2024-05-16,vigente,fallecido,1,activo,MUN-01,ZONA-01,CIRC-01,MESA-011
V003894,a73904e98bd0c0c7935c,46,1980-06-03,,vigente,normal,1,activo,MUN-02,ZONA-02,CIRC-02,MESA-072
V003895,411e2adf2eb0b11a04af,57,1969-06-03,,vigente,normal,1,activo,MUN-02,ZONA-07,CIRC-02,MESA-032
V003896,01fe725dcaf2dc0fddcf,47,1979-06-04,,vigente,normal,1,activo,MUN-02,ZONA-07,CIRC-02,MESA-057
V003897,68fe48ef8c4d7e26b8b2,72,1954-06-03,,vigente,normal,1,activo,MUN-03,ZONA-03,CIRC-03,MESA-038
V003898,b0f913284ea6a432f457,33,1993-06-03,,vigente,privado_libertad,1,activo,MUN-05,ZONA-10,CIRC-05,MESA-060
V003899,703eaeb6a6c66e46c3a7,63,1963-06-04,,vigente,normal,1,activo,MUN-04,ZONA-09,CIRC-04,MESA-019
V003900,e44b38e30cde516e8a20,79,1947-06-04,,vigente,normal,1,activo,MUN-01,ZONA-06,CIRC-01,MESA-056
V003901,5e6d93a71ee10ef67608,24,2002-06-03,,vigente,normal,1,activo,MUN-04,ZONA-04,CIRC-04,MESA-014
V003902,cea0b42be4b69c8ba754,62,1964-06-03,,vigente,normal,1,activo,MUN-03,ZONA-08,CIRC-03,MESA-033
V003903,a40d1ed8a61c0be15783,76,1950-06-03,,vigente,normal,1,activo,MUN-05,ZONA-10,CIRC-05,MESA-010
V003904,845057e0747d4f48cdc1,73,1953-06-03,,vigente,normal,1,activo,MUN-05,ZONA-05,CIRC-05,MESA-080
V003905,8644705bd6043d114ced,65,1961-06-03,,vigente,normal,1,activo,MUN-04,ZONA-04,CIRC-04,MESA-064
V003906,f1be89c081657eebeab6,44,1982-06-03,,vigente,normal,1,activo,MUN-04,ZONA-04,CIRC-04,MESA-064
V003907,9d209a7339aaa08367b2,70,1956-06-03,,vigente,normal,1,activo,MUN-02,ZONA-02,CIRC-02,MESA-062
V003908,14c908cdc9f7627c4b63,90,1936-06-03,,vigente,normal,1,activo,MUN-03,ZONA-08,CIRC-03,MESA-068
V003909,d906ca741e47fdc7155c,52,1974-06-03,,vigente,normal,1,activo,MUN-03,ZONA-08,CIRC-03,MESA-043
V003910,4338af6dda5fb73bf66f,68,1958-06-03,,vigente,normal,1,activo,MUN-05,ZONA-05,CIRC-05,MESA-080
V003911,bf646885f456aa685034,54,1972-06-03,,vigente,normal,1,activo,MUN-04,ZONA-09,CIRC-04,MESA-059
V003912,b49de11e18828c0411db,74,1952-06-03,,vigente,normal,1,activo,MUN-02,ZONA-02,CIRC-02,MESA-052
V003913,a0d671275d802e8c0ca9,25,2001-06-03,,vigente,normal,1,activo,MUN-04,ZONA-09,CIRC-04,MESA-019
V003914,549eed6aa3302d6cf17b,37,1989-06-03,,vigente,normal,1,activo,MUN-01,ZONA-01,CIRC-01,MESA-021
V003915,e6330381b47bb60cbbfc,70,1956-06-03,,vigente,normal,1,activo,MUN-02,ZONA-02,CIRC-02,MESA-022
V003916,e7c037bc30ed769ea7da,29,1997-06-03,,vigente,normal,1,activo,MUN-04,ZONA-09,CIRC-04,MESA-009
V003917,f784f83ce8a23f72ef77,66,1960-06-03,,vigente,normal,1,activo,MUN-04,ZONA-09,CIRC-04,MESA-009
V003918,1364c39a7ea56eb55b60,127,1899-06-03,,vigente,normal,1,activo,MUN-03,ZONA-03,CIRC-03,MESA-073
V003919,857d910de58fb41ace6d,81,1945-06-03,,vigente,normal,1,activo,MUN-02,ZONA-02,CIRC-02,MESA-027
V003920,98a9c6c44c854b7c8bd4,59,1967-06-04,,vigente,normal,1,activo,MUN-02,ZONA-07,CIRC-02,MESA-017
V003921,473f13ea6faa8e744ff8,46,1980-06-03,,vigente,normal,1,activo,MUN-04,ZONA-09,CIRC-04,MESA-044
V003922,504d8117cf23fac98708,36,1990-06-03,,vigente,normal,1,activo,MUN-05,ZONA-10,CIRC-05,MESA-045
V003923,616745f2cbc895c3a925,28,1998-06-03,,vigente,normal,1,activo,MUN-03,ZONA-08,CIRC-03,MESA-008
V003924,8a32c55cd6eab85f6f46,67,1959-06-04,,vigente,normal,1,activo,MUN-05,ZONA-05,CIRC-05,MESA-080
V003925,4d16a1f2d5f0b0feebe4,88,1938-06-03,,vigente,normal,1,activo,MUN-03,ZONA-08,CIRC-03,MESA-018
V003926,896ff1c224aa0778e901,75,1951-06-04,,vigente,normal,1,activo,MUN-03,ZONA-08,CIRC-03,MESA-033
V003927,9b670e845d28a91ce312,51,1975-06-04,,vigente,normal,1,activo,MUN-01,ZONA-01,CIRC-01,MESA-001
V003928,a4f24a5b78a69e7d71a2,37,1989-06-03,,vigente,normal,1,activo,MUN-01,ZONA-01,CIRC-01,MESA-076
V003929,b8e95d73bf95e83f89f9,67,1959-06-04,,vigente,normal,1,activo,MUN-01,ZONA-06,CIRC-01,MESA-006
V003930,b5f983b4a041838a9fc5,27,1999-06-04,,vigente,normal,1,activo,MUN-01,ZONA-06,CIRC-01,MESA-041
V003931,e42cb78e50b2d2ea8ef8,16,2010-06-03,,vigente,normal,1,activo,MUN-05,ZONA-05,CIRC-05,MESA-055
V003932,c802321da1b18f38c1ec,69,1957-06-03,,vigente,normal,1,activo,MUN-05,ZONA-05,CIRC-05,MESA-005
V003933,7b70eab93625fa006aab,32,1994-06-03,,vigente,normal,1,activo,MUN-04,ZONA-09,CIRC-04,MESA-059
V003934,6c76bf9bdad7af6d5be8,20,2006-06-03,,vigente,normal,1,activo,MUN-05,ZONA-05,CIRC-05,MESA-080
V003935,f42602a413c4520249ea,54,1972-06-03,,vigente,normal,1,activo,MUN-03,ZONA-08,CIRC-03,MESA-018
V003936,5160d938ed18595373e0,57,1969-06-03,,vigente,normal,1,activo,MUN-04,ZONA-04,CIRC-04,MESA-049
V003937,89e82fe468e8878b086a,89,1937-06-03,,vigente,normal,1,activo,MUN-05,ZONA-05,CIRC-05,MESA-065
V003938,837663335468b4b5e357,57,1969-06-03,,vigente,normal,1,activo,MUN-04,ZONA-04,CIRC-04,MESA-054
V003939,997ca8a0299a74bf22bc,73,1953-06-03,,vigente,normal,1,activo,MUN-01,ZONA-01,CIRC-01,MESA-061
V003940,11915777aa2b759de86f,40,1986-06-03,,vigente,normal,1,activo,MUN-03,ZONA-08,CIRC-03,MESA-008
V003941,c811321e65632ee83be1,28,1998-06-03,,vigente,normal,1,activo,MUN-03,ZONA-03,CIRC-03,MESA-003
V003942,a2b38aa6daa8f8522c18,81,1945-06-03,,vigente,normal,1,activo,MUN-05,ZONA-05,CIRC-05,MESA-025
V003943,3e7c1ef188570127de03,25,2001-06-03,,vigente,normal,1,activo,MUN-04,ZONA-09,CIRC-04,MESA-069
V003944,479a9c3eed4799af920b,73,1953-06-03,,vigente,normal,1,activo,MUN-05,ZONA-05,CIRC-05,MESA-055
V003945,50f86e539424519200f6,77,1949-06-03,,vigente,normal,1,activo,MUN-05,ZONA-05,CIRC-05,MESA-040
V003946,ca1f476b5e185c034d87,27,1999-06-04,,vigente,normal,1,activo,MUN-05,ZONA-05,CIRC-05,MESA-050
V003947,8469cb03b5e908a87515,56,1970-06-03,,vigente,normal,1,activo,MUN-03,ZONA-08,CIRC-03,MESA-033
V003948,37ed397951b7acbf2782,45,1981-06-03,,vigente,normal,1,activo,MUN-03,ZONA-08,CIRC-03,MESA-018
V003949,08c30006b437d429ad95,66,1960-06-03,2025-10-27,vigente,fallecido,1,activo,MUN-02,ZONA-07,CIRC-02,MESA-057
V003950,65c36ceea37e63343e68,53,1973-06-03,,vigente,normal,1,activo,MUN-01,ZONA-06,CIRC-01,MESA-016
V003951,dfb9e86a3ba60fc0f8f1,30,1996-06-03,,vigente,normal,1,activo,MUN-05,ZONA-05,CIRC-05,MESA-080
V003952,5268d0adee05ca1562e6,53,1973-06-03,,vigente,normal,1,activo,MUN-03,ZONA-03,CIRC-03,MESA-038
V003953,1dea0d23db3b25c96406,43,1983-06-04,,vigente,normal,1,activo,MUN-01,ZONA-06,CIRC-01,MESA-041
V003954,1a2bbce274c435172a77,21,2005-06-03,,vigente,normal,1,activo,MUN-02,ZONA-07,CIRC-02,MESA-007
V003955,2f30a91abc4641a1f856,81,1945-06-03,,vigente,normal,1,activo,MUN-03,ZONA-03,CIRC-03,MESA-078
V003956,d12801bdfad18ebd92cf,55,1971-06-04,,vigente,normal,1,activo,MUN-03,ZONA-03,CIRC-03,MESA-053
V003957,fc0c54b4aafd871f7ae4,39,1987-06-04,,vigente,normal,1,activo,MUN-03,ZONA-03,CIRC-03,MESA-063
V003958,52525442952242696d3b,19,2007-06-04,,vigente,normal,1,activo,MUN-02,ZONA-07,CIRC-02,MESA-032
V003959,e3625dc3c1b5faa15e4d,48,1978-06-03,,vigente,normal,1,activo,MUN-03,ZONA-03,CIRC-03,MESA-038
V003960,2dd50430c1d6e8664807,28,1998-06-03,,vigente,normal,1,activo,MUN-02,ZONA-02,CIRC-02,MESA-022
V003961,b541ba845eb3f0b5c3ce,63,1963-06-04,,vigente,normal,1,activo,MUN-01,ZONA-06,CIRC-01,MESA-016
V003962,7343b7a8a80a86454caa,79,1947-06-04,,vigente,normal,1,activo,MUN-02,ZONA-02,CIRC-02,MESA-052
V003963,24d8694a88e1f1c8c72b,86,1940-06-03,,vigente,normal,1,activo,MUN-04,ZONA-04,CIRC-04,MESA-029
V003964,65c144a1d44e6f35c67a,81,1945-06-03,,vigente,normal,1,activo,MUN-01,ZONA-06,CIRC-01,MESA-016
V003965,c462b4ac23d351c311f0,27,1999-06-04,,vigente,normal,1,activo,MUN-01,ZONA-01,CIRC-01,MESA-076
V003966,e46376e87c46ffbd3a72,57,1969-06-03,,vigente,normal,1,activo,MUN-02,ZONA-07,CIRC-02,MESA-017
V003967,f949d9697887d4a8a9fe,41,1985-06-03,,vigente,normal,1,activo,MUN-04,ZONA-04,CIRC-04,MESA-064
V003968,227ca6d7ea4e6c2e70da,61,1965-06-03,,vigente,normal,1,activo,MUN-03,ZONA-03,CIRC-03,MESA-013
V003969,9fe1bc2335b969a46b66,77,1949-06-03,,vigente,normal,1,activo,MUN-02,ZONA-02,CIRC-02,MESA-072
V003970,de5cec2fd4e7e6fd1352,79,1947-06-04,,vigente,normal,1,activo,MUN-01,ZONA-06,CIRC-01,MESA-056
V003971,853686c54d8b3d1584ff,16,2010-06-03,,vigente,normal,1,activo,MUN-05,ZONA-05,CIRC-05,MESA-005
V003972,cc2cf72d176d89fc486c,82,1944-06-03,,vigente,normal,1,activo,MUN-02,ZONA-02,CIRC-02,MESA-012
V003973,2c5aa7d475285585e07b,74,1952-06-03,,vigente,normal,1,activo,MUN-01,ZONA-06,CIRC-01,MESA-041
V003974,30f5a073781ab242f6f8,72,1954-06-03,,vigente,normal,1,activo,MUN-03,ZONA-03,CIRC-03,MESA-003
V003975,82fd7d78f0b5b1da1a05,70,1956-06-03,,vigente,normal,1,activo,MUN-03,ZONA-08,CIRC-03,MESA-033
V003976,05df735b48438d8847a7,73,1953-06-03,,vigente,normal,1,activo,MUN-05,ZONA-05,CIRC-05,MESA-050
V003977,95ced6f8f8758c4afa2b,26,2000-06-03,,vigente,normal,1,activo,MUN-01,ZONA-06,CIRC-01,MESA-056
V003978,c2e1121147645408273d,39,1987-06-04,,vigente,normal,1,activo,MUN-04,ZONA-09,CIRC-04,MESA-009
V003979,d8c1126c0fdac2eea512,30,1996-06-03,,vigente,normal,1,activo,MUN-05,ZONA-05,CIRC-05,MESA-050
V003980,45ded1cf2f65d4a00538,65,1961-06-03,,vigente,normal,1,activo,MUN-04,ZONA-04,CIRC-04,MESA-029
V003981,992110229732b4b22806,35,1991-06-04,,vigente,normal,1,activo,MUN-04,ZONA-04,CIRC-04,MESA-039
V003982,9d03a513fe0ff075500f,57,1969-06-03,,vigente,normal,1,activo,MUN-05,ZONA-10,CIRC-05,MESA-045
V003983,e15ca28c868643cf3dae,34,1992-06-03,,vigente,normal,1,activo,MUN-02,ZONA-07,CIRC-02,MESA-017
V003984,4ee3af57503fc4a296a4,32,1994-06-03,,vigente,normal,1,activo,MUN-01,ZONA-06,CIRC-01,MESA-056
V003985,911fd3bc6d4d51b7a1e1,32,1994-06-03,,vigente,normal,1,activo,MUN-01,ZONA-01,CIRC-01,MESA-046
V003986,19fe3952428f293d1dff,80,1946-06-03,,vigente,normal,1,activo,MUN-02,ZONA-07,CIRC-02,MESA-067
V003987,e8ae50bdab38fc4cdb83,56,1970-06-03,,vigente,normal,1,activo,MUN-04,ZONA-09,CIRC-04,MESA-069
V003988,2492d5000ee2e27396ca,30,1996-06-03,,vigente,normal,1,activo,MUN-04,ZONA-04,CIRC-04,MESA-014
V003989,9657ae7a1475c2418c07,49,1977-06-03,,vigente,normal,1,activo,MUN-02,ZONA-07,CIRC-02,MESA-067
V003990,78dfb113c645dfb806da,26,2000-06-03,,vigente,normal,1,activo,MUN-03,ZONA-03,CIRC-03,MESA-023
V003991,3140431bd9236d61b3c4,57,1969-06-03,,vigente,normal,1,activo,MUN-01,ZONA-01,CIRC-01,MESA-061
V003992,a94ba6577abdfbc31bc3,37,1989-06-03,,vigente,normal,1,activo,MUN-03,ZONA-03,CIRC-03,MESA-023
V003993,24dfad5f964ce6c64ea4,90,1936-06-03,,vigente,normal,1,activo,MUN-02,ZONA-02,CIRC-02,MESA-027
V003994,fcb1e8444c87e7cf746c,80,1946-06-03,,vigente,normal,1,activo,MUN-04,ZONA-04,CIRC-04,MESA-054
V003995,3110c9ddd74025fcf67e,61,1965-06-03,,vigente,normal,1,activo,MUN-05,ZONA-10,CIRC-05,MESA-010
V003996,4bb4cc217aaf233f9044,55,1971-06-04,2024-08-26,vigente,fallecido,1,activo,MUN-02,ZONA-02,CIRC-02,MESA-077
V003997,d3f1704c0fbfbd95b306,77,1949-06-03,,vigente,normal,1,activo,MUN-01,ZONA-06,CIRC-01,MESA-016
V003998,0c06eabbec1efa0af8bc,88,1938-06-03,,vigente,normal,1,activo,MUN-01,ZONA-06,CIRC-01,MESA-041
V003999,c06660ceab3e57e17397,65,1961-06-03,,vigente,normal,1,activo,MUN-05,ZONA-05,CIRC-05,MESA-055
V004000,4d63cb4e98c1a57f9d7a,35,1991-06-04,,vigente,normal,1,activo,MUN-01,ZONA-01,CIRC-01,MESA-061
V004001,eedc7e67147a95ddba3b,33,1993-06-03,,vigente,normal,1,activo,MUN-04,ZONA-04,CIRC-04,MESA-049
V004002,73d65d6bc6664ffa2292,72,1954-06-03,,vigente,normal,1,activo,MUN-03,ZONA-03,CIRC-03,MESA-073
V004003,4b2ad75bd2e029973065,56,1970-06-03,,vigente,normal,1,activo,MUN-02,ZONA-02,CIRC-02,MESA-052
V004004,5480044f19e893a18ff1,85,1941-06-03,,vigente,normal,1,activo,MUN-02,ZONA-02,CIRC-02,MESA-002
V004005,94f4406cbfdb6b59d463,76,1950-06-03,,vigente,normal,1,activo,MUN-05,ZONA-05,CIRC-05,MESA-050
V004006,40c4384ead6c68d499ca,79,1947-06-04,,vigente,normal,1,activo,MUN-03,ZONA-08,CIRC-03,MESA-043
V004007,a2bb04e0bae042382cb9,30,1996-06-03,,vigente,normal,1,activo,MUN-02,ZONA-02,CIRC-02,MESA-077
V004008,5486bc956ce93127dd4c,23,2003-06-04,,vigente,normal,1,activo,MUN-03,ZONA-08,CIRC-03,MESA-008
V004009,596a4e2aabd5bcc0dfce,77,1949-06-03,,vigente,normal,1,activo,MUN-04,ZONA-09,CIRC-04,MESA-059
V004010,12e9072601190ba1bdb6,31,1995-06-04,2024-09-23,vigente,fallecido,1,activo,MUN-05,ZONA-05,CIRC-05,MESA-065
V004011,0106a68fcfc844dcb88a,71,1955-06-04,,vigente,normal,1,activo,MUN-02,ZONA-02,CIRC-02,MESA-012
V004012,78ad6bf1f822ee97751b,21,2005-06-03,,vigente,normal,1,activo,MUN-04,ZONA-04,CIRC-04,MESA-004
V004013,92f20629e21bf2460133,56,1970-06-03,,vigente,normal,1,activo,MUN-02,ZONA-02,CIRC-02,MESA-077
V004014,f466636025219152fc6c,89,1937-06-03,2025-09-22,vigente,fallecido,1,activo,MUN-01,ZONA-06,CIRC-01,MESA-041
V004015,2f94dfa05c1b5412197f,42,1984-06-03,,vigente,normal,1,activo,MUN-02,ZONA-07,CIRC-02,MESA-007
V004016,17930b7c491416707229,49,1977-06-03,,vigente,normal,1,activo,MUN-04,ZONA-09,CIRC-04,MESA-069
V004017,8e195cda786b9d00e3ce,76,1950-06-03,,vigente,normal,1,activo,MUN-04,ZONA-09,CIRC-04,MESA-069
V004018,15c1de548caf2c00dc2f,80,1946-06-03,,vigente,normal,1,activo,MUN-05,ZONA-05,CIRC-05,MESA-030
V004019,012e5b9985807aa7dde9,55,1971-06-04,,vigente,normal,1,activo,MUN-03,ZONA-03,CIRC-03,MESA-073
V004020,7d8fc6d846fe30f8883f,70,1956-06-03,,vigente,normal,1,activo,MUN-01,ZONA-06,CIRC-01,MESA-006
V004021,be16d527b673524b0ed2,84,1942-06-03,,vigente,normal,1,activo,MUN-04,ZONA-09,CIRC-04,MESA-019
V004022,27cdd4289288db6a732d,45,1981-06-03,,vigente,normal,1,activo,MUN-05,ZONA-05,CIRC-05,MESA-080
V004023,fad17d962ae734f5af8c,20,2006-06-03,,vigente,normal,1,activo,MUN-01,ZONA-06,CIRC-01,MESA-066
V004024,ab82f4c2b61219651a07,39,1987-06-04,,vigente,normal,1,activo,MUN-05,ZONA-10,CIRC-05,MESA-010
V004025,28501d36a813f2040ee4,55,1971-06-04,,vigente,normal,1,activo,MUN-01,ZONA-06,CIRC-01,MESA-016
V004026,9b992c36503a76759112,89,1937-06-03,,vigente,normal,1,activo,MUN-02,ZONA-02,CIRC-02,MESA-037
V004027,7becbea9159cc7bca960,89,1937-06-03,,vigente,normal,1,activo,MUN-04,ZONA-04,CIRC-04,MESA-079
V004028,b8a91da577dd774b48b1,17,2009-06-03,,vigente,normal,1,activo,MUN-02,ZONA-02,CIRC-02,MESA-077
V004029,f69e38fe0026986ded7e,74,1952-06-03,,vigente,normal,1,activo,MUN-02,ZONA-02,CIRC-02,MESA-077
V004030,1e33255d0c32e20c3a35,23,2003-06-04,,vigente,normal,1,activo,MUN-02,ZONA-07,CIRC-02,MESA-032
V004031,ab8007c9f55b8ab1c281,49,1977-06-03,,vigente,normal,1,activo,MUN-02,ZONA-02,CIRC-02,MESA-047
V004032,f1e1e7217674bb3ea120,27,1999-06-04,,vigente,normal,1,activo,MUN-02,ZONA-02,CIRC-02,MESA-072
V004033,c0d117ff346e6bd350e0,20,2006-06-03,,vigente,normal,1,activo,MUN-03,ZONA-08,CIRC-03,MESA-043
V004034,ba0d0498b7fd1a59fc38,76,1950-06-03,,cancelado,normal,1,activo,MUN-01,ZONA-01,CIRC-01,MESA-036
V004035,32a2663adbd2f387587e,66,1960-06-03,,vigente,normal,1,activo,MUN-01,ZONA-01,CIRC-01,MESA-026
V004036,4f5681bbcbbe3b0358fa,76,1950-06-03,,vigente,normal,1,activo,MUN-05,ZONA-10,CIRC-05,MESA-010
V004037,a610bb3d6099b47841c5,48,1978-06-03,,vigente,inhabilitado,1,activo,MUN-01,ZONA-06,CIRC-01,MESA-031
V004038,f26abca076d984aa74b2,86,1940-06-03,,vigente,normal,1,activo,MUN-04,ZONA-04,CIRC-04,MESA-029
V004039,b65d3495539c7f7316e3,79,1947-06-04,,vigente,normal,1,activo,MUN-05,ZONA-05,CIRC-05,MESA-005
V004040,d13140be39bf915c8730,69,1957-06-03,2025-04-12,vigente,fallecido,1,activo,MUN-02,ZONA-02,CIRC-02,MESA-077
V004041,577c2a0ec331231c4036,58,1968-06-03,,vigente,normal,1,activo,MUN-01,ZONA-01,CIRC-01,MESA-001
V004042,bcc45077771728061cf0,48,1978-06-03,,vigente,normal,1,activo,MUN-03,ZONA-03,CIRC-03,MESA-003
V004043,3f4a55b41a82388461dd,39,1987-06-04,,vigente,normal,1,activo,MUN-02,ZONA-07,CIRC-02,MESA-067
V004044,d000195048da16117a87,21,2005-06-03,,vigente,normal,1,activo,MUN-01,ZONA-01,CIRC-01,MESA-071
V004045,edc55faa1ac36e4131a8,30,1996-06-03,,vigente,normal,1,activo,MUN-05,ZONA-10,CIRC-05,MESA-035
V004046,301ce98b8a853bb60b32,62,1964-06-03,,vigente,normal,1,activo,MUN-05,ZONA-05,CIRC-05,MESA-015
V004047,0b0fd2beff6439c0a50f,59,1967-06-04,,vigente,normal,1,activo,MUN-02,ZONA-07,CIRC-02,MESA-067
V004048,37805ce64cc35aa1efe4,66,1960-06-03,,vigente,normal,1,activo,MUN-05,ZONA-05,CIRC-05,MESA-030
V004049,bc3bcc6ab7422c3ab10e,37,1989-06-03,,vigente,normal,1,activo,MUN-05,ZONA-05,CIRC-05,MESA-075
V004050,1858160ffcc7402906a9,71,1955-06-04,,vigente,normal,1,activo,MUN-03,ZONA-08,CIRC-03,MESA-043
V004051,b8b1519c83204bc4138f,53,1973-06-03,,vigente,normal,1,activo,MUN-05,ZONA-10,CIRC-05,MESA-060
V004052,51acb631733358bf7c1b,18,2008-06-03,,vigente,normal,1,activo,MUN-05,ZONA-05,CIRC-05,MESA-040
V004053,833dd209efdd8fea6ebc,32,1994-06-03,,vigente,normal,1,activo,MUN-05,ZONA-05,CIRC-05,MESA-065
V004054,db8be8410db2d5b0620a,34,1992-06-03,,vigente,normal,1,activo,MUN-04,ZONA-04,CIRC-04,MESA-029
V004055,78608fc4d1063a3b0695,16,2010-06-03,,vigente,normal,1,activo,MUN-04,ZONA-04,CIRC-04,MESA-074
V004056,93423811e5c7b1638023,75,1951-06-04,,vigente,normal,1,activo,MUN-04,ZONA-09,CIRC-04,MESA-019
V004057,76ffc76901db71ac614d,89,1937-06-03,,vigente,normal,1,activo,MUN-03,ZONA-03,CIRC-03,MESA-003
V004058,83b08c9018c4be8fef44,40,1986-06-03,,vigente,privado_libertad,1,activo,MUN-01,ZONA-01,CIRC-01,MESA-036
V004059,7340f50454fd2714975f,63,1963-06-04,,vigente,normal,1,activo,MUN-03,ZONA-08,CIRC-03,MESA-043
V004060,a1b0405b946b5cc2a3e6,89,1937-06-03,2025-03-26,vigente,fallecido,1,activo,MUN-05,ZONA-05,CIRC-05,MESA-015
V004061,abf6b00c987e76b711f0,25,2001-06-03,,vigente,normal,1,activo,MUN-01,ZONA-06,CIRC-01,MESA-041
V004062,ba0fb249dd12f97c1f86,76,1950-06-03,,vigente,normal,1,activo,MUN-05,ZONA-05,CIRC-05,MESA-080
V004063,ed7a9857b53990f69c37,76,1950-06-03,,vigente,normal,1,activo,MUN-01,ZONA-01,CIRC-01,MESA-036
V004064,2cb66511b9626ef460ea,16,2010-06-03,,vigente,normal,1,activo,MUN-02,ZONA-02,CIRC-02,MESA-077
V004065,e88f361a6a9821ef766b,56,1970-06-03,,vigente,normal,1,activo,MUN-03,ZONA-08,CIRC-03,MESA-033
V004066,1f8c1b82ad1a1fdb9ce8,45,1981-06-03,,vigente,normal,1,activo,MUN-05,ZONA-05,CIRC-05,MESA-005
V004067,2508fb02711b8475c28e,78,1948-06-03,,vigente,normal,1,activo,MUN-03,ZONA-03,CIRC-03,MESA-078
V004068,2204bf674c28f30658f4,33,1993-06-03,,vigente,normal,1,activo,MUN-04,ZONA-04,CIRC-04,MESA-014
V004069,b41e7ef1215104167793,19,2007-06-04,,vigente,normal,1,activo,MUN-03,ZONA-08,CIRC-03,MESA-068
V004070,5eab214b05b57f2ccaad,34,1992-06-03,,vigente,normal,1,activo,MUN-02,ZONA-02,CIRC-02,MESA-047
V004071,50d02b22a46c830e6fb2,47,1979-06-04,,vigente,normal,1,activo,MUN-04,ZONA-04,CIRC-04,MESA-054
V004072,cb862799233e2be8f7c3,30,1996-06-03,,vigente,normal,1,activo,MUN-04,ZONA-04,CIRC-04,MESA-004
V004073,3cdeae5b98541c1a8874,30,1996-06-03,,vigente,normal,1,activo,MUN-04,ZONA-09,CIRC-04,MESA-009
V004074,b3ef2579ac5eec6f91c6,60,1966-06-03,,vigente,normal,1,activo,MUN-03,ZONA-03,CIRC-03,MESA-053
V004075,55a21aebb8afa4ca754b,38,1988-06-03,,vigente,normal,1,activo,MUN-02,ZONA-02,CIRC-02,MESA-077
V004076,abc134860e3d8e0f7366,72,1954-06-03,,vigente,normal,1,activo,MUN-03,ZONA-03,CIRC-03,MESA-078
V004077,ecddb709d9f6b4ae8593,57,1969-06-03,,vigente,normal,1,activo,MUN-05,ZONA-10,CIRC-05,MESA-060
V004078,2629a64a853744940482,32,1994-06-03,,vigente,normal,1,activo,MUN-01,ZONA-01,CIRC-01,MESA-046
V004079,cfb9ca8434b6a65ef1e3,90,1936-06-03,,vigente,normal,1,activo,MUN-04,ZONA-04,CIRC-04,MESA-054
V004080,dd56d1672eaf1705bc35,69,1957-06-03,,vigente,normal,1,activo,MUN-04,ZONA-04,CIRC-04,MESA-074
V004081,ed57eaeb3fa499f32c1e,70,1956-06-03,,vigente,normal,1,activo,MUN-02,ZONA-02,CIRC-02,MESA-037
V004082,79ceea42be7317daf63c,69,1957-06-03,,vigente,normal,1,activo,MUN-03,ZONA-03,CIRC-03,MESA-023
V004083,f357f4bcf696cfb91915,47,1979-06-04,,vigente,normal,1,activo,MUN-02,ZONA-02,CIRC-02,MESA-027
V004084,bf8a9890d11ff4351eec,50,1976-06-03,,vigente,normal,1,activo,MUN-05,ZONA-10,CIRC-05,MESA-070
V004085,ae3c41096746ec7580e9,74,1952-06-03,,vigente,normal,1,activo,MUN-01,ZONA-06,CIRC-01,MESA-066
V004086,c58a11e823f6e9611db7,69,1957-06-03,,vigente,normal,1,activo,MUN-01,ZONA-01,CIRC-01,MESA-061
V004087,2e380dc09c367e97c9c9,26,2000-06-03,,vigente,normal,1,activo,MUN-02,ZONA-02,CIRC-02,MESA-077
V004088,6c19ef8da2bfc8e37d43,71,1955-06-04,,vigente,normal,1,activo,MUN-01,ZONA-01,CIRC-01,MESA-051
V004089,1ff915d275c8d2637266,18,2008-06-03,,vigente,normal,1,activo,MUN-05,ZONA-05,CIRC-05,MESA-050
V004090,f9d77b2abe1b394fbbfb,61,1965-06-03,,vigente,normal,1,activo,MUN-04,ZONA-09,CIRC-04,MESA-019
V004091,7c947c4e5487544aad4d,26,2000-06-03,,vigente,normal,1,activo,MUN-01,ZONA-01,CIRC-01,MESA-001
V004092,d7b9c885059a8141d27d,49,1977-06-03,,vigente,normal,1,activo,MUN-05,ZONA-05,CIRC-05,MESA-040
V004093,291e295c5082045d0928,32,1994-06-03,,vigente,normal,1,activo,MUN-02,ZONA-07,CIRC-02,MESA-032
V004094,4c0153825eb4b76e53df,29,1997-06-03,,vigente,normal,1,activo,MUN-02,ZONA-02,CIRC-02,MESA-022
V004095,3dc2fce039587e505557,74,1952-06-03,,vigente,normal,1,activo,MUN-01,ZONA-06,CIRC-01,MESA-066
V004096,624fb5e7898b674c86fb,25,2001-06-03,,vigente,normal,1,activo,MUN-05,ZONA-05,CIRC-05,MESA-040
V004097,b9597c831e4e6c0262c0,89,1937-06-03,,vigente,normal,1,activo,MUN-03,ZONA-03,CIRC-03,MESA-038
V004098,cacce7feccba6446d059,44,1982-06-03,,vigente,normal,1,activo,MUN-03,ZONA-03,CIRC-03,MESA-048
V004099,1954b576c3eb796eb481,79,1947-06-04,,vigente,normal,1,activo,MUN-05,ZONA-05,CIRC-05,MESA-055
V004100,c91af631beac5d2346b2,29,1997-06-03,,vigente,normal,1,activo,MUN-05,ZONA-05,CIRC-05,MESA-075
V004101,b95eb0b96aa651f0c9c2,82,1944-06-03,,vigente,normal,1,activo,MUN-05,ZONA-05,CIRC-05,MESA-055
V004102,325a897113553a80fe38,59,1967-06-04,,vigente,normal,1,activo,MUN-01,ZONA-01,CIRC-01,MESA-051
V004103,6f5341f0c73994308f8e,79,1947-06-04,,vigente,normal,1,activo,MUN-05,ZONA-10,CIRC-05,MESA-060
V004104,3cf336d2bafa5e213f31,28,1998-06-03,,vigente,normal,1,activo,MUN-03,ZONA-08,CIRC-03,MESA-008
V004105,e3b5dd869e76102a3aeb,60,1966-06-03,,vigente,normal,1,activo,MUN-03,ZONA-08,CIRC-03,MESA-068
V004106,9c2f30bf3aa056eec29c,34,1992-06-03,,vigente,normal,1,activo,MUN-05,ZONA-05,CIRC-05,MESA-075
V004107,42ca1780b468a04876e7,49,1977-06-03,,cancelado,normal,1,activo,MUN-02,ZONA-02,CIRC-02,MESA-072
V004108,c48d10f4b792177bc27a,57,1969-06-03,,vigente,normal,1,activo,MUN-04,ZONA-09,CIRC-04,MESA-009
V004109,cf026ae0589f150028a2,40,1986-06-03,,vigente,normal,1,activo,MUN-02,ZONA-02,CIRC-02,MESA-002
V004110,804d4ec1209b891c5434,73,1953-06-03,,vigente,normal,1,activo,MUN-05,ZONA-05,CIRC-05,MESA-080
V004111,1eb2ef35b36385ae9ca0,23,2003-06-04,,vigente,normal,1,activo,MUN-05,ZONA-10,CIRC-05,MESA-070
V004112,03f57873dd287e231423,67,1959-06-04,,vigente,normal,1,activo,MUN-04,ZONA-09,CIRC-04,MESA-059
V004113,2c34ce372f3b1f248a99,54,1972-06-03,2024-04-07,vigente,fallecido,1,activo,MUN-04,ZONA-09,CIRC-04,MESA-019
V004114,d0b52be9763abfb5bc9c,81,1945-06-03,,vigente,normal,1,activo,MUN-03,ZONA-03,CIRC-03,MESA-028
V004115,c4ae3cd37030233e55a5,71,1955-06-04,,vigente,normal,1,activo,MUN-02,ZONA-02,CIRC-02,MESA-072
V004116,d888671d4fa16e134462,89,1937-06-03,,vigente,normal,1,activo,MUN-04,ZONA-04,CIRC-04,MESA-014
V004117,fb44901d3eba16daaba5,66,1960-06-03,,vigente,normal,1,activo,MUN-04,ZONA-04,CIRC-04,MESA-024
V004118,2ac1cb54ba5f444bb1ac,28,1998-06-03,,vigente,normal,1,activo,MUN-04,ZONA-09,CIRC-04,MESA-044
V004119,0f11290a92f8b88b737c,66,1960-06-03,,vigente,normal,1,activo,MUN-01,ZONA-06,CIRC-01,MESA-056
V004120,607a44e31804e00c209c,38,1988-06-03,,vigente,normal,1,activo,MUN-01,ZONA-01,CIRC-01,MESA-051
V004121,7869e4cc17e4864ad642,83,1943-06-04,,cancelado,normal,1,activo,MUN-02,ZONA-07,CIRC-02,MESA-032
V004122,f590eaa3ed06fe789a15,80,1946-06-03,,vigente,normal,1,activo,MUN-05,ZONA-05,CIRC-05,MESA-050
V004123,caf7a35b7ed873bde4c9,45,1981-06-03,,vigente,normal,1,activo,MUN-01,ZONA-06,CIRC-01,MESA-041
V004124,e48ef47684328e58631e,34,1992-06-03,,vigente,normal,1,activo,MUN-01,ZONA-06,CIRC-01,MESA-066
V004125,802147a43b620186dd85,23,2003-06-04,,vigente,normal,1,activo,MUN-05,ZONA-05,CIRC-05,MESA-025
V004126,d25d23cce99230b870a5,129,1897-06-02,,vigente,normal,1,activo,MUN-01,ZONA-01,CIRC-01,MESA-061
V004127,669f663721e90f2fac2e,73,1953-06-03,,vigente,normal,1,activo,MUN-01,ZONA-06,CIRC-01,MESA-066
V004128,3023e06ec816a03db85e,45,1981-06-03,,vigente,normal,1,activo,MUN-02,ZONA-07,CIRC-02,MESA-042
V004129,552a0bbdbf3d1ab295d4,83,1943-06-04,,vigente,privado_libertad,1,activo,MUN-05,ZONA-05,CIRC-05,MESA-065
V004130,6b08f84867eaefc7d490,55,1971-06-04,,vigente,normal,1,activo,MUN-01,ZONA-01,CIRC-01,MESA-036
V004131,f9e6f523b18fa2d24b0a,54,1972-06-03,,vigente,normal,1,activo,MUN-01,ZONA-01,CIRC-01,MESA-076
V004132,8f3a3b865bbd49185f49,85,1941-06-03,,vigente,normal,1,activo,MUN-04,ZONA-09,CIRC-04,MESA-009
V004133,5edebeab244b906d0193,66,1960-06-03,,vigente,normal,1,activo,MUN-01,ZONA-01,CIRC-01,MESA-036
V004134,3a94fa17b923e91a88ab,60,1966-06-03,,vigente,normal,1,activo,MUN-03,ZONA-03,CIRC-03,MESA-038
V004135,d80f1386aa3f24bf6dc2,53,1973-06-03,,vigente,normal,1,activo,MUN-03,ZONA-08,CIRC-03,MESA-033
V004136,d594f3b2e388a05a4952,75,1951-06-04,,vigente,privado_libertad,1,activo,MUN-02,ZONA-07,CIRC-02,MESA-042
V004137,5a5433aca3884b9da60f,30,1996-06-03,,vigente,normal,1,activo,MUN-01,ZONA-01,CIRC-01,MESA-061
V004138,f477606675eafb952482,69,1957-06-03,,cancelado,normal,1,activo,MUN-01,ZONA-01,CIRC-01,MESA-046
V004139,ff6d819e82d2b692cee3,75,1951-06-04,,vigente,normal,1,activo,MUN-01,ZONA-01,CIRC-01,MESA-061
V004140,1f8c1b82ad1a1fdb9ce8,49,1977-06-03,,vigente,normal,1,activo,MUN-03,ZONA-08,CIRC-03,MESA-018
V004141,68ab99802b5acc531b77,77,1949-06-03,,cancelado,normal,1,activo,MUN-05,ZONA-10,CIRC-05,MESA-070
V004142,06a2c448d1eac6f5e2f9,75,1951-06-04,,vigente,normal,1,activo,MUN-05,ZONA-05,CIRC-05,MESA-080
V004143,c53211840403f1e7500b,73,1953-06-03,,vigente,normal,1,activo,MUN-05,ZONA-05,CIRC-05,MESA-015
V004144,4e1788605ab16ceae7c8,45,1981-06-03,,vigente,normal,1,activo,MUN-03,ZONA-03,CIRC-03,MESA-048
V004145,bc98239546b8f0b7ca44,18,2008-06-03,,vigente,normal,1,activo,MUN-02,ZONA-02,CIRC-02,MESA-072
V004146,df3e25d271894b3e0dbb,59,1967-06-04,,cancelado,normal,1,activo,MUN-03,ZONA-03,CIRC-03,MESA-013
V004147,552a588debf62b9097de,65,1961-06-03,,vigente,normal,1,activo,MUN-03,ZONA-08,CIRC-03,MESA-043
V004148,64b8b44a352d6da428f6,57,1969-06-03,,vigente,normal,1,activo,MUN-05,ZONA-10,CIRC-05,MESA-060
V004149,61e29e9df21697b8de20,80,1946-06-03,,vigente,normal,1,activo,MUN-02,ZONA-07,CIRC-02,MESA-057
V004150,b27baf342323cb29f993,89,1937-06-03,,vigente,normal,1,activo,MUN-01,ZONA-01,CIRC-01,MESA-071
V004151,88741ab9e6f13f3c0f43,21,2005-06-03,,vigente,normal,1,activo,MUN-02,ZONA-07,CIRC-02,MESA-017
V004152,c879ecc8a3b7e9efe1a8,55,1971-06-04,,vigente,normal,1,activo,MUN-05,ZONA-05,CIRC-05,MESA-050
V004153,9dd5ab7145b56a2f438d,44,1982-06-03,,vigente,normal,1,activo,MUN-02,ZONA-07,CIRC-02,MESA-032
V004154,14294ee3e4f9cab0faaa,26,2000-06-03,,vigente,normal,1,activo,MUN-02,ZONA-02,CIRC-02,MESA-022
V004155,536beaba03640153965b,33,1993-06-03,,vigente,normal,1,activo,MUN-05,ZONA-05,CIRC-05,MESA-055
V004156,bc772595e4b30a371242,73,1953-06-03,,vigente,normal,1,activo,MUN-02,ZONA-07,CIRC-02,MESA-057
V004157,fb10ca3f3ffd2d53d3d6,48,1978-06-03,,vigente,normal,1,activo,MUN-03,ZONA-03,CIRC-03,MESA-013
V004158,0d1692503585cd8cf603,31,1995-06-04,,vigente,normal,1,activo,MUN-02,ZONA-02,CIRC-02,MESA-047
V004159,53b3c35e8ae71e69d224,42,1984-06-03,2024-10-02,vigente,fallecido,1,activo,MUN-02,ZONA-02,CIRC-02,MESA-062
V004160,f93d44925f583c32f7f7,51,1975-06-04,,vigente,normal,1,activo,MUN-04,ZONA-04,CIRC-04,MESA-054
V004161,13c9ec12fa2f03197b4c,84,1942-06-03,,vigente,normal,1,activo,MUN-04,ZONA-04,CIRC-04,MESA-029
V004162,c0b535b3fff9a2ebc77a,41,1985-06-03,,vigente,normal,1,activo,MUN-02,ZONA-02,CIRC-02,MESA-022
V004163,d40bbcfd2c184db7a5b0,90,1936-06-03,,vigente,normal,1,activo,MUN-05,ZONA-05,CIRC-05,MESA-065
V004164,c12f1e22c1892a9beb39,43,1983-06-04,,vigente,normal,1,activo,MUN-04,ZONA-04,CIRC-04,MESA-029
V004165,803f77eb545467b9071a,37,1989-06-03,,vigente,normal,1,activo,MUN-03,ZONA-03,CIRC-03,MESA-048
V004166,f51795072bb0dc37fc96,81,1945-06-03,,vigente,normal,1,activo,MUN-05,ZONA-05,CIRC-05,MESA-005
V004167,e33371c5037cdb07a81a,27,1999-06-04,,vigente,normal,1,activo,MUN-05,ZONA-10,CIRC-05,MESA-035
V004168,efea9fe73fced8fc9249,84,1942-06-03,,vigente,normal,1,activo,MUN-04,ZONA-04,CIRC-04,MESA-074
V004169,a5288826f70c9b335e02,41,1985-06-03,,vigente,normal,1,activo,MUN-01,ZONA-01,CIRC-01,MESA-071
V004170,6cb869d5c88fb44bab0f,22,2004-06-03,,vigente,normal,1,activo,MUN-01,ZONA-01,CIRC-01,MESA-046
V004171,78a44773046e2b8079fb,84,1942-06-03,,vigente,normal,1,activo,MUN-05,ZONA-10,CIRC-05,MESA-035
V004172,5ffb42fe38e11daa1c93,75,1951-06-04,,vigente,normal,1,activo,MUN-05,ZONA-10,CIRC-05,MESA-045
V004173,64d0ad0a73c04c2f4725,44,1982-06-03,,vigente,normal,1,activo,MUN-03,ZONA-03,CIRC-03,MESA-013
V004174,5071c4cc7e8a7b17231a,32,1994-06-03,,vigente,normal,1,activo,MUN-05,ZONA-10,CIRC-05,MESA-010
V004175,d7a9cf1019913839256d,52,1974-06-03,,vigente,normal,1,activo,MUN-01,ZONA-06,CIRC-01,MESA-066
V004176,ce2056efcc8e0a06e07d,70,1956-06-03,,vigente,normal,1,activo,MUN-05,ZONA-10,CIRC-05,MESA-070
V004177,0fac2f8b2ef6876ace29,61,1965-06-03,,vigente,normal,1,activo,MUN-02,ZONA-02,CIRC-02,MESA-072
V004178,3a999bf3193b824d378d,43,1983-06-04,,vigente,normal,1,activo,MUN-05,ZONA-05,CIRC-05,MESA-025
V004179,4c1b35908e033e70f6c0,64,1962-06-03,,vigente,normal,1,activo,MUN-04,ZONA-09,CIRC-04,MESA-044
V004180,1c06c33ef178043f963a,51,1975-06-04,,vigente,normal,1,activo,MUN-05,ZONA-10,CIRC-05,MESA-060
V004181,c719601347e8f0451363,67,1959-06-04,,vigente,normal,1,activo,MUN-02,ZONA-02,CIRC-02,MESA-047
V004182,faa7103c48bd9a7ea5f6,29,1997-06-03,,vigente,normal,1,activo,MUN-05,ZONA-05,CIRC-05,MESA-040
V004183,33932c00c57231c50cce,21,2005-06-03,,cancelado,normal,1,activo,MUN-02,ZONA-07,CIRC-02,MESA-007
V004184,1c2129596f290b7bbe19,16,2010-06-03,,vigente,normal,1,activo,MUN-01,ZONA-01,CIRC-01,MESA-046
V004185,10973f7139892a02462b,72,1954-06-03,,vigente,normal,1,activo,MUN-03,ZONA-03,CIRC-03,MESA-023
V004186,7f6495c6d1cb86bb97a3,18,2008-06-03,,vigente,normal,1,activo,MUN-01,ZONA-01,CIRC-01,MESA-046
V004187,333edd730f15754550d4,83,1943-06-04,,vigente,normal,1,activo,MUN-03,ZONA-03,CIRC-03,MESA-013
V004188,4e010abd5701f543876f,47,1979-06-04,,vigente,normal,1,activo,MUN-01,ZONA-01,CIRC-01,MESA-021
V004189,a5ee4e977a6bc1cb5db4,20,2006-06-03,2025-09-29,vigente,fallecido,1,activo,MUN-01,ZONA-01,CIRC-01,MESA-001
V004190,adc9c6b8a3d9f9f07413,38,1988-06-03,,vigente,normal,1,activo,MUN-04,ZONA-09,CIRC-04,MESA-019
V004191,3174801ba66257a92d80,66,1960-06-03,,vigente,normal,1,activo,MUN-05,ZONA-10,CIRC-05,MESA-060
V004192,d099970698a9121a2bf3,79,1947-06-04,,vigente,normal,1,activo,MUN-03,ZONA-08,CIRC-03,MESA-033
V004193,c8fa37d23cac17cdd221,55,1971-06-04,,vigente,normal,1,activo,MUN-04,ZONA-04,CIRC-04,MESA-004
V004194,32e7c7edaddf6f6e7824,32,1994-06-03,,vigente,normal,1,activo,MUN-03,ZONA-03,CIRC-03,MESA-003
V004195,d804b5c7d14b9a0ed6eb,69,1957-06-03,,vigente,normal,1,activo,MUN-02,ZONA-02,CIRC-02,MESA-052
V004196,f7d7e592bf4415ed23df,63,1963-06-04,,vigente,normal,1,activo,MUN-03,ZONA-03,CIRC-03,MESA-028
V004197,9bcc0744e34c0428d1f6,42,1984-06-03,,vigente,normal,1,activo,MUN-05,ZONA-10,CIRC-05,MESA-070
V004198,4d85a5ad66b5cc9fe54a,38,1988-06-03,,vigente,normal,1,activo,MUN-05,ZONA-10,CIRC-05,MESA-070
V004199,d8e682ca2192fb6dcbc6,123,1903-06-04,,vigente,normal,1,activo,MUN-05,ZONA-05,CIRC-05,MESA-055
V004200,eb9312a7ac008fc937ba,87,1939-06-04,,vigente,normal,1,activo,MUN-02,ZONA-07,CIRC-02,MESA-057
V004201,cf11b0950353158a387e,64,1962-06-03,,vigente,normal,1,activo,MUN-01,ZONA-06,CIRC-01,MESA-016
V004202,14c8ee11011754fdd82b,85,1941-06-03,,vigente,normal,1,activo,MUN-04,ZONA-04,CIRC-04,MESA-024
V004203,e1e82395812fc2844175,35,1991-06-04,,vigente,normal,1,activo,MUN-04,ZONA-09,CIRC-04,MESA-069
V004204,b4cd10f6aa95844e6c62,38,1988-06-03,,vigente,normal,1,activo,MUN-01,ZONA-06,CIRC-01,MESA-041
V004205,bf5f485eb23d0f37c8e4,40,1986-06-03,,vigente,normal,1,activo,MUN-02,ZONA-02,CIRC-02,MESA-077
V004206,69112cfed0aedf656a23,81,1945-06-03,,vigente,normal,1,activo,MUN-02,ZONA-02,CIRC-02,MESA-047
V004207,9c3669cb37dfc0b8ae12,84,1942-06-03,,vigente,normal,1,activo,MUN-01,ZONA-01,CIRC-01,MESA-076
V004208,782f568c8c7cd6ec820b,57,1969-06-03,,vigente,normal,1,activo,MUN-04,ZONA-09,CIRC-04,MESA-069
V004209,42877464d98ca03eb8f2,27,1999-06-04,,vigente,normal,1,activo,MUN-01,ZONA-06,CIRC-01,MESA-031
V004210,1cf157fa2d9cfb529d29,69,1957-06-03,,vigente,normal,1,activo,MUN-05,ZONA-05,CIRC-05,MESA-030
V004211,2ae49a2bbe9017e1a60d,89,1937-06-03,,vigente,privado_libertad,1,activo,MUN-03,ZONA-08,CIRC-03,MESA-018
V004212,15657f5c1bbd1ffbb901,78,1948-06-03,,vigente,normal,1,activo,MUN-04,ZONA-09,CIRC-04,MESA-044
V004213,5dd21262c89d527d6d35,81,1945-06-03,,vigente,normal,1,activo,MUN-02,ZONA-02,CIRC-02,MESA-027
V004214,3d2a007ef35f558f670a,22,2004-06-03,,vigente,normal,1,activo,MUN-01,ZONA-01,CIRC-01,MESA-026
V004215,22cf35b5023e24a6b0b8,70,1956-06-03,,vigente,normal,1,activo,MUN-05,ZONA-10,CIRC-05,MESA-060
V004216,f647ab22004b68bccede,72,1954-06-03,,vigente,normal,1,activo,MUN-03,ZONA-08,CIRC-03,MESA-018
V004217,d85f6b312ba99203e06f,54,1972-06-03,,vigente,normal,1,activo,MUN-01,ZONA-06,CIRC-01,MESA-056
V004218,83fe836c8ce4db857629,73,1953-06-03,,vigente,normal,1,activo,MUN-01,ZONA-06,CIRC-01,MESA-031
V004219,a85bb66c8c6e632b3ffc,76,1950-06-03,,vigente,normal,1,activo,MUN-04,ZONA-09,CIRC-04,MESA-059
V004220,9de7589bb4dbc731e084,86,1940-06-03,,vigente,normal,1,activo,MUN-02,ZONA-02,CIRC-02,MESA-002
V004221,92f75b2a0f775633d333,90,1936-06-03,,vigente,normal,1,activo,MUN-04,ZONA-04,CIRC-04,MESA-039
V004222,a94dc74cd6c7ac6a1c49,76,1950-06-03,,vigente,normal,1,activo,MUN-01,ZONA-01,CIRC-01,MESA-061
V004223,28187dbb05d88be724d7,19,2007-06-04,,vigente,normal,1,activo,MUN-03,ZONA-03,CIRC-03,MESA-063
V004224,4226706fb9a34b8170df,82,1944-06-03,,vigente,normal,1,activo,MUN-03,ZONA-08,CIRC-03,MESA-018
V004225,2ac9ea9c6936c168332f,77,1949-06-03,,vigente,normal,1,activo,MUN-02,ZONA-07,CIRC-02,MESA-017
V004226,b67d736b5487662834b6,68,1958-06-03,,vigente,normal,1,activo,MUN-04,ZONA-04,CIRC-04,MESA-039
V004227,7fc245b493e19c890e25,47,1979-06-04,,vigente,normal,1,activo,MUN-01,ZONA-01,CIRC-01,MESA-071
V004228,cfdca7feb0e7822034b8,28,1998-06-03,,vigente,normal,1,activo,MUN-04,ZONA-04,CIRC-04,MESA-054
V004229,8a709356175abb7d55cd,56,1970-06-03,,vigente,normal,1,activo,MUN-01,ZONA-01,CIRC-01,MESA-076
V004230,19eb64db7ba824349f39,89,1937-06-03,,vigente,normal,1,activo,MUN-05,ZONA-10,CIRC-05,MESA-035
V004231,c7afd6be718c967be300,80,1946-06-03,,vigente,normal,1,activo,MUN-01,ZONA-01,CIRC-01,MESA-011
V004232,2bb084ad18985b6490a1,81,1945-06-03,,vigente,normal,1,activo,MUN-01,ZONA-01,CIRC-01,MESA-061
V004233,24c8d46885f3aed466a3,78,1948-06-03,2026-01-26,vigente,fallecido,1,activo,MUN-04,ZONA-09,CIRC-04,MESA-044
V004234,bdf3d0a57c5e26c7c501,71,1955-06-04,,vigente,normal,1,activo,MUN-03,ZONA-08,CIRC-03,MESA-068
V004235,aa09e9059b4da7e3e7c7,90,1936-06-03,,vigente,normal,1,activo,MUN-05,ZONA-05,CIRC-05,MESA-025
V004236,21fc114b72aad409a68d,75,1951-06-04,,vigente,normal,1,activo,MUN-03,ZONA-03,CIRC-03,MESA-048
V004237,ab76e113c88c88917d7a,73,1953-06-03,,vigente,normal,1,activo,MUN-02,ZONA-07,CIRC-02,MESA-032
V004238,b41285bb75b4e0a1f5fa,51,1975-06-04,,vigente,normal,1,activo,MUN-04,ZONA-04,CIRC-04,MESA-004
V004239,b4fdd913c7a96554b82d,48,1978-06-03,,vigente,normal,1,activo,MUN-03,ZONA-03,CIRC-03,MESA-038
V004240,f9c1e16ccf21756107bf,69,1957-06-03,,vigente,normal,1,activo,MUN-03,ZONA-03,CIRC-03,MESA-063
V004241,76e9ed2c7ea47de9eaec,18,2008-06-03,,vigente,normal,1,activo,MUN-02,ZONA-02,CIRC-02,MESA-047
V004242,c4f068661e2d1f28e71b,72,1954-06-03,,vigente,normal,1,activo,MUN-01,ZONA-01,CIRC-01,MESA-001
V004243,d61c0e6de08254c1f4c6,39,1987-06-04,,vigente,normal,1,activo,MUN-03,ZONA-03,CIRC-03,MESA-003
V004244,fe93c14e013e6c5ed366,57,1969-06-03,,vigente,normal,1,activo,MUN-02,ZONA-02,CIRC-02,MESA-062
V004245,cd0a96eff9a98ab577ff,18,2008-06-03,,vigente,normal,1,activo,MUN-04,ZONA-04,CIRC-04,MESA-064
V004246,b7b17f5995bd794da879,82,1944-06-03,,vigente,normal,1,activo,MUN-02,ZONA-07,CIRC-02,MESA-017
V004247,1ab4b26ea4f9103f00de,80,1946-06-03,,vigente,normal,1,activo,MUN-03,ZONA-03,CIRC-03,MESA-078
V004248,704aecada79a9c1f42d7,71,1955-06-04,,vigente,normal,1,activo,MUN-02,ZONA-02,CIRC-02,MESA-062
V004249,9824311ff8cdc6782deb,59,1967-06-04,,vigente,normal,1,activo,MUN-05,ZONA-10,CIRC-05,MESA-035
V004250,d694a0cfeaa6befc14d5,38,1988-06-03,,vigente,normal,1,activo,MUN-03,ZONA-03,CIRC-03,MESA-013
V004251,2d0b129c96df95de2268,39,1987-06-04,,vigente,normal,1,activo,MUN-05,ZONA-10,CIRC-05,MESA-035
V004252,bd63181ddc8ef1903a74,55,1971-06-04,,vigente,normal,1,activo,MUN-03,ZONA-08,CIRC-03,MESA-043
V004253,f0b03a5c3b8fe6446dfa,25,2001-06-03,,vigente,normal,1,activo,MUN-02,ZONA-02,CIRC-02,MESA-002
V004254,aec194f973905d7294f8,79,1947-06-04,,vigente,normal,1,activo,MUN-01,ZONA-06,CIRC-01,MESA-056
V004255,0362af9d08c2804e46ee,64,1962-06-03,,vigente,normal,1,activo,MUN-02,ZONA-02,CIRC-02,MESA-077
V004256,c20c7925ce0bd809769a,34,1992-06-03,,vigente,normal,1,activo,MUN-01,ZONA-01,CIRC-01,MESA-051
V004257,85b08e5c48d3b2d7aa81,34,1992-06-03,,vigente,normal,1,activo,MUN-04,ZONA-04,CIRC-04,MESA-054
V004258,88837148adfbf209dd3c,30,1996-06-03,,vigente,normal,1,activo,MUN-01,ZONA-06,CIRC-01,MESA-016
V004259,268149867814ddcb0e7c,17,2009-06-03,,vigente,normal,1,activo,MUN-03,ZONA-08,CIRC-03,MESA-018
V004260,cfb0682a181b918087c2,55,1971-06-04,,vigente,normal,1,activo,MUN-02,ZONA-07,CIRC-02,MESA-007
V004261,0053ca65dee69f155c48,62,1964-06-03,,vigente,normal,1,activo,MUN-05,ZONA-10,CIRC-05,MESA-045
V004262,6f1626874cf69f5f5047,23,2003-06-04,,vigente,normal,1,activo,MUN-01,ZONA-01,CIRC-01,MESA-036
V004263,197a9a2ce832e166589e,52,1974-06-03,,vigente,normal,1,activo,MUN-01,ZONA-06,CIRC-01,MESA-041
V004264,b4466849ee526c9afc72,31,1995-06-04,,vigente,normal,1,activo,MUN-02,ZONA-07,CIRC-02,MESA-042
V004265,ab6dea5e9fea2efeef2a,89,1937-06-03,,vigente,normal,1,activo,MUN-02,ZONA-07,CIRC-02,MESA-007
V004266,c1120682c7b124a4f9e3,78,1948-06-03,,vigente,normal,1,activo,MUN-05,ZONA-05,CIRC-05,MESA-015
V004267,b3413dc811e4db14634b,32,1994-06-03,,vigente,normal,1,activo,MUN-05,ZONA-10,CIRC-05,MESA-060
V004268,ee7c77704ebeb7940749,71,1955-06-04,,vigente,normal,1,activo,MUN-05,ZONA-05,CIRC-05,MESA-040
V004269,efb02c25e2430eb733bb,44,1982-06-03,,vigente,normal,1,activo,MUN-02,ZONA-02,CIRC-02,MESA-037
V004270,56de6de032e50ba7edaa,30,1996-06-03,,vigente,normal,1,activo,MUN-01,ZONA-06,CIRC-01,MESA-066
V004271,078e14f3257516091e9e,48,1978-06-03,,vigente,normal,1,activo,MUN-05,ZONA-05,CIRC-05,MESA-055
V004272,efdd38871bd2e11be2ef,52,1974-06-03,,vigente,normal,1,activo,MUN-02,ZONA-02,CIRC-02,MESA-077
V004273,61414b9b2f6be9820b3c,77,1949-06-03,,vigente,normal,1,activo,MUN-05,ZONA-05,CIRC-05,MESA-080
V004274,f06970917c0e9cc98fb0,23,2003-06-04,,vigente,normal,1,activo,MUN-01,ZONA-06,CIRC-01,MESA-056
V004275,82ca48258e8e84b998b2,86,1940-06-03,,vigente,normal,1,activo,MUN-04,ZONA-09,CIRC-04,MESA-044
V004276,3f1ae66dd28d9d2a1d41,75,1951-06-04,,vigente,normal,1,activo,MUN-02,ZONA-07,CIRC-02,MESA-057
V004277,7c5ac354507bfc67d3c7,66,1960-06-03,,vigente,normal,1,activo,MUN-01,ZONA-06,CIRC-01,MESA-006
V004278,cec21a8e61843266b9c7,40,1986-06-03,,vigente,normal,1,activo,MUN-02,ZONA-07,CIRC-02,MESA-032
V004279,391c2afb09d3bcc220a1,51,1975-06-04,,vigente,normal,1,activo,MUN-04,ZONA-04,CIRC-04,MESA-074
V004280,ae793e95a02876a5e73e,43,1983-06-04,,vigente,normal,1,activo,MUN-03,ZONA-08,CIRC-03,MESA-018
V004281,2756b044f6ac01da8f46,64,1962-06-03,,vigente,normal,1,activo,MUN-03,ZONA-08,CIRC-03,MESA-068
V004282,b9cee853b52394b1dd0f,17,2009-06-03,,vigente,normal,1,activo,MUN-03,ZONA-03,CIRC-03,MESA-073
V004283,df097753a343cc6558ff,37,1989-06-03,,vigente,normal,1,activo,MUN-02,ZONA-07,CIRC-02,MESA-007
V004284,7771a3b47daea255fe3c,23,2003-06-04,,vigente,normal,1,activo,MUN-03,ZONA-08,CIRC-03,MESA-008
V004285,7620c9971c8fb3c5829a,87,1939-06-04,,vigente,normal,1,activo,MUN-04,ZONA-04,CIRC-04,MESA-064
V004286,7d9634c1bc9bfe7549ab,76,1950-06-03,,vigente,normal,1,activo,MUN-02,ZONA-07,CIRC-02,MESA-007
V004287,abd3a283ef5b2db94b0c,81,1945-06-03,,vigente,normal,1,activo,MUN-01,ZONA-06,CIRC-01,MESA-041
V004288,50b40a9d64aea93ff634,35,1991-06-04,,vigente,normal,1,activo,MUN-05,ZONA-05,CIRC-05,MESA-040
V004289,9d7dd3816e5684b81ad3,21,2005-06-03,,vigente,normal,1,activo,MUN-03,ZONA-03,CIRC-03,MESA-003
V004290,e95f6e631b252f595db2,34,1992-06-03,,vigente,normal,1,activo,MUN-02,ZONA-07,CIRC-02,MESA-017
V004291,a3f2ae441f95a540c748,31,1995-06-04,,vigente,normal,1,activo,MUN-01,ZONA-06,CIRC-01,MESA-066
V004292,eb7eca2a700806401128,30,1996-06-03,,vigente,normal,1,activo,MUN-04,ZONA-04,CIRC-04,MESA-079
V004293,5adcbc2e7c1390bf875b,24,2002-06-03,,vigente,normal,1,activo,MUN-02,ZONA-02,CIRC-02,MESA-052
V004294,3cfee6dcbc037a99bce9,61,1965-06-03,,vigente,normal,1,activo,MUN-02,ZONA-02,CIRC-02,MESA-022
V004295,661e3791e32f2bc284ef,32,1994-06-03,,vigente,normal,1,activo,MUN-04,ZONA-04,CIRC-04,MESA-004
V004296,6883a7b8191ad54ce895,36,1990-06-03,,vigente,normal,1,activo,MUN-01,ZONA-06,CIRC-01,MESA-006
V004297,00fa76aa27413826c316,80,1946-06-03,,vigente,normal,1,activo,MUN-03,ZONA-03,CIRC-03,MESA-038
V004298,8e44ce9ecc606f13388a,52,1974-06-03,,vigente,normal,1,activo,MUN-01,ZONA-01,CIRC-01,MESA-026
V004299,2bbc19589fa4812fb4c4,52,1974-06-03,,vigente,normal,1,activo,MUN-01,ZONA-01,CIRC-01,MESA-011
V004300,5c4affa592201bafee78,36,1990-06-03,,vigente,normal,1,activo,MUN-02,ZONA-07,CIRC-02,MESA-017
V004301,f9c26795a8b481e57c0f,37,1989-06-03,,vigente,normal,1,activo,MUN-01,ZONA-06,CIRC-01,MESA-031
V004302,0dc77770bc755e74b293,52,1974-06-03,,vigente,normal,1,activo,MUN-02,ZONA-02,CIRC-02,MESA-077
V004303,eef4b7ced8696009f0f4,49,1977-06-03,,vigente,normal,1,activo,MUN-05,ZONA-10,CIRC-05,MESA-035
V004304,b1e8503b53e0fc49bfb9,65,1961-06-03,,vigente,normal,1,activo,MUN-01,ZONA-06,CIRC-01,MESA-016
V004305,cfc2d7f6ecb3c71fdd54,61,1965-06-03,,vigente,normal,1,activo,MUN-04,ZONA-04,CIRC-04,MESA-079
V004306,e7d95f1004ded85d792f,41,1985-06-03,,vigente,normal,1,activo,MUN-03,ZONA-08,CIRC-03,MESA-018
V004307,65b31e8e79dc58b6aeed,78,1948-06-03,,vigente,normal,1,activo,MUN-02,ZONA-02,CIRC-02,MESA-062
V004308,3f0a2fe66f8d51802aec,34,1992-06-03,,vigente,normal,1,activo,MUN-02,ZONA-02,CIRC-02,MESA-027
V004309,30f68779afa40521acc7,88,1938-06-03,,vigente,normal,1,activo,MUN-05,ZONA-10,CIRC-05,MESA-035
V004310,b8963090c7540b13002e,67,1959-06-04,,vigente,normal,1,activo,MUN-05,ZONA-10,CIRC-05,MESA-045
V004311,fc972a9e9925f0d7842f,82,1944-06-03,,vigente,normal,1,activo,MUN-05,ZONA-10,CIRC-05,MESA-035
V004312,ac70819ad35f80b8aafe,49,1977-06-03,,vigente,normal,1,activo,MUN-03,ZONA-03,CIRC-03,MESA-028
V004313,daf79cd541f1b188d7e9,53,1973-06-03,,vigente,normal,1,activo,MUN-04,ZONA-09,CIRC-04,MESA-009
V004314,074e1b02b5b133f287b7,30,1996-06-03,,vigente,normal,1,activo,MUN-01,ZONA-01,CIRC-01,MESA-076
V004315,b6c1b70a922caa648335,87,1939-06-04,,vigente,normal,1,activo,MUN-05,ZONA-05,CIRC-05,MESA-015
V004316,972d3781535a21277845,75,1951-06-04,,cancelado,normal,1,activo,MUN-01,ZONA-01,CIRC-01,MESA-021
V004317,265f35c8f1287a74b1f8,31,1995-06-04,,vigente,normal,1,activo,MUN-02,ZONA-02,CIRC-02,MESA-052
V004318,fce6fe003c3639c9de5e,54,1972-06-03,,vigente,normal,1,activo,MUN-05,ZONA-10,CIRC-05,MESA-035
V004319,2df937bb6e64b1e954e1,126,1900-06-03,,vigente,normal,1,activo,MUN-01,ZONA-01,CIRC-01,MESA-051
V004320,bbe3ae0deb14c7aa9826,57,1969-06-03,,vigente,normal,1,activo,MUN-05,ZONA-05,CIRC-05,MESA-055
V004321,b2ba5b2b0aa2d2a17ec4,76,1950-06-03,,vigente,normal,1,activo,MUN-02,ZONA-02,CIRC-02,MESA-077
V004322,e2fcb2be9977d6427ce9,33,1993-06-03,,vigente,normal,1,activo,MUN-04,ZONA-09,CIRC-04,MESA-044
V004323,a340840e65d195b799dc,79,1947-06-04,,vigente,normal,1,activo,MUN-05,ZONA-05,CIRC-05,MESA-065
V004324,7934ce9b3f65c284a4c2,21,2005-06-03,,vigente,normal,1,activo,MUN-05,ZONA-05,CIRC-05,MESA-080
V004325,7282d715c889bd7be8cb,62,1964-06-03,,vigente,normal,1,activo,MUN-05,ZONA-05,CIRC-05,MESA-025
V004326,62417eba1fea4614dfe2,45,1981-06-03,,vigente,inhabilitado,1,activo,MUN-02,ZONA-02,CIRC-02,MESA-047
V004327,6830483c3554f974d749,83,1943-06-04,,vigente,normal,1,activo,MUN-05,ZONA-05,CIRC-05,MESA-080
V004328,60b80831016abf88ec07,48,1978-06-03,,vigente,normal,1,activo,MUN-01,ZONA-06,CIRC-01,MESA-056
V004329,81a8765b0ba5a1436dd9,20,2006-06-03,,vigente,normal,1,activo,MUN-03,ZONA-03,CIRC-03,MESA-038
V004330,25eab89d4a5c3ee1fac6,25,2001-06-03,,vigente,normal,1,activo,MUN-01,ZONA-01,CIRC-01,MESA-011
V004331,1344623067d62862c062,41,1985-06-03,,vigente,normal,1,activo,MUN-02,ZONA-07,CIRC-02,MESA-067
V004332,256f27dc7f204116cada,32,1994-06-03,,vigente,normal,1,activo,MUN-05,ZONA-05,CIRC-05,MESA-015
V004333,a656ad1056a122c21ba5,60,1966-06-03,,vigente,normal,1,activo,MUN-01,ZONA-01,CIRC-01,MESA-001
V004334,6c746d50764f8ffdea0c,48,1978-06-03,,vigente,normal,1,activo,MUN-02,ZONA-07,CIRC-02,MESA-007
V004335,a62767351c42ee517598,90,1936-06-03,,vigente,normal,1,activo,MUN-01,ZONA-01,CIRC-01,MESA-001
V004336,288b1a926f578674ac2c,62,1964-06-03,,vigente,normal,1,activo,MUN-04,ZONA-04,CIRC-04,MESA-049
V004337,2bdb671d3c8992e37775,83,1943-06-04,,vigente,normal,1,activo,MUN-03,ZONA-03,CIRC-03,MESA-073
V004338,a49f7f1965d91759ebd0,130,1896-06-02,,vigente,normal,1,activo,MUN-04,ZONA-04,CIRC-04,MESA-029
V004339,75f41f699a1482a7c954,88,1938-06-03,,vigente,inhabilitado,1,activo,MUN-01,ZONA-01,CIRC-01,MESA-026
V004340,dd1c8bc273d4acaebadc,74,1952-06-03,,vigente,normal,1,activo,MUN-05,ZONA-10,CIRC-05,MESA-045
V004341,0992ab58d627d2ed5123,47,1979-06-04,,vigente,normal,1,activo,MUN-01,ZONA-01,CIRC-01,MESA-071
V004342,cb50fc5df6dd54194ed1,35,1991-06-04,,vigente,normal,1,activo,MUN-02,ZONA-02,CIRC-02,MESA-012
V004343,1ea3f8812c3b5de81830,86,1940-06-03,,vigente,normal,1,activo,MUN-02,ZONA-07,CIRC-02,MESA-032
V004344,c8490e8c4ed22c26e063,56,1970-06-03,,vigente,normal,1,activo,MUN-05,ZONA-10,CIRC-05,MESA-020
V004345,b72be7ba53901730799b,77,1949-06-03,,vigente,normal,1,activo,MUN-01,ZONA-01,CIRC-01,MESA-051
V004346,df3a8ac84ba60057ebd9,60,1966-06-03,,vigente,normal,1,activo,MUN-01,ZONA-01,CIRC-01,MESA-036
V004347,6ee99b6f163c079a2088,62,1964-06-03,,vigente,normal,1,activo,MUN-02,ZONA-07,CIRC-02,MESA-067
V004348,0353d6cf2531db07fd19,40,1986-06-03,,vigente,normal,1,activo,MUN-01,ZONA-01,CIRC-01,MESA-001
V004349,13d12b79e61409cf8e8d,86,1940-06-03,,vigente,normal,1,activo,MUN-02,ZONA-02,CIRC-02,MESA-027
V004350,7aadf6de62b2562921e1,23,2003-06-04,,vigente,normal,1,activo,MUN-05,ZONA-05,CIRC-05,MESA-040
V004351,8c172e4a94cd8ddffc61,73,1953-06-03,,cancelado,normal,1,activo,MUN-04,ZONA-04,CIRC-04,MESA-014
V004352,c15207da6b8f4863b620,21,2005-06-03,,vigente,normal,1,activo,MUN-04,ZONA-09,CIRC-04,MESA-069
V004353,e89bb540eacc4bfa7459,40,1986-06-03,,vigente,normal,1,activo,MUN-04,ZONA-04,CIRC-04,MESA-079
V004354,8a4a112de5740dc0dadd,23,2003-06-04,,vigente,normal,1,activo,MUN-01,ZONA-06,CIRC-01,MESA-006
V004355,4d0585dfefbe05c21463,49,1977-06-03,,vigente,normal,1,activo,MUN-03,ZONA-08,CIRC-03,MESA-033
V004356,6e890fc23b78e261519f,35,1991-06-04,,vigente,normal,1,activo,MUN-05,ZONA-05,CIRC-05,MESA-055
V004357,bf358c07c6a5e3b64177,32,1994-06-03,,vigente,normal,1,activo,MUN-04,ZONA-09,CIRC-04,MESA-019
V004358,896d04aad8e4df27e6db,57,1969-06-03,,vigente,normal,1,activo,MUN-02,ZONA-02,CIRC-02,MESA-077
V004359,f4f375cb96e3e25cf2f6,90,1936-06-03,,vigente,normal,1,activo,MUN-04,ZONA-04,CIRC-04,MESA-029
V004360,dad3ea278d4ffdee5660,23,2003-06-04,,vigente,normal,1,activo,MUN-01,ZONA-01,CIRC-01,MESA-061
V004361,5f95614472e1c2ad2f50,80,1946-06-03,,vigente,normal,1,activo,MUN-05,ZONA-10,CIRC-05,MESA-070
V004362,88aa40d9c233feb4f468,84,1942-06-03,,vigente,normal,1,activo,MUN-04,ZONA-04,CIRC-04,MESA-079
V004363,0c033a264f661fb7e0ff,28,1998-06-03,,vigente,normal,1,activo,MUN-05,ZONA-05,CIRC-05,MESA-080
V004364,41452d838fb2e9808e2b,60,1966-06-03,,vigente,normal,1,activo,MUN-04,ZONA-04,CIRC-04,MESA-024
V004365,ba8219f9d5ee61df23f4,34,1992-06-03,,vigente,normal,1,activo,MUN-03,ZONA-03,CIRC-03,MESA-023
V004366,f436c6b95e7a0c644b3a,21,2005-06-03,,vigente,normal,1,activo,MUN-05,ZONA-10,CIRC-05,MESA-010
V004367,8ed17c46390c952aa39d,80,1946-06-03,,vigente,normal,1,activo,MUN-04,ZONA-04,CIRC-04,MESA-054
V004368,d98a5de89815928b893f,85,1941-06-03,,vigente,normal,1,activo,MUN-01,ZONA-06,CIRC-01,MESA-041
V004369,3cd2e66ddda59230c8f3,58,1968-06-03,,vigente,normal,1,activo,MUN-04,ZONA-04,CIRC-04,MESA-049
V004370,54776d380de97ea85861,22,2004-06-03,,vigente,normal,1,activo,MUN-02,ZONA-07,CIRC-02,MESA-017
V004371,e853e21d22aec009b8df,49,1977-06-03,,vigente,normal,1,activo,MUN-01,ZONA-06,CIRC-01,MESA-056
V004372,9750cb22bec668bc5490,87,1939-06-04,,vigente,normal,1,activo,MUN-05,ZONA-10,CIRC-05,MESA-045
V004373,fd17afdb0bfa1843a73d,52,1974-06-03,2024-05-15,vigente,fallecido,1,activo,MUN-05,ZONA-05,CIRC-05,MESA-030
V004374,88e31bd5016fcd90344f,39,1987-06-04,,vigente,normal,1,activo,MUN-04,ZONA-09,CIRC-04,MESA-044
V004375,b7d8f1a6ee47559350e2,82,1944-06-03,,vigente,normal,1,activo,MUN-04,ZONA-04,CIRC-04,MESA-074
V004376,a6564d0fdbd429885f19,39,1987-06-04,,vigente,normal,1,activo,MUN-05,ZONA-05,CIRC-05,MESA-055
V004377,3f335eff4c849e6e6edb,28,1998-06-03,,vigente,normal,1,activo,MUN-04,ZONA-09,CIRC-04,MESA-019
V004378,cd4d4812f29899d2302b,20,2006-06-03,,vigente,normal,1,activo,MUN-04,ZONA-04,CIRC-04,MESA-029
V004379,8bc217a470fc1ef9864e,26,2000-06-03,,vigente,normal,1,activo,MUN-02,ZONA-02,CIRC-02,MESA-002
V004380,67d2558c653649d07f6a,77,1949-06-03,,vigente,normal,1,activo,MUN-01,ZONA-01,CIRC-01,MESA-036
V004381,214cf7ac310addd766d5,31,1995-06-04,,vigente,normal,1,activo,MUN-04,ZONA-09,CIRC-04,MESA-019
V004382,9d40dcc1b46d657162aa,35,1991-06-04,,vigente,normal,1,activo,MUN-02,ZONA-07,CIRC-02,MESA-007
V004383,c9f5b5c3a220719c5f69,90,1936-06-03,,vigente,normal,1,activo,MUN-01,ZONA-01,CIRC-01,MESA-026
V004384,4a2a2549b846a508b872,40,1986-06-03,,vigente,normal,1,activo,MUN-04,ZONA-04,CIRC-04,MESA-079
V004385,490734b081712c6f0872,64,1962-06-03,,vigente,normal,1,activo,MUN-03,ZONA-03,CIRC-03,MESA-038
V004386,db8b90a95cfc8f01003e,86,1940-06-03,,vigente,normal,1,activo,MUN-03,ZONA-03,CIRC-03,MESA-003
V004387,55ced02d1d52a6afa762,64,1962-06-03,,vigente,normal,1,activo,MUN-05,ZONA-05,CIRC-05,MESA-080
V004388,2f40f621ed1a55e08fa4,47,1979-06-04,,vigente,normal,1,activo,MUN-01,ZONA-06,CIRC-01,MESA-066
V004389,da79042e347150ea2d3b,42,1984-06-03,,vigente,normal,1,activo,MUN-01,ZONA-01,CIRC-01,MESA-071
V004390,556cb00551a12904e7f9,45,1981-06-03,,vigente,normal,1,activo,MUN-03,ZONA-08,CIRC-03,MESA-043
V004391,afddf6c06a003f0e8502,42,1984-06-03,2024-12-11,vigente,fallecido,1,activo,MUN-02,ZONA-02,CIRC-02,MESA-062
V004392,5a518efa3bdba1850ad1,75,1951-06-04,,vigente,normal,1,activo,MUN-01,ZONA-01,CIRC-01,MESA-071
V004393,9cc17de6931a2b2b98d5,58,1968-06-03,,vigente,normal,1,activo,MUN-04,ZONA-04,CIRC-04,MESA-024
V004394,bb0d06f83d3fd6e291bc,42,1984-06-03,,vigente,normal,1,activo,MUN-04,ZONA-04,CIRC-04,MESA-039
V004395,78dc4f242fd393a1c452,65,1961-06-03,,vigente,normal,1,activo,MUN-03,ZONA-08,CIRC-03,MESA-068
V004396,12d6d6a2133d0e863eef,27,1999-06-04,,vigente,normal,1,activo,MUN-04,ZONA-09,CIRC-04,MESA-044
V004397,79f71fb04f410b7fd0ff,28,1998-06-03,,vigente,normal,1,activo,MUN-05,ZONA-05,CIRC-05,MESA-005
V004398,d7d8ab0e1356517a2440,38,1988-06-03,,vigente,normal,1,activo,MUN-05,ZONA-05,CIRC-05,MESA-055
V004399,a46bc655d310bdb87358,62,1964-06-03,,vigente,normal,1,activo,MUN-05,ZONA-05,CIRC-05,MESA-030
V004400,0432fedc122dfb24a3a6,24,2002-06-03,2024-10-12,vigente,fallecido,1,activo,MUN-04,ZONA-04,CIRC-04,MESA-029
V004401,7655595993cb8d344ce8,81,1945-06-03,,vigente,normal,1,activo,MUN-01,ZONA-01,CIRC-01,MESA-026
V004402,b4dba573999c5d8ef4e8,81,1945-06-03,,vigente,normal,1,activo,MUN-01,ZONA-01,CIRC-01,MESA-026
V004403,085e251ae16c05ca73bb,19,2007-06-04,,vigente,normal,1,activo,MUN-02,ZONA-02,CIRC-02,MESA-037
V004404,f66a53d73bfee1803f5c,59,1967-06-04,,vigente,normal,1,activo,MUN-03,ZONA-03,CIRC-03,MESA-053
V004405,086266b475163492df74,71,1955-06-04,,vigente,normal,1,activo,MUN-05,ZONA-05,CIRC-05,MESA-030
V004406,a67f36f601b843f92cf4,33,1993-06-03,,vigente,normal,1,activo,MUN-03,ZONA-03,CIRC-03,MESA-003
V004407,d7ad7aae3e189224a14e,35,1991-06-04,,vigente,normal,1,activo,MUN-03,ZONA-08,CIRC-03,MESA-043
V004408,a8d6e9ee0d9ac98a78fe,76,1950-06-03,2024-07-29,vigente,fallecido,1,activo,MUN-02,ZONA-07,CIRC-02,MESA-007
V004409,9faddcf83dbd54055e38,33,1993-06-03,,vigente,normal,1,activo,MUN-04,ZONA-04,CIRC-04,MESA-049
V004410,fa70b0ab1c890355f3a3,23,2003-06-04,,vigente,normal,1,activo,MUN-03,ZONA-03,CIRC-03,MESA-073
V004411,8ccc6e7e99f1f3fefa7e,74,1952-06-03,,vigente,normal,1,activo,MUN-01,ZONA-06,CIRC-01,MESA-041
V004412,ab17cc9bcbaeb5f4a287,64,1962-06-03,,vigente,normal,1,activo,MUN-02,ZONA-02,CIRC-02,MESA-077
V004413,af8816d3cfc67c1c8695,65,1961-06-03,,vigente,normal,1,activo,MUN-04,ZONA-04,CIRC-04,MESA-079
V004414,e23a02826e4ff410238f,59,1967-06-04,,vigente,normal,1,activo,MUN-04,ZONA-04,CIRC-04,MESA-054
V004415,abcafee3618a7cb5cc15,77,1949-06-03,2024-02-24,vigente,fallecido,1,activo,MUN-04,ZONA-09,CIRC-04,MESA-069
V004416,84817644e7eb0e1e55fc,21,2005-06-03,,vigente,normal,1,activo,MUN-02,ZONA-02,CIRC-02,MESA-027
V004417,d34478b0c3399f976949,19,2007-06-04,,vigente,normal,1,activo,MUN-03,ZONA-08,CIRC-03,MESA-008
V004418,fcdbe5a7897a8cf88c67,76,1950-06-03,,vigente,normal,1,activo,MUN-02,ZONA-07,CIRC-02,MESA-032
V004419,cb5aa437fc72509740b7,44,1982-06-03,,vigente,normal,1,activo,MUN-04,ZONA-04,CIRC-04,MESA-064
V004420,c4987adeb50f5d7ae7b5,44,1982-06-03,,vigente,normal,1,activo,MUN-05,ZONA-10,CIRC-05,MESA-010
V004421,33cd46cc8901adac6b53,89,1937-06-03,,vigente,normal,1,activo,MUN-03,ZONA-03,CIRC-03,MESA-013
V004422,ef70da37b1717bc7f27a,24,2002-06-03,,cancelado,normal,1,activo,MUN-03,ZONA-03,CIRC-03,MESA-063
V004423,ccca1344e6be98ab9f72,80,1946-06-03,,vigente,normal,1,activo,MUN-05,ZONA-10,CIRC-05,MESA-035
V004424,d071343ef77a2df9fe3a,63,1963-06-04,,vigente,normal,1,activo,MUN-01,ZONA-01,CIRC-01,MESA-061
V004425,552688fd2dd42d564a50,80,1946-06-03,,vigente,normal,1,activo,MUN-04,ZONA-04,CIRC-04,MESA-054
V004426,0fc8e4d685f3d3a2df43,29,1997-06-03,,vigente,normal,1,activo,MUN-03,ZONA-08,CIRC-03,MESA-008
V004427,8c498e72f8ea7eb0eb12,30,1996-06-03,,vigente,normal,1,activo,MUN-04,ZONA-04,CIRC-04,MESA-029
V004428,52ee2da34cdfff7aea3d,60,1966-06-03,,vigente,normal,1,activo,MUN-01,ZONA-06,CIRC-01,MESA-041
V004429,6f9c3ec986b7fcbb671f,34,1992-06-03,,vigente,normal,1,activo,MUN-05,ZONA-05,CIRC-05,MESA-030
V004430,9b50c22cdaaeb2946e64,80,1946-06-03,,vigente,normal,1,activo,MUN-01,ZONA-01,CIRC-01,MESA-021
V004431,60bf048cec34a22ee9d4,53,1973-06-03,,vigente,normal,1,activo,MUN-01,ZONA-01,CIRC-01,MESA-076
V004432,6125e5580addf56ef55f,25,2001-06-03,,vigente,normal,1,activo,MUN-01,ZONA-01,CIRC-01,MESA-011
V004433,1afb0e279443b3eec942,86,1940-06-03,,vigente,normal,1,activo,MUN-02,ZONA-02,CIRC-02,MESA-002
V004434,a040964a837d12152c03,53,1973-06-03,,vigente,normal,1,activo,MUN-05,ZONA-05,CIRC-05,MESA-050
V004435,0666d332411c46e8962d,45,1981-06-03,,vigente,normal,1,activo,MUN-01,ZONA-06,CIRC-01,MESA-041
V004436,71694b906b8a913a5344,64,1962-06-03,,vigente,normal,1,activo,MUN-01,ZONA-06,CIRC-01,MESA-066
V004437,475fd8408ebee08a6cc2,47,1979-06-04,,vigente,normal,1,activo,MUN-03,ZONA-03,CIRC-03,MESA-003
V004438,8b0c24661bfe92d9533a,40,1986-06-03,,vigente,normal,1,activo,MUN-05,ZONA-05,CIRC-05,MESA-080
V004439,490e967b6667fff19f70,33,1993-06-03,,vigente,normal,1,activo,MUN-01,ZONA-01,CIRC-01,MESA-051
V004440,c174c1c72b9b3236c04d,31,1995-06-04,,vigente,normal,1,activo,MUN-03,ZONA-08,CIRC-03,MESA-068
V004441,16c26d8e9def75a813f2,88,1938-06-03,,vigente,normal,1,activo,MUN-05,ZONA-05,CIRC-05,MESA-025
V004442,759adb782039a1926fae,69,1957-06-03,,vigente,normal,1,activo,MUN-05,ZONA-05,CIRC-05,MESA-030
V004443,25f272ce66b33fbc0d7d,54,1972-06-03,,vigente,normal,1,activo,MUN-01,ZONA-01,CIRC-01,MESA-011
V004444,2ee10d2d265e73fb4dc5,46,1980-06-03,,vigente,normal,1,activo,MUN-02,ZONA-07,CIRC-02,MESA-017
V004445,a969a748c0bfb9ef3aa6,84,1942-06-03,,vigente,normal,1,activo,MUN-01,ZONA-01,CIRC-01,MESA-026
V004446,bdc03d72f4951bf7faf2,32,1994-06-03,,vigente,normal,1,activo,MUN-03,ZONA-03,CIRC-03,MESA-023
V004447,2bc857ae0c0b7372e99f,120,1906-06-03,,vigente,normal,1,activo,MUN-01,ZONA-06,CIRC-01,MESA-056
V004448,05c4f9ae39011f7735b5,123,1903-06-04,,vigente,normal,1,activo,MUN-02,ZONA-02,CIRC-02,MESA-052
V004449,686d88108beef1f3fb4a,69,1957-06-03,,vigente,normal,1,activo,MUN-03,ZONA-03,CIRC-03,MESA-048
V004450,71010b8bdcdeb253dec4,36,1990-06-03,,vigente,normal,1,activo,MUN-05,ZONA-10,CIRC-05,MESA-020
V004451,09724ece042301dbee44,38,1988-06-03,,vigente,normal,1,activo,MUN-02,ZONA-02,CIRC-02,MESA-002
V004452,ca70eccfdab0c0577cef,81,1945-06-03,,vigente,normal,1,activo,MUN-01,ZONA-06,CIRC-01,MESA-031
V004453,c3b6a5efe2ac325336ce,54,1972-06-03,,vigente,normal,1,activo,MUN-02,ZONA-02,CIRC-02,MESA-027
V004454,e253b4f6a281f4a8f5ba,44,1982-06-03,,vigente,normal,1,activo,MUN-02,ZONA-02,CIRC-02,MESA-002
V004455,4e234c526435f049800b,72,1954-06-03,,vigente,normal,1,activo,MUN-03,ZONA-03,CIRC-03,MESA-078
V004456,00fd1a08eedfcbcd6dd6,46,1980-06-03,,vigente,normal,1,activo,MUN-04,ZONA-04,CIRC-04,MESA-004
V004457,aef23209af92d34382ac,37,1989-06-03,,vigente,normal,1,activo,MUN-03,ZONA-03,CIRC-03,MESA-013
V004458,b3e4767b3d5a7dd796be,42,1984-06-03,,vigente,normal,1,activo,MUN-05,ZONA-10,CIRC-05,MESA-035
V004459,3f62f2eac113aee31340,87,1939-06-04,,vigente,normal,1,activo,MUN-02,ZONA-02,CIRC-02,MESA-072
V004460,fc8204f1e9b83b374998,80,1946-06-03,,vigente,normal,1,activo,MUN-01,ZONA-06,CIRC-01,MESA-066
V004461,4b8876774dfeb5056f6e,53,1973-06-03,,vigente,normal,1,activo,MUN-01,ZONA-06,CIRC-01,MESA-006
V004462,d3603571e71dc5a405d8,19,2007-06-04,,vigente,normal,1,activo,MUN-01,ZONA-06,CIRC-01,MESA-031
V004463,f0dbf4442ac0392f46c3,39,1987-06-04,,vigente,normal,1,activo,MUN-05,ZONA-10,CIRC-05,MESA-010
V004464,e059fd03e31bbef6418a,33,1993-06-03,,vigente,normal,1,activo,MUN-01,ZONA-01,CIRC-01,MESA-021
V004465,e84ef90c7c4957c2bd27,35,1991-06-04,2025-12-21,vigente,fallecido,1,activo,MUN-04,ZONA-04,CIRC-04,MESA-074
V004466,1dd3274b1fd557594e31,86,1940-06-03,,vigente,normal,1,activo,MUN-03,ZONA-03,CIRC-03,MESA-023
V004467,fef32770fa8af00f64d1,71,1955-06-04,,vigente,normal,1,activo,MUN-03,ZONA-03,CIRC-03,MESA-003
V004468,155b3735daf93aef4856,47,1979-06-04,,vigente,normal,1,activo,MUN-02,ZONA-07,CIRC-02,MESA-032
V004469,a0ddbd47b1e0c896879c,62,1964-06-03,,vigente,normal,1,activo,MUN-05,ZONA-10,CIRC-05,MESA-020
V004470,0228ecfa9d513b5b303c,36,1990-06-03,,vigente,normal,1,activo,MUN-04,ZONA-04,CIRC-04,MESA-074
V004471,c8be77405ee14ec024f7,51,1975-06-04,,vigente,normal,1,activo,MUN-04,ZONA-04,CIRC-04,MESA-029
V004472,75a7f251ee76deddf0fa,30,1996-06-03,,vigente,normal,1,activo,MUN-02,ZONA-02,CIRC-02,MESA-052
V004473,0dcc4d3c8fb4464daeeb,60,1966-06-03,,vigente,normal,1,activo,MUN-01,ZONA-01,CIRC-01,MESA-046
V004474,37542a8de95bc69b2375,79,1947-06-04,,vigente,normal,1,activo,MUN-04,ZONA-09,CIRC-04,MESA-034
V004475,0240ec7dcf1a27183386,39,1987-06-04,,cancelado,normal,1,activo,MUN-01,ZONA-01,CIRC-01,MESA-061
V004476,539f50af1d1593ac8903,69,1957-06-03,,vigente,normal,1,activo,MUN-02,ZONA-02,CIRC-02,MESA-072
V004477,c32a6d1b8168200ceab8,69,1957-06-03,,vigente,normal,1,activo,MUN-01,ZONA-01,CIRC-01,MESA-071
V004478,2d526fc676928194ab75,53,1973-06-03,,vigente,normal,1,activo,MUN-05,ZONA-10,CIRC-05,MESA-070
V004479,4c44656c41c8c80d6bca,90,1936-06-03,,vigente,normal,1,activo,MUN-01,ZONA-01,CIRC-01,MESA-011
V004480,17380b1f175f3169e105,36,1990-06-03,,vigente,normal,1,activo,MUN-03,ZONA-03,CIRC-03,MESA-063
V004481,84cdcc7148b0d6ff299a,55,1971-06-04,,vigente,normal,1,activo,MUN-01,ZONA-01,CIRC-01,MESA-021
V004482,8f120ed1adde9a68462b,87,1939-06-04,,vigente,normal,1,activo,MUN-03,ZONA-03,CIRC-03,MESA-003
V004483,9f584d98aeaa3b3993ee,74,1952-06-03,,vigente,normal,1,activo,MUN-05,ZONA-10,CIRC-05,MESA-010
V004484,55411cfeeed8948e36e5,37,1989-06-03,,vigente,normal,1,activo,MUN-02,ZONA-02,CIRC-02,MESA-027
V004485,e6ebde981d12ea40bd47,26,2000-06-03,,vigente,normal,1,activo,MUN-02,ZONA-02,CIRC-02,MESA-012
V004486,58f5abef3843e3318f74,49,1977-06-03,,vigente,normal,1,activo,MUN-02,ZONA-07,CIRC-02,MESA-007
V004487,7c910cb6915d46e5aba4,21,2005-06-03,,vigente,normal,1,activo,MUN-02,ZONA-07,CIRC-02,MESA-017
V004488,5616681b9c1322dbabce,67,1959-06-04,,vigente,normal,1,activo,MUN-05,ZONA-05,CIRC-05,MESA-065
V004489,1c613b1a6b400101427c,22,2004-06-03,,vigente,normal,1,activo,MUN-04,ZONA-04,CIRC-04,MESA-064
V004490,3310c2854247faefd5d6,37,1989-06-03,,vigente,normal,1,activo,MUN-01,ZONA-01,CIRC-01,MESA-026
V004491,365e3ac35a1544bd600c,54,1972-06-03,,vigente,normal,1,activo,MUN-05,ZONA-05,CIRC-05,MESA-015
V004492,dc06f9cd41ddf08fc9cd,39,1987-06-04,,vigente,normal,1,activo,MUN-03,ZONA-08,CIRC-03,MESA-033
V004493,22420c4de241458731f3,75,1951-06-04,,vigente,normal,1,activo,MUN-02,ZONA-02,CIRC-02,MESA-062
V004494,269317e2cf45657b9eeb,85,1941-06-03,,vigente,normal,1,activo,MUN-02,ZONA-02,CIRC-02,MESA-047
V004495,0a0afe82bb69c3e6275e,61,1965-06-03,,vigente,normal,1,activo,MUN-05,ZONA-10,CIRC-05,MESA-035
V004496,9c71a52baec2eb16d164,51,1975-06-04,,vigente,normal,1,activo,MUN-05,ZONA-05,CIRC-05,MESA-065
V004497,cb2207818d23809970fc,59,1967-06-04,,vigente,normal,1,activo,MUN-02,ZONA-02,CIRC-02,MESA-072
V004498,56e84ba961da87a294c8,26,2000-06-03,,vigente,normal,1,activo,MUN-01,ZONA-01,CIRC-01,MESA-076
V004499,a5b66495937baf821a4f,24,2002-06-03,,vigente,normal,1,activo,MUN-05,ZONA-05,CIRC-05,MESA-025
V004500,50b2f95fdeef3d8bb92e,85,1941-06-03,,vigente,normal,1,activo,MUN-02,ZONA-07,CIRC-02,MESA-057
V004501,c7494b4e135a5671de97,36,1990-06-03,,vigente,normal,1,activo,MUN-02,ZONA-07,CIRC-02,MESA-032
V004502,a2774e1c3522ab60cd10,48,1978-06-03,,vigente,normal,1,activo,MUN-03,ZONA-03,CIRC-03,MESA-063
V004503,917d0f9e65db19d6b409,52,1974-06-03,,vigente,normal,1,activo,MUN-02,ZONA-02,CIRC-02,MESA-012
V004504,d08ff4eda1a30803c6d5,74,1952-06-03,,vigente,normal,1,activo,MUN-03,ZONA-03,CIRC-03,MESA-063
V004505,01391b4718ea560445b5,78,1948-06-03,,vigente,normal,1,activo,MUN-02,ZONA-02,CIRC-02,MESA-077
V004506,af3632e280f67a290de9,48,1978-06-03,,vigente,normal,1,activo,MUN-01,ZONA-01,CIRC-01,MESA-001
V004507,7031e7c23a3afd9d7699,128,1898-06-02,,vigente,normal,1,activo,MUN-01,ZONA-01,CIRC-01,MESA-051
V004508,451503309af333c028a9,49,1977-06-03,,vigente,normal,1,activo,MUN-05,ZONA-10,CIRC-05,MESA-070
V004509,ef83273b472895194564,83,1943-06-04,,vigente,normal,1,activo,MUN-03,ZONA-08,CIRC-03,MESA-008
V004510,99573dbda8d5c7f0926a,76,1950-06-03,2025-08-06,vigente,fallecido,1,activo,MUN-03,ZONA-08,CIRC-03,MESA-068
V004511,476977d39f84de3a7301,27,1999-06-04,,vigente,normal,1,activo,MUN-05,ZONA-05,CIRC-05,MESA-005
V004512,e8306962813de678d85b,19,2007-06-04,,vigente,normal,1,activo,MUN-04,ZONA-04,CIRC-04,MESA-039
V004513,2c9044dbe1aaededd321,83,1943-06-04,,vigente,normal,1,activo,MUN-03,ZONA-03,CIRC-03,MESA-023
V004514,a04a2b6569022f255edf,77,1949-06-03,,vigente,normal,1,activo,MUN-03,ZONA-08,CIRC-03,MESA-068
V004515,5ee326389ace86ff7208,34,1992-06-03,,vigente,normal,1,activo,MUN-02,ZONA-02,CIRC-02,MESA-052
V004516,be0f94c3be9fdd961308,33,1993-06-03,,vigente,normal,1,activo,MUN-04,ZONA-04,CIRC-04,MESA-004
V004517,33010442e954ecdb252f,33,1993-06-03,,vigente,normal,1,activo,MUN-02,ZONA-02,CIRC-02,MESA-047
V004518,271346d0d77e98431a7f,63,1963-06-04,,vigente,normal,1,activo,MUN-01,ZONA-01,CIRC-01,MESA-021
V004519,a7a835542a7e4962bd2a,56,1970-06-03,,vigente,normal,1,activo,MUN-01,ZONA-06,CIRC-01,MESA-056
V004520,a144f631651a174c3229,48,1978-06-03,,vigente,normal,1,activo,MUN-01,ZONA-06,CIRC-01,MESA-066
V004521,3fc77deb9e9527c851fe,18,2008-06-03,,vigente,normal,1,activo,MUN-04,ZONA-09,CIRC-04,MESA-059
V004522,771149cd9d2afca14fe7,28,1998-06-03,,vigente,normal,1,activo,MUN-02,ZONA-07,CIRC-02,MESA-007
V004523,1073ba53690e3a8cf24e,21,2005-06-03,,vigente,normal,1,activo,MUN-04,ZONA-04,CIRC-04,MESA-049
V004524,f5013630aa213b1512b8,88,1938-06-03,,vigente,normal,1,activo,MUN-01,ZONA-06,CIRC-01,MESA-016
V004525,dcc41aca4867eb2d2079,43,1983-06-04,,vigente,normal,1,activo,MUN-02,ZONA-07,CIRC-02,MESA-017
V004526,80eb0ef04638c23d2ff4,67,1959-06-04,,vigente,normal,1,activo,MUN-05,ZONA-05,CIRC-05,MESA-075
V004527,e3d2b07f1b89cefe7fc1,29,1997-06-03,,vigente,normal,1,activo,MUN-04,ZONA-09,CIRC-04,MESA-034
V004528,ae53ff535178638b9cec,16,2010-06-03,,vigente,normal,1,activo,MUN-03,ZONA-08,CIRC-03,MESA-033
V004529,04fa721efa7aa1b26176,64,1962-06-03,,vigente,normal,1,activo,MUN-01,ZONA-01,CIRC-01,MESA-026
V004530,2d72a41729dde424cef6,70,1956-06-03,,vigente,normal,1,activo,MUN-01,ZONA-06,CIRC-01,MESA-066
V004531,52f2403e8f6696f081ac,88,1938-06-03,,vigente,normal,1,activo,MUN-03,ZONA-03,CIRC-03,MESA-063
V004532,a2d1860ff8508e218163,19,2007-06-04,,vigente,normal,1,activo,MUN-01,ZONA-06,CIRC-01,MESA-041
V004533,bf9588bd483869c3724c,41,1985-06-03,,vigente,normal,1,activo,MUN-03,ZONA-08,CIRC-03,MESA-058
V004534,93c46b72eb1f7b83b7db,21,2005-06-03,,vigente,normal,1,activo,MUN-04,ZONA-04,CIRC-04,MESA-079
V004535,15fca3fb3510dea577d1,36,1990-06-03,,vigente,normal,1,activo,MUN-05,ZONA-10,CIRC-05,MESA-010
V004536,43fc541b854946441a30,43,1983-06-04,,vigente,normal,1,activo,MUN-05,ZONA-05,CIRC-05,MESA-015
V004537,b8bc5f738421df027a96,57,1969-06-03,,cancelado,normal,1,activo,MUN-02,ZONA-07,CIRC-02,MESA-042
V004538,50569142032b427e0632,67,1959-06-04,,vigente,normal,1,activo,MUN-02,ZONA-07,CIRC-02,MESA-057
V004539,7d3b4b21d68e4efa81fb,60,1966-06-03,,vigente,normal,1,activo,MUN-02,ZONA-07,CIRC-02,MESA-017
V004540,01e79d5cc45b9110935a,84,1942-06-03,,vigente,normal,1,activo,MUN-05,ZONA-10,CIRC-05,MESA-060
V004541,7d6793910f3dd4cded70,29,1997-06-03,,vigente,normal,1,activo,MUN-04,ZONA-09,CIRC-04,MESA-009
V004542,8ce809558efff26cc2c0,84,1942-06-03,,vigente,normal,1,activo,MUN-01,ZONA-01,CIRC-01,MESA-036
V004543,9b7d7b608ca69027a3c9,44,1982-06-03,,vigente,normal,1,activo,MUN-03,ZONA-03,CIRC-03,MESA-073
V004544,383d07a52bdb9f80015a,71,1955-06-04,,vigente,normal,1,activo,MUN-05,ZONA-05,CIRC-05,MESA-080
V004545,91b6079381197fdc3126,83,1943-06-04,,vigente,normal,1,activo,MUN-01,ZONA-01,CIRC-01,MESA-036
V004546,4b32eda5be981191acd8,66,1960-06-03,,vigente,normal,1,activo,MUN-03,ZONA-03,CIRC-03,MESA-048
V004547,7da1120203c08d131cbc,120,1906-06-03,,vigente,normal,1,activo,MUN-01,ZONA-01,CIRC-01,MESA-051
V004548,af74b8ec558e2efc4e04,19,2007-06-04,,vigente,normal,1,activo,MUN-05,ZONA-10,CIRC-05,MESA-070
V004549,4ff4fcad91b245ff181d,77,1949-06-03,,vigente,normal,1,activo,MUN-04,ZONA-04,CIRC-04,MESA-074
V004550,a17bbb8dacae56c9b978,71,1955-06-04,,vigente,normal,1,activo,MUN-05,ZONA-05,CIRC-05,MESA-080
V004551,e0b92964a1b50e21c023,47,1979-06-04,,vigente,normal,1,activo,MUN-03,ZONA-08,CIRC-03,MESA-068
V004552,e1230cf668f3f3612f15,55,1971-06-04,,vigente,normal,1,activo,MUN-02,ZONA-02,CIRC-02,MESA-022
V004553,921c54d92c91a893864f,45,1981-06-03,,vigente,normal,1,activo,MUN-02,ZONA-02,CIRC-02,MESA-077
V004554,4bf088f8d2ee5f016285,42,1984-06-03,,vigente,normal,1,activo,MUN-05,ZONA-05,CIRC-05,MESA-080
V004555,2bab91e4234a97904769,27,1999-06-04,,vigente,normal,1,activo,MUN-01,ZONA-06,CIRC-01,MESA-006
V004556,6d45bfa1c88abdab67f1,77,1949-06-03,,vigente,normal,1,activo,MUN-01,ZONA-01,CIRC-01,MESA-026
V004557,9d10603e4d8f7c102e78,59,1967-06-04,,vigente,normal,1,activo,MUN-05,ZONA-05,CIRC-05,MESA-075
V004558,49dfb71494fe607d4bcc,15,2011-06-04,,vigente,normal,1,activo,MUN-03,ZONA-03,CIRC-03,MESA-003
V004559,ac7877c84277d9211f78,59,1967-06-04,,vigente,normal,1,activo,MUN-02,ZONA-02,CIRC-02,MESA-052
V004560,0f306fa8b0eb03e88a5a,64,1962-06-03,,vigente,normal,1,activo,MUN-04,ZONA-04,CIRC-04,MESA-074
V004561,86d53e58626df09f29fa,54,1972-06-03,,vigente,normal,1,activo,MUN-05,ZONA-10,CIRC-05,MESA-060
V004562,aa93457536beaca4d590,39,1987-06-04,,vigente,normal,1,activo,MUN-03,ZONA-03,CIRC-03,MESA-063
V004563,4a83873f201a28197e1d,74,1952-06-03,,vigente,normal,1,activo,MUN-05,ZONA-05,CIRC-05,MESA-065
V004564,f49c782d38f4ab06e26c,44,1982-06-03,,vigente,normal,1,activo,MUN-02,ZONA-02,CIRC-02,MESA-052
V004565,9e3a300ee338dff4e0f3,58,1968-06-03,,vigente,normal,1,activo,MUN-01,ZONA-01,CIRC-01,MESA-076
V004566,da41db74dbc8d09cc46b,51,1975-06-04,,vigente,normal,1,activo,MUN-04,ZONA-04,CIRC-04,MESA-014
V004567,775c6714718c85f3b9ab,49,1977-06-03,,vigente,normal,1,activo,MUN-02,ZONA-02,CIRC-02,MESA-072
V004568,85819d5e4dd1b00ebeb1,83,1943-06-04,,vigente,normal,1,activo,MUN-03,ZONA-08,CIRC-03,MESA-068
V004569,79aeafd7924c5faba769,29,1997-06-03,,vigente,normal,1,activo,MUN-03,ZONA-03,CIRC-03,MESA-028
V004570,74e9e9189103975e0561,57,1969-06-03,,vigente,normal,1,activo,MUN-01,ZONA-01,CIRC-01,MESA-071
V004571,70332c7a7191d71b1a6d,90,1936-06-03,,vigente,normal,1,activo,MUN-05,ZONA-10,CIRC-05,MESA-010
V004572,2b5d188f743ee5e1b444,90,1936-06-03,,vigente,normal,1,activo,MUN-02,ZONA-07,CIRC-02,MESA-057
V004573,7fab05513ecda53a86ca,27,1999-06-04,,vigente,normal,1,activo,MUN-01,ZONA-06,CIRC-01,MESA-066
V004574,57d92d00905a1f71aabd,65,1961-06-03,,vigente,normal,1,activo,MUN-05,ZONA-05,CIRC-05,MESA-050
V004575,fbe8e41cd15a319e1281,37,1989-06-03,,vigente,normal,1,activo,MUN-04,ZONA-04,CIRC-04,MESA-014
V004576,1bc08a46e6cb993725f9,56,1970-06-03,,vigente,normal,1,activo,MUN-01,ZONA-06,CIRC-01,MESA-016
V004577,7c00a1cb9fa0eebdcf0d,77,1949-06-03,,vigente,normal,1,activo,MUN-04,ZONA-04,CIRC-04,MESA-054
V004578,dcdef1c7acc84dcd91a9,83,1943-06-04,,vigente,normal,1,activo,MUN-03,ZONA-08,CIRC-03,MESA-043
V004579,6e18ec7b70878cc535ab,82,1944-06-03,,vigente,normal,1,activo,MUN-02,ZONA-07,CIRC-02,MESA-042
V004580,5bed089014fdd7e3a897,68,1958-06-03,,vigente,normal,1,activo,MUN-02,ZONA-02,CIRC-02,MESA-022
V004581,b47a434172cb7ae8ff38,53,1973-06-03,,vigente,normal,1,activo,MUN-03,ZONA-08,CIRC-03,MESA-068
V004582,aaf93ecbbdc1a3dc6a1b,41,1985-06-03,,vigente,normal,1,activo,MUN-04,ZONA-09,CIRC-04,MESA-019
V004583,2bded4c723c04cdba765,44,1982-06-03,,vigente,normal,1,activo,MUN-01,ZONA-06,CIRC-01,MESA-066
V004584,ca67dc4ff515a0f5becc,19,2007-06-04,,vigente,normal,1,activo,MUN-04,ZONA-04,CIRC-04,MESA-039
V004585,2d2cd6328d94af712348,16,2010-06-03,,vigente,normal,1,activo,MUN-03,ZONA-03,CIRC-03,MESA-073
V004586,a1cb8ef3941c67d816af,74,1952-06-03,,vigente,normal,1,activo,MUN-04,ZONA-09,CIRC-04,MESA-019
V004587,653514ca1155324a9dda,83,1943-06-04,,vigente,normal,1,activo,MUN-01,ZONA-06,CIRC-01,MESA-016
V004588,1cf2d2673a9936ddc1d1,46,1980-06-03,,vigente,inhabilitado,1,activo,MUN-04,ZONA-04,CIRC-04,MESA-054
V004589,dbe887108681f4912832,32,1994-06-03,,vigente,normal,1,activo,MUN-05,ZONA-05,CIRC-05,MESA-025
V004590,0d821bb8a73eac932230,29,1997-06-03,,vigente,normal,1,activo,MUN-03,ZONA-08,CIRC-03,MESA-018
V004591,941d9617fd14b23f6cc4,45,1981-06-03,,vigente,normal,1,activo,MUN-03,ZONA-03,CIRC-03,MESA-023
V004592,bb982992a6102fa13317,41,1985-06-03,,vigente,normal,1,activo,MUN-01,ZONA-01,CIRC-01,MESA-011
V004593,a812f59f2b12bbdb7b1e,38,1988-06-03,,vigente,normal,1,activo,MUN-04,ZONA-04,CIRC-04,MESA-039
V004594,9099133c2e1f62fcbee5,27,1999-06-04,,vigente,normal,1,activo,MUN-03,ZONA-08,CIRC-03,MESA-068
V004595,843dc2685ca871fb821d,35,1991-06-04,,vigente,normal,1,activo,MUN-05,ZONA-05,CIRC-05,MESA-025
V004596,73b16451d1c5d5fcf900,31,1995-06-04,,vigente,normal,1,activo,MUN-03,ZONA-03,CIRC-03,MESA-063
V004597,06d58afa46176a0e9634,51,1975-06-04,,vigente,normal,1,activo,MUN-05,ZONA-05,CIRC-05,MESA-030
V004598,88699abf7056fd9442fd,75,1951-06-04,,vigente,inhabilitado,1,activo,MUN-05,ZONA-10,CIRC-05,MESA-045
V004599,13e8b5d6de8f06bd180b,39,1987-06-04,,vigente,normal,1,activo,MUN-01,ZONA-01,CIRC-01,MESA-061
V004600,4a27fe30c75ba50a4914,87,1939-06-04,,vigente,normal,1,activo,MUN-01,ZONA-01,CIRC-01,MESA-051
V004601,523068295c6bd4730df6,53,1973-06-03,,vigente,normal,1,activo,MUN-04,ZONA-09,CIRC-04,MESA-009
V004602,0653f4303481876df501,62,1964-06-03,,vigente,normal,1,activo,MUN-01,ZONA-01,CIRC-01,MESA-076
V004603,412fe2b2d29b4a18d7d9,53,1973-06-03,,vigente,normal,1,activo,MUN-02,ZONA-02,CIRC-02,MESA-002
V004604,516f5f99ba6b2b302ca6,39,1987-06-04,,vigente,normal,1,activo,MUN-05,ZONA-05,CIRC-05,MESA-005
V004605,6d0a12438bf0169a030d,78,1948-06-03,,vigente,normal,1,activo,MUN-02,ZONA-02,CIRC-02,MESA-062
V004606,d9960d2ec4d50e35d769,73,1953-06-03,,vigente,normal,1,activo,MUN-04,ZONA-09,CIRC-04,MESA-069
V004607,42745b5cd18a8230e73d,50,1976-06-03,,vigente,normal,1,activo,MUN-02,ZONA-02,CIRC-02,MESA-052
V004608,ab278900a0fac7a57826,129,1897-06-02,,vigente,normal,1,activo,MUN-05,ZONA-05,CIRC-05,MESA-005
V004609,f5125f4b2b63ac01396d,53,1973-06-03,,vigente,normal,1,activo,MUN-04,ZONA-09,CIRC-04,MESA-059
V004610,3e5507459659c16f30f9,37,1989-06-03,,vigente,normal,1,activo,MUN-03,ZONA-08,CIRC-03,MESA-068
V004611,4487865a06bce8de1028,35,1991-06-04,,vigente,normal,1,activo,MUN-04,ZONA-09,CIRC-04,MESA-009
V004612,380648e96144d5bcd830,55,1971-06-04,,vigente,normal,1,activo,MUN-02,ZONA-02,CIRC-02,MESA-022
V004613,0e4e6abf2870e735f1f9,84,1942-06-03,,vigente,normal,1,activo,MUN-02,ZONA-02,CIRC-02,MESA-027
V004614,b330b864a451008e33a6,40,1986-06-03,,vigente,normal,1,activo,MUN-05,ZONA-10,CIRC-05,MESA-010
V004615,e390a5b6f95d5eabc41f,16,2010-06-03,,vigente,normal,1,activo,MUN-05,ZONA-05,CIRC-05,MESA-080
V004616,ace1d7b51be99290e760,76,1950-06-03,,vigente,normal,1,activo,MUN-01,ZONA-01,CIRC-01,MESA-061
V004617,ad25cedfe592859504d5,86,1940-06-03,,cancelado,normal,1,activo,MUN-01,ZONA-01,CIRC-01,MESA-051
V004618,b10f0f1907d85bad967d,85,1941-06-03,,vigente,normal,1,activo,MUN-05,ZONA-10,CIRC-05,MESA-010
V004619,8bea671270b6140819c2,38,1988-06-03,,vigente,normal,1,activo,MUN-01,ZONA-06,CIRC-01,MESA-006
V004620,ea034a283f3bee55c605,87,1939-06-04,,vigente,normal,1,activo,MUN-02,ZONA-02,CIRC-02,MESA-062
V004621,e7224fe4efb3dbd466f4,29,1997-06-03,,vigente,normal,1,activo,MUN-05,ZONA-05,CIRC-05,MESA-005
V004622,3b94e448fede207d5e86,33,1993-06-03,,vigente,normal,1,activo,MUN-05,ZONA-10,CIRC-05,MESA-070
V004623,0d0ae72b177e86775af9,31,1995-06-04,,cancelado,normal,1,activo,MUN-03,ZONA-03,CIRC-03,MESA-063
V004624,37657fafeac5c0a0c133,78,1948-06-03,,vigente,normal,1,activo,MUN-01,ZONA-06,CIRC-01,MESA-056
V004625,ca492be9bbc159ac0091,88,1938-06-03,,vigente,normal,1,activo,MUN-04,ZONA-09,CIRC-04,MESA-059
V004626,1c1261433ef6c8ba12b4,63,1963-06-04,,vigente,normal,1,activo,MUN-03,ZONA-03,CIRC-03,MESA-063
V004627,396b4dab52dc2543e96f,49,1977-06-03,,vigente,normal,1,activo,MUN-04,ZONA-09,CIRC-04,MESA-059
V004628,79752f11fb5c6c7a3722,32,1994-06-03,,vigente,normal,1,activo,MUN-01,ZONA-01,CIRC-01,MESA-051
V004629,68662a433e8a4646a5e7,61,1965-06-03,,vigente,normal,1,activo,MUN-05,ZONA-05,CIRC-05,MESA-050
V004630,7419d258863e25a45c63,34,1992-06-03,,vigente,normal,1,activo,MUN-04,ZONA-04,CIRC-04,MESA-004
V004631,35684733f0b37aa0d5a7,58,1968-06-03,,vigente,normal,1,activo,MUN-03,ZONA-03,CIRC-03,MESA-048
V004632,9124f07b49be199cb81c,71,1955-06-04,,vigente,normal,1,activo,MUN-02,ZONA-07,CIRC-02,MESA-032
V004633,36e8572630b81e4d4b42,61,1965-06-03,,vigente,normal,1,activo,MUN-01,ZONA-01,CIRC-01,MESA-051
V004634,b7fbfa9f1dda4ed069e2,22,2004-06-03,,vigente,normal,1,activo,MUN-02,ZONA-02,CIRC-02,MESA-052
V004635,6db5c0f9fcc885f928c8,44,1982-06-03,,vigente,normal,1,activo,MUN-04,ZONA-04,CIRC-04,MESA-074
V004636,1785ed89b9bf69078b88,60,1966-06-03,,vigente,normal,1,activo,MUN-04,ZONA-09,CIRC-04,MESA-034
V004637,684ab4b086d17922c802,48,1978-06-03,,vigente,normal,1,activo,MUN-01,ZONA-01,CIRC-01,MESA-036
V004638,c2d077c10dfe7dccf7cc,34,1992-06-03,,vigente,normal,1,activo,MUN-05,ZONA-10,CIRC-05,MESA-070
V004639,ec549c9223e2c4f15c7d,71,1955-06-04,,vigente,normal,1,activo,MUN-03,ZONA-08,CIRC-03,MESA-043
V004640,c01f18a3f5d9f07c9335,79,1947-06-04,,vigente,normal,1,activo,MUN-01,ZONA-06,CIRC-01,MESA-016
V004641,811e5161b8f32e35b9ab,49,1977-06-03,,vigente,normal,1,activo,MUN-04,ZONA-09,CIRC-04,MESA-059
V004642,1703755a47bfbabadd46,57,1969-06-03,,vigente,normal,1,activo,MUN-03,ZONA-03,CIRC-03,MESA-053
V004643,0e9adc60db7ba802f401,30,1996-06-03,,vigente,normal,1,activo,MUN-04,ZONA-09,CIRC-04,MESA-019
V004644,f85062b20e89fd3efd22,52,1974-06-03,,vigente,normal,1,activo,MUN-01,ZONA-06,CIRC-01,MESA-041
V004645,34befa5461f89da46178,22,2004-06-03,,vigente,normal,1,activo,MUN-02,ZONA-02,CIRC-02,MESA-047
V004646,f4cb169fe46bbddb99ed,90,1936-06-03,,vigente,normal,1,activo,MUN-04,ZONA-04,CIRC-04,MESA-054
V004647,2ec65820b32d6027a882,46,1980-06-03,,vigente,inhabilitado,1,activo,MUN-05,ZONA-05,CIRC-05,MESA-055
V004648,900644a159f413b7ff94,87,1939-06-04,,vigente,normal,1,activo,MUN-04,ZONA-09,CIRC-04,MESA-019
V004649,eda314665ff97e4c0ba0,42,1984-06-03,,vigente,normal,1,activo,MUN-02,ZONA-02,CIRC-02,MESA-062
V004650,2fd74053e8fcb63640a8,39,1987-06-04,,vigente,normal,1,activo,MUN-04,ZONA-09,CIRC-04,MESA-059
V004651,b401fdde7a6eac30a836,83,1943-06-04,,vigente,normal,1,activo,MUN-05,ZONA-05,CIRC-05,MESA-065
V004652,d1052bbbd6632afa4008,62,1964-06-03,,vigente,normal,1,activo,MUN-03,ZONA-08,CIRC-03,MESA-068
V004653,ad76a60e9fb7f1f4d0c9,86,1940-06-03,,vigente,normal,1,activo,MUN-03,ZONA-03,CIRC-03,MESA-028
V004654,befd9b497c77f918ce8e,89,1937-06-03,,vigente,normal,1,activo,MUN-03,ZONA-08,CIRC-03,MESA-018
V004655,a61a89043b3f8992a7ee,18,2008-06-03,,vigente,normal,1,activo,MUN-01,ZONA-01,CIRC-01,MESA-026
V004656,6b19ea16dccd10b3c5ad,61,1965-06-03,,vigente,normal,1,activo,MUN-04,ZONA-09,CIRC-04,MESA-019
V004657,85caa6e74cc96389c2b1,56,1970-06-03,,vigente,normal,1,activo,MUN-05,ZONA-05,CIRC-05,MESA-055
V004658,66756c80dcad2aa3a70f,71,1955-06-04,,vigente,normal,1,activo,MUN-02,ZONA-07,CIRC-02,MESA-057
V004659,5bb5332f3afa468b9bf5,46,1980-06-03,,vigente,normal,1,activo,MUN-01,ZONA-06,CIRC-01,MESA-006
V004660,1c83a7fc6ed0b9a5ba6d,71,1955-06-04,,vigente,normal,1,activo,MUN-01,ZONA-01,CIRC-01,MESA-001
V004661,1eec0981aab444de70a3,33,1993-06-03,,vigente,normal,1,activo,MUN-03,ZONA-08,CIRC-03,MESA-008
V004662,b3ee431c26a8dca444b5,37,1989-06-03,,vigente,normal,1,activo,MUN-01,ZONA-01,CIRC-01,MESA-051
V004663,2873670fe8cd315b3f33,63,1963-06-04,,vigente,normal,1,activo,MUN-05,ZONA-05,CIRC-05,MESA-025
V004664,82ddc5178e1873c08f24,84,1942-06-03,,vigente,normal,1,activo,MUN-02,ZONA-02,CIRC-02,MESA-047
V004665,3ebcda958dfdaaf15f14,82,1944-06-03,,vigente,normal,1,activo,MUN-05,ZONA-05,CIRC-05,MESA-055
V004666,0fafc1064dc4214a7a12,75,1951-06-04,,vigente,normal,1,activo,MUN-04,ZONA-04,CIRC-04,MESA-064
V004667,2ada3c3381c62ab538b2,70,1956-06-03,,vigente,normal,1,activo,MUN-05,ZONA-10,CIRC-05,MESA-010
V004668,729109e4f9db585c4fc3,18,2008-06-03,,vigente,normal,1,activo,MUN-01,ZONA-06,CIRC-01,MESA-056
V004669,eb6e8bbf01575f297dc7,83,1943-06-04,,vigente,normal,1,activo,MUN-02,ZONA-02,CIRC-02,MESA-012
V004670,eebc3660a3195fdbfe32,46,1980-06-03,,vigente,normal,1,activo,MUN-03,ZONA-08,CIRC-03,MESA-033
V004671,def095c8da6c678e5305,87,1939-06-04,,vigente,normal,1,activo,MUN-01,ZONA-01,CIRC-01,MESA-071
V004672,16b115751f6956156272,25,2001-06-03,,vigente,normal,1,activo,MUN-02,ZONA-07,CIRC-02,MESA-017
V004673,240207dddf775d161728,46,1980-06-03,,vigente,normal,1,activo,MUN-01,ZONA-01,CIRC-01,MESA-061
V004674,675e63e12f3051eb509a,68,1958-06-03,,vigente,normal,1,activo,MUN-05,ZONA-10,CIRC-05,MESA-010
V004675,ae3662ba9c7e21b95d46,50,1976-06-03,,vigente,normal,1,activo,MUN-01,ZONA-06,CIRC-01,MESA-031
V004676,8bc646a2f21d365bfba7,20,2006-06-03,,vigente,normal,1,activo,MUN-05,ZONA-10,CIRC-05,MESA-060
V004677,e2a6aa25c84a82ce9387,77,1949-06-03,,vigente,normal,1,activo,MUN-05,ZONA-10,CIRC-05,MESA-070
V004678,638d3c44479cc3220af0,52,1974-06-03,,vigente,normal,1,activo,MUN-02,ZONA-07,CIRC-02,MESA-017
V004679,8c91671c277af8107dfb,86,1940-06-03,,vigente,normal,1,activo,MUN-05,ZONA-05,CIRC-05,MESA-050
V004680,8dba25d8c380fe6da604,37,1989-06-03,,vigente,normal,1,activo,MUN-02,ZONA-02,CIRC-02,MESA-037
V004681,a584c7ee8438e52d82e4,90,1936-06-03,,vigente,normal,1,activo,MUN-02,ZONA-02,CIRC-02,MESA-062
V004682,48ab6c322101bb1214ca,16,2010-06-03,,vigente,normal,1,activo,MUN-05,ZONA-05,CIRC-05,MESA-080
V004683,98c7c05eb06301ad375b,21,2005-06-03,,vigente,normal,1,activo,MUN-02,ZONA-02,CIRC-02,MESA-072
V004684,325bc91542138a1b878a,36,1990-06-03,,vigente,normal,1,activo,MUN-02,ZONA-02,CIRC-02,MESA-077
V004685,a6402094e8ab6b56f2c7,62,1964-06-03,,vigente,normal,1,activo,MUN-04,ZONA-04,CIRC-04,MESA-029
V004686,8b095309ef2918954a98,60,1966-06-03,,vigente,normal,1,activo,MUN-02,ZONA-07,CIRC-02,MESA-032
V004687,764cca66e05e2ae4020c,30,1996-06-03,,vigente,normal,1,activo,MUN-05,ZONA-05,CIRC-05,MESA-080
V004688,9d1ddb1dee1c2ce0e620,30,1996-06-03,,vigente,normal,1,activo,MUN-01,ZONA-01,CIRC-01,MESA-011
V004689,502ba1a83be080ce1aee,77,1949-06-03,,vigente,normal,1,activo,MUN-01,ZONA-06,CIRC-01,MESA-006
V004690,801ae8e37798e6c20db7,74,1952-06-03,,vigente,normal,1,activo,MUN-05,ZONA-10,CIRC-05,MESA-035
V004691,b7c2c27cbdd5110bcf91,69,1957-06-03,,vigente,normal,1,activo,MUN-03,ZONA-08,CIRC-03,MESA-033
V004692,a58faccb604287e7b1b6,70,1956-06-03,,vigente,normal,1,activo,MUN-03,ZONA-08,CIRC-03,MESA-018
V004693,69cecc025492b308ca76,60,1966-06-03,,vigente,normal,1,activo,MUN-02,ZONA-02,CIRC-02,MESA-037
V004694,b95ce5ae41f72c7e1251,17,2009-06-03,,vigente,normal,1,activo,MUN-03,ZONA-03,CIRC-03,MESA-013
V004695,cd33852864bd505be53d,89,1937-06-03,,vigente,normal,1,activo,MUN-04,ZONA-04,CIRC-04,MESA-074
V004696,18701bf4315940c7717f,59,1967-06-04,,vigente,normal,1,activo,MUN-04,ZONA-04,CIRC-04,MESA-064
V004697,2d9dc1b4f57ec01d7969,43,1983-06-04,2024-11-29,vigente,fallecido,1,activo,MUN-01,ZONA-01,CIRC-01,MESA-001
V004698,e79d7e22d35f54fd1f41,40,1986-06-03,,vigente,normal,1,activo,MUN-03,ZONA-03,CIRC-03,MESA-063
V004699,7b56ce3dd23195bef8bb,60,1966-06-03,,vigente,normal,1,activo,MUN-04,ZONA-09,CIRC-04,MESA-034
V004700,fc994d3a0e19a5b4f92c,45,1981-06-03,,vigente,normal,1,activo,MUN-05,ZONA-10,CIRC-05,MESA-010
V004701,e56aa4ec5467dbe1004c,26,2000-06-03,,vigente,normal,1,activo,MUN-02,ZONA-07,CIRC-02,MESA-007
V004702,057e71d17beeb06c306f,37,1989-06-03,,vigente,normal,1,activo,MUN-01,ZONA-06,CIRC-01,MESA-056
V004703,178451e2a47a639fafe9,73,1953-06-03,,vigente,normal,1,activo,MUN-05,ZONA-05,CIRC-05,MESA-080
V004704,7f196f2588d60590ce01,56,1970-06-03,,vigente,privado_libertad,1,activo,MUN-02,ZONA-02,CIRC-02,MESA-037
V004705,5cbab700c910d3643b96,68,1958-06-03,,vigente,normal,1,activo,MUN-04,ZONA-04,CIRC-04,MESA-029
V004706,f45d7629e07df08e05d2,29,1997-06-03,,vigente,normal,1,activo,MUN-02,ZONA-02,CIRC-02,MESA-012
V004707,faf397f68ed9189fac24,72,1954-06-03,,vigente,normal,1,activo,MUN-02,ZONA-07,CIRC-02,MESA-017
V004708,415b69d199a447cd6a2e,28,1998-06-03,,vigente,normal,1,activo,MUN-03,ZONA-03,CIRC-03,MESA-048
V004709,2989c83c5322777b338d,43,1983-06-04,,vigente,normal,1,activo,MUN-01,ZONA-01,CIRC-01,MESA-026
V004710,3ff084f816d086f80c29,59,1967-06-04,,vigente,normal,1,activo,MUN-02,ZONA-02,CIRC-02,MESA-012
V004711,ea25d1668f93dcb7788d,44,1982-06-03,,vigente,normal,1,activo,MUN-01,ZONA-01,CIRC-01,MESA-021
V004712,18961d03aa27820fb5fa,28,1998-06-03,,vigente,normal,1,activo,MUN-02,ZONA-07,CIRC-02,MESA-042
V004713,c390672eed4e5c8e6972,55,1971-06-04,,vigente,normal,1,activo,MUN-01,ZONA-01,CIRC-01,MESA-061
V004714,f55292dfb7b8fe135b5c,60,1966-06-03,,cancelado,normal,1,activo,MUN-03,ZONA-08,CIRC-03,MESA-058
V004715,e26d42757951929c62a0,36,1990-06-03,,vigente,normal,1,activo,MUN-04,ZONA-04,CIRC-04,MESA-054
V004716,1a3ed79c7c7f935a277b,81,1945-06-03,,vigente,normal,1,activo,MUN-04,ZONA-09,CIRC-04,MESA-034
V004717,772a9b28201fc2c5915e,23,2003-06-04,,vigente,normal,1,activo,MUN-02,ZONA-07,CIRC-02,MESA-007
V004718,f158301e7fb0bca32d9e,63,1963-06-04,,vigente,normal,1,activo,MUN-05,ZONA-10,CIRC-05,MESA-035
V004719,b60dc2f680775d01ac94,59,1967-06-04,,vigente,normal,1,activo,MUN-05,ZONA-05,CIRC-05,MESA-015
V004720,3cee28bdcc3c70b77441,82,1944-06-03,,vigente,normal,1,activo,MUN-05,ZONA-05,CIRC-05,MESA-065
V004721,f72b09d62b20e07736ba,89,1937-06-03,,vigente,normal,1,activo,MUN-05,ZONA-05,CIRC-05,MESA-025
V004722,f62ac08c6031a851be90,76,1950-06-03,,vigente,normal,1,activo,MUN-04,ZONA-09,CIRC-04,MESA-059
V004723,48cfd716893a2b194c04,69,1957-06-03,,vigente,normal,1,activo,MUN-04,ZONA-04,CIRC-04,MESA-079
V004724,7b44e36a5022805b5f63,64,1962-06-03,,vigente,normal,1,activo,MUN-01,ZONA-06,CIRC-01,MESA-006
V004725,2883f6984b2e59635ec8,24,2002-06-03,,vigente,normal,1,activo,MUN-02,ZONA-02,CIRC-02,MESA-052
V004726,e92009a0a0facdeebffc,28,1998-06-03,,vigente,normal,1,activo,MUN-04,ZONA-04,CIRC-04,MESA-079
V004727,fae54713aa8b1c978224,78,1948-06-03,,vigente,normal,1,activo,MUN-01,ZONA-01,CIRC-01,MESA-021
V004728,020a50f4e5376a40764f,85,1941-06-03,,vigente,normal,1,activo,MUN-01,ZONA-01,CIRC-01,MESA-071
V004729,c24e80082ea17745b4c1,42,1984-06-03,,vigente,normal,1,activo,MUN-02,ZONA-07,CIRC-02,MESA-032
V004730,f8f4e4b30a71e7c9071a,29,1997-06-03,,vigente,normal,1,activo,MUN-03,ZONA-03,CIRC-03,MESA-053
V004731,bb8350761210b304b2a4,43,1983-06-04,,vigente,normal,1,activo,MUN-04,ZONA-09,CIRC-04,MESA-059
V004732,4ad4e685e1bb207d1611,29,1997-06-03,,vigente,normal,1,activo,MUN-04,ZONA-09,CIRC-04,MESA-069
V004733,9fa499bb09dec37c8e04,60,1966-06-03,,vigente,normal,1,activo,MUN-02,ZONA-02,CIRC-02,MESA-062
V004734,8a0831b79e472ea47aeb,68,1958-06-03,,vigente,normal,1,activo,MUN-04,ZONA-04,CIRC-04,MESA-004
V004735,b6fd6b6b6ffe1306104f,54,1972-06-03,,vigente,normal,1,activo,MUN-03,ZONA-08,CIRC-03,MESA-018
V004736,0446aa35a0c9f730e782,63,1963-06-04,,vigente,normal,1,activo,MUN-01,ZONA-06,CIRC-01,MESA-056
V004737,3767a0586e21b768287d,70,1956-06-03,,vigente,normal,1,activo,MUN-04,ZONA-04,CIRC-04,MESA-024
V004738,364630e61f7c7a53de2e,30,1996-06-03,,vigente,normal,1,activo,MUN-01,ZONA-06,CIRC-01,MESA-066
V004739,c3e3202fc65a1390b383,71,1955-06-04,,vigente,normal,1,activo,MUN-03,ZONA-03,CIRC-03,MESA-013
V004740,04263282cc4266a56cb6,74,1952-06-03,,vigente,normal,1,activo,MUN-02,ZONA-02,CIRC-02,MESA-062
V004741,04612ad1ace913969996,21,2005-06-03,,vigente,normal,1,activo,MUN-04,ZONA-04,CIRC-04,MESA-054
V004742,c0fd3bfc2aee78fcaa80,66,1960-06-03,,vigente,normal,1,activo,MUN-05,ZONA-05,CIRC-05,MESA-015
V004743,26633f846531a02ed151,24,2002-06-03,,vigente,normal,1,activo,MUN-04,ZONA-09,CIRC-04,MESA-069
V004744,789e52ccf9f3946bde0d,28,1998-06-03,,vigente,normal,1,activo,MUN-03,ZONA-03,CIRC-03,MESA-003
V004745,1832d98f2f308fd46313,71,1955-06-04,,vigente,normal,1,activo,MUN-02,ZONA-02,CIRC-02,MESA-037
V004746,657c30709a4a336bd3f1,62,1964-06-03,,vigente,normal,1,activo,MUN-02,ZONA-02,CIRC-02,MESA-037
V004747,80337bacbdf99c643fd5,40,1986-06-03,,vigente,normal,1,activo,MUN-03,ZONA-03,CIRC-03,MESA-003
V004748,90625b19fa48c298b066,45,1981-06-03,,vigente,normal,1,activo,MUN-03,ZONA-03,CIRC-03,MESA-063
V004749,4e5785bb7c38667226db,74,1952-06-03,,vigente,normal,1,activo,MUN-05,ZONA-10,CIRC-05,MESA-035
V004750,1bced2910ae4873d75ee,43,1983-06-04,,vigente,normal,1,activo,MUN-02,ZONA-02,CIRC-02,MESA-052
V004751,4342186d425c906607aa,42,1984-06-03,,vigente,inhabilitado,1,activo,MUN-03,ZONA-03,CIRC-03,MESA-028
V004752,e824045fa5a4cf9b9aa1,71,1955-06-04,,vigente,normal,1,activo,MUN-03,ZONA-08,CIRC-03,MESA-018
V004753,9c94c7956ee519406c3c,46,1980-06-03,,vigente,normal,1,activo,MUN-01,ZONA-01,CIRC-01,MESA-036
V004754,977eb2a846eeedf5db83,53,1973-06-03,,vigente,normal,1,activo,MUN-03,ZONA-08,CIRC-03,MESA-033
V004755,9b3a13e544294689ec0c,31,1995-06-04,,vigente,normal,1,activo,MUN-04,ZONA-04,CIRC-04,MESA-064
V004756,68d50ef86ff5b5ee4dc3,52,1974-06-03,,vigente,normal,1,activo,MUN-01,ZONA-01,CIRC-01,MESA-026
V004757,8e7782bb218d2e95eea8,47,1979-06-04,,vigente,normal,1,activo,MUN-03,ZONA-03,CIRC-03,MESA-048
V004758,be3ec55f14476e511f0f,34,1992-06-03,,vigente,normal,1,activo,MUN-05,ZONA-05,CIRC-05,MESA-040
V004759,9227b16a821d3f10c9c1,84,1942-06-03,,vigente,normal,1,activo,MUN-02,ZONA-07,CIRC-02,MESA-017
V004760,b19b8ba057b49636464b,47,1979-06-04,,vigente,normal,1,activo,MUN-05,ZONA-05,CIRC-05,MESA-040
V004761,049fa4ca61d1d748fd5d,62,1964-06-03,,vigente,normal,1,activo,MUN-02,ZONA-07,CIRC-02,MESA-007
V004762,bf0290cfbeab705dc0a2,68,1958-06-03,,vigente,normal,1,activo,MUN-02,ZONA-07,CIRC-02,MESA-057
V004763,2ad874daee4cf573a185,64,1962-06-03,,vigente,normal,1,activo,MUN-03,ZONA-08,CIRC-03,MESA-008
V004764,052fbcd2ff7415708057,70,1956-06-03,,vigente,normal,1,activo,MUN-01,ZONA-06,CIRC-01,MESA-056
V004765,847f2eb8613dc8b53b06,81,1945-06-03,,vigente,normal,1,activo,MUN-01,ZONA-06,CIRC-01,MESA-031
V004766,b7244a72daabb0e632b8,16,2010-06-03,,vigente,normal,1,activo,MUN-04,ZONA-09,CIRC-04,MESA-059
V004767,73881e944d69bc9b41e1,81,1945-06-03,,vigente,normal,1,activo,MUN-03,ZONA-08,CIRC-03,MESA-058
V004768,83d11c886a4900648c9f,24,2002-06-03,,vigente,normal,1,activo,MUN-02,ZONA-02,CIRC-02,MESA-012
V004769,c4e931bd3b3b0c1b0df0,39,1987-06-04,,vigente,normal,1,activo,MUN-03,ZONA-03,CIRC-03,MESA-048
V004770,e71c735ef9bce13d25bb,58,1968-06-03,,vigente,normal,1,activo,MUN-01,ZONA-06,CIRC-01,MESA-031
V004771,0a79a5428690ff9c3ee6,27,1999-06-04,,vigente,normal,1,activo,MUN-03,ZONA-03,CIRC-03,MESA-063
V004772,839553ea9c88e6efa26f,74,1952-06-03,,vigente,normal,1,activo,MUN-04,ZONA-04,CIRC-04,MESA-074
V004773,81ec16ccc9188d78e77b,24,2002-06-03,,vigente,normal,1,activo,MUN-04,ZONA-04,CIRC-04,MESA-039
V004774,48c2ac7a0f79c90d5665,67,1959-06-04,,vigente,normal,1,activo,MUN-01,ZONA-01,CIRC-01,MESA-076
V004775,ffaac16918829a4f5b16,69,1957-06-03,,vigente,normal,1,activo,MUN-05,ZONA-10,CIRC-05,MESA-020
V004776,0758dba0cd90b40ede26,50,1976-06-03,,vigente,normal,1,activo,MUN-03,ZONA-03,CIRC-03,MESA-048
V004777,3142ff2ec63980b06eb4,18,2008-06-03,,vigente,normal,1,activo,MUN-01,ZONA-01,CIRC-01,MESA-071
V004778,aa5a3e030f82805ea63c,70,1956-06-03,,vigente,normal,1,activo,MUN-04,ZONA-04,CIRC-04,MESA-054
V004779,0fbca3ea049127cff585,77,1949-06-03,,vigente,normal,1,activo,MUN-03,ZONA-03,CIRC-03,MESA-078
V004780,4b29ebc64f0353a0d3fa,51,1975-06-04,,vigente,normal,1,activo,MUN-05,ZONA-05,CIRC-05,MESA-075
V004781,2bc536df75a2cbbb8560,21,2005-06-03,,vigente,normal,1,activo,MUN-01,ZONA-01,CIRC-01,MESA-071
V004782,ef1dac742e018377cec1,34,1992-06-03,,vigente,normal,1,activo,MUN-04,ZONA-04,CIRC-04,MESA-029
V004783,56957237dfa104f844d0,21,2005-06-03,,vigente,normal,1,activo,MUN-04,ZONA-04,CIRC-04,MESA-074
V004784,c4104b3eaa49f406ccbc,60,1966-06-03,,vigente,normal,1,activo,MUN-03,ZONA-03,CIRC-03,MESA-073
V004785,a627233b42985159fddf,21,2005-06-03,,vigente,normal,1,activo,MUN-03,ZONA-03,CIRC-03,MESA-048
V004786,aabc71802070e06a9e39,18,2008-06-03,,vigente,normal,1,activo,MUN-04,ZONA-04,CIRC-04,MESA-074
V004787,885549db5ae2833cecbf,88,1938-06-03,,vigente,normal,1,activo,MUN-01,ZONA-06,CIRC-01,MESA-056
V004788,fbe24390fe23783d3c3c,67,1959-06-04,,vigente,normal,1,activo,MUN-02,ZONA-07,CIRC-02,MESA-017
V004789,c9829af57e859d4ae43c,90,1936-06-03,,vigente,normal,1,activo,MUN-04,ZONA-09,CIRC-04,MESA-009
V004790,f80f9905ba025ab170bf,78,1948-06-03,,vigente,normal,1,activo,MUN-04,ZONA-09,CIRC-04,MESA-034
V004791,4400f9649662df5a59d2,52,1974-06-03,,vigente,normal,1,activo,MUN-05,ZONA-10,CIRC-05,MESA-045
V004792,723c13882b228a3b9555,25,2001-06-03,,vigente,normal,1,activo,MUN-04,ZONA-09,CIRC-04,MESA-009
V004793,b652f6db78157d2c727d,41,1985-06-03,,vigente,normal,1,activo,MUN-02,ZONA-07,CIRC-02,MESA-007
V004794,a3ba4b239739aacea6e7,53,1973-06-03,,vigente,normal,1,activo,MUN-01,ZONA-06,CIRC-01,MESA-016
V004795,cfb03ce01478c5a90255,67,1959-06-04,,vigente,normal,1,activo,MUN-04,ZONA-09,CIRC-04,MESA-019
V004796,c7f99aee44cc52838608,60,1966-06-03,,vigente,normal,1,activo,MUN-01,ZONA-06,CIRC-01,MESA-006
V004797,f3ba9af5e942e3248e82,44,1982-06-03,,vigente,normal,1,activo,MUN-01,ZONA-01,CIRC-01,MESA-011
V004798,c65088e51a0af6a329f6,49,1977-06-03,,vigente,normal,1,activo,MUN-01,ZONA-01,CIRC-01,MESA-076
V004799,3b897e37a1e6a2681f93,35,1991-06-04,,vigente,normal,1,activo,MUN-01,ZONA-01,CIRC-01,MESA-061
V004800,b6c675d05460a3806403,45,1981-06-03,2026-03-28,vigente,fallecido,1,activo,MUN-02,ZONA-07,CIRC-02,MESA-042
V004801,921bc25d0b38d82a2df8,46,1980-06-03,,vigente,normal,1,activo,MUN-03,ZONA-03,CIRC-03,MESA-013
V004802,a811c530b5401d7d085b,33,1993-06-03,,vigente,normal,1,activo,MUN-02,ZONA-02,CIRC-02,MESA-012
V004803,e35bf9f0f5e4d68a025a,64,1962-06-03,,vigente,normal,1,activo,MUN-04,ZONA-04,CIRC-04,MESA-074
V004804,3c4c8ea2a97e35d3139d,76,1950-06-03,,vigente,normal,1,activo,MUN-05,ZONA-10,CIRC-05,MESA-020
V004805,149b2dc42cda41e1c0f1,48,1978-06-03,,vigente,normal,1,activo,MUN-05,ZONA-05,CIRC-05,MESA-050
V004806,fa1f08fd1bb4ac879ca2,21,2005-06-03,,vigente,normal,1,activo,MUN-01,ZONA-01,CIRC-01,MESA-036
V004807,d9189055db6f70028f47,54,1972-06-03,,vigente,normal,1,activo,MUN-04,ZONA-09,CIRC-04,MESA-069
V004808,ac8cf51a4abb66bfbf34,128,1898-06-02,,vigente,normal,1,activo,MUN-02,ZONA-02,CIRC-02,MESA-037
V004809,6d4d785717323c784538,15,2011-06-04,,vigente,normal,1,activo,MUN-02,ZONA-02,CIRC-02,MESA-012
V004810,005b2b0cd790d63a562b,65,1961-06-03,,vigente,normal,1,activo,MUN-05,ZONA-05,CIRC-05,MESA-040
V004811,ae6e3a9c9401745b62e5,63,1963-06-04,,vigente,normal,1,activo,MUN-04,ZONA-04,CIRC-04,MESA-054
V004812,33f082b788a2be7cf17b,65,1961-06-03,,vigente,normal,1,activo,MUN-02,ZONA-02,CIRC-02,MESA-002
V004813,e31b5942d47dc0b157f0,56,1970-06-03,,vigente,normal,1,activo,MUN-05,ZONA-05,CIRC-05,MESA-050
V004814,50c703a4e922f5f86778,21,2005-06-03,,vigente,normal,1,activo,MUN-01,ZONA-06,CIRC-01,MESA-041
V004815,a4c0320f33fcb4c4a4e4,47,1979-06-04,,vigente,normal,1,activo,MUN-05,ZONA-10,CIRC-05,MESA-045
V004816,d3ff14a28194ac24befd,47,1979-06-04,,vigente,normal,1,activo,MUN-04,ZONA-09,CIRC-04,MESA-009
V004817,715b1225942b491413a4,39,1987-06-04,,vigente,normal,1,activo,MUN-02,ZONA-02,CIRC-02,MESA-062
V004818,d66151d99ddebe2b524e,83,1943-06-04,,vigente,normal,1,activo,MUN-02,ZONA-02,CIRC-02,MESA-047
V004819,4a662d0cf425bca92f21,29,1997-06-03,,vigente,normal,1,activo,MUN-05,ZONA-05,CIRC-05,MESA-005
V004820,0e9127a2fa86383b71c4,53,1973-06-03,,vigente,normal,1,activo,MUN-01,ZONA-01,CIRC-01,MESA-076
V004821,e0bf8554f0f52cde660b,35,1991-06-04,,vigente,normal,1,activo,MUN-01,ZONA-01,CIRC-01,MESA-001
V004822,1944ea3070a4fc1b7624,70,1956-06-03,,vigente,normal,1,activo,MUN-04,ZONA-09,CIRC-04,MESA-044
V004823,8b470821d72690d2c612,88,1938-06-03,,vigente,normal,1,activo,MUN-02,ZONA-02,CIRC-02,MESA-022
V004824,07289ff0d72daf660bbc,18,2008-06-03,,vigente,normal,1,activo,MUN-03,ZONA-03,CIRC-03,MESA-038
V004825,cf4949f213bfba32f860,75,1951-06-04,,vigente,normal,1,activo,MUN-04,ZONA-09,CIRC-04,MESA-019
V004826,bafb75935246e767e375,23,2003-06-04,,cancelado,normal,1,activo,MUN-05,ZONA-05,CIRC-05,MESA-080
V004827,7e929c0d42f12904f122,87,1939-06-04,,vigente,normal,1,activo,MUN-01,ZONA-06,CIRC-01,MESA-031
V004828,6c83874d574c4e8bbf0b,61,1965-06-03,,vigente,normal,1,activo,MUN-02,ZONA-07,CIRC-02,MESA-067
V004829,701a9212a37ab0a5b4ca,89,1937-06-03,,vigente,normal,1,activo,MUN-02,ZONA-07,CIRC-02,MESA-042
V004830,13679c707b418b7d8771,41,1985-06-03,,vigente,normal,1,activo,MUN-01,ZONA-01,CIRC-01,MESA-026
V004831,d39d38cc0eb30bd2bb37,36,1990-06-03,,vigente,normal,1,activo,MUN-03,ZONA-03,CIRC-03,MESA-013
V004832,5ea579df090f364be0f5,35,1991-06-04,,vigente,normal,1,activo,MUN-03,ZONA-08,CIRC-03,MESA-058
V004833,0c69ecde6b7246235ff2,47,1979-06-04,,vigente,normal,1,activo,MUN-03,ZONA-08,CIRC-03,MESA-018
V004834,cb6947f7495f2fd0fbac,59,1967-06-04,,vigente,normal,1,activo,MUN-02,ZONA-07,CIRC-02,MESA-067
V004835,3692233d4682bb560de0,50,1976-06-03,,vigente,normal,1,activo,MUN-03,ZONA-03,CIRC-03,MESA-003
V004836,1b72d41ad81ac4399fc6,29,1997-06-03,,vigente,normal,1,activo,MUN-05,ZONA-05,CIRC-05,MESA-055
V004837,4ac30149506e00890c1b,44,1982-06-03,,vigente,normal,1,activo,MUN-03,ZONA-08,CIRC-03,MESA-058
V004838,d7993cb331ebaf92de70,56,1970-06-03,,vigente,normal,1,activo,MUN-03,ZONA-03,CIRC-03,MESA-063
V004839,475529e0928bf401d4c6,26,2000-06-03,,vigente,normal,1,activo,MUN-02,ZONA-02,CIRC-02,MESA-052
V004840,8b9176a441a616bcb14b,38,1988-06-03,,vigente,normal,1,activo,MUN-04,ZONA-04,CIRC-04,MESA-024
V004841,5d68a5dbd01ceb1df55c,46,1980-06-03,2025-05-25,vigente,fallecido,1,activo,MUN-02,ZONA-02,CIRC-02,MESA-072
V004842,5abdc642b4abf860aec7,50,1976-06-03,,vigente,normal,1,activo,MUN-04,ZONA-09,CIRC-04,MESA-009
V004843,bfdeaa5f3480b5a53acb,79,1947-06-04,,vigente,normal,1,activo,MUN-02,ZONA-02,CIRC-02,MESA-037
V004844,2cb7b192da9d8dda0666,32,1994-06-03,,vigente,normal,1,activo,MUN-03,ZONA-03,CIRC-03,MESA-053
V004845,79ed77ff9759ca7e0b7c,19,2007-06-04,,vigente,normal,1,activo,MUN-05,ZONA-05,CIRC-05,MESA-080
V004846,149cb7ca1465c0bf3a19,69,1957-06-03,,vigente,normal,1,activo,MUN-04,ZONA-04,CIRC-04,MESA-024
V004847,0b3fc3ae9ac950c2e99f,61,1965-06-03,,vigente,normal,1,activo,MUN-01,ZONA-01,CIRC-01,MESA-021
V004848,f72edb550af558320bfa,71,1955-06-04,,vigente,normal,1,activo,MUN-05,ZONA-05,CIRC-05,MESA-040
V004849,c251d312f06cb4f9612e,35,1991-06-04,,vigente,normal,1,activo,MUN-02,ZONA-02,CIRC-02,MESA-062
V004850,cbf9df82002873584da9,20,2006-06-03,,vigente,normal,1,activo,MUN-05,ZONA-10,CIRC-05,MESA-070
V004851,f1188757ca8509b5e871,24,2002-06-03,,cancelado,normal,1,activo,MUN-04,ZONA-09,CIRC-04,MESA-069
V004852,88d40ca50a5faff46d43,60,1966-06-03,,vigente,normal,1,activo,MUN-04,ZONA-04,CIRC-04,MESA-014
V004853,8f7b061599fe67f73b90,55,1971-06-04,,cancelado,normal,1,activo,MUN-02,ZONA-07,CIRC-02,MESA-042
V004854,7ac5bf59149c2b4dd3ce,54,1972-06-03,,vigente,normal,1,activo,MUN-05,ZONA-05,CIRC-05,MESA-050
V004855,b4559189a3ae0e80bebc,75,1951-06-04,,vigente,normal,1,activo,MUN-01,ZONA-01,CIRC-01,MESA-061
V004856,adffb819bb908f313db3,50,1976-06-03,,vigente,normal,1,activo,MUN-04,ZONA-04,CIRC-04,MESA-004
V004857,a198b611fe2f49b96546,76,1950-06-03,,vigente,normal,1,activo,MUN-02,ZONA-02,CIRC-02,MESA-072
V004858,1d2569231183f42a16d4,28,1998-06-03,,vigente,normal,1,activo,MUN-05,ZONA-05,CIRC-05,MESA-075
V004859,609999f94bd6da44868d,85,1941-06-03,,vigente,normal,1,activo,MUN-02,ZONA-07,CIRC-02,MESA-017
V004860,b861774313d72c92d525,85,1941-06-03,,vigente,normal,1,activo,MUN-02,ZONA-07,CIRC-02,MESA-057
V004861,2b643966eb866693604c,39,1987-06-04,,vigente,normal,1,activo,MUN-03,ZONA-03,CIRC-03,MESA-048
V004862,b66038f65ce18be2c5aa,83,1943-06-04,,vigente,privado_libertad,1,activo,MUN-04,ZONA-09,CIRC-04,MESA-044
V004863,8a5a2c829ec616d515dc,61,1965-06-03,,vigente,normal,1,activo,MUN-05,ZONA-10,CIRC-05,MESA-045
V004864,9bf91017909104918375,23,2003-06-04,,vigente,normal,1,activo,MUN-05,ZONA-05,CIRC-05,MESA-080
V004865,f850df730e295131f13b,59,1967-06-04,,vigente,normal,1,activo,MUN-03,ZONA-08,CIRC-03,MESA-033
V004866,b8f374250b6598ca4134,42,1984-06-03,,vigente,normal,1,activo,MUN-01,ZONA-06,CIRC-01,MESA-031
V004867,5cbc0e92b5fa8eae73f5,74,1952-06-03,2026-04-13,vigente,fallecido,1,activo,MUN-02,ZONA-02,CIRC-02,MESA-047
V004868,9f39577ce9781e4311b2,72,1954-06-03,,vigente,normal,1,activo,MUN-01,ZONA-06,CIRC-01,MESA-006
V004869,d8494def98b1a450af82,33,1993-06-03,,vigente,normal,1,activo,MUN-02,ZONA-02,CIRC-02,MESA-072
V004870,7679bd46df912a453e96,31,1995-06-04,,vigente,normal,1,activo,MUN-01,ZONA-01,CIRC-01,MESA-071
V004871,4243354e239c3f03f63c,56,1970-06-03,,vigente,normal,1,activo,MUN-04,ZONA-09,CIRC-04,MESA-034
V004872,6b39e4826a8a5837d483,45,1981-06-03,,vigente,normal,1,activo,MUN-03,ZONA-03,CIRC-03,MESA-053
V004873,fd38177389ba6405a767,68,1958-06-03,,vigente,normal,1,activo,MUN-04,ZONA-04,CIRC-04,MESA-014
V004874,549f7d750ace47e91851,66,1960-06-03,,vigente,normal,1,activo,MUN-01,ZONA-06,CIRC-01,MESA-016
V004875,9c5557aba05301c2042a,26,2000-06-03,,vigente,normal,1,activo,MUN-03,ZONA-08,CIRC-03,MESA-043
V004876,d49f28a153e45fbf6cba,75,1951-06-04,,vigente,normal,1,activo,MUN-03,ZONA-03,CIRC-03,MESA-073
V004877,3bfe87e2b939922aae00,62,1964-06-03,,vigente,normal,1,activo,MUN-04,ZONA-04,CIRC-04,MESA-074
V004878,9734b1bf2d99454db213,39,1987-06-04,,vigente,normal,1,activo,MUN-02,ZONA-02,CIRC-02,MESA-012
V004879,c59b4c2d50265da57d23,49,1977-06-03,,vigente,normal,1,activo,MUN-05,ZONA-10,CIRC-05,MESA-070
V004880,5540759898de73c895c9,86,1940-06-03,,vigente,normal,1,activo,MUN-04,ZONA-09,CIRC-04,MESA-019
V004881,8abcdda265ded44b5067,86,1940-06-03,,vigente,normal,1,activo,MUN-01,ZONA-06,CIRC-01,MESA-041
V004882,b5cfebb298e0cb9b5fca,59,1967-06-04,,vigente,normal,1,activo,MUN-03,ZONA-03,CIRC-03,MESA-053
V004883,014853bafaff1be57469,70,1956-06-03,,vigente,normal,1,activo,MUN-04,ZONA-04,CIRC-04,MESA-029
V004884,af7fb8687212d1cae55b,76,1950-06-03,,vigente,normal,1,activo,MUN-05,ZONA-10,CIRC-05,MESA-070
V004885,ffb09fab3925188de4c0,56,1970-06-03,,vigente,normal,1,activo,MUN-04,ZONA-09,CIRC-04,MESA-059
V004886,7601a5eaa0fdac658833,32,1994-06-03,,vigente,normal,1,activo,MUN-04,ZONA-04,CIRC-04,MESA-064
V004887,f7f4bd8e94458f6bb524,88,1938-06-03,,vigente,normal,1,activo,MUN-04,ZONA-04,CIRC-04,MESA-024
V004888,4f25f0847d9fb65f2df8,46,1980-06-03,,vigente,normal,1,activo,MUN-01,ZONA-06,CIRC-01,MESA-016
V004889,9ca013a80259cfc2ba80,20,2006-06-03,,vigente,normal,1,activo,MUN-02,ZONA-02,CIRC-02,MESA-052
V004890,45a5959f40f2896e4c6d,27,1999-06-04,,vigente,normal,1,activo,MUN-05,ZONA-05,CIRC-05,MESA-080
V004891,e6db1e9b3c575d20415e,46,1980-06-03,,vigente,normal,1,activo,MUN-01,ZONA-06,CIRC-01,MESA-006
V004892,3bcafeacc680af4732ad,52,1974-06-03,,vigente,normal,1,activo,MUN-02,ZONA-02,CIRC-02,MESA-037
V004893,a478a603c962355c2c1f,23,2003-06-04,,vigente,normal,1,activo,MUN-04,ZONA-04,CIRC-04,MESA-004
V004894,8e6ce75ec16a917a3b8d,29,1997-06-03,,vigente,normal,1,activo,MUN-03,ZONA-03,CIRC-03,MESA-038
V004895,8a58807e55ace99c2d5e,55,1971-06-04,,vigente,normal,1,activo,MUN-01,ZONA-06,CIRC-01,MESA-041
V004896,eaba5f0c111a8a1c63e2,36,1990-06-03,,vigente,normal,1,activo,MUN-04,ZONA-04,CIRC-04,MESA-014
V004897,5ec9f0321a06df7f86c2,84,1942-06-03,,vigente,normal,1,activo,MUN-01,ZONA-01,CIRC-01,MESA-071
V004898,ed55f5dc945574b559d3,25,2001-06-03,,vigente,normal,1,activo,MUN-01,ZONA-01,CIRC-01,MESA-051
V004899,ee775204a49d2738c37b,25,2001-06-03,,vigente,normal,1,activo,MUN-05,ZONA-05,CIRC-05,MESA-065
V004900,7e468f07f1e146e30cc7,64,1962-06-03,,vigente,normal,1,activo,MUN-02,ZONA-02,CIRC-02,MESA-052
V004901,61f70ae5ac6467fe1c15,21,2005-06-03,,vigente,normal,1,activo,MUN-05,ZONA-05,CIRC-05,MESA-030
V004902,6f4225ed93b25ed19c53,68,1958-06-03,,vigente,normal,1,activo,MUN-02,ZONA-07,CIRC-02,MESA-057
V004903,f338ea850c497c96d654,84,1942-06-03,,vigente,normal,1,activo,MUN-04,ZONA-04,CIRC-04,MESA-079
V004904,fc24c638c27316a2abdb,62,1964-06-03,,vigente,normal,1,activo,MUN-05,ZONA-05,CIRC-05,MESA-030
V004905,e0f2681551c1000fddf6,25,2001-06-03,,vigente,normal,1,activo,MUN-02,ZONA-07,CIRC-02,MESA-042
V004906,9c0c0689d0bd2157299d,33,1993-06-03,,vigente,normal,1,activo,MUN-01,ZONA-01,CIRC-01,MESA-011
V004907,f1f9319ba8f237ea4dc7,84,1942-06-03,,vigente,normal,1,activo,MUN-02,ZONA-02,CIRC-02,MESA-027
V004908,5c25f8df3ef6cb715914,26,2000-06-03,,vigente,normal,1,activo,MUN-04,ZONA-04,CIRC-04,MESA-024
V004909,73bff1c4962fc1d20f05,77,1949-06-03,,vigente,normal,1,activo,MUN-04,ZONA-04,CIRC-04,MESA-039
V004910,4360945be734db4bfd95,88,1938-06-03,,vigente,normal,1,activo,MUN-02,ZONA-02,CIRC-02,MESA-072
V004911,cc0c22ef972f0cc1fe4a,32,1994-06-03,,vigente,normal,1,activo,MUN-03,ZONA-08,CIRC-03,MESA-018
V004912,edfde82b669cb19c0810,88,1938-06-03,,vigente,normal,1,activo,MUN-02,ZONA-02,CIRC-02,MESA-077
V004913,3c022db3c844ddf73d65,58,1968-06-03,,vigente,normal,1,activo,MUN-05,ZONA-10,CIRC-05,MESA-045
V004914,5533677ce0f11d4a8b99,39,1987-06-04,,vigente,normal,1,activo,MUN-02,ZONA-02,CIRC-02,MESA-012
V004915,083666a071c1dc99063f,41,1985-06-03,,vigente,normal,1,activo,MUN-04,ZONA-04,CIRC-04,MESA-049
V004916,dc4158c4dad78f4bd04d,61,1965-06-03,,vigente,normal,1,activo,MUN-01,ZONA-06,CIRC-01,MESA-031
V004917,9f515543338a47a0ea19,18,2008-06-03,,vigente,normal,1,activo,MUN-02,ZONA-02,CIRC-02,MESA-022
V004918,ca658e1fd322eed42e2a,27,1999-06-04,,vigente,normal,1,activo,MUN-04,ZONA-09,CIRC-04,MESA-044
V004919,9f828a52cb41eef6a03b,89,1937-06-03,,vigente,normal,1,activo,MUN-04,ZONA-04,CIRC-04,MESA-064
V004920,af24c9d593072ae5c81b,73,1953-06-03,,vigente,normal,1,activo,MUN-02,ZONA-02,CIRC-02,MESA-077
V004921,ebc4ffc157a436042b08,67,1959-06-04,,vigente,normal,1,activo,MUN-05,ZONA-05,CIRC-05,MESA-025
V004922,5e32f97f87733b69380e,29,1997-06-03,,vigente,normal,1,activo,MUN-01,ZONA-01,CIRC-01,MESA-051
V004923,1059814f1912546bb48a,77,1949-06-03,,vigente,normal,1,activo,MUN-02,ZONA-07,CIRC-02,MESA-007
V004924,db0b984c04cbdbfb2f0a,43,1983-06-04,,vigente,normal,1,activo,MUN-01,ZONA-06,CIRC-01,MESA-006
V004925,ea22a0767c7c8c19395a,58,1968-06-03,,vigente,normal,1,activo,MUN-04,ZONA-04,CIRC-04,MESA-024
V004926,86733585a77bc99f65ae,53,1973-06-03,,vigente,normal,1,activo,MUN-04,ZONA-09,CIRC-04,MESA-019
V004927,f7604f18e5a5d0033a89,40,1986-06-03,,vigente,normal,1,activo,MUN-04,ZONA-09,CIRC-04,MESA-009
V004928,6965670aca8a30447382,60,1966-06-03,,vigente,normal,1,activo,MUN-01,ZONA-01,CIRC-01,MESA-036
V004929,5227c0de740f6a8a196f,23,2003-06-04,,vigente,normal,1,activo,MUN-05,ZONA-05,CIRC-05,MESA-040
V004930,b16ccea73307c99379fe,86,1940-06-03,,vigente,normal,1,activo,MUN-04,ZONA-04,CIRC-04,MESA-024
V004931,293a23ee9e8d100cf250,60,1966-06-03,,vigente,normal,1,activo,MUN-03,ZONA-03,CIRC-03,MESA-048
V004932,6e776b523504548594e1,42,1984-06-03,,vigente,normal,1,activo,MUN-03,ZONA-03,CIRC-03,MESA-063
V004933,d7fa6bac0f60acb79c3d,35,1991-06-04,2024-08-28,vigente,fallecido,1,activo,MUN-04,ZONA-09,CIRC-04,MESA-069
V004934,a2bb341e4adaf224bff2,79,1947-06-04,,vigente,normal,1,activo,MUN-03,ZONA-03,CIRC-03,MESA-053
V004935,041c8d8dcfed7205a785,30,1996-06-03,,vigente,normal,1,activo,MUN-04,ZONA-04,CIRC-04,MESA-054
V004936,5311ef491681341d7141,60,1966-06-03,,vigente,normal,1,activo,MUN-02,ZONA-07,CIRC-02,MESA-042
V004937,466916f40fbfda4476d9,45,1981-06-03,,vigente,normal,1,activo,MUN-05,ZONA-10,CIRC-05,MESA-045
V004938,92e496e27d3951099340,35,1991-06-04,,vigente,normal,1,activo,MUN-04,ZONA-04,CIRC-04,MESA-014
V004939,216b6bd9205bb166b4b4,76,1950-06-03,,vigente,inhabilitado,1,activo,MUN-04,ZONA-04,CIRC-04,MESA-029
V004940,3a29c993379b1822cda9,77,1949-06-03,,cancelado,normal,1,activo,MUN-01,ZONA-06,CIRC-01,MESA-006
V004941,a34bc1a0c492599ca4af,80,1946-06-03,,vigente,normal,1,activo,MUN-02,ZONA-07,CIRC-02,MESA-007
V004942,0e9c676fda0099c3b432,74,1952-06-03,,vigente,normal,1,activo,MUN-02,ZONA-02,CIRC-02,MESA-037
V004943,67930a45e88977a396bf,68,1958-06-03,,vigente,normal,1,activo,MUN-03,ZONA-03,CIRC-03,MESA-053
V004944,cdbf070d5bcf38a18380,73,1953-06-03,,vigente,normal,1,activo,MUN-03,ZONA-08,CIRC-03,MESA-018
V004945,f19907bedc0714787261,44,1982-06-03,,vigente,normal,1,activo,MUN-03,ZONA-03,CIRC-03,MESA-038
V004946,aa63e9525039d30864e7,49,1977-06-03,,vigente,normal,1,activo,MUN-04,ZONA-09,CIRC-04,MESA-059
V004947,37d703770ca5e8148473,26,2000-06-03,,vigente,normal,1,activo,MUN-01,ZONA-01,CIRC-01,MESA-001
V004948,16a5eab5914f85bf44ed,85,1941-06-03,,vigente,normal,1,activo,MUN-03,ZONA-08,CIRC-03,MESA-068
V004949,938de75d1927c2f3719e,63,1963-06-04,,vigente,normal,1,activo,MUN-04,ZONA-09,CIRC-04,MESA-044
V004950,775344459efb7be3ce5e,84,1942-06-03,,vigente,normal,1,activo,MUN-02,ZONA-02,CIRC-02,MESA-047
V004951,29b9d4cbb4116af3766b,43,1983-06-04,,vigente,normal,1,activo,MUN-05,ZONA-10,CIRC-05,MESA-035
V004952,d6579b8ed5d11b88d917,25,2001-06-03,,vigente,normal,1,activo,MUN-05,ZONA-10,CIRC-05,MESA-060
V004953,7882cf05d8b2b83a2d6f,23,2003-06-04,,vigente,normal,1,activo,MUN-02,ZONA-02,CIRC-02,MESA-052
V004954,c5e9ce4919190948bd67,41,1985-06-03,,vigente,normal,1,activo,MUN-03,ZONA-08,CIRC-03,MESA-008
V004955,6ad50b8144b9553bc85c,65,1961-06-03,,vigente,normal,1,activo,MUN-05,ZONA-05,CIRC-05,MESA-080
V004956,38ff80948e12b8c1b36b,62,1964-06-03,,vigente,normal,1,activo,MUN-01,ZONA-06,CIRC-01,MESA-041
V004957,ef3f632e469766aa1390,30,1996-06-03,,vigente,normal,1,activo,MUN-03,ZONA-03,CIRC-03,MESA-003
V004958,c2934253c2464d1437bd,86,1940-06-03,,vigente,normal,1,activo,MUN-04,ZONA-09,CIRC-04,MESA-069
V004959,599b793c752ed6d16e5f,42,1984-06-03,,vigente,normal,1,activo,MUN-04,ZONA-04,CIRC-04,MESA-014
V004960,bdf61772d26f23fe8451,37,1989-06-03,,vigente,normal,1,activo,MUN-01,ZONA-01,CIRC-01,MESA-026
V004961,448294195907549e24e4,83,1943-06-04,,vigente,normal,1,activo,MUN-05,ZONA-10,CIRC-05,MESA-070
V004962,c39fbd82d6fbaff2889a,62,1964-06-03,,vigente,normal,1,activo,MUN-03,ZONA-08,CIRC-03,MESA-058
V004963,392677864616a7e6f04d,64,1962-06-03,,vigente,normal,1,activo,MUN-05,ZONA-05,CIRC-05,MESA-040
V004964,9a97fdb5610f5488ac0d,80,1946-06-03,,vigente,normal,1,activo,MUN-01,ZONA-01,CIRC-01,MESA-051
V004965,571b8c6bae5b78576843,72,1954-06-03,,vigente,normal,1,activo,MUN-05,ZONA-05,CIRC-05,MESA-005
V004966,bb36710fa43c58acb121,36,1990-06-03,,vigente,normal,1,activo,MUN-02,ZONA-02,CIRC-02,MESA-077
V004967,2793015019ff7f105fbf,52,1974-06-03,,vigente,normal,1,activo,MUN-02,ZONA-07,CIRC-02,MESA-032
V004968,59eb28309b8c6a1846e6,70,1956-06-03,,vigente,normal,1,activo,MUN-05,ZONA-05,CIRC-05,MESA-080
V004969,7166001cefadd2098c8f,43,1983-06-04,,vigente,normal,1,activo,MUN-01,ZONA-01,CIRC-01,MESA-001
V004970,5b08e7be1cff66c6c4dc,31,1995-06-04,,vigente,normal,1,activo,MUN-02,ZONA-02,CIRC-02,MESA-077
V004971,ddf895e104a134fcef19,62,1964-06-03,,vigente,normal,1,activo,MUN-04,ZONA-04,CIRC-04,MESA-054
V004972,cce53ade6960e08fee87,61,1965-06-03,,vigente,normal,1,activo,MUN-01,ZONA-01,CIRC-01,MESA-011
V004973,8cf8971440c4881f5ba5,82,1944-06-03,,vigente,normal,1,activo,MUN-03,ZONA-03,CIRC-03,MESA-053
V004974,c56e86c2a99ce12ade26,68,1958-06-03,,vigente,normal,1,activo,MUN-03,ZONA-08,CIRC-03,MESA-008
V004975,932c30e1e31ee1aab9f7,60,1966-06-03,,vigente,normal,1,activo,MUN-05,ZONA-05,CIRC-05,MESA-025
V004976,ee1f174bf74e901b3bf0,40,1986-06-03,,cancelado,normal,1,activo,MUN-05,ZONA-05,CIRC-05,MESA-040
V004977,59dcf6d6ec425499af3c,73,1953-06-03,,vigente,normal,1,activo,MUN-02,ZONA-07,CIRC-02,MESA-032
V004978,e4e58044541dc19f40ec,36,1990-06-03,,vigente,normal,1,activo,MUN-03,ZONA-03,CIRC-03,MESA-028
V004979,02b4c8019284c6767a1b,72,1954-06-03,,vigente,normal,1,activo,MUN-03,ZONA-03,CIRC-03,MESA-078
V004980,c70cc23b9211f817e281,77,1949-06-03,,vigente,normal,1,activo,MUN-03,ZONA-03,CIRC-03,MESA-003
V004981,44d4a081d1b5b2bc234a,76,1950-06-03,,vigente,normal,1,activo,MUN-04,ZONA-04,CIRC-04,MESA-079
V004982,e3b66b6dbab50b2479c2,50,1976-06-03,,vigente,normal,1,activo,MUN-02,ZONA-02,CIRC-02,MESA-062
V004983,612ffa87b1785166dd4d,36,1990-06-03,,vigente,normal,1,activo,MUN-02,ZONA-02,CIRC-02,MESA-027
V004984,891db852527c0aeb140a,45,1981-06-03,,vigente,normal,1,activo,MUN-05,ZONA-10,CIRC-05,MESA-045
V004985,ebab36f60a2e72c942c0,69,1957-06-03,,vigente,normal,1,activo,MUN-05,ZONA-05,CIRC-05,MESA-025
V004986,59e172fdd30a721a188d,66,1960-06-03,,vigente,normal,1,activo,MUN-01,ZONA-01,CIRC-01,MESA-061
V004987,5924e43024f0a0b54294,54,1972-06-03,,vigente,normal,1,activo,MUN-04,ZONA-09,CIRC-04,MESA-044
V004988,b18755f844f0a7ccf662,43,1983-06-04,,vigente,normal,1,activo,MUN-01,ZONA-01,CIRC-01,MESA-046
V004989,ec0dd00b97717b7d0d42,57,1969-06-03,,vigente,normal,1,activo,MUN-04,ZONA-04,CIRC-04,MESA-014
V004990,eb5a2369db840f1712f0,55,1971-06-04,,vigente,normal,1,activo,MUN-03,ZONA-08,CIRC-03,MESA-008
V004991,cc6110c80d776ce702ce,71,1955-06-04,2024-02-19,vigente,fallecido,1,activo,MUN-03,ZONA-03,CIRC-03,MESA-048
V004992,a3e6e7ba289ec7e4dcdd,39,1987-06-04,,vigente,normal,1,activo,MUN-04,ZONA-04,CIRC-04,MESA-014
V004993,801e8d12475183dff984,33,1993-06-03,,vigente,normal,1,activo,MUN-05,ZONA-05,CIRC-05,MESA-065
V004994,6116cebacefc3626af4e,45,1981-06-03,,vigente,normal,1,activo,MUN-05,ZONA-05,CIRC-05,MESA-080
V004995,6c7e021a2b998910b530,52,1974-06-03,,vigente,normal,1,activo,MUN-02,ZONA-07,CIRC-02,MESA-007
V004996,451a06198c704a3b7c02,77,1949-06-03,,vigente,normal,1,activo,MUN-04,ZONA-04,CIRC-04,MESA-079
V004997,b89734201bec6dd82352,62,1964-06-03,,vigente,normal,1,activo,MUN-04,ZONA-04,CIRC-04,MESA-049
V004998,9c3a0a74a97a6d8b3b2e,63,1963-06-04,,vigente,normal,1,activo,MUN-05,ZONA-05,CIRC-05,MESA-055
V004999,41d725aa4e9f377b746b,89,1937-06-03,,vigente,normal,1,activo,MUN-03,ZONA-03,CIRC-03,MESA-013
V005000,4a1bb0c3b658292e7480,72,1954-06-03,,vigente,normal,1,activo,MUN-03,ZONA-03,CIRC-03,MESA-073
