voter_id,mesa_asignada,puesto_asignado,zona_asignada,municipio_asignado,circunscripcion_autorizada,tipo_boleta_autorizada,puede_votar_en_otro_puesto,justificacion_excepcion
V000001,MESA-026,PUESTO-001,ZONA-01,MUN-01,CIRC-01,especial,0,
V000002,MESA-025,PUESTO-025,ZONA-05,MUN-05,CIRC-05,municipal,0,
V000003,MESA-065,PUESTO-015,ZONA-05,MUN-05,CIRC-05,municipal,0,
V000004,MESA-006,PUESTO-006,ZONA-06,MUN-01,CIRC-01,especial,0,
V000005,MESA-023,PUESTO-023,ZONA-03,MUN-03,CIRC-03,municipal,0,
V000006,MESA-064,PUESTO-014,ZONA-04,MUN-04,CIRC-04,nacional,0,
V000007,MESA-043,PUESTO-018,ZONA-08,MUN-03,CIRC-03,municipal,0,
V000008,MESA-023,PUESTO-023,ZONA-03,MUN-03,CIRC-03,municipal,0,
V000009,MESA-030,PUESTO-005,ZONA-05,MUN-05,CIRC-05,municipal,0,
V000010,MESA-077,PUESTO-002,ZONA-02,MUN-02,CIRC-02,nacional,0,
V000011,MESA-018,PUESTO-018,ZONA-08,MUN-03,CIRC-03,municipal,0,
V000012,MESA-079,PUESTO-004,ZONA-04,MUN-04,CIRC-04,nacional,0,
V000013,MESA-021,PUESTO-021,ZONA-01,MUN-01,CIRC-01,especial,0,
V000014,MESA-057,PUESTO-007,ZONA-07,MUN-02,CIRC-02,nacional,0,
V000015,MESA-023,PUESTO-023,ZONA-03,MUN-03,CIRC-03,municipal,0,
V000016,MESA-045,PUESTO-020,ZONA-10,MUN-05,CIRC-05,municipal,0,
V000017,MESA-044,PUESTO-019,ZONA-09,MUN-04,CIRC-04,nacional,0,
V000018,MESA-047,PUESTO-022,ZONA-02,MUN-02,CIRC-02,nacional,0,
V000019,MESA-040,PUESTO-015,ZONA-05,MUN-05,CIRC-05,municipal,0,
V000020,MESA-051,PUESTO-001,ZONA-01,MUN-01,CIRC-01,especial,0,
V000021,MESA-042,PUESTO-017,ZONA-07,MUN-02,CIRC-02,nacional,0,
V000022,MESA-007,PUESTO-007,ZONA-07,MUN-02,CIRC-02,nacional,0,
V000023,MESA-050,PUESTO-025,ZONA-05,MUN-05,CIRC-05,municipal,0,
V000024,MESA-048,PUESTO-023,ZONA-03,MUN-03,CIRC-03,municipal,0,
V000025,MESA-006,PUESTO-006,ZONA-06,MUN-01,CIRC-01,especial,0,
V000026,MESA-009,PUESTO-009,ZONA-09,MUN-04,CIRC-04,nacional,0,
V000027,MESA-057,PUESTO-007,ZONA-07,MUN-02,CIRC-02,nacional,0,
V000028,MESA-031,PUESTO-006,ZONA-06,MUN-01,CIRC-01,especial,0,
V000029,MESA-021,PUESTO-021,ZONA-01,MUN-01,CIRC-01,especial,0,
V000030,MESA-040,PUESTO-015,ZONA-05,MUN-05,CIRC-05,municipal,0,
V000031,MESA-045,PUESTO-020,ZONA-10,MUN-05,CIRC-05,municipal,0,
V000032,MESA-077,PUESTO-002,ZONA-02,MUN-02,CIRC-02,nacional,0,
V000033,MESA-049,PUESTO-024,ZONA-04,MUN-04,CIRC-04,nacional,0,
V000034,MESA-020,PUESTO-020,ZONA-10,MUN-05,CIRC-05,municipal,0,
V000035,MESA-017,PUESTO-017,ZONA-07,MUN-02,CIRC-02,nacional,0,
V000036,MESA-028,PUESTO-003,ZONA-03,MUN-03,CIRC-03,municipal,0,
V000037,MESA-041,PUESTO-016,ZONA-06,MUN-01,CIRC-01,especial,0,
V000038,MESA-066,PUESTO-016,ZONA-06,MUN-01,CIRC-01,especial,0,
V000039,MESA-025,PUESTO-025,ZONA-05,MUN-05,CIRC-05,municipal,0,
V000040,MESA-009,PUESTO-009,ZONA-09,MUN-04,CIRC-03,municipal,0,inconsistencia_simulada_mesa
V000041,MESA-041,PUESTO-016,ZONA-06,MUN-01,CIRC-01,especial,0,
V000042,MESA-006,PUESTO-006,ZONA-06,MUN-01,CIRC-01,especial,0,
V000043,MESA-075,PUESTO-025,ZONA-05,MUN-05,CIRC-05,municipal,0,
V000044,MESA-038,PUESTO-013,ZONA-03,MUN-03,CIRC-03,municipal,0,
V000045,MESA-006,PUESTO-006,ZONA-06,MUN-01,CIRC-01,especial,0,
V000046,MESA-045,PUESTO-020,ZONA-10,MUN-05,CIRC-05,municipal,0,
V000047,MESA-075,PUESTO-025,ZONA-05,MUN-05,CIRC-05,municipal,0,
V000048,MESA-014,PUESTO-014,ZONA-04,MUN-04,CIRC-04,nacional,0,
V000049,MESA-066,PUESTO-016,ZONA-06,MUN-01,CIRC-01,especial,0,
V000050,MESA-040,PUESTO-015,ZONA-05,MUN-05,CIRC-05,municipal,0,
V000051,MESA-003,PUESTO-003,ZONA-03,MUN-03,CIRC-03,municipal,0,
V000052,MESA-024,PUESTO-024,ZONA-04,MUN-04,CIRC-04,nacional,0,
V000053,MESA-019,PUESTO-019,ZONA-09,MUN-04,CIRC-04,nacional,0,
V000054,MESA-018,PUESTO-018,ZONA-08,MUN-03,CIRC-03,municipal,0,
V000055,MESA-064,PUESTO-014,ZONA-04,MUN-04,CIRC-04,nacional,0,
V000056,MESA-035,PUESTO-010,ZONA-10,MUN-05,CIRC-05,municipal,0,
V000057,MESA-062,PUESTO-012,ZONA-02,MUN-02,CIRC-02,especial,0,
V000058,MESA-001,PUESTO-001,ZONA-01,MUN-01,CIRC-01,especial,0,
V000059,MESA-025,PUESTO-025,ZONA-05,MUN-05,CIRC-05,municipal,0,
V000060,MESA-045,PUESTO-020,ZONA-10,MUN-05,CIRC-05,municipal,0,
V000061,MESA-049,PUESTO-024,ZONA-04,MUN-04,CIRC-04,nacional,0,
V000062,MESA-016,PUESTO-016,ZONA-06,MUN-01,CIRC-01,especial,0,
V000063,MESA-019,PUESTO-019,ZONA-09,MUN-04,CIRC-04,nacional,0,
V000064,MESA-023,PUESTO-023,ZONA-03,MUN-03,CIRC-03,municipal,0,
V000065,MESA-025,PUESTO-025,ZONA-05,MUN-05,CIRC-05,municipal,0,
V000066,MESA-016,PUESTO-016,ZONA-06,MUN-01,CIRC-01,especial,0,
V000067,MESA-054,PUESTO-004,ZONA-04,MUN-04,CIRC-04,nacional,0,
V000068,MESA-073,PUESTO-023,ZONA-03,MUN-03,CIRC-03,municipal,0,
V000069,MESA-001,PUESTO-001,ZONA-01,MUN-01,CIRC-01,especial,0,
V000070,MESA-042,PUESTO-017,ZONA-07,MUN-02,CIRC-02,nacional,0,
V000071,MESA-019,PUESTO-019,ZONA-09,MUN-04,CIRC-04,nacional,0,
V000072,MESA-034,PUESTO-009,ZONA-09,MUN-04,CIRC-04,nacional,0,
V000073,MESA-080,PUESTO-005,ZONA-05,MUN-05,CIRC-05,municipal,0,
V000074,MESA-055,PUESTO-005,ZONA-05,MUN-05,CIRC-05,municipal,0,
V000075,MESA-018,PUESTO-018,ZONA-08,MUN-03,CIRC-03,municipal,0,
V000076,MESA-034,PUESTO-009,ZONA-09,MUN-04,CIRC-04,nacional,0,
V000077,MESA-045,PUESTO-020,ZONA-10,MUN-05,CIRC-05,especial,0,
V000078,MESA-006,PUESTO-006,ZONA-06,MUN-01,CIRC-01,especial,0,
V000079,MESA-021,PUESTO-021,ZONA-01,MUN-01,CIRC-01,especial,0,
V000080,MESA-070,PUESTO-020,ZONA-10,MUN-05,CIRC-05,municipal,0,
V000081,MESA-048,PUESTO-023,ZONA-03,MUN-03,CIRC-03,municipal,0,
V000082,MESA-039,PUESTO-014,ZONA-04,MUN-04,CIRC-04,nacional,0,
V000083,MESA-031,PUESTO-006,ZONA-06,MUN-01,CIRC-01,especial,0,
V000084,MESA-010,PUESTO-010,ZONA-10,MUN-05,CIRC-05,municipal,0,
V000085,MESA-030,PUESTO-005,ZONA-05,MUN-05,CIRC-05,municipal,0,
V000086,MESA-018,PUESTO-018,ZONA-08,MUN-03,CIRC-03,municipal,0,
V000087,MESA-060,PUESTO-010,ZONA-10,MUN-05,CIRC-05,municipal,0,
V000088,MESA-012,PUESTO-012,ZONA-02,MUN-02,CIRC-03,municipal,0,inconsistencia_simulada_mesa
V000089,MESA-025,PUESTO-025,ZONA-05,MUN-05,CIRC-05,municipal,0,inconsistencia_simulada_mesa
V000090,MESA-004,PUESTO-004,ZONA-04,MUN-04,CIRC-04,nacional,0,
V000091,MESA-063,PUESTO-013,ZONA-03,MUN-03,CIRC-03,municipal,0,
V000092,MESA-040,PUESTO-015,ZONA-05,MUN-05,CIRC-05,municipal,0,
V000093,MESA-009,PUESTO-009,ZONA-09,MUN-04,CIRC-03,nacional,0,
V000094,MESA-005,PUESTO-005,ZONA-05,MUN-05,CIRC-04,nacional,0,inconsistencia_simulada_mesa
V000095,MESA-026,PUESTO-001,ZONA-01,MUN-01,CIRC-01,especial,0,
V000096,MESA-004,PUESTO-004,ZONA-04,MUN-04,CIRC-04,nacional,0,
V000097,MESA-016,PUESTO-016,ZONA-06,MUN-01,CIRC-01,especial,0,
V000098,MESA-015,PUESTO-015,ZONA-05,MUN-05,CIRC-05,municipal,0,
V000099,MESA-052,PUESTO-002,ZONA-02,MUN-02,CIRC-02,nacional,0,
V000100,MESA-069,PUESTO-019,ZONA-09,MUN-04,CIRC-04,nacional,0,
V000101,MESA-005,PUESTO-005,ZONA-05,MUN-05,CIRC-05,municipal,0,
V000102,MESA-020,PUESTO-020,ZONA-10,MUN-05,CIRC-05,municipal,0,
V000103,MESA-079,PUESTO-004,ZONA-04,MUN-04,CIRC-04,nacional,0,
V000104,MESA-018,PUESTO-018,ZONA-08,MUN-03,CIRC-03,municipal,0,
V000105,MESA-002,PUESTO-002,ZONA-02,MUN-02,CIRC-02,nacional,0,
V000106,MESA-013,PUESTO-013,ZONA-03,MUN-03,CIRC-03,municipal,0,
V000107,MESA-004,PUESTO-004,ZONA-04,MUN-04,CIRC-04,nacional,0,
V000108,MESA-042,PUESTO-017,ZONA-07,MUN-02,CIRC-02,nacional,0,
V000109,MESA-074,PUESTO-024,ZONA-04,MUN-04,CIRC-04,nacional,0,
V000110,MESA-061,PUESTO-011,ZONA-01,MUN-01,CIRC-05,especial,0,
V000111,MESA-008,PUESTO-008,ZONA-08,MUN-03,CIRC-03,municipal,0,
V000112,MESA-067,PUESTO-017,ZONA-07,MUN-02,CIRC-02,nacional,0,
V000113,MESA-063,PUESTO-013,ZONA-03,MUN-03,CIRC-03,municipal,0,
V000114,MESA-009,PUESTO-009,ZONA-09,MUN-04,CIRC-04,nacional,0,
V000115,MESA-011,PUESTO-011,ZONA-01,MUN-01,CIRC-01,especial,0,
V000116,MESA-042,PUESTO-017,ZONA-07,MUN-02,CIRC-02,nacional,0,
V000117,MESA-013,PUESTO-013,ZONA-03,MUN-03,CIRC-03,municipal,0,
V000118,MESA-036,PUESTO-011,ZONA-01,MUN-01,CIRC-01,especial,0,
V000119,MESA-013,PUESTO-013,ZONA-03,MUN-03,CIRC-03,municipal,0,
V000120,MESA-012,PUESTO-012,ZONA-02,MUN-02,CIRC-02,nacional,0,
V000121,MESA-037,PUESTO-012,ZONA-02,MUN-02,CIRC-02,nacional,0,
V000122,MESA-074,PUESTO-024,ZONA-04,MUN-04,CIRC-04,nacional,0,
V000123,MESA-073,PUESTO-023,ZONA-03,MUN-03,CIRC-03,municipal,0,
V000124,MESA-052,PUESTO-002,ZONA-02,MUN-02,CIRC-02,nacional,0,
V000125,MESA-071,PUESTO-021,ZONA-01,MUN-01,CIRC-01,especial,0,
V000126,MESA-002,PUESTO-002,ZONA-02,MUN-02,CIRC-02,nacional,0,
V000127,MESA-056,PUESTO-006,ZONA-06,MUN-01,CIRC-01,especial,0,
V000128,MESA-060,PUESTO-010,ZONA-10,MUN-05,CIRC-05,municipal,0,
V000129,MESA-023,PUESTO-023,ZONA-03,MUN-03,CIRC-03,municipal,0,
V000130,MESA-040,PUESTO-015,ZONA-05,MUN-05,CIRC-05,municipal,0,
V000131,MESA-064,PUESTO-014,ZONA-04,MUN-04,CIRC-04,nacional,0,
V000132,MESA-023,PUESTO-023,ZONA-03,MUN-03,CIRC-03,municipal,0,
V000133,MESA-029,PUESTO-004,ZONA-04,MUN-04,CIRC-04,nacional,0,
V000134,MESA-078,PUESTO-003,ZONA-03,MUN-03,CIRC-03,municipal,0,
V000135,MESA-051,PUESTO-001,ZONA-01,MUN-01,CIRC-01,especial,0,
V000136,MESA-069,PUESTO-019,ZONA-09,MUN-04,CIRC-04,nacional,0,
V000137,MESA-031,PUESTO-006,ZONA-06,MUN-01,CIRC-01,especial,0,
V000138,MESA-050,PUESTO-025,ZONA-05,MUN-05,CIRC-05,municipal,0,
V000139,MESA-020,PUESTO-020,ZONA-10,MUN-05,CIRC-05,municipal,0,
V000140,MESA-055,PUESTO-005,ZONA-05,MUN-05,CIRC-05,municipal,0,
V000141,MESA-021,PUESTO-021,ZONA-01,MUN-01,CIRC-02,nacional,0,inconsistencia_simulada_mesa
V000142,MESA-025,PUESTO-025,ZONA-05,MUN-05,CIRC-05,municipal,0,
V000143,MESA-013,PUESTO-013,ZONA-03,MUN-03,CIRC-03,municipal,0,
V000144,MESA-070,PUESTO-020,ZONA-10,MUN-05,CIRC-05,municipal,0,
V000145,MESA-067,PUESTO-017,ZONA-07,MUN-02,CIRC-02,nacional,0,
V000146,MESA-058,PUESTO-008,ZONA-08,MUN-03,CIRC-03,municipal,0,
V000147,MESA-075,PUESTO-025,ZONA-05,MUN-05,CIRC-05,municipal,0,
V000148,MESA-064,PUESTO-014,ZONA-04,MUN-04,CIRC-04,nacional,0,
V000149,MESA-069,PUESTO-019,ZONA-09,MUN-04,CIRC-04,nacional,0,
V000150,MESA-059,PUESTO-009,ZONA-09,MUN-04,CIRC-04,nacional,0,
V000151,MESA-060,PUESTO-010,ZONA-10,MUN-05,CIRC-05,municipal,0,
V000152,MESA-062,PUESTO-012,ZONA-02,MUN-02,CIRC-02,nacional,0,
V000153,MESA-016,PUESTO-016,ZONA-06,MUN-01,CIRC-01,especial,0,
V000154,MESA-068,PUESTO-018,ZONA-08,MUN-03,CIRC-03,municipal,0,
V000155,MESA-015,PUESTO-015,ZONA-05,MUN-05,CIRC-05,municipal,0,
V000156,MESA-055,PUESTO-005,ZONA-05,MUN-05,CIRC-05,municipal,0,
V000157,MESA-035,PUESTO-010,ZONA-10,MUN-05,CIRC-05,municipal,0,
V000158,MESA-055,PUESTO-005,ZONA-05,MUN-05,CIRC-05,municipal,0,
V000159,MESA-014,PUESTO-014,ZONA-04,MUN-04,CIRC-04,nacional,0,
V000160,MESA-023,PUESTO-023,ZONA-03,MUN-03,CIRC-04,nacional,0,inconsistencia_simulada_mesa
V000161,MESA-007,PUESTO-007,ZONA-07,MUN-02,CIRC-02,nacional,0,
V000162,MESA-030,PUESTO-005,ZONA-05,MUN-05,CIRC-05,municipal,0,
V000163,MESA-049,PUESTO-024,ZONA-04,MUN-04,CIRC-04,nacional,0,
V000164,MESA-016,PUESTO-016,ZONA-06,MUN-01,CIRC-01,especial,0,
V000165,MESA-051,PUESTO-001,ZONA-01,MUN-01,CIRC-01,especial,0,
V000166,MESA-072,PUESTO-022,ZONA-02,MUN-02,CIRC-02,nacional,0,
V000167,MESA-080,PUESTO-005,ZONA-05,MUN-05,CIRC-05,municipal,0,
V000168,MESA-042,PUESTO-017,ZONA-07,MUN-02,CIRC-02,nacional,0,
V000169,MESA-017,PUESTO-017,ZONA-07,MUN-02,CIRC-02,nacional,0,
V000170,MESA-063,PUESTO-013,ZONA-03,MUN-03,CIRC-03,municipal,0,
V000171,MESA-045,PUESTO-020,ZONA-10,MUN-05,CIRC-05,municipal,0,
V000172,MESA-077,PUESTO-002,ZONA-02,MUN-02,CIRC-02,nacional,0,
V000173,MESA-007,PUESTO-007,ZONA-07,MUN-02,CIRC-02,nacional,0,
V000174,MESA-027,PUESTO-002,ZONA-02,MUN-02,CIRC-02,nacional,0,
V000175,MESA-010,PUESTO-010,ZONA-10,MUN-05,CIRC-05,municipal,0,
V000176,MESA-034,PUESTO-009,ZONA-09,MUN-04,CIRC-04,nacional,0,
V000177,MESA-036,PUESTO-011,ZONA-01,MUN-01,CIRC-01,especial,0,
V000178,MESA-025,PUESTO-025,ZONA-05,MUN-05,CIRC-05,municipal,0,
V000179,MESA-006,PUESTO-006,ZONA-06,MUN-01,CIRC-01,especial,0,
V000180,MESA-024,PUESTO-024,ZONA-04,MUN-04,CIRC-04,nacional,0,
V000181,MESA-018,PUESTO-018,ZONA-08,MUN-03,CIRC-03,municipal,0,
V000182,MESA-006,PUESTO-006,ZONA-06,MUN-01,CIRC-01,especial,0,
V000183,MESA-029,PUESTO-004,ZONA-04,MUN-04,CIRC-04,nacional,0,
V000184,MESA-025,PUESTO-025,ZONA-05,MUN-05,CIRC-05,municipal,0,
V000185,MESA-055,PUESTO-005,ZONA-05,MUN-05,CIRC-05,municipal,0,
V000186,MESA-046,PUESTO-021,ZONA-01,MUN-01,CIRC-01,especial,0,
V000187,MESA-024,PUESTO-024,ZONA-04,MUN-04,CIRC-04,nacional,0,
V000188,MESA-075,PUESTO-025,ZONA-05,MUN-05,CIRC-05,municipal,0,
V000189,MESA-026,PUESTO-001,ZONA-01,MUN-01,CIRC-01,especial,0,
V000190,MESA-028,PUESTO-003,ZONA-03,MUN-03,CIRC-03,municipal,0,
V000191,MESA-003,PUESTO-003,ZONA-03,MUN-03,CIRC-03,municipal,0,
V000192,MESA-075,PUESTO-025,ZONA-05,MUN-05,CIRC-05,municipal,0,
V000193,MESA-038,PUESTO-013,ZONA-03,MUN-03,CIRC-03,municipal,0,
V000194,MESA-061,PUESTO-011,ZONA-01,MUN-01,CIRC-01,especial,0,
V000195,MESA-078,PUESTO-003,ZONA-03,MUN-03,CIRC-03,municipal,0,
V000196,MESA-051,PUESTO-001,ZONA-01,MUN-01,CIRC-01,especial,0,
V000197,MESA-048,PUESTO-023,ZONA-03,MUN-03,CIRC-03,municipal,0,
V000198,MESA-021,PUESTO-021,ZONA-01,MUN-01,CIRC-01,especial,0,
V000199,MESA-054,PUESTO-004,ZONA-04,MUN-04,CIRC-04,nacional,0,
V000200,MESA-056,PUESTO-006,ZONA-06,MUN-01,CIRC-01,especial,0,
V000201,MESA-059,PUESTO-009,ZONA-09,MUN-04,CIRC-04,nacional,0,
V000202,MESA-072,PUESTO-022,ZONA-02,MUN-02,CIRC-02,nacional,0,
V000203,MESA-051,PUESTO-001,ZONA-01,MUN-01,CIRC-01,especial,0,
V000204,MESA-020,PUESTO-020,ZONA-10,MUN-05,CIRC-05,municipal,0,
V000205,MESA-059,PUESTO-009,ZONA-09,MUN-04,CIRC-04,nacional,0,
V000206,MESA-071,PUESTO-021,ZONA-01,MUN-01,CIRC-01,especial,0,
V000207,MESA-009,PUESTO-009,ZONA-09,MUN-04,CIRC-04,nacional,0,
V000208,MESA-001,PUESTO-001,ZONA-01,MUN-01,CIRC-01,especial,0,
V000209,MESA-029,PUESTO-004,ZONA-04,MUN-04,CIRC-04,nacional,0,
V000210,MESA-063,PUESTO-013,ZONA-03,MUN-03,CIRC-03,municipal,0,
V000211,MESA-072,PUESTO-022,ZONA-02,MUN-02,CIRC-02,nacional,0,
V000212,MESA-056,PUESTO-006,ZONA-06,MUN-01,CIRC-01,especial,0,
V000213,MESA-068,PUESTO-018,ZONA-08,MUN-03,CIRC-03,municipal,0,
V000214,MESA-035,PUESTO-010,ZONA-10,MUN-05,CIRC-05,municipal,0,
V000215,MESA-003,PUESTO-003,ZONA-03,MUN-03,CIRC-03,municipal,0,
V000216,MESA-007,PUESTO-007,ZONA-07,MUN-02,CIRC-02,nacional,0,
V000217,MESA-027,PUESTO-002,ZONA-02,MUN-02,CIRC-02,nacional,0,
V000218,MESA-001,PUESTO-001,ZONA-01,MUN-01,CIRC-01,especial,0,
V000219,MESA-080,PUESTO-005,ZONA-05,MUN-05,CIRC-05,municipal,0,
V000220,MESA-071,PUESTO-021,ZONA-01,MUN-01,CIRC-01,especial,0,
V000221,MESA-044,PUESTO-019,ZONA-09,MUN-04,CIRC-04,nacional,0,
V000222,MESA-041,PUESTO-016,ZONA-06,MUN-01,CIRC-01,especial,0,
V000223,MESA-075,PUESTO-025,ZONA-05,MUN-05,CIRC-05,municipal,0,
V000224,MESA-042,PUESTO-017,ZONA-07,MUN-02,CIRC-02,nacional,0,
V000225,MESA-033,PUESTO-008,ZONA-08,MUN-03,CIRC-03,municipal,0,
V000226,MESA-050,PUESTO-025,ZONA-05,MUN-05,CIRC-05,municipal,0,
V000227,MESA-063,PUESTO-013,ZONA-03,MUN-03,CIRC-03,municipal,0,
V000228,MESA-037,PUESTO-012,ZONA-02,MUN-02,CIRC-02,nacional,0,
V000229,MESA-059,PUESTO-009,ZONA-09,MUN-04,CIRC-04,nacional,0,
V000230,MESA-048,PUESTO-023,ZONA-03,MUN-03,CIRC-03,municipal,0,
V000231,MESA-005,PUESTO-005,ZONA-05,MUN-05,CIRC-05,municipal,0,
V000232,MESA-048,PUESTO-023,ZONA-03,MUN-03,CIRC-03,municipal,0,
V000233,MESA-003,PUESTO-003,ZONA-03,MUN-03,CIRC-03,municipal,0,
V000234,MESA-047,PUESTO-022,ZONA-02,MUN-02,CIRC-02,nacional,0,
V000235,MESA-062,PUESTO-012,ZONA-02,MUN-02,CIRC-02,nacional,0,
V000236,MESA-014,PUESTO-014,ZONA-04,MUN-04,CIRC-04,nacional,0,
V000237,MESA-063,PUESTO-013,ZONA-03,MUN-03,CIRC-03,municipal,0,
V000238,MESA-061,PUESTO-011,ZONA-01,MUN-01,CIRC-01,especial,0,
V000239,MESA-031,PUESTO-006,ZONA-06,MUN-01,CIRC-01,especial,0,
V000240,MESA-017,PUESTO-017,ZONA-07,MUN-02,CIRC-02,nacional,0,
V000241,MESA-024,PUESTO-024,ZONA-04,MUN-04,CIRC-04,nacional,0,
V000242,MESA-004,PUESTO-004,ZONA-04,MUN-04,CIRC-03,municipal,0,inconsistencia_simulada_mesa
V000243,MESA-050,PUESTO-025,ZONA-05,MUN-05,CIRC-05,municipal,0,
V000244,MESA-078,PUESTO-003,ZONA-03,MUN-03,CIRC-03,municipal,0,
V000245,MESA-079,PUESTO-004,ZONA-04,MUN-04,CIRC-04,nacional,0,
V000246,MESA-079,PUESTO-004,ZONA-04,MUN-04,CIRC-04,nacional,0,
V000247,MESA-070,PUESTO-020,ZONA-10,MUN-05,CIRC-05,municipal,0,
V000248,MESA-027,PUESTO-002,ZONA-02,MUN-02,CIRC-02,nacional,0,
V000249,MESA-015,PUESTO-015,ZONA-05,MUN-05,CIRC-05,municipal,0,
V000250,MESA-050,PUESTO-025,ZONA-05,MUN-05,CIRC-05,municipal,0,
V000251,MESA-036,PUESTO-011,ZONA-01,MUN-01,CIRC-01,especial,0,
V000252,MESA-008,PUESTO-008,ZONA-08,MUN-03,CIRC-03,municipal,0,
V000253,MESA-079,PUESTO-004,ZONA-04,MUN-04,CIRC-04,nacional,0,
V000254,MESA-003,PUESTO-003,ZONA-03,MUN-03,CIRC-03,municipal,0,
V000255,MESA-062,PUESTO-012,ZONA-02,MUN-02,CIRC-02,nacional,0,
V000256,MESA-047,PUESTO-022,ZONA-02,MUN-02,CIRC-02,nacional,0,
V000257,MESA-077,PUESTO-002,ZONA-02,MUN-02,CIRC-02,nacional,0,
V000258,MESA-061,PUESTO-011,ZONA-01,MUN-01,CIRC-01,especial,0,
V000259,MESA-032,PUESTO-007,ZONA-07,MUN-02,CIRC-02,nacional,0,
V000260,MESA-013,PUESTO-013,ZONA-03,MUN-03,CIRC-03,municipal,0,
V000261,MESA-001,PUESTO-001,ZONA-01,MUN-01,CIRC-01,especial,0,
V000262,MESA-034,PUESTO-009,ZONA-09,MUN-04,CIRC-04,nacional,0,
V000263,MESA-062,PUESTO-012,ZONA-02,MUN-02,CIRC-02,nacional,0,
V000264,MESA-079,PUESTO-004,ZONA-04,MUN-04,CIRC-04,nacional,0,
V000265,MESA-078,PUESTO-003,ZONA-03,MUN-03,CIRC-03,municipal,0,
V000266,MESA-071,PUESTO-021,ZONA-01,MUN-01,CIRC-01,especial,0,
V000267,MESA-031,PUESTO-006,ZONA-06,MUN-01,CIRC-01,especial,0,
V000268,MESA-064,PUESTO-014,ZONA-04,MUN-04,CIRC-04,nacional,0,
V000269,MESA-025,PUESTO-025,ZONA-05,MUN-05,CIRC-05,municipal,0,
V000270,MESA-038,PUESTO-013,ZONA-03,MUN-03,CIRC-03,municipal,0,
V000271,MESA-014,PUESTO-014,ZONA-04,MUN-04,CIRC-04,nacional,0,
V000272,MESA-008,PUESTO-008,ZONA-08,MUN-03,CIRC-03,municipal,0,
V000273,MESA-007,PUESTO-007,ZONA-07,MUN-02,CIRC-04,nacional,0,inconsistencia_simulada_mesa
V000274,MESA-002,PUESTO-002,ZONA-02,MUN-02,CIRC-02,especial,0,
V000275,MESA-078,PUESTO-003,ZONA-03,MUN-03,CIRC-03,municipal,0,
V000276,MESA-056,PUESTO-006,ZONA-06,MUN-01,CIRC-01,especial,0,
V000277,MESA-074,PUESTO-024,ZONA-04,MUN-04,CIRC-01,especial,0,inconsistencia_simulada_mesa
V000278,MESA-022,PUESTO-022,ZONA-02,MUN-02,CIRC-02,nacional,0,
V000279,MESA-035,PUESTO-010,ZONA-10,MUN-05,CIRC-05,municipal,0,
V000280,MESA-016,PUESTO-016,ZONA-06,MUN-01,CIRC-01,especial,0,
V000281,MESA-050,PUESTO-025,ZONA-05,MUN-05,CIRC-05,municipal,0,
V000282,MESA-043,PUESTO-018,ZONA-08,MUN-03,CIRC-03,municipal,0,
V000283,MESA-017,PUESTO-017,ZONA-07,MUN-02,CIRC-02,nacional,0,
V000284,MESA-080,PUESTO-005,ZONA-05,MUN-05,CIRC-05,municipal,0,
V000285,MESA-058,PUESTO-008,ZONA-08,MUN-03,CIRC-03,municipal,0,
V000286,MESA-002,PUESTO-002,ZONA-02,MUN-02,CIRC-02,nacional,0,
V000287,MESA-004,PUESTO-004,ZONA-04,MUN-04,CIRC-04,nacional,0,
V000288,MESA-039,PUESTO-014,ZONA-04,MUN-04,CIRC-04,nacional,0,
V000289,MESA-006,PUESTO-006,ZONA-06,MUN-01,CIRC-01,especial,0,
V000290,MESA-069,PUESTO-019,ZONA-09,MUN-04,CIRC-04,nacional,0,
V000291,MESA-069,PUESTO-019,ZONA-09,MUN-04,CIRC-04,nacional,0,
V000292,MESA-020,PUESTO-020,ZONA-10,MUN-05,CIRC-05,municipal,0,
V000293,MESA-064,PUESTO-014,ZONA-04,MUN-04,CIRC-04,nacional,0,
V000294,MESA-016,PUESTO-016,ZONA-06,MUN-01,CIRC-01,especial,0,
V000295,MESA-051,PUESTO-001,ZONA-01,MUN-01,CIRC-01,especial,0,
V000296,MESA-037,PUESTO-012,ZONA-02,MUN-02,CIRC-02,nacional,0,
V000297,MESA-073,PUESTO-023,ZONA-03,MUN-03,CIRC-03,municipal,0,
V000298,MESA-069,PUESTO-019,ZONA-09,MUN-04,CIRC-04,nacional,0,
V000299,MESA-042,PUESTO-017,ZONA-07,MUN-02,CIRC-02,nacional,0,
V000300,MESA-057,PUESTO-007,ZONA-07,MUN-02,CIRC-02,nacional,0,
V000301,MESA-066,PUESTO-016,ZONA-06,MUN-01,CIRC-01,especial,0,
V000302,MESA-009,PUESTO-009,ZONA-09,MUN-04,CIRC-04,nacional,0,
V000303,MESA-064,PUESTO-014,ZONA-04,MUN-04,CIRC-04,nacional,0,
V000304,MESA-022,PUESTO-022,ZONA-02,MUN-02,CIRC-02,nacional,0,
V000305,MESA-034,PUESTO-009,ZONA-09,MUN-04,CIRC-04,nacional,0,
V000306,MESA-055,PUESTO-005,ZONA-05,MUN-05,CIRC-05,municipal,0,
V000307,MESA-029,PUESTO-004,ZONA-04,MUN-04,CIRC-04,nacional,0,
V000308,MESA-038,PUESTO-013,ZONA-03,MUN-03,CIRC-03,municipal,0,
V000309,MESA-018,PUESTO-018,ZONA-08,MUN-03,CIRC-03,municipal,0,
V000310,MESA-071,PUESTO-021,ZONA-01,MUN-01,CIRC-01,especial,0,
V000311,MESA-065,PUESTO-015,ZONA-05,MUN-05,CIRC-05,municipal,0,
V000312,MESA-001,PUESTO-001,ZONA-01,MUN-01,CIRC-01,especial,0,
V000313,MESA-004,PUESTO-004,ZONA-04,MUN-04,CIRC-04,nacional,0,
V000314,MESA-004,PUESTO-004,ZONA-04,MUN-04,CIRC-04,nacional,0,
V000315,MESA-027,PUESTO-002,ZONA-02,MUN-02,CIRC-02,nacional,0,
V000316,MESA-043,PUESTO-018,ZONA-08,MUN-03,CIRC-03,municipal,0,
V000317,MESA-059,PUESTO-009,ZONA-09,MUN-04,CIRC-04,nacional,0,
V000318,MESA-032,PUESTO-007,ZONA-07,MUN-02,CIRC-02,nacional,0,
V000319,MESA-033,PUESTO-008,ZONA-08,MUN-03,CIRC-03,municipal,0,
V000320,MESA-028,PUESTO-003,ZONA-03,MUN-03,CIRC-03,municipal,0,
V000321,MESA-055,PUESTO-005,ZONA-05,MUN-05,CIRC-05,municipal,0,
V000322,MESA-060,PUESTO-010,ZONA-10,MUN-05,CIRC-05,especial,0,
V000323,MESA-070,PUESTO-020,ZONA-10,MUN-05,CIRC-05,municipal,0,
V000324,MESA-062,PUESTO-012,ZONA-02,MUN-02,CIRC-02,nacional,0,
V000325,MESA-080,PUESTO-005,ZONA-05,MUN-05,CIRC-05,municipal,0,
V000326,MESA-034,PUESTO-009,ZONA-09,MUN-04,CIRC-04,nacional,0,
V000327,MESA-056,PUESTO-006,ZONA-06,MUN-01,CIRC-01,especial,0,
V000328,MESA-013,PUESTO-013,ZONA-03,MUN-03,CIRC-03,municipal,0,
V000329,MESA-056,PUESTO-006,ZONA-06,MUN-01,CIRC-01,especial,0,
V000330,MESA-018,PUESTO-018,ZONA-08,MUN-03,CIRC-03,municipal,0,
V000331,MESA-054,PUESTO-004,ZONA-04,MUN-04,CIRC-04,nacional,0,
V000332,MESA-077,PUESTO-002,ZONA-02,MUN-02,CIRC-02,nacional,0,
V000333,MESA-043,PUESTO-018,ZONA-08,MUN-03,CIRC-03,municipal,0,
V000334,MESA-039,PUESTO-014,ZONA-04,MUN-04,CIRC-04,nacional,0,
V000335,MESA-061,PUESTO-011,ZONA-01,MUN-01,CIRC-01,especial,0,
V000336,MESA-042,PUESTO-017,ZONA-07,MUN-02,CIRC-02,nacional,0,
V000337,MESA-079,PUESTO-004,ZONA-04,MUN-04,CIRC-04,nacional,0,
V000338,MESA-018,PUESTO-018,ZONA-08,MUN-03,CIRC-03,municipal,0,
V000339,MESA-023,PUESTO-023,ZONA-03,MUN-03,CIRC-03,municipal,0,
V000340,MESA-054,PUESTO-004,ZONA-04,MUN-04,CIRC-04,nacional,0,
V000341,MESA-030,PUESTO-005,ZONA-05,MUN-05,CIRC-05,municipal,0,
V000342,MESA-058,PUESTO-008,ZONA-08,MUN-03,CIRC-03,municipal,0,
V000343,MESA-068,PUESTO-018,ZONA-08,MUN-03,CIRC-03,municipal,0,
V000344,MESA-067,PUESTO-017,ZONA-07,MUN-02,CIRC-02,nacional,0,
V000345,MESA-071,PUESTO-021,ZONA-01,MUN-01,CIRC-01,especial,0,
V000346,MESA-018,PUESTO-018,ZONA-08,MUN-03,CIRC-03,municipal,0,
V000347,MESA-007,PUESTO-007,ZONA-07,MUN-02,CIRC-02,nacional,0,
V000348,MESA-047,PUESTO-022,ZONA-02,MUN-02,CIRC-05,municipal,0,inconsistencia_simulada_mesa
V000349,MESA-070,PUESTO-020,ZONA-10,MUN-05,CIRC-05,municipal,0,
V000350,MESA-065,PUESTO-015,ZONA-05,MUN-05,CIRC-05,municipal,0,
V000351,MESA-068,PUESTO-018,ZONA-08,MUN-03,CIRC-03,municipal,0,
V000352,MESA-049,PUESTO-024,ZONA-04,MUN-04,CIRC-04,nacional,0,
V000353,MESA-052,PUESTO-002,ZONA-02,MUN-02,CIRC-02,nacional,0,
V000354,MESA-029,PUESTO-004,ZONA-04,MUN-04,CIRC-04,nacional,0,
V000355,MESA-021,PUESTO-021,ZONA-01,MUN-01,CIRC-01,especial,0,
V000356,MESA-078,PUESTO-003,ZONA-03,MUN-03,CIRC-03,municipal,0,
V000357,MESA-009,PUESTO-009,ZONA-09,MUN-04,CIRC-04,nacional,0,
V000358,MESA-047,PUESTO-022,ZONA-02,MUN-02,CIRC-02,nacional,0,
V000359,MESA-076,PUESTO-001,ZONA-01,MUN-01,CIRC-01,especial,0,
V000360,MESA-042,PUESTO-017,ZONA-07,MUN-02,CIRC-02,nacional,0,
V000361,MESA-051,PUESTO-001,ZONA-01,MUN-01,CIRC-01,especial,0,
V000362,MESA-056,PUESTO-006,ZONA-06,MUN-01,CIRC-01,especial,0,
V000363,MESA-051,PUESTO-001,ZONA-01,MUN-01,CIRC-01,especial,0,
V000364,MESA-070,PUESTO-020,ZONA-10,MUN-05,CIRC-05,especial,0,
V000365,MESA-020,PUESTO-020,ZONA-10,MUN-05,CIRC-05,municipal,0,
V000366,MESA-027,PUESTO-002,ZONA-02,MUN-02,CIRC-02,nacional,0,
V000367,MESA-038,PUESTO-013,ZONA-03,MUN-03,CIRC-03,municipal,0,
V000368,MESA-072,PUESTO-022,ZONA-02,MUN-02,CIRC-02,nacional,0,
V000369,MESA-065,PUESTO-015,ZONA-05,MUN-05,CIRC-05,municipal,0,
V000370,MESA-054,PUESTO-004,ZONA-04,MUN-04,CIRC-04,nacional,0,
V000371,MESA-024,PUESTO-024,ZONA-04,MUN-04,CIRC-04,nacional,0,
V000372,MESA-047,PUESTO-022,ZONA-02,MUN-02,CIRC-02,nacional,0,
V000373,MESA-071,PUESTO-021,ZONA-01,MUN-01,CIRC-01,especial,0,
V000374,MESA-063,PUESTO-013,ZONA-03,MUN-03,CIRC-03,municipal,0,
V000375,MESA-057,PUESTO-007,ZONA-07,MUN-02,CIRC-02,nacional,0,
V000376,MESA-055,PUESTO-005,ZONA-05,MUN-05,CIRC-05,municipal,0,
V000377,MESA-060,PUESTO-010,ZONA-10,MUN-05,CIRC-05,municipal,0,
V000378,MESA-062,PUESTO-012,ZONA-02,MUN-02,CIRC-04,nacional,0,
V000379,MESA-030,PUESTO-005,ZONA-05,MUN-05,CIRC-05,municipal,0,
V000380,MESA-022,PUESTO-022,ZONA-02,MUN-02,CIRC-02,nacional,0,
V000381,MESA-075,PUESTO-025,ZONA-05,MUN-05,CIRC-05,municipal,0,
V000382,MESA-029,PUESTO-004,ZONA-04,MUN-04,CIRC-04,nacional,0,
V000383,MESA-041,PUESTO-016,ZONA-06,MUN-01,CIRC-01,especial,0,
V000384,MESA-042,PUESTO-017,ZONA-07,MUN-02,CIRC-02,nacional,0,
V000385,MESA-065,PUESTO-015,ZONA-05,MUN-05,CIRC-05,municipal,0,
V000386,MESA-029,PUESTO-004,ZONA-04,MUN-04,CIRC-01,especial,0,inconsistencia_simulada_mesa
V000387,MESA-030,PUESTO-005,ZONA-05,MUN-05,CIRC-05,municipal,0,
V000388,MESA-018,PUESTO-018,ZONA-08,MUN-03,CIRC-03,municipal,0,
V000389,MESA-017,PUESTO-017,ZONA-07,MUN-02,CIRC-02,nacional,0,
V000390,MESA-038,PUESTO-013,ZONA-03,MUN-03,CIRC-04,municipal,0,
V000391,MESA-014,PUESTO-014,ZONA-04,MUN-04,CIRC-04,nacional,0,
V000392,MESA-079,PUESTO-004,ZONA-04,MUN-04,CIRC-04,nacional,0,
V000393,MESA-056,PUESTO-006,ZONA-06,MUN-01,CIRC-01,especial,0,
V000394,MESA-022,PUESTO-022,ZONA-02,MUN-02,CIRC-02,nacional,0,
V000395,MESA-067,PUESTO-017,ZONA-07,MUN-02,CIRC-02,nacional,0,
V000396,MESA-056,PUESTO-006,ZONA-06,MUN-01,CIRC-01,especial,0,
V000397,MESA-019,PUESTO-019,ZONA-09,MUN-04,CIRC-04,nacional,0,
V000398,MESA-057,PUESTO-007,ZONA-07,MUN-02,CIRC-04,nacional,0,
V000399,MESA-044,PUESTO-019,ZONA-09,MUN-04,CIRC-04,nacional,0,
V000400,MESA-035,PUESTO-010,ZONA-10,MUN-05,CIRC-03,municipal,0,
V000401,MESA-001,PUESTO-001,ZONA-01,MUN-01,CIRC-01,especial,0,
V000402,MESA-052,PUESTO-002,ZONA-02,MUN-02,CIRC-02,nacional,0,
V000403,MESA-070,PUESTO-020,ZONA-10,MUN-05,CIRC-05,municipal,0,
V000404,MESA-037,PUESTO-012,ZONA-02,MUN-02,CIRC-02,nacional,0,
V000405,MESA-065,PUESTO-015,ZONA-05,MUN-05,CIRC-05,municipal,0,
V000406,MESA-051,PUESTO-001,ZONA-01,MUN-01,CIRC-01,especial,0,
V000407,MESA-001,PUESTO-001,ZONA-01,MUN-01,CIRC-03,especial,0,
V000408,MESA-021,PUESTO-021,ZONA-01,MUN-01,CIRC-01,especial,0,
V000409,MESA-053,PUESTO-003,ZONA-03,MUN-03,CIRC-03,municipal,0,
V000410,MESA-016,PUESTO-016,ZONA-06,MUN-01,CIRC-01,especial,0,
V000411,MESA-061,PUESTO-011,ZONA-01,MUN-01,CIRC-01,especial,0,
V000412,MESA-054,PUESTO-004,ZONA-04,MUN-04,CIRC-04,nacional,0,
V000413,MESA-040,PUESTO-015,ZONA-05,MUN-05,CIRC-05,municipal,0,
V000414,MESA-026,PUESTO-001,ZONA-01,MUN-01,CIRC-01,especial,0,
V000415,MESA-080,PUESTO-005,ZONA-05,MUN-05,CIRC-05,municipal,0,
V000416,MESA-065,PUESTO-015,ZONA-05,MUN-05,CIRC-05,municipal,0,
V000417,MESA-074,PUESTO-024,ZONA-04,MUN-04,CIRC-04,nacional,0,
V000418,MESA-064,PUESTO-014,ZONA-04,MUN-04,CIRC-04,nacional,0,
V000419,MESA-043,PUESTO-018,ZONA-08,MUN-03,CIRC-03,municipal,0,
V000420,MESA-017,PUESTO-017,ZONA-07,MUN-02,CIRC-02,nacional,0,
V000421,MESA-059,PUESTO-009,ZONA-09,MUN-04,CIRC-04,nacional,0,
V000422,MESA-023,PUESTO-023,ZONA-03,MUN-03,CIRC-03,municipal,0,
V000423,MESA-007,PUESTO-007,ZONA-07,MUN-02,CIRC-02,nacional,0,
V000424,MESA-044,PUESTO-019,ZONA-09,MUN-04,CIRC-04,nacional,0,
V000425,MESA-053,PUESTO-003,ZONA-03,MUN-03,CIRC-03,municipal,0,
V000426,MESA-071,PUESTO-021,ZONA-01,MUN-01,CIRC-01,especial,0,
V000427,MESA-079,PUESTO-004,ZONA-04,MUN-04,CIRC-04,nacional,0,
V000428,MESA-034,PUESTO-009,ZONA-09,MUN-04,CIRC-04,nacional,0,
V000429,MESA-046,PUESTO-021,ZONA-01,MUN-01,CIRC-01,especial,0,
V000430,MESA-068,PUESTO-018,ZONA-08,MUN-03,CIRC-03,municipal,0,
V000431,MESA-078,PUESTO-003,ZONA-03,MUN-03,CIRC-03,municipal,0,
V000432,MESA-078,PUESTO-003,ZONA-03,MUN-03,CIRC-03,municipal,0,
V000433,MESA-016,PUESTO-016,ZONA-06,MUN-01,CIRC-01,especial,0,
V000434,MESA-071,PUESTO-021,ZONA-01,MUN-01,CIRC-01,especial,0,
V000435,MESA-019,PUESTO-019,ZONA-09,MUN-04,CIRC-04,nacional,0,
V000436,MESA-002,PUESTO-002,ZONA-02,MUN-02,CIRC-02,nacional,0,
V000437,MESA-010,PUESTO-010,ZONA-10,MUN-05,CIRC-05,municipal,0,
V000438,MESA-050,PUESTO-025,ZONA-05,MUN-05,CIRC-05,municipal,0,
V000439,MESA-012,PUESTO-012,ZONA-02,MUN-02,CIRC-02,nacional,0,
V000440,MESA-070,PUESTO-020,ZONA-10,MUN-05,CIRC-05,municipal,0,
V000441,MESA-022,PUESTO-022,ZONA-02,MUN-02,CIRC-02,nacional,0,
V000442,MESA-032,PUESTO-007,ZONA-07,MUN-02,CIRC-02,nacional,0,
V000443,MESA-001,PUESTO-001,ZONA-01,MUN-01,CIRC-01,especial,0,
V000444,MESA-054,PUESTO-004,ZONA-04,MUN-04,CIRC-04,nacional,0,
V000445,MESA-058,PUESTO-008,ZONA-08,MUN-03,CIRC-03,municipal,0,
V000446,MESA-070,PUESTO-020,ZONA-10,MUN-05,CIRC-05,municipal,0,
V000447,MESA-018,PUESTO-018,ZONA-08,MUN-03,CIRC-03,municipal,0,
V000448,MESA-006,PUESTO-006,ZONA-06,MUN-01,CIRC-01,especial,0,
V000449,MESA-045,PUESTO-020,ZONA-10,MUN-05,CIRC-05,municipal,0,
V000450,MESA-023,PUESTO-023,ZONA-03,MUN-03,CIRC-03,municipal,0,
V000451,MESA-023,PUESTO-023,ZONA-03,MUN-03,CIRC-03,municipal,0,
V000452,MESA-026,PUESTO-001,ZONA-01,MUN-01,CIRC-01,especial,0,
V000453,MESA-077,PUESTO-002,ZONA-02,MUN-02,CIRC-02,nacional,0,
V000454,MESA-007,PUESTO-007,ZONA-07,MUN-02,CIRC-02,nacional,0,
V000455,MESA-079,PUESTO-004,ZONA-04,MUN-04,CIRC-04,nacional,0,
V000456,MESA-044,PUESTO-019,ZONA-09,MUN-04,CIRC-04,nacional,0,
V000457,MESA-027,PUESTO-002,ZONA-02,MUN-02,CIRC-02,nacional,0,
V000458,MESA-026,PUESTO-001,ZONA-01,MUN-01,CIRC-01,especial,0,
V000459,MESA-079,PUESTO-004,ZONA-04,MUN-04,CIRC-04,nacional,0,
V000460,MESA-036,PUESTO-011,ZONA-01,MUN-01,CIRC-01,especial,0,
V000461,MESA-055,PUESTO-005,ZONA-05,MUN-05,CIRC-05,municipal,0,
V000462,MESA-064,PUESTO-014,ZONA-04,MUN-04,CIRC-04,nacional,0,
V000463,MESA-057,PUESTO-007,ZONA-07,MUN-02,CIRC-02,nacional,0,
V000464,MESA-069,PUESTO-019,ZONA-09,MUN-04,CIRC-04,nacional,0,
V000465,MESA-061,PUESTO-011,ZONA-01,MUN-01,CIRC-01,nacional,0,
V000466,MESA-002,PUESTO-002,ZONA-02,MUN-02,CIRC-02,nacional,0,
V000467,MESA-055,PUESTO-005,ZONA-05,MUN-05,CIRC-05,municipal,0,
V000468,MESA-080,PUESTO-005,ZONA-05,MUN-05,CIRC-05,municipal,0,
V000469,MESA-038,PUESTO-013,ZONA-03,MUN-03,CIRC-03,municipal,0,
V000470,MESA-080,PUESTO-005,ZONA-05,MUN-05,CIRC-05,municipal,0,
V000471,MESA-078,PUESTO-003,ZONA-03,MUN-03,CIRC-03,municipal,0,
V000472,MESA-029,PUESTO-004,ZONA-04,MUN-04,CIRC-04,nacional,0,
V000473,MESA-026,PUESTO-001,ZONA-01,MUN-01,CIRC-01,especial,0,
V000474,MESA-035,PUESTO-010,ZONA-10,MUN-05,CIRC-05,municipal,0,
V000475,MESA-079,PUESTO-004,ZONA-04,MUN-04,CIRC-04,nacional,0,
V000476,MESA-067,PUESTO-017,ZONA-07,MUN-02,CIRC-02,nacional,0,
V000477,MESA-029,PUESTO-004,ZONA-04,MUN-04,CIRC-04,nacional,0,
V000478,MESA-034,PUESTO-009,ZONA-09,MUN-04,CIRC-04,nacional,0,
V000479,MESA-041,PUESTO-016,ZONA-06,MUN-01,CIRC-01,especial,0,
V000480,MESA-041,PUESTO-016,ZONA-06,MUN-01,CIRC-01,especial,0,
V000481,MESA-023,PUESTO-023,ZONA-03,MUN-03,CIRC-03,municipal,0,
V000482,MESA-071,PUESTO-021,ZONA-01,MUN-01,CIRC-01,especial,0,
V000483,MESA-003,PUESTO-003,ZONA-03,MUN-03,CIRC-03,municipal,0,
V000484,MESA-058,PUESTO-008,ZONA-08,MUN-03,CIRC-03,municipal,0,
V000485,MESA-032,PUESTO-007,ZONA-07,MUN-02,CIRC-02,nacional,0,
V000486,MESA-031,PUESTO-006,ZONA-06,MUN-01,CIRC-01,especial,0,
V000487,MESA-043,PUESTO-018,ZONA-08,MUN-03,CIRC-03,municipal,0,
V000488,MESA-007,PUESTO-007,ZONA-07,MUN-02,CIRC-02,nacional,0,
V000489,MESA-001,PUESTO-001,ZONA-01,MUN-01,CIRC-01,especial,0,
V000490,MESA-061,PUESTO-011,ZONA-01,MUN-01,CIRC-01,especial,0,
V000491,MESA-014,PUESTO-014,ZONA-04,MUN-04,CIRC-04,nacional,0,
V000492,MESA-052,PUESTO-002,ZONA-02,MUN-02,CIRC-02,nacional,0,
V000493,MESA-006,PUESTO-006,ZONA-06,MUN-01,CIRC-01,especial,0,
V000494,MESA-010,PUESTO-010,ZONA-10,MUN-05,CIRC-05,municipal,0,
V000495,MESA-071,PUESTO-021,ZONA-01,MUN-01,CIRC-02,especial,0,
V000496,MESA-030,PUESTO-005,ZONA-05,MUN-05,CIRC-05,municipal,0,
V000497,MESA-021,PUESTO-021,ZONA-01,MUN-01,CIRC-01,especial,0,
V000498,MESA-060,PUESTO-010,ZONA-10,MUN-05,CIRC-05,municipal,0,
V000499,MESA-074,PUESTO-024,ZONA-04,MUN-04,CIRC-04,nacional,0,
V000500,MESA-063,PUESTO-013,ZONA-03,MUN-03,CIRC-03,municipal,0,
V000501,MESA-042,PUESTO-017,ZONA-07,MUN-02,CIRC-02,nacional,0,
V000502,MESA-051,PUESTO-001,ZONA-01,MUN-01,CIRC-01,especial,0,
V000503,MESA-064,PUESTO-014,ZONA-04,MUN-04,CIRC-04,nacional,0,
V000504,MESA-076,PUESTO-001,ZONA-01,MUN-01,CIRC-01,especial,0,
V000505,MESA-056,PUESTO-006,ZONA-06,MUN-01,CIRC-01,especial,0,
V000506,MESA-080,PUESTO-005,ZONA-05,MUN-05,CIRC-05,municipal,0,
V000507,MESA-041,PUESTO-016,ZONA-06,MUN-01,CIRC-01,especial,0,
V000508,MESA-032,PUESTO-007,ZONA-07,MUN-02,CIRC-02,nacional,0,
V000509,MESA-015,PUESTO-015,ZONA-05,MUN-05,CIRC-05,municipal,0,
V000510,MESA-062,PUESTO-012,ZONA-02,MUN-02,CIRC-02,nacional,0,
V000511,MESA-027,PUESTO-002,ZONA-02,MUN-02,CIRC-04,nacional,0,
V000512,MESA-028,PUESTO-003,ZONA-03,MUN-03,CIRC-03,municipal,0,
V000513,MESA-064,PUESTO-014,ZONA-04,MUN-04,CIRC-04,nacional,0,
V000514,MESA-059,PUESTO-009,ZONA-09,MUN-04,CIRC-04,nacional,0,
V000515,MESA-058,PUESTO-008,ZONA-08,MUN-03,CIRC-03,municipal,0,
V000516,MESA-002,PUESTO-002,ZONA-02,MUN-02,CIRC-02,nacional,0,
V000517,MESA-036,PUESTO-011,ZONA-01,MUN-01,CIRC-01,especial,0,
V000518,MESA-071,PUESTO-021,ZONA-01,MUN-01,CIRC-01,especial,0,
V000519,MESA-004,PUESTO-004,ZONA-04,MUN-04,CIRC-03,municipal,0,inconsistencia_simulada_mesa
V000520,MESA-015,PUESTO-015,ZONA-05,MUN-05,CIRC-05,municipal,0,
V000521,MESA-060,PUESTO-010,ZONA-10,MUN-05,CIRC-05,municipal,0,
V000522,MESA-022,PUESTO-022,ZONA-02,MUN-02,CIRC-02,nacional,0,
V000523,MESA-063,PUESTO-013,ZONA-03,MUN-03,CIRC-03,municipal,0,
V000524,MESA-075,PUESTO-025,ZONA-05,MUN-05,CIRC-05,municipal,0,
V000525,MESA-074,PUESTO-024,ZONA-04,MUN-04,CIRC-04,nacional,0,
V000526,MESA-025,PUESTO-025,ZONA-05,MUN-05,CIRC-05,municipal,0,
V000527,MESA-048,PUESTO-023,ZONA-03,MUN-03,CIRC-03,municipal,0,
V000528,MESA-043,PUESTO-018,ZONA-08,MUN-03,CIRC-03,municipal,0,
V000529,MESA-038,PUESTO-013,ZONA-03,MUN-03,CIRC-03,municipal,0,
V000530,MESA-041,PUESTO-016,ZONA-06,MUN-01,CIRC-01,especial,0,
V000531,MESA-045,PUESTO-020,ZONA-10,MUN-05,CIRC-05,municipal,0,
V000532,MESA-040,PUESTO-015,ZONA-05,MUN-05,CIRC-05,municipal,0,
V000533,MESA-017,PUESTO-017,ZONA-07,MUN-02,CIRC-02,nacional,0,
V000534,MESA-057,PUESTO-007,ZONA-07,MUN-02,CIRC-02,nacional,0,
V000535,MESA-002,PUESTO-002,ZONA-02,MUN-02,CIRC-02,nacional,0,
V000536,MESA-062,PUESTO-012,ZONA-02,MUN-02,CIRC-02,nacional,0,
V000537,MESA-009,PUESTO-009,ZONA-09,MUN-04,CIRC-04,nacional,0,
V000538,MESA-068,PUESTO-018,ZONA-08,MUN-03,CIRC-03,municipal,0,
V000539,MESA-017,PUESTO-017,ZONA-07,MUN-02,CIRC-02,nacional,0,
V000540,MESA-050,PUESTO-025,ZONA-05,MUN-05,CIRC-05,municipal,0,
V000541,MESA-040,PUESTO-015,ZONA-05,MUN-05,CIRC-05,municipal,0,
V000542,MESA-058,PUESTO-008,ZONA-08,MUN-03,CIRC-03,municipal,0,
V000543,MESA-075,PUESTO-025,ZONA-05,MUN-05,CIRC-05,municipal,0,
V000544,MESA-021,PUESTO-021,ZONA-01,MUN-01,CIRC-01,especial,0,
V000545,MESA-018,PUESTO-018,ZONA-08,MUN-03,CIRC-03,municipal,0,
V000546,MESA-055,PUESTO-005,ZONA-05,MUN-05,CIRC-05,municipal,0,
V000547,MESA-029,PUESTO-004,ZONA-04,MUN-04,CIRC-04,nacional,0,
V000548,MESA-024,PUESTO-024,ZONA-04,MUN-04,CIRC-04,nacional,0,
V000549,MESA-074,PUESTO-024,ZONA-04,MUN-04,CIRC-04,nacional,0,
V000550,MESA-017,PUESTO-017,ZONA-07,MUN-02,CIRC-02,nacional,0,
V000551,MESA-018,PUESTO-018,ZONA-08,MUN-03,CIRC-03,municipal,0,
V000552,MESA-042,PUESTO-017,ZONA-07,MUN-02,CIRC-02,nacional,0,
V000553,MESA-045,PUESTO-020,ZONA-10,MUN-05,CIRC-05,municipal,0,
V000554,MESA-017,PUESTO-017,ZONA-07,MUN-02,CIRC-02,nacional,0,
V000555,MESA-073,PUESTO-023,ZONA-03,MUN-03,CIRC-03,municipal,0,
V000556,MESA-014,PUESTO-014,ZONA-04,MUN-04,CIRC-04,nacional,0,
V000557,MESA-049,PUESTO-024,ZONA-04,MUN-04,CIRC-04,nacional,0,
V000558,MESA-029,PUESTO-004,ZONA-04,MUN-04,CIRC-04,nacional,0,
V000559,MESA-004,PUESTO-004,ZONA-04,MUN-04,CIRC-04,nacional,0,
V000560,MESA-020,PUESTO-020,ZONA-10,MUN-05,CIRC-05,municipal,0,
V000561,MESA-047,PUESTO-022,ZONA-02,MUN-02,CIRC-02,nacional,0,
V000562,MESA-009,PUESTO-009,ZONA-09,MUN-04,CIRC-04,nacional,0,
V000563,MESA-077,PUESTO-002,ZONA-02,MUN-02,CIRC-02,nacional,0,
V000564,MESA-079,PUESTO-004,ZONA-04,MUN-04,CIRC-04,nacional,0,
V000565,MESA-027,PUESTO-002,ZONA-02,MUN-02,CIRC-02,nacional,0,
V000566,MESA-015,PUESTO-015,ZONA-05,MUN-05,CIRC-05,municipal,0,
V000567,MESA-019,PUESTO-019,ZONA-09,MUN-04,CIRC-04,nacional,0,
V000568,MESA-052,PUESTO-002,ZONA-02,MUN-02,CIRC-02,nacional,0,
V000569,MESA-026,PUESTO-001,ZONA-01,MUN-01,CIRC-01,especial,0,
V000570,MESA-026,PUESTO-001,ZONA-01,MUN-01,CIRC-01,especial,0,
V000571,MESA-026,PUESTO-001,ZONA-01,MUN-01,CIRC-01,especial,0,
V000572,MESA-046,PUESTO-021,ZONA-01,MUN-01,CIRC-01,especial,0,
V000573,MESA-049,PUESTO-024,ZONA-04,MUN-04,CIRC-04,nacional,0,
V000574,MESA-053,PUESTO-003,ZONA-03,MUN-03,CIRC-03,municipal,0,
V000575,MESA-003,PUESTO-003,ZONA-03,MUN-03,CIRC-03,municipal,0,
V000576,MESA-066,PUESTO-016,ZONA-06,MUN-01,CIRC-01,especial,0,
V000577,MESA-042,PUESTO-017,ZONA-07,MUN-02,CIRC-02,nacional,0,
V000578,MESA-019,PUESTO-019,ZONA-09,MUN-04,CIRC-04,nacional,0,
V000579,MESA-017,PUESTO-017,ZONA-07,MUN-02,CIRC-02,nacional,0,
V000580,MESA-033,PUESTO-008,ZONA-08,MUN-03,CIRC-03,municipal,0,
V000581,MESA-076,PUESTO-001,ZONA-01,MUN-01,CIRC-01,especial,0,
V000582,MESA-049,PUESTO-024,ZONA-04,MUN-04,CIRC-04,nacional,0,
V000583,MESA-056,PUESTO-006,ZONA-06,MUN-01,CIRC-01,especial,0,
V000584,MESA-063,PUESTO-013,ZONA-03,MUN-03,CIRC-03,municipal,0,
V000585,MESA-003,PUESTO-003,ZONA-03,MUN-03,CIRC-03,municipal,0,
V000586,MESA-049,PUESTO-024,ZONA-04,MUN-04,CIRC-04,nacional,0,
V000587,MESA-055,PUESTO-005,ZONA-05,MUN-05,CIRC-05,municipal,0,
V000588,MESA-026,PUESTO-001,ZONA-01,MUN-01,CIRC-01,especial,0,
V000589,MESA-072,PUESTO-022,ZONA-02,MUN-02,CIRC-02,nacional,0,
V000590,MESA-052,PUESTO-002,ZONA-02,MUN-02,CIRC-02,nacional,0,
V000591,MESA-007,PUESTO-007,ZONA-07,MUN-02,CIRC-02,nacional,0,
V000592,MESA-046,PUESTO-021,ZONA-01,MUN-01,CIRC-01,municipal,0,
V000593,MESA-046,PUESTO-021,ZONA-01,MUN-01,CIRC-01,especial,0,
V000594,MESA-016,PUESTO-016,ZONA-06,MUN-01,CIRC-01,especial,0,
V000595,MESA-024,PUESTO-024,ZONA-04,MUN-04,CIRC-04,nacional,0,
V000596,MESA-061,PUESTO-011,ZONA-01,MUN-01,CIRC-01,especial,0,
V000597,MESA-054,PUESTO-004,ZONA-04,MUN-04,CIRC-04,nacional,0,
V000598,MESA-062,PUESTO-012,ZONA-02,MUN-02,CIRC-02,nacional,0,
V000599,MESA-001,PUESTO-001,ZONA-01,MUN-01,CIRC-01,especial,0,
V000600,MESA-049,PUESTO-024,ZONA-04,MUN-04,CIRC-04,nacional,0,
V000601,MESA-025,PUESTO-025,ZONA-05,MUN-05,CIRC-05,municipal,0,
V000602,MESA-010,PUESTO-010,ZONA-10,MUN-05,CIRC-05,municipal,0,
V000603,MESA-080,PUESTO-005,ZONA-05,MUN-05,CIRC-05,municipal,0,
V000604,MESA-016,PUESTO-016,ZONA-06,MUN-01,CIRC-01,especial,0,
V000605,MESA-058,PUESTO-008,ZONA-08,MUN-03,CIRC-03,municipal,0,
V000606,MESA-072,PUESTO-022,ZONA-02,MUN-02,CIRC-02,nacional,0,
V000607,MESA-029,PUESTO-004,ZONA-04,MUN-04,CIRC-04,nacional,0,
V000608,MESA-006,PUESTO-006,ZONA-06,MUN-01,CIRC-01,especial,0,
V000609,MESA-016,PUESTO-016,ZONA-06,MUN-01,CIRC-01,especial,0,
V000610,MESA-020,PUESTO-020,ZONA-10,MUN-05,CIRC-05,municipal,0,
V000611,MESA-080,PUESTO-005,ZONA-05,MUN-05,CIRC-05,municipal,0,
V000612,MESA-071,PUESTO-021,ZONA-01,MUN-01,CIRC-01,especial,0,
V000613,MESA-078,PUESTO-003,ZONA-03,MUN-03,CIRC-03,municipal,0,
V000614,MESA-043,PUESTO-018,ZONA-08,MUN-03,CIRC-03,municipal,0,
V000615,MESA-026,PUESTO-001,ZONA-01,MUN-01,CIRC-01,especial,0,
V000616,MESA-078,PUESTO-003,ZONA-03,MUN-03,CIRC-03,municipal,0,
V000617,MESA-071,PUESTO-021,ZONA-01,MUN-01,CIRC-01,especial,0,
V000618,MESA-033,PUESTO-008,ZONA-08,MUN-03,CIRC-03,municipal,0,
V000619,MESA-026,PUESTO-001,ZONA-01,MUN-01,CIRC-01,especial,0,
V000620,MESA-045,PUESTO-020,ZONA-10,MUN-05,CIRC-05,municipal,0,
V000621,MESA-063,PUESTO-013,ZONA-03,MUN-03,CIRC-03,municipal,0,
V000622,MESA-067,PUESTO-017,ZONA-07,MUN-02,CIRC-02,nacional,0,
V000623,MESA-052,PUESTO-002,ZONA-02,MUN-02,CIRC-02,nacional,0,
V000624,MESA-068,PUESTO-018,ZONA-08,MUN-03,CIRC-03,municipal,0,
V000625,MESA-026,PUESTO-001,ZONA-01,MUN-01,CIRC-01,especial,0,
V000626,MESA-075,PUESTO-025,ZONA-05,MUN-05,CIRC-03,municipal,0,
V000627,MESA-002,PUESTO-002,ZONA-02,MUN-02,CIRC-02,nacional,0,
V000628,MESA-014,PUESTO-014,ZONA-04,MUN-04,CIRC-04,nacional,0,
V000629,MESA-030,PUESTO-005,ZONA-05,MUN-05,CIRC-05,municipal,0,
V000630,MESA-049,PUESTO-024,ZONA-04,MUN-04,CIRC-04,nacional,0,
V000631,MESA-012,PUESTO-012,ZONA-02,MUN-02,CIRC-02,nacional,0,
V000632,MESA-044,PUESTO-019,ZONA-09,MUN-04,CIRC-04,nacional,0,
V000633,MESA-033,PUESTO-008,ZONA-08,MUN-03,CIRC-03,municipal,0,
V000634,MESA-013,PUESTO-013,ZONA-03,MUN-03,CIRC-03,municipal,0,
V000635,MESA-078,PUESTO-003,ZONA-03,MUN-03,CIRC-03,municipal,0,
V000636,MESA-026,PUESTO-001,ZONA-01,MUN-01,CIRC-01,especial,0,
V000637,MESA-021,PUESTO-021,ZONA-01,MUN-01,CIRC-01,especial,0,
V000638,MESA-028,PUESTO-003,ZONA-03,MUN-03,CIRC-03,municipal,0,
V000639,MESA-048,PUESTO-023,ZONA-03,MUN-03,CIRC-03,municipal,0,
V000640,MESA-040,PUESTO-015,ZONA-05,MUN-05,CIRC-05,nacional,0,
V000641,MESA-066,PUESTO-016,ZONA-06,MUN-01,CIRC-01,especial,0,
V000642,MESA-073,PUESTO-023,ZONA-03,MUN-03,CIRC-03,municipal,0,
V000643,MESA-079,PUESTO-004,ZONA-04,MUN-04,CIRC-04,nacional,0,
V000644,MESA-077,PUESTO-002,ZONA-02,MUN-02,CIRC-02,nacional,0,
V000645,MESA-023,PUESTO-023,ZONA-03,MUN-03,CIRC-03,municipal,0,
V000646,MESA-048,PUESTO-023,ZONA-03,MUN-03,CIRC-03,municipal,0,
V000647,MESA-002,PUESTO-002,ZONA-02,MUN-02,CIRC-02,nacional,0,
V000648,MESA-020,PUESTO-020,ZONA-10,MUN-05,CIRC-05,municipal,0,
V000649,MESA-059,PUESTO-009,ZONA-09,MUN-04,CIRC-04,nacional,0,
V000650,MESA-046,PUESTO-021,ZONA-01,MUN-01,CIRC-01,especial,0,
V000651,MESA-003,PUESTO-003,ZONA-03,MUN-03,CIRC-03,municipal,0,
V000652,MESA-055,PUESTO-005,ZONA-05,MUN-05,CIRC-05,municipal,0,
V000653,MESA-012,PUESTO-012,ZONA-02,MUN-02,CIRC-02,nacional,0,
V000654,MESA-040,PUESTO-015,ZONA-05,MUN-05,CIRC-05,municipal,0,
V000655,MESA-066,PUESTO-016,ZONA-06,MUN-01,CIRC-01,especial,0,
V000656,MESA-078,PUESTO-003,ZONA-03,MUN-03,CIRC-03,municipal,0,
V000657,MESA-016,PUESTO-016,ZONA-06,MUN-01,CIRC-01,especial,0,
V000658,MESA-034,PUESTO-009,ZONA-09,MUN-04,CIRC-04,nacional,0,
V000659,MESA-044,PUESTO-019,ZONA-09,MUN-04,CIRC-04,nacional,0,
V000660,MESA-006,PUESTO-006,ZONA-06,MUN-01,CIRC-01,especial,0,
V000661,MESA-077,PUESTO-002,ZONA-02,MUN-02,CIRC-02,nacional,0,
V000662,MESA-064,PUESTO-014,ZONA-04,MUN-04,CIRC-04,nacional,0,
V000663,MESA-022,PUESTO-022,ZONA-02,MUN-02,CIRC-02,nacional,0,
V000664,MESA-018,PUESTO-018,ZONA-08,MUN-03,CIRC-03,municipal,0,
V000665,MESA-012,PUESTO-012,ZONA-02,MUN-02,CIRC-02,nacional,0,
V000666,MESA-052,PUESTO-002,ZONA-02,MUN-02,CIRC-02,nacional,0,
V000667,MESA-051,PUESTO-001,ZONA-01,MUN-01,CIRC-01,especial,0,
V000668,MESA-071,PUESTO-021,ZONA-01,MUN-01,CIRC-01,especial,0,
V000669,MESA-048,PUESTO-023,ZONA-03,MUN-03,CIRC-03,municipal,0,
V000670,MESA-019,PUESTO-019,ZONA-09,MUN-04,CIRC-04,nacional,0,
V000671,MESA-006,PUESTO-006,ZONA-06,MUN-01,CIRC-01,especial,0,
V000672,MESA-027,PUESTO-002,ZONA-02,MUN-02,CIRC-02,nacional,0,
V000673,MESA-053,PUESTO-003,ZONA-03,MUN-03,CIRC-03,municipal,0,
V000674,MESA-048,PUESTO-023,ZONA-03,MUN-03,CIRC-03,municipal,0,
V000675,MESA-007,PUESTO-007,ZONA-07,MUN-02,CIRC-02,nacional,0,
V000676,MESA-059,PUESTO-009,ZONA-09,MUN-04,CIRC-04,nacional,0,
V000677,MESA-069,PUESTO-019,ZONA-09,MUN-04,CIRC-04,nacional,0,
V000678,MESA-011,PUESTO-011,ZONA-01,MUN-01,CIRC-01,especial,0,
V000679,MESA-033,PUESTO-008,ZONA-08,MUN-03,CIRC-05,municipal,0,inconsistencia_simulada_mesa
V000680,MESA-064,PUESTO-014,ZONA-04,MUN-04,CIRC-04,nacional,0,
V000681,MESA-003,PUESTO-003,ZONA-03,MUN-03,CIRC-03,municipal,0,
V000682,MESA-049,PUESTO-024,ZONA-04,MUN-04,CIRC-04,nacional,0,inconsistencia_simulada_mesa
V000683,MESA-023,PUESTO-023,ZONA-03,MUN-03,CIRC-03,municipal,0,
V000684,MESA-053,PUESTO-003,ZONA-03,MUN-03,CIRC-03,municipal,0,
V000685,MESA-037,PUESTO-012,ZONA-02,MUN-02,CIRC-02,nacional,0,
V000686,MESA-009,PUESTO-009,ZONA-09,MUN-04,CIRC-04,nacional,0,
V000687,MESA-015,PUESTO-015,ZONA-05,MUN-05,CIRC-05,municipal,0,
V000688,MESA-003,PUESTO-003,ZONA-03,MUN-03,CIRC-03,municipal,0,
V000689,MESA-070,PUESTO-020,ZONA-10,MUN-05,CIRC-02,municipal,0,
V000690,MESA-017,PUESTO-017,ZONA-07,MUN-02,CIRC-02,nacional,0,
V000691,MESA-026,PUESTO-001,ZONA-01,MUN-01,CIRC-01,especial,0,
V000692,MESA-021,PUESTO-021,ZONA-01,MUN-01,CIRC-01,especial,0,
V000693,MESA-072,PUESTO-022,ZONA-02,MUN-02,CIRC-02,nacional,0,
V000694,MESA-021,PUESTO-021,ZONA-01,MUN-01,CIRC-01,especial,0,
V000695,MESA-011,PUESTO-011,ZONA-01,MUN-01,CIRC-01,especial,0,
V000696,MESA-038,PUESTO-013,ZONA-03,MUN-03,CIRC-03,municipal,0,
V000697,MESA-072,PUESTO-022,ZONA-02,MUN-02,CIRC-02,nacional,0,
V000698,MESA-035,PUESTO-010,ZONA-10,MUN-05,CIRC-05,municipal,0,
V000699,MESA-014,PUESTO-014,ZONA-04,MUN-04,CIRC-04,nacional,0,
V000700,MESA-014,PUESTO-014,ZONA-04,MUN-04,CIRC-04,nacional,0,
V000701,MESA-010,PUESTO-010,ZONA-10,MUN-05,CIRC-05,municipal,0,
V000702,MESA-012,PUESTO-012,ZONA-02,MUN-02,CIRC-02,nacional,0,
V000703,MESA-038,PUESTO-013,ZONA-03,MUN-03,CIRC-03,municipal,0,
V000704,MESA-034,PUESTO-009,ZONA-09,MUN-04,CIRC-04,nacional,0,
V000705,MESA-041,PUESTO-016,ZONA-06,MUN-01,CIRC-01,especial,0,
V000706,MESA-010,PUESTO-010,ZONA-10,MUN-05,CIRC-05,municipal,0,
V000707,MESA-017,PUESTO-017,ZONA-07,MUN-02,CIRC-02,nacional,0,
V000708,MESA-017,PUESTO-017,ZONA-07,MUN-02,CIRC-02,nacional,0,
V000709,MESA-067,PUESTO-017,ZONA-07,MUN-02,CIRC-02,nacional,0,
V000710,MESA-062,PUESTO-012,ZONA-02,MUN-02,CIRC-02,nacional,0,
V000711,MESA-001,PUESTO-001,ZONA-01,MUN-01,CIRC-01,especial,0,
V000712,MESA-012,PUESTO-012,ZONA-02,MUN-02,CIRC-02,nacional,0,
V000713,MESA-004,PUESTO-004,ZONA-04,MUN-04,CIRC-04,nacional,0,
V000714,MESA-042,PUESTO-017,ZONA-07,MUN-02,CIRC-02,nacional,0,
V000715,MESA-013,PUESTO-013,ZONA-03,MUN-03,CIRC-03,municipal,0,
V000716,MESA-004,PUESTO-004,ZONA-04,MUN-04,CIRC-04,nacional,0,
V000717,MESA-069,PUESTO-019,ZONA-09,MUN-04,CIRC-04,nacional,0,
V000718,MESA-019,PUESTO-019,ZONA-09,MUN-04,CIRC-01,nacional,0,
V000719,MESA-002,PUESTO-002,ZONA-02,MUN-02,CIRC-02,nacional,0,
V000720,MESA-012,PUESTO-012,ZONA-02,MUN-02,CIRC-02,nacional,0,
V000721,MESA-074,PUESTO-024,ZONA-04,MUN-04,CIRC-04,nacional,0,
V000722,MESA-006,PUESTO-006,ZONA-06,MUN-01,CIRC-01,especial,0,
V000723,MESA-008,PUESTO-008,ZONA-08,MUN-03,CIRC-03,municipal,0,
V000724,MESA-051,PUESTO-001,ZONA-01,MUN-01,CIRC-01,especial,0,
V000725,MESA-011,PUESTO-011,ZONA-01,MUN-01,CIRC-01,especial,0,
V000726,MESA-063,PUESTO-013,ZONA-03,MUN-03,CIRC-03,municipal,0,
V000727,MESA-057,PUESTO-007,ZONA-07,MUN-02,CIRC-02,nacional,0,
V000728,MESA-012,PUESTO-012,ZONA-02,MUN-02,CIRC-02,nacional,0,
V000729,MESA-073,PUESTO-023,ZONA-03,MUN-03,CIRC-03,municipal,0,
V000730,MESA-002,PUESTO-002,ZONA-02,MUN-02,CIRC-02,nacional,0,
V000731,MESA-008,PUESTO-008,ZONA-08,MUN-03,CIRC-03,municipal,0,
V000732,MESA-011,PUESTO-011,ZONA-01,MUN-01,CIRC-01,especial,0,
V000733,MESA-053,PUESTO-003,ZONA-03,MUN-03,CIRC-03,municipal,0,
V000734,MESA-019,PUESTO-019,ZONA-09,MUN-04,CIRC-05,municipal,0,inconsistencia_simulada_mesa
V000735,MESA-008,PUESTO-008,ZONA-08,MUN-03,CIRC-03,municipal,0,
V000736,MESA-036,PUESTO-011,ZONA-01,MUN-01,CIRC-01,especial,0,
V000737,MESA-076,PUESTO-001,ZONA-01,MUN-01,CIRC-01,especial,0,
V000738,MESA-014,PUESTO-014,ZONA-04,MUN-04,CIRC-04,nacional,0,
V000739,MESA-054,PUESTO-004,ZONA-04,MUN-04,CIRC-04,nacional,0,
V000740,MESA-021,PUESTO-021,ZONA-01,MUN-01,CIRC-01,especial,0,
V000741,MESA-050,PUESTO-025,ZONA-05,MUN-05,CIRC-05,municipal,0,
V000742,MESA-039,PUESTO-014,ZONA-04,MUN-04,CIRC-04,nacional,0,
V000743,MESA-020,PUESTO-020,ZONA-10,MUN-05,CIRC-05,municipal,0,
V000744,MESA-007,PUESTO-007,ZONA-07,MUN-02,CIRC-02,nacional,0,
V000745,MESA-009,PUESTO-009,ZONA-09,MUN-04,CIRC-04,nacional,0,
V000746,MESA-001,PUESTO-001,ZONA-01,MUN-01,CIRC-01,especial,0,
V000747,MESA-026,PUESTO-001,ZONA-01,MUN-01,CIRC-01,especial,0,
V000748,MESA-038,PUESTO-013,ZONA-03,MUN-03,CIRC-03,municipal,0,
V000749,MESA-038,PUESTO-013,ZONA-03,MUN-03,CIRC-03,municipal,0,
V000750,MESA-061,PUESTO-011,ZONA-01,MUN-01,CIRC-01,especial,0,
V000751,MESA-044,PUESTO-019,ZONA-09,MUN-04,CIRC-04,nacional,0,
V000752,MESA-044,PUESTO-019,ZONA-09,MUN-04,CIRC-04,nacional,0,
V000753,MESA-074,PUESTO-024,ZONA-04,MUN-04,CIRC-04,nacional,0,
V000754,MESA-062,PUESTO-012,ZONA-02,MUN-02,CIRC-02,nacional,0,
V000755,MESA-006,PUESTO-006,ZONA-06,MUN-01,CIRC-01,especial,0,
V000756,MESA-017,PUESTO-017,ZONA-07,MUN-02,CIRC-02,nacional,0,
V000757,MESA-051,PUESTO-001,ZONA-01,MUN-01,CIRC-01,especial,0,
V000758,MESA-038,PUESTO-013,ZONA-03,MUN-03,CIRC-03,municipal,0,
V000759,MESA-024,PUESTO-024,ZONA-04,MUN-04,CIRC-04,nacional,0,
V000760,MESA-051,PUESTO-001,ZONA-01,MUN-01,CIRC-01,especial,0,
V000761,MESA-010,PUESTO-010,ZONA-10,MUN-05,CIRC-05,municipal,0,
V000762,MESA-072,PUESTO-022,ZONA-02,MUN-02,CIRC-05,nacional,0,
V000763,MESA-021,PUESTO-021,ZONA-01,MUN-01,CIRC-01,especial,0,
V000764,MESA-070,PUESTO-020,ZONA-10,MUN-05,CIRC-05,municipal,0,
V000765,MESA-038,PUESTO-013,ZONA-03,MUN-03,CIRC-02,nacional,0,inconsistencia_simulada_mesa
V000766,MESA-010,PUESTO-010,ZONA-10,MUN-05,CIRC-04,nacional,0,inconsistencia_simulada_mesa
V000767,MESA-033,PUESTO-008,ZONA-08,MUN-03,CIRC-03,municipal,0,
V000768,MESA-059,PUESTO-009,ZONA-09,MUN-04,CIRC-04,nacional,0,
V000769,MESA-018,PUESTO-018,ZONA-08,MUN-03,CIRC-03,municipal,0,
V000770,MESA-056,PUESTO-006,ZONA-06,MUN-01,CIRC-01,especial,0,
V000771,MESA-057,PUESTO-007,ZONA-07,MUN-02,CIRC-02,nacional,0,
V000772,MESA-076,PUESTO-001,ZONA-01,MUN-01,CIRC-01,especial,0,
V000773,MESA-048,PUESTO-023,ZONA-03,MUN-03,CIRC-03,municipal,0,
V000774,MESA-042,PUESTO-017,ZONA-07,MUN-02,CIRC-02,municipal,0,
V000775,MESA-027,PUESTO-002,ZONA-02,MUN-02,CIRC-02,nacional,0,
V000776,MESA-074,PUESTO-024,ZONA-04,MUN-04,CIRC-04,nacional,0,
V000777,MESA-052,PUESTO-002,ZONA-02,MUN-02,CIRC-02,nacional,0,
V000778,MESA-042,PUESTO-017,ZONA-07,MUN-02,CIRC-02,nacional,0,
V000779,MESA-032,PUESTO-007,ZONA-07,MUN-02,CIRC-02,nacional,0,
V000780,MESA-026,PUESTO-001,ZONA-01,MUN-01,CIRC-01,especial,0,
V000781,MESA-025,PUESTO-025,ZONA-05,MUN-05,CIRC-05,municipal,0,
V000782,MESA-075,PUESTO-025,ZONA-05,MUN-05,CIRC-05,municipal,0,
V000783,MESA-023,PUESTO-023,ZONA-03,MUN-03,CIRC-03,municipal,0,
V000784,MESA-057,PUESTO-007,ZONA-07,MUN-02,CIRC-02,nacional,0,
V000785,MESA-052,PUESTO-002,ZONA-02,MUN-02,CIRC-02,nacional,0,
V000786,MESA-031,PUESTO-006,ZONA-06,MUN-01,CIRC-01,especial,0,
V000787,MESA-064,PUESTO-014,ZONA-04,MUN-04,CIRC-04,nacional,0,
V000788,MESA-071,PUESTO-021,ZONA-01,MUN-01,CIRC-01,especial,0,
V000789,MESA-033,PUESTO-008,ZONA-08,MUN-03,CIRC-03,municipal,0,
V000790,MESA-002,PUESTO-002,ZONA-02,MUN-02,CIRC-02,nacional,0,
V000791,MESA-018,PUESTO-018,ZONA-08,MUN-03,CIRC-03,municipal,0,
V000792,MESA-047,PUESTO-022,ZONA-02,MUN-02,CIRC-02,nacional,0,
V000793,MESA-033,PUESTO-008,ZONA-08,MUN-03,CIRC-03,especial,0,
V000794,MESA-035,PUESTO-010,ZONA-10,MUN-05,CIRC-05,municipal,0,
V000795,MESA-051,PUESTO-001,ZONA-01,MUN-01,CIRC-01,especial,0,
V000796,MESA-018,PUESTO-018,ZONA-08,MUN-03,CIRC-03,municipal,0,
V000797,MESA-072,PUESTO-022,ZONA-02,MUN-02,CIRC-02,nacional,0,
V000798,MESA-030,PUESTO-005,ZONA-05,MUN-05,CIRC-05,municipal,0,
V000799,MESA-044,PUESTO-019,ZONA-09,MUN-04,CIRC-04,nacional,0,
V000800,MESA-053,PUESTO-003,ZONA-03,MUN-03,CIRC-03,municipal,0,
V000801,MESA-010,PUESTO-010,ZONA-10,MUN-05,CIRC-05,municipal,0,
V000802,MESA-052,PUESTO-002,ZONA-02,MUN-02,CIRC-02,nacional,0,
V000803,MESA-049,PUESTO-024,ZONA-04,MUN-04,CIRC-04,nacional,0,
V000804,MESA-011,PUESTO-011,ZONA-01,MUN-01,CIRC-01,especial,0,
V000805,MESA-066,PUESTO-016,ZONA-06,MUN-01,CIRC-01,especial,0,
V000806,MESA-058,PUESTO-008,ZONA-08,MUN-03,CIRC-03,municipal,0,
V000807,MESA-036,PUESTO-011,ZONA-01,MUN-01,CIRC-01,especial,0,
V000808,MESA-033,PUESTO-008,ZONA-08,MUN-03,CIRC-03,municipal,0,
V000809,MESA-047,PUESTO-022,ZONA-02,MUN-02,CIRC-02,nacional,0,
V000810,MESA-013,PUESTO-013,ZONA-03,MUN-03,CIRC-03,municipal,0,
V000811,MESA-040,PUESTO-015,ZONA-05,MUN-05,CIRC-05,municipal,0,
V000812,MESA-068,PUESTO-018,ZONA-08,MUN-03,CIRC-03,municipal,0,
V000813,MESA-042,PUESTO-017,ZONA-07,MUN-02,CIRC-02,nacional,0,
V000814,MESA-019,PUESTO-019,ZONA-09,MUN-04,CIRC-04,nacional,0,
V000815,MESA-019,PUESTO-019,ZONA-09,MUN-04,CIRC-04,nacional,0,
V000816,MESA-058,PUESTO-008,ZONA-08,MUN-03,CIRC-03,municipal,0,
V000817,MESA-023,PUESTO-023,ZONA-03,MUN-03,CIRC-03,municipal,0,
V000818,MESA-054,PUESTO-004,ZONA-04,MUN-04,CIRC-04,nacional,0,
V000819,MESA-080,PUESTO-005,ZONA-05,MUN-05,CIRC-05,municipal,0,
V000820,MESA-065,PUESTO-015,ZONA-05,MUN-05,CIRC-05,municipal,0,
V000821,MESA-012,PUESTO-012,ZONA-02,MUN-02,CIRC-02,nacional,0,
V000822,MESA-024,PUESTO-024,ZONA-04,MUN-04,CIRC-04,nacional,0,
V000823,MESA-034,PUESTO-009,ZONA-09,MUN-04,CIRC-04,nacional,0,
V000824,MESA-053,PUESTO-003,ZONA-03,MUN-03,CIRC-03,municipal,0,
V000825,MESA-008,PUESTO-008,ZONA-08,MUN-03,CIRC-03,municipal,0,
V000826,MESA-018,PUESTO-018,ZONA-08,MUN-03,CIRC-03,municipal,0,
V000827,MESA-057,PUESTO-007,ZONA-07,MUN-02,CIRC-02,nacional,0,
V000828,MESA-005,PUESTO-005,ZONA-05,MUN-05,CIRC-05,municipal,0,
V000829,MESA-026,PUESTO-001,ZONA-01,MUN-01,CIRC-01,especial,0,
V000830,MESA-030,PUESTO-005,ZONA-05,MUN-05,CIRC-02,municipal,0,
V000831,MESA-054,PUESTO-004,ZONA-04,MUN-04,CIRC-04,nacional,0,
V000832,MESA-013,PUESTO-013,ZONA-03,MUN-03,CIRC-03,municipal,0,
V000833,MESA-029,PUESTO-004,ZONA-04,MUN-04,CIRC-04,nacional,0,
V000834,MESA-003,PUESTO-003,ZONA-03,MUN-03,CIRC-03,municipal,0,
V000835,MESA-058,PUESTO-008,ZONA-08,MUN-03,CIRC-03,municipal,0,
V000836,MESA-076,PUESTO-001,ZONA-01,MUN-01,CIRC-01,especial,0,
V000837,MESA-002,PUESTO-002,ZONA-02,MUN-02,CIRC-02,nacional,0,
V000838,MESA-075,PUESTO-025,ZONA-05,MUN-05,CIRC-05,municipal,0,
V000839,MESA-028,PUESTO-003,ZONA-03,MUN-03,CIRC-03,municipal,0,
V000840,MESA-077,PUESTO-002,ZONA-02,MUN-02,CIRC-02,nacional,0,
V000841,MESA-076,PUESTO-001,ZONA-01,MUN-01,CIRC-01,especial,0,
V000842,MESA-002,PUESTO-002,ZONA-02,MUN-02,CIRC-02,nacional,0,
V000843,MESA-007,PUESTO-007,ZONA-07,MUN-02,CIRC-02,nacional,0,
V000844,MESA-026,PUESTO-001,ZONA-01,MUN-01,CIRC-01,especial,0,
V000845,MESA-076,PUESTO-001,ZONA-01,MUN-01,CIRC-01,especial,0,
V000846,MESA-016,PUESTO-016,ZONA-06,MUN-01,CIRC-01,especial,0,
V000847,MESA-023,PUESTO-023,ZONA-03,MUN-03,CIRC-03,municipal,0,
V000848,MESA-040,PUESTO-015,ZONA-05,MUN-05,CIRC-05,municipal,0,
V000849,MESA-060,PUESTO-010,ZONA-10,MUN-05,CIRC-05,municipal,0,
V000850,MESA-073,PUESTO-023,ZONA-03,MUN-03,CIRC-03,municipal,0,
V000851,MESA-032,PUESTO-007,ZONA-07,MUN-02,CIRC-02,nacional,0,
V000852,MESA-015,PUESTO-015,ZONA-05,MUN-05,CIRC-05,municipal,0,
V000853,MESA-013,PUESTO-013,ZONA-03,MUN-03,CIRC-03,municipal,0,
V000854,MESA-005,PUESTO-005,ZONA-05,MUN-05,CIRC-01,municipal,0,
V000855,MESA-075,PUESTO-025,ZONA-05,MUN-05,CIRC-05,municipal,0,
V000856,MESA-074,PUESTO-024,ZONA-04,MUN-04,CIRC-04,nacional,0,
V000857,MESA-052,PUESTO-002,ZONA-02,MUN-02,CIRC-02,nacional,0,
V000858,MESA-077,PUESTO-002,ZONA-02,MUN-02,CIRC-02,nacional,0,
V000859,MESA-041,PUESTO-016,ZONA-06,MUN-01,CIRC-01,especial,0,
V000860,MESA-053,PUESTO-003,ZONA-03,MUN-03,CIRC-03,municipal,0,
V000861,MESA-050,PUESTO-025,ZONA-05,MUN-05,CIRC-05,municipal,0,
V000862,MESA-015,PUESTO-015,ZONA-05,MUN-05,CIRC-05,municipal,0,
V000863,MESA-007,PUESTO-007,ZONA-07,MUN-02,CIRC-02,nacional,0,
V000864,MESA-040,PUESTO-015,ZONA-05,MUN-05,CIRC-05,municipal,0,
V000865,MESA-028,PUESTO-003,ZONA-03,MUN-03,CIRC-03,municipal,0,
V000866,MESA-032,PUESTO-007,ZONA-07,MUN-02,CIRC-02,nacional,0,
V000867,MESA-015,PUESTO-015,ZONA-05,MUN-05,CIRC-05,municipal,0,
V000868,MESA-070,PUESTO-020,ZONA-10,MUN-05,CIRC-05,municipal,0,
V000869,MESA-065,PUESTO-015,ZONA-05,MUN-05,CIRC-05,municipal,0,
V000870,MESA-004,PUESTO-004,ZONA-04,MUN-04,CIRC-04,nacional,0,
V000871,MESA-011,PUESTO-011,ZONA-01,MUN-01,CIRC-01,especial,0,
V000872,MESA-026,PUESTO-001,ZONA-01,MUN-01,CIRC-01,especial,0,
V000873,MESA-061,PUESTO-011,ZONA-01,MUN-01,CIRC-01,especial,0,
V000874,MESA-037,PUESTO-012,ZONA-02,MUN-02,CIRC-02,nacional,0,
V000875,MESA-023,PUESTO-023,ZONA-03,MUN-03,CIRC-03,municipal,0,
V000876,MESA-040,PUESTO-015,ZONA-05,MUN-05,CIRC-05,municipal,0,
V000877,MESA-077,PUESTO-002,ZONA-02,MUN-02,CIRC-02,nacional,0,
V000878,MESA-023,PUESTO-023,ZONA-03,MUN-03,CIRC-03,municipal,0,
V000879,MESA-016,PUESTO-016,ZONA-06,MUN-01,CIRC-01,especial,0,
V000880,MESA-061,PUESTO-011,ZONA-01,MUN-01,CIRC-01,especial,0,
V000881,MESA-068,PUESTO-018,ZONA-08,MUN-03,CIRC-03,municipal,0,
V000882,MESA-080,PUESTO-005,ZONA-05,MUN-05,CIRC-05,municipal,0,
V000883,MESA-031,PUESTO-006,ZONA-06,MUN-01,CIRC-01,especial,0,
V000884,MESA-053,PUESTO-003,ZONA-03,MUN-03,CIRC-03,municipal,0,
V000885,MESA-025,PUESTO-025,ZONA-05,MUN-05,CIRC-05,municipal,0,
V000886,MESA-044,PUESTO-019,ZONA-09,MUN-04,CIRC-04,nacional,0,
V000887,MESA-012,PUESTO-012,ZONA-02,MUN-02,CIRC-02,nacional,0,
V000888,MESA-009,PUESTO-009,ZONA-09,MUN-04,CIRC-04,nacional,0,
V000889,MESA-012,PUESTO-012,ZONA-02,MUN-02,CIRC-02,nacional,0,
V000890,MESA-069,PUESTO-019,ZONA-09,MUN-04,CIRC-04,nacional,0,
V000891,MESA-054,PUESTO-004,ZONA-04,MUN-04,CIRC-04,nacional,0,
V000892,MESA-054,PUESTO-004,ZONA-04,MUN-04,CIRC-04,nacional,0,
V000893,MESA-028,PUESTO-003,ZONA-03,MUN-03,CIRC-03,municipal,0,
V000894,MESA-056,PUESTO-006,ZONA-06,MUN-01,CIRC-01,especial,0,
V000895,MESA-069,PUESTO-019,ZONA-09,MUN-04,CIRC-04,nacional,0,
V000896,MESA-077,PUESTO-002,ZONA-02,MUN-02,CIRC-02,nacional,0,
V000897,MESA-058,PUESTO-008,ZONA-08,MUN-03,CIRC-03,municipal,0,
V000898,MESA-078,PUESTO-003,ZONA-03,MUN-03,CIRC-03,municipal,0,
V000899,MESA-075,PUESTO-025,ZONA-05,MUN-05,CIRC-05,municipal,0,
V000900,MESA-042,PUESTO-017,ZONA-07,MUN-02,CIRC-02,nacional,0,
V000901,MESA-038,PUESTO-013,ZONA-03,MUN-03,CIRC-03,municipal,0,
V000902,MESA-068,PUESTO-018,ZONA-08,MUN-03,CIRC-03,municipal,0,
V000903,MESA-053,PUESTO-003,ZONA-03,MUN-03,CIRC-03,municipal,0,
V000904,MESA-033,PUESTO-008,ZONA-08,MUN-03,CIRC-03,municipal,0,
V000905,MESA-071,PUESTO-021,ZONA-01,MUN-01,CIRC-01,especial,0,
V000906,MESA-056,PUESTO-006,ZONA-06,MUN-01,CIRC-01,especial,0,
V000907,MESA-072,PUESTO-022,ZONA-02,MUN-02,CIRC-02,nacional,0,
V000908,MESA-051,PUESTO-001,ZONA-01,MUN-01,CIRC-01,especial,0,
V000909,MESA-074,PUESTO-024,ZONA-04,MUN-04,CIRC-04,nacional,0,
V000910,MESA-043,PUESTO-018,ZONA-08,MUN-03,CIRC-03,municipal,0,
V000911,MESA-015,PUESTO-015,ZONA-05,MUN-05,CIRC-05,municipal,0,
V000912,MESA-038,PUESTO-013,ZONA-03,MUN-03,CIRC-03,municipal,0,
V000913,MESA-015,PUESTO-015,ZONA-05,MUN-05,CIRC-05,municipal,0,
V000914,MESA-005,PUESTO-005,ZONA-05,MUN-05,CIRC-05,municipal,0,
V000915,MESA-054,PUESTO-004,ZONA-04,MUN-04,CIRC-04,nacional,0,
V000916,MESA-051,PUESTO-001,ZONA-01,MUN-01,CIRC-01,especial,0,
V000917,MESA-010,PUESTO-010,ZONA-10,MUN-05,CIRC-05,municipal,0,
V000918,MESA-012,PUESTO-012,ZONA-02,MUN-02,CIRC-02,nacional,0,
V000919,MESA-004,PUESTO-004,ZONA-04,MUN-04,CIRC-04,nacional,0,
V000920,MESA-018,PUESTO-018,ZONA-08,MUN-03,CIRC-03,municipal,0,
V000921,MESA-080,PUESTO-005,ZONA-05,MUN-05,CIRC-05,municipal,0,
V000922,MESA-036,PUESTO-011,ZONA-01,MUN-01,CIRC-01,especial,0,
V000923,MESA-025,PUESTO-025,ZONA-05,MUN-05,CIRC-05,municipal,0,
V000924,MESA-076,PUESTO-001,ZONA-01,MUN-01,CIRC-01,especial,0,
V000925,MESA-036,PUESTO-011,ZONA-01,MUN-01,CIRC-01,especial,0,
V000926,MESA-067,PUESTO-017,ZONA-07,MUN-02,CIRC-02,nacional,0,
V000927,MESA-009,PUESTO-009,ZONA-09,MUN-04,CIRC-04,nacional,0,
V000928,MESA-061,PUESTO-011,ZONA-01,MUN-01,CIRC-01,especial,0,
V000929,MESA-053,PUESTO-003,ZONA-03,MUN-03,CIRC-03,municipal,0,
V000930,MESA-018,PUESTO-018,ZONA-08,MUN-03,CIRC-03,municipal,0,
V000931,MESA-043,PUESTO-018,ZONA-08,MUN-03,CIRC-03,municipal,0,
V000932,MESA-035,PUESTO-010,ZONA-10,MUN-05,CIRC-05,municipal,0,
V000933,MESA-063,PUESTO-013,ZONA-03,MUN-03,CIRC-03,municipal,0,
V000934,MESA-078,PUESTO-003,ZONA-03,MUN-03,CIRC-03,municipal,0,
V000935,MESA-004,PUESTO-004,ZONA-04,MUN-04,CIRC-04,nacional,0,
V000936,MESA-041,PUESTO-016,ZONA-06,MUN-01,CIRC-01,especial,0,
V000937,MESA-045,PUESTO-020,ZONA-10,MUN-05,CIRC-05,nacional,0,
V000938,MESA-050,PUESTO-025,ZONA-05,MUN-05,CIRC-05,municipal,0,
V000939,MESA-034,PUESTO-009,ZONA-09,MUN-04,CIRC-04,nacional,0,inconsistencia_simulada_mesa
V000940,MESA-028,PUESTO-003,ZONA-03,MUN-03,CIRC-03,municipal,0,
V000941,MESA-042,PUESTO-017,ZONA-07,MUN-02,CIRC-02,nacional,0,
V000942,MESA-080,PUESTO-005,ZONA-05,MUN-05,CIRC-05,municipal,0,
V000943,MESA-076,PUESTO-001,ZONA-01,MUN-01,CIRC-01,especial,0,
V000944,MESA-069,PUESTO-019,ZONA-09,MUN-04,CIRC-04,nacional,0,
V000945,MESA-001,PUESTO-001,ZONA-01,MUN-01,CIRC-01,especial,0,
V000946,MESA-039,PUESTO-014,ZONA-04,MUN-04,CIRC-04,nacional,0,
V000947,MESA-017,PUESTO-017,ZONA-07,MUN-02,CIRC-02,nacional,0,
V000948,MESA-035,PUESTO-010,ZONA-10,MUN-05,CIRC-05,municipal,0,
V000949,MESA-046,PUESTO-021,ZONA-01,MUN-01,CIRC-01,especial,0,
V000950,MESA-042,PUESTO-017,ZONA-07,MUN-02,CIRC-02,nacional,0,
V000951,MESA-039,PUESTO-014,ZONA-04,MUN-04,CIRC-04,nacional,0,
V000952,MESA-049,PUESTO-024,ZONA-04,MUN-04,CIRC-04,nacional,0,
V000953,MESA-062,PUESTO-012,ZONA-02,MUN-02,CIRC-02,nacional,0,
V000954,MESA-038,PUESTO-013,ZONA-03,MUN-03,CIRC-03,municipal,0,
V000955,MESA-023,PUESTO-023,ZONA-03,MUN-03,CIRC-03,municipal,0,
V000956,MESA-022,PUESTO-022,ZONA-02,MUN-02,CIRC-02,nacional,0,
V000957,MESA-004,PUESTO-004,ZONA-04,MUN-04,CIRC-04,nacional,0,
V000958,MESA-049,PUESTO-024,ZONA-04,MUN-04,CIRC-04,nacional,0,
V000959,MESA-059,PUESTO-009,ZONA-09,MUN-04,CIRC-04,nacional,0,
V000960,MESA-073,PUESTO-023,ZONA-03,MUN-03,CIRC-03,municipal,0,
V000961,MESA-068,PUESTO-018,ZONA-08,MUN-03,CIRC-03,municipal,0,
V000962,MESA-071,PUESTO-021,ZONA-01,MUN-01,CIRC-01,especial,0,
V000963,MESA-002,PUESTO-002,ZONA-02,MUN-02,CIRC-02,nacional,0,
V000964,MESA-049,PUESTO-024,ZONA-04,MUN-04,CIRC-04,nacional,0,
V000965,MESA-031,PUESTO-006,ZONA-06,MUN-01,CIRC-01,especial,0,
V000966,MESA-040,PUESTO-015,ZONA-05,MUN-05,CIRC-05,municipal,0,
V000967,MESA-048,PUESTO-023,ZONA-03,MUN-03,CIRC-03,municipal,0,
V000968,MESA-051,PUESTO-001,ZONA-01,MUN-01,CIRC-01,especial,0,
V000969,MESA-043,PUESTO-018,ZONA-08,MUN-03,CIRC-03,municipal,0,
V000970,MESA-055,PUESTO-005,ZONA-05,MUN-05,CIRC-05,municipal,0,
V000971,MESA-049,PUESTO-024,ZONA-04,MUN-04,CIRC-04,nacional,0,
V000972,MESA-080,PUESTO-005,ZONA-05,MUN-05,CIRC-05,municipal,0,
V000973,MESA-057,PUESTO-007,ZONA-07,MUN-02,CIRC-02,nacional,0,
V000974,MESA-077,PUESTO-002,ZONA-02,MUN-02,CIRC-02,nacional,0,
V000975,MESA-015,PUESTO-015,ZONA-05,MUN-05,CIRC-05,municipal,0,
V000976,MESA-027,PUESTO-002,ZONA-02,MUN-02,CIRC-02,nacional,0,
V000977,MESA-068,PUESTO-018,ZONA-08,MUN-03,CIRC-03,municipal,0,
V000978,MESA-080,PUESTO-005,ZONA-05,MUN-05,CIRC-05,municipal,0,
V000979,MESA-064,PUESTO-014,ZONA-04,MUN-04,CIRC-04,nacional,0,
V000980,MESA-030,PUESTO-005,ZONA-05,MUN-05,CIRC-05,municipal,0,
V000981,MESA-036,PUESTO-011,ZONA-01,MUN-01,CIRC-01,especial,0,
V000982,MESA-067,PUESTO-017,ZONA-07,MUN-02,CIRC-02,nacional,0,
V000983,MESA-049,PUESTO-024,ZONA-04,MUN-04,CIRC-04,nacional,0,
V000984,MESA-076,PUESTO-001,ZONA-01,MUN-01,CIRC-01,especial,0,
V000985,MESA-055,PUESTO-005,ZONA-05,MUN-05,CIRC-05,especial,0,
V000986,MESA-056,PUESTO-006,ZONA-06,MUN-01,CIRC-01,especial,0,
V000987,MESA-068,PUESTO-018,ZONA-08,MUN-03,CIRC-03,municipal,0,
V000988,MESA-044,PUESTO-019,ZONA-09,MUN-04,CIRC-04,nacional,0,
V000989,MESA-031,PUESTO-006,ZONA-06,MUN-01,CIRC-01,especial,0,
V000990,MESA-058,PUESTO-008,ZONA-08,MUN-03,CIRC-03,municipal,0,
V000991,MESA-053,PUESTO-003,ZONA-03,MUN-03,CIRC-03,municipal,0,
V000992,MESA-079,PUESTO-004,ZONA-04,MUN-04,CIRC-04,nacional,0,
V000993,MESA-023,PUESTO-023,ZONA-03,MUN-03,CIRC-03,municipal,0,
V000994,MESA-028,PUESTO-003,ZONA-03,MUN-03,CIRC-03,municipal,0,
V000995,MESA-016,PUESTO-016,ZONA-06,MUN-01,CIRC-01,especial,0,
V000996,MESA-037,PUESTO-012,ZONA-02,MUN-02,CIRC-02,nacional,0,
V000997,MESA-021,PUESTO-021,ZONA-01,MUN-01,CIRC-01,especial,0,
V000998,MESA-079,PUESTO-004,ZONA-04,MUN-04,CIRC-04,nacional,0,
V000999,MESA-017,PUESTO-017,ZONA-07,MUN-02,CIRC-02,nacional,0,
V001000,MESA-037,PUESTO-012,ZONA-02,MUN-02,CIRC-02,nacional,0,
V001001,MESA-077,PUESTO-002,ZONA-02,MUN-02,CIRC-02,nacional,0,
V001002,MESA-019,PUESTO-019,ZONA-09,MUN-04,CIRC-04,nacional,0,
V001003,MESA-030,PUESTO-005,ZONA-05,MUN-05,CIRC-05,municipal,0,
V001004,MESA-045,PUESTO-020,ZONA-10,MUN-05,CIRC-05,municipal,0,
V001005,MESA-018,PUESTO-018,ZONA-08,MUN-03,CIRC-03,municipal,0,
V001006,MESA-078,PUESTO-003,ZONA-03,MUN-03,CIRC-03,municipal,0,
V001007,MESA-062,PUESTO-012,ZONA-02,MUN-02,CIRC-02,nacional,0,
V001008,MESA-036,PUESTO-011,ZONA-01,MUN-01,CIRC-01,especial,0,
V001009,MESA-052,PUESTO-002,ZONA-02,MUN-02,CIRC-02,nacional,0,
V001010,MESA-019,PUESTO-019,ZONA-09,MUN-04,CIRC-04,nacional,0,
V001011,MESA-044,PUESTO-019,ZONA-09,MUN-04,CIRC-04,nacional,0,
V001012,MESA-007,PUESTO-007,ZONA-07,MUN-02,CIRC-02,nacional,0,
V001013,MESA-044,PUESTO-019,ZONA-09,MUN-04,CIRC-04,nacional,0,
V001014,MESA-068,PUESTO-018,ZONA-08,MUN-03,CIRC-03,municipal,0,
V001015,MESA-034,PUESTO-009,ZONA-09,MUN-04,CIRC-04,nacional,0,
V001016,MESA-066,PUESTO-016,ZONA-06,MUN-01,CIRC-01,especial,0,
V001017,MESA-069,PUESTO-019,ZONA-09,MUN-04,CIRC-04,nacional,0,
V001018,MESA-055,PUESTO-005,ZONA-05,MUN-05,CIRC-05,municipal,0,
V001019,MESA-010,PUESTO-010,ZONA-10,MUN-05,CIRC-05,municipal,0,
V001020,MESA-042,PUESTO-017,ZONA-07,MUN-02,CIRC-02,nacional,0,
V001021,MESA-041,PUESTO-016,ZONA-06,MUN-01,CIRC-01,especial,0,
V001022,MESA-077,PUESTO-002,ZONA-02,MUN-02,CIRC-02,nacional,0,
V001023,MESA-069,PUESTO-019,ZONA-09,MUN-04,CIRC-04,nacional,0,
V001024,MESA-010,PUESTO-010,ZONA-10,MUN-05,CIRC-05,municipal,0,
V001025,MESA-010,PUESTO-010,ZONA-10,MUN-05,CIRC-05,municipal,0,
V001026,MESA-060,PUESTO-010,ZONA-10,MUN-05,CIRC-05,municipal,0,
V001027,MESA-051,PUESTO-001,ZONA-01,MUN-01,CIRC-01,especial,0,
V001028,MESA-021,PUESTO-021,ZONA-01,MUN-01,CIRC-01,especial,0,
V001029,MESA-008,PUESTO-008,ZONA-08,MUN-03,CIRC-03,municipal,0,
V001030,MESA-065,PUESTO-015,ZONA-05,MUN-05,CIRC-05,municipal,0,
V001031,MESA-078,PUESTO-003,ZONA-03,MUN-03,CIRC-03,municipal,0,
V001032,MESA-030,PUESTO-005,ZONA-05,MUN-05,CIRC-05,municipal,0,
V001033,MESA-049,PUESTO-024,ZONA-04,MUN-04,CIRC-04,nacional,0,
V001034,MESA-009,PUESTO-009,ZONA-09,MUN-04,CIRC-04,nacional,0,
V001035,MESA-017,PUESTO-017,ZONA-07,MUN-02,CIRC-02,nacional,0,
V001036,MESA-069,PUESTO-019,ZONA-09,MUN-04,CIRC-04,nacional,0,
V001037,MESA-058,PUESTO-008,ZONA-08,MUN-03,CIRC-03,municipal,0,
V001038,MESA-057,PUESTO-007,ZONA-07,MUN-02,CIRC-02,nacional,0,
V001039,MESA-062,PUESTO-012,ZONA-02,MUN-02,CIRC-02,nacional,0,
V001040,MESA-052,PUESTO-002,ZONA-02,MUN-02,CIRC-02,nacional,0,
V001041,MESA-061,PUESTO-011,ZONA-01,MUN-01,CIRC-01,especial,0,
V001042,MESA-040,PUESTO-015,ZONA-05,MUN-05,CIRC-05,municipal,0,
V001043,MESA-038,PUESTO-013,ZONA-03,MUN-03,CIRC-03,municipal,0,
V001044,MESA-043,PUESTO-018,ZONA-08,MUN-03,CIRC-03,municipal,0,
V001045,MESA-063,PUESTO-013,ZONA-03,MUN-03,CIRC-03,municipal,0,
V001046,MESA-019,PUESTO-019,ZONA-09,MUN-04,CIRC-04,nacional,0,
V001047,MESA-050,PUESTO-025,ZONA-05,MUN-05,CIRC-03,municipal,0,
V001048,MESA-033,PUESTO-008,ZONA-08,MUN-03,CIRC-03,municipal,0,
V001049,MESA-013,PUESTO-013,ZONA-03,MUN-03,CIRC-03,municipal,0,
V001050,MESA-078,PUESTO-003,ZONA-03,MUN-03,CIRC-03,municipal,0,
V001051,MESA-062,PUESTO-012,ZONA-02,MUN-02,CIRC-02,nacional,0,
V001052,MESA-043,PUESTO-018,ZONA-08,MUN-03,CIRC-03,municipal,0,
V001053,MESA-049,PUESTO-024,ZONA-04,MUN-04,CIRC-04,nacional,0,
V001054,MESA-036,PUESTO-011,ZONA-01,MUN-01,CIRC-01,especial,0,
V001055,MESA-010,PUESTO-010,ZONA-10,MUN-05,CIRC-05,municipal,0,
V001056,MESA-006,PUESTO-006,ZONA-06,MUN-01,CIRC-01,especial,0,
V001057,MESA-057,PUESTO-007,ZONA-07,MUN-02,CIRC-02,nacional,0,
V001058,MESA-032,PUESTO-007,ZONA-07,MUN-02,CIRC-01,especial,0,inconsistencia_simulada_mesa
V001059,MESA-071,PUESTO-021,ZONA-01,MUN-01,CIRC-01,especial,0,
V001060,MESA-058,PUESTO-008,ZONA-08,MUN-03,CIRC-03,municipal,0,
V001061,MESA-021,PUESTO-021,ZONA-01,MUN-01,CIRC-01,especial,0,
V001062,MESA-080,PUESTO-005,ZONA-05,MUN-05,CIRC-05,municipal,0,
V001063,MESA-056,PUESTO-006,ZONA-06,MUN-01,CIRC-01,especial,0,
V001064,MESA-020,PUESTO-020,ZONA-10,MUN-05,CIRC-05,municipal,0,
V001065,MESA-054,PUESTO-004,ZONA-04,MUN-04,CIRC-04,nacional,0,
V001066,MESA-025,PUESTO-025,ZONA-05,MUN-05,CIRC-05,municipal,0,
V001067,MESA-028,PUESTO-003,ZONA-03,MUN-03,CIRC-03,municipal,0,
V001068,MESA-005,PUESTO-005,ZONA-05,MUN-05,CIRC-05,municipal,0,
V001069,MESA-021,PUESTO-021,ZONA-01,MUN-01,CIRC-01,especial,0,
V001070,MESA-018,PUESTO-018,ZONA-08,MUN-03,CIRC-03,municipal,0,
V001071,MESA-047,PUESTO-022,ZONA-02,MUN-02,CIRC-02,nacional,0,
V001072,MESA-070,PUESTO-020,ZONA-10,MUN-05,CIRC-05,municipal,0,
V001073,MESA-057,PUESTO-007,ZONA-07,MUN-02,CIRC-02,nacional,0,
V001074,MESA-019,PUESTO-019,ZONA-09,MUN-04,CIRC-04,nacional,0,
V001075,MESA-065,PUESTO-015,ZONA-05,MUN-05,CIRC-05,municipal,0,
V001076,MESA-003,PUESTO-003,ZONA-03,MUN-03,CIRC-03,municipal,0,
V001077,MESA-042,PUESTO-017,ZONA-07,MUN-02,CIRC-02,nacional,0,
V001078,MESA-021,PUESTO-021,ZONA-01,MUN-01,CIRC-01,especial,0,
V001079,MESA-040,PUESTO-015,ZONA-05,MUN-05,CIRC-05,municipal,0,
V001080,MESA-067,PUESTO-017,ZONA-07,MUN-02,CIRC-02,nacional,0,
V001081,MESA-025,PUESTO-025,ZONA-05,MUN-05,CIRC-05,municipal,0,
V001082,MESA-055,PUESTO-005,ZONA-05,MUN-05,CIRC-05,municipal,0,
V001083,MESA-052,PUESTO-002,ZONA-02,MUN-02,CIRC-02,nacional,0,
V001084,MESA-044,PUESTO-019,ZONA-09,MUN-04,CIRC-04,nacional,0,
V001085,MESA-056,PUESTO-006,ZONA-06,MUN-01,CIRC-01,especial,0,
V001086,MESA-055,PUESTO-005,ZONA-05,MUN-05,CIRC-05,municipal,0,
V001087,MESA-070,PUESTO-020,ZONA-10,MUN-05,CIRC-05,municipal,0,
V001088,MESA-077,PUESTO-002,ZONA-02,MUN-02,CIRC-02,nacional,0,
V001089,MESA-073,PUESTO-023,ZONA-03,MUN-03,CIRC-03,municipal,0,
V001090,MESA-066,PUESTO-016,ZONA-06,MUN-01,CIRC-01,especial,0,
V001091,MESA-019,PUESTO-019,ZONA-09,MUN-04,CIRC-04,nacional,0,
V001092,MESA-007,PUESTO-007,ZONA-07,MUN-02,CIRC-02,nacional,0,
V001093,MESA-063,PUESTO-013,ZONA-03,MUN-03,CIRC-03,municipal,0,
V001094,MESA-042,PUESTO-017,ZONA-07,MUN-02,CIRC-02,nacional,0,
V001095,MESA-042,PUESTO-017,ZONA-07,MUN-02,CIRC-02,nacional,0,
V001096,MESA-059,PUESTO-009,ZONA-09,MUN-04,CIRC-04,nacional,0,
V001097,MESA-020,PUESTO-020,ZONA-10,MUN-05,CIRC-05,municipal,0,
V001098,MESA-073,PUESTO-023,ZONA-03,MUN-03,CIRC-03,municipal,0,
V001099,MESA-017,PUESTO-017,ZONA-07,MUN-02,CIRC-05,nacional,0,
V001100,MESA-027,PUESTO-002,ZONA-02,MUN-02,CIRC-02,nacional,0,
V001101,MESA-047,PUESTO-022,ZONA-02,MUN-02,CIRC-02,nacional,0,
V001102,MESA-002,PUESTO-002,ZONA-02,MUN-02,CIRC-02,nacional,0,
V001103,MESA-063,PUESTO-013,ZONA-03,MUN-03,CIRC-03,municipal,0,
V001104,MESA-062,PUESTO-012,ZONA-02,MUN-02,CIRC-02,nacional,0,
V001105,MESA-019,PUESTO-019,ZONA-09,MUN-04,CIRC-04,nacional,0,
V001106,MESA-017,PUESTO-017,ZONA-07,MUN-02,CIRC-02,nacional,0,
V001107,MESA-069,PUESTO-019,ZONA-09,MUN-04,CIRC-04,nacional,0,
V001108,MESA-039,PUESTO-014,ZONA-04,MUN-04,CIRC-04,nacional,0,
V001109,MESA-071,PUESTO-021,ZONA-01,MUN-01,CIRC-01,especial,0,
V001110,MESA-039,PUESTO-014,ZONA-04,MUN-04,CIRC-04,nacional,0,
V001111,MESA-036,PUESTO-011,ZONA-01,MUN-01,CIRC-01,especial,0,
V001112,MESA-040,PUESTO-015,ZONA-05,MUN-05,CIRC-05,municipal,0,
V001113,MESA-045,PUESTO-020,ZONA-10,MUN-05,CIRC-05,municipal,0,
V001114,MESA-004,PUESTO-004,ZONA-04,MUN-04,CIRC-04,especial,0,
V001115,MESA-025,PUESTO-025,ZONA-05,MUN-05,CIRC-05,municipal,0,
V001116,MESA-069,PUESTO-019,ZONA-09,MUN-04,CIRC-04,nacional,0,
V001117,MESA-030,PUESTO-005,ZONA-05,MUN-05,CIRC-05,municipal,0,
V001118,MESA-076,PUESTO-001,ZONA-01,MUN-01,CIRC-01,especial,0,
V001119,MESA-068,PUESTO-018,ZONA-08,MUN-03,CIRC-03,municipal,0,
V001120,MESA-029,PUESTO-004,ZONA-04,MUN-04,CIRC-04,nacional,0,
V001121,MESA-073,PUESTO-023,ZONA-03,MUN-03,CIRC-03,municipal,0,
V001122,MESA-068,PUESTO-018,ZONA-08,MUN-03,CIRC-03,municipal,0,
V001123,MESA-051,PUESTO-001,ZONA-01,MUN-01,CIRC-01,especial,0,
V001124,MESA-024,PUESTO-024,ZONA-04,MUN-04,CIRC-04,nacional,0,
V001125,MESA-014,PUESTO-014,ZONA-04,MUN-04,CIRC-04,nacional,0,
V001126,MESA-069,PUESTO-019,ZONA-09,MUN-04,CIRC-04,nacional,0,
V001127,MESA-018,PUESTO-018,ZONA-08,MUN-03,CIRC-03,municipal,0,
V001128,MESA-042,PUESTO-017,ZONA-07,MUN-02,CIRC-02,nacional,0,
V001129,MESA-057,PUESTO-007,ZONA-07,MUN-02,CIRC-02,nacional,0,
V001130,MESA-012,PUESTO-012,ZONA-02,MUN-02,CIRC-02,nacional,0,
V001131,MESA-017,PUESTO-017,ZONA-07,MUN-02,CIRC-02,nacional,0,
V001132,MESA-030,PUESTO-005,ZONA-05,MUN-05,CIRC-05,municipal,0,
V001133,MESA-075,PUESTO-025,ZONA-05,MUN-05,CIRC-05,nacional,0,
V001134,MESA-023,PUESTO-023,ZONA-03,MUN-03,CIRC-03,municipal,0,
V001135,MESA-001,PUESTO-001,ZONA-01,MUN-01,CIRC-01,especial,0,
V001136,MESA-079,PUESTO-004,ZONA-04,MUN-04,CIRC-04,nacional,0,
V001137,MESA-032,PUESTO-007,ZONA-07,MUN-02,CIRC-02,nacional,0,
V001138,MESA-009,PUESTO-009,ZONA-09,MUN-04,CIRC-04,nacional,0,
V001139,MESA-015,PUESTO-015,ZONA-05,MUN-05,CIRC-05,municipal,0,
V001140,MESA-028,PUESTO-003,ZONA-03,MUN-03,CIRC-03,municipal,0,
V001141,MESA-024,PUESTO-024,ZONA-04,MUN-04,CIRC-04,nacional,0,
V001142,MESA-060,PUESTO-010,ZONA-10,MUN-05,CIRC-01,municipal,0,
V001143,MESA-035,PUESTO-010,ZONA-10,MUN-05,CIRC-05,municipal,0,
V001144,MESA-027,PUESTO-002,ZONA-02,MUN-02,CIRC-02,nacional,0,
V001145,MESA-076,PUESTO-001,ZONA-01,MUN-01,CIRC-01,especial,0,
V001146,MESA-020,PUESTO-020,ZONA-10,MUN-05,CIRC-05,municipal,0,
V001147,MESA-065,PUESTO-015,ZONA-05,MUN-05,CIRC-05,municipal,0,
V001148,MESA-007,PUESTO-007,ZONA-07,MUN-02,CIRC-04,nacional,0,inconsistencia_simulada_mesa
V001149,MESA-001,PUESTO-001,ZONA-01,MUN-01,CIRC-01,municipal,0,
V001150,MESA-010,PUESTO-010,ZONA-10,MUN-05,CIRC-05,municipal,0,
V001151,MESA-047,PUESTO-022,ZONA-02,MUN-02,CIRC-02,nacional,0,
V001152,MESA-059,PUESTO-009,ZONA-09,MUN-04,CIRC-04,nacional,0,
V001153,MESA-062,PUESTO-012,ZONA-02,MUN-02,CIRC-02,nacional,0,
V001154,MESA-018,PUESTO-018,ZONA-08,MUN-03,CIRC-03,municipal,0,
V001155,MESA-046,PUESTO-021,ZONA-01,MUN-01,CIRC-01,especial,0,
V001156,MESA-032,PUESTO-007,ZONA-07,MUN-02,CIRC-02,nacional,0,
V001157,MESA-027,PUESTO-002,ZONA-02,MUN-02,CIRC-02,nacional,0,
V001158,MESA-018,PUESTO-018,ZONA-08,MUN-03,CIRC-03,municipal,0,
V001159,MESA-039,PUESTO-014,ZONA-04,MUN-04,CIRC-04,nacional,0,
V001160,MESA-049,PUESTO-024,ZONA-04,MUN-04,CIRC-04,nacional,0,
V001161,MESA-044,PUESTO-019,ZONA-09,MUN-04,CIRC-04,nacional,0,
V001162,MESA-072,PUESTO-022,ZONA-02,MUN-02,CIRC-02,nacional,0,
V001163,MESA-054,PUESTO-004,ZONA-04,MUN-04,CIRC-04,nacional,0,
V001164,MESA-034,PUESTO-009,ZONA-09,MUN-04,CIRC-04,nacional,0,
V001165,MESA-071,PUESTO-021,ZONA-01,MUN-01,CIRC-01,especial,0,
V001166,MESA-036,PUESTO-011,ZONA-01,MUN-01,CIRC-01,especial,0,
V001167,MESA-018,PUESTO-018,ZONA-08,MUN-03,CIRC-03,municipal,0,
V001168,MESA-038,PUESTO-013,ZONA-03,MUN-03,CIRC-03,municipal,0,
V001169,MESA-059,PUESTO-009,ZONA-09,MUN-04,CIRC-04,nacional,0,
V001170,MESA-009,PUESTO-009,ZONA-09,MUN-04,CIRC-04,nacional,0,
V001171,MESA-073,PUESTO-023,ZONA-03,MUN-03,CIRC-03,municipal,0,
V001172,MESA-072,PUESTO-022,ZONA-02,MUN-02,CIRC-02,nacional,0,
V001173,MESA-051,PUESTO-001,ZONA-01,MUN-01,CIRC-01,especial,0,
V001174,MESA-035,PUESTO-010,ZONA-10,MUN-05,CIRC-05,municipal,0,
V001175,MESA-005,PUESTO-005,ZONA-05,MUN-05,CIRC-05,municipal,0,
V001176,MESA-014,PUESTO-014,ZONA-04,MUN-04,CIRC-04,nacional,0,
V001177,MESA-030,PUESTO-005,ZONA-05,MUN-05,CIRC-05,municipal,0,
V001178,MESA-004,PUESTO-004,ZONA-04,MUN-04,CIRC-04,nacional,0,
V001179,MESA-039,PUESTO-014,ZONA-04,MUN-04,CIRC-04,nacional,0,
V001180,MESA-064,PUESTO-014,ZONA-04,MUN-04,CIRC-04,nacional,0,
V001181,MESA-025,PUESTO-025,ZONA-05,MUN-05,CIRC-05,municipal,0,
V001182,MESA-028,PUESTO-003,ZONA-03,MUN-03,CIRC-03,municipal,0,
V001183,MESA-076,PUESTO-001,ZONA-01,MUN-01,CIRC-01,especial,0,
V001184,MESA-066,PUESTO-016,ZONA-06,MUN-01,CIRC-01,especial,0,
V001185,MESA-078,PUESTO-003,ZONA-03,MUN-03,CIRC-03,municipal,0,
V001186,MESA-022,PUESTO-022,ZONA-02,MUN-02,CIRC-02,nacional,0,
V001187,MESA-031,PUESTO-006,ZONA-06,MUN-01,CIRC-01,especial,0,
V001188,MESA-023,PUESTO-023,ZONA-03,MUN-03,CIRC-03,municipal,0,
V001189,MESA-048,PUESTO-023,ZONA-03,MUN-03,CIRC-03,municipal,0,
V001190,MESA-020,PUESTO-020,ZONA-10,MUN-05,CIRC-05,municipal,0,
V001191,MESA-038,PUESTO-013,ZONA-03,MUN-03,CIRC-03,municipal,0,
V001192,MESA-055,PUESTO-005,ZONA-05,MUN-05,CIRC-05,municipal,0,
V001193,MESA-068,PUESTO-018,ZONA-08,MUN-03,CIRC-03,municipal,0,
V001194,MESA-079,PUESTO-004,ZONA-04,MUN-04,CIRC-04,nacional,0,
V001195,MESA-001,PUESTO-001,ZONA-01,MUN-01,CIRC-01,nacional,0,
V001196,MESA-007,PUESTO-007,ZONA-07,MUN-02,CIRC-02,nacional,0,
V001197,MESA-057,PUESTO-007,ZONA-07,MUN-02,CIRC-02,nacional,0,
V001198,MESA-012,PUESTO-012,ZONA-02,MUN-02,CIRC-02,nacional,0,
V001199,MESA-005,PUESTO-005,ZONA-05,MUN-05,CIRC-05,municipal,0,
V001200,MESA-026,PUESTO-001,ZONA-01,MUN-01,CIRC-05,municipal,0,inconsistencia_simulada_mesa
V001201,MESA-042,PUESTO-017,ZONA-07,MUN-02,CIRC-02,nacional,0,
V001202,MESA-012,PUESTO-012,ZONA-02,MUN-02,CIRC-02,municipal,0,
V001203,MESA-018,PUESTO-018,ZONA-08,MUN-03,CIRC-03,municipal,0,
V001204,MESA-066,PUESTO-016,ZONA-06,MUN-01,CIRC-01,especial,0,
V001205,MESA-074,PUESTO-024,ZONA-04,MUN-04,CIRC-04,nacional,0,
V001206,MESA-079,PUESTO-004,ZONA-04,MUN-04,CIRC-04,nacional,0,
V001207,MESA-017,PUESTO-017,ZONA-07,MUN-02,CIRC-02,nacional,0,
V001208,MESA-068,PUESTO-018,ZONA-08,MUN-03,CIRC-03,municipal,0,
V001209,MESA-071,PUESTO-021,ZONA-01,MUN-01,CIRC-01,especial,0,
V001210,MESA-062,PUESTO-012,ZONA-02,MUN-02,CIRC-02,nacional,0,
V001211,MESA-041,PUESTO-016,ZONA-06,MUN-01,CIRC-01,municipal,0,
V001212,MESA-034,PUESTO-009,ZONA-09,MUN-04,CIRC-04,nacional,0,
V001213,MESA-070,PUESTO-020,ZONA-10,MUN-05,CIRC-05,municipal,0,
V001214,MESA-045,PUESTO-020,ZONA-10,MUN-05,CIRC-05,municipal,0,
V001215,MESA-058,PUESTO-008,ZONA-08,MUN-03,CIRC-03,municipal,0,
V001216,MESA-051,PUESTO-001,ZONA-01,MUN-01,CIRC-01,especial,0,
V001217,MESA-034,PUESTO-009,ZONA-09,MUN-04,CIRC-04,nacional,0,
V001218,MESA-044,PUESTO-019,ZONA-09,MUN-04,CIRC-04,nacional,0,
V001219,MESA-015,PUESTO-015,ZONA-05,MUN-05,CIRC-05,municipal,0,
V001220,MESA-078,PUESTO-003,ZONA-03,MUN-03,CIRC-03,municipal,0,
V001221,MESA-070,PUESTO-020,ZONA-10,MUN-05,CIRC-05,municipal,0,
V001222,MESA-050,PUESTO-025,ZONA-05,MUN-05,CIRC-05,municipal,0,
V001223,MESA-032,PUESTO-007,ZONA-07,MUN-02,CIRC-02,nacional,0,
V001224,MESA-067,PUESTO-017,ZONA-07,MUN-02,CIRC-02,nacional,0,
V001225,MESA-003,PUESTO-003,ZONA-03,MUN-03,CIRC-03,municipal,0,
V001226,MESA-074,PUESTO-024,ZONA-04,MUN-04,CIRC-04,nacional,0,
V001227,MESA-051,PUESTO-001,ZONA-01,MUN-01,CIRC-01,especial,0,
V001228,MESA-031,PUESTO-006,ZONA-06,MUN-01,CIRC-02,nacional,0,inconsistencia_simulada_mesa
V001229,MESA-076,PUESTO-001,ZONA-01,MUN-01,CIRC-01,especial,0,
V001230,MESA-048,PUESTO-023,ZONA-03,MUN-03,CIRC-03,municipal,0,
V001231,MESA-017,PUESTO-017,ZONA-07,MUN-02,CIRC-02,nacional,0,
V001232,MESA-007,PUESTO-007,ZONA-07,MUN-02,CIRC-02,nacional,0,
V001233,MESA-013,PUESTO-013,ZONA-03,MUN-03,CIRC-03,municipal,0,
V001234,MESA-066,PUESTO-016,ZONA-06,MUN-01,CIRC-01,especial,0,
V001235,MESA-004,PUESTO-004,ZONA-04,MUN-04,CIRC-01,nacional,0,
V001236,MESA-010,PUESTO-010,ZONA-10,MUN-05,CIRC-05,municipal,0,
V001237,MESA-017,PUESTO-017,ZONA-07,MUN-02,CIRC-02,nacional,0,
V001238,MESA-052,PUESTO-002,ZONA-02,MUN-02,CIRC-02,nacional,0,
V001239,MESA-006,PUESTO-006,ZONA-06,MUN-01,CIRC-01,especial,0,
V001240,MESA-069,PUESTO-019,ZONA-09,MUN-04,CIRC-04,nacional,0,
V001241,MESA-074,PUESTO-024,ZONA-04,MUN-04,CIRC-04,nacional,0,
V001242,MESA-009,PUESTO-009,ZONA-09,MUN-04,CIRC-04,nacional,0,
V001243,MESA-077,PUESTO-002,ZONA-02,MUN-02,CIRC-02,nacional,0,
V001244,MESA-021,PUESTO-021,ZONA-01,MUN-01,CIRC-01,especial,0,
V001245,MESA-024,PUESTO-024,ZONA-04,MUN-04,CIRC-04,nacional,0,
V001246,MESA-004,PUESTO-004,ZONA-04,MUN-04,CIRC-04,nacional,0,
V001247,MESA-019,PUESTO-019,ZONA-09,MUN-04,CIRC-04,nacional,0,inconsistencia_simulada_mesa
V001248,MESA-059,PUESTO-009,ZONA-09,MUN-04,CIRC-04,nacional,0,
V001249,MESA-003,PUESTO-003,ZONA-03,MUN-03,CIRC-03,municipal,0,
V001250,MESA-068,PUESTO-018,ZONA-08,MUN-03,CIRC-03,municipal,0,
V001251,MESA-040,PUESTO-015,ZONA-05,MUN-05,CIRC-05,municipal,0,
V001252,MESA-048,PUESTO-023,ZONA-03,MUN-03,CIRC-03,municipal,0,
V001253,MESA-054,PUESTO-004,ZONA-04,MUN-04,CIRC-04,nacional,0,
V001254,MESA-035,PUESTO-010,ZONA-10,MUN-05,CIRC-05,municipal,0,
V001255,MESA-056,PUESTO-006,ZONA-06,MUN-01,CIRC-01,especial,0,
V001256,MESA-040,PUESTO-015,ZONA-05,MUN-05,CIRC-05,municipal,0,
V001257,MESA-077,PUESTO-002,ZONA-02,MUN-02,CIRC-02,nacional,0,
V001258,MESA-068,PUESTO-018,ZONA-08,MUN-03,CIRC-03,municipal,0,
V001259,MESA-046,PUESTO-021,ZONA-01,MUN-01,CIRC-01,especial,0,
V001260,MESA-078,PUESTO-003,ZONA-03,MUN-03,CIRC-03,municipal,0,
V001261,MESA-013,PUESTO-013,ZONA-03,MUN-03,CIRC-03,municipal,0,
V001262,MESA-027,PUESTO-002,ZONA-02,MUN-02,CIRC-02,nacional,0,
V001263,MESA-006,PUESTO-006,ZONA-06,MUN-01,CIRC-01,especial,0,
V001264,MESA-017,PUESTO-017,ZONA-07,MUN-02,CIRC-02,nacional,0,
V001265,MESA-036,PUESTO-011,ZONA-01,MUN-01,CIRC-01,especial,0,
V001266,MESA-077,PUESTO-002,ZONA-02,MUN-02,CIRC-02,nacional,0,inconsistencia_simulada_mesa
V001267,MESA-077,PUESTO-002,ZONA-02,MUN-02,CIRC-02,nacional,0,
V001268,MESA-052,PUESTO-002,ZONA-02,MUN-02,CIRC-02,nacional,0,
V001269,MESA-066,PUESTO-016,ZONA-06,MUN-01,CIRC-01,especial,0,
V001270,MESA-052,PUESTO-002,ZONA-02,MUN-02,CIRC-02,nacional,0,
V001271,MESA-043,PUESTO-018,ZONA-08,MUN-03,CIRC-03,municipal,0,
V001272,MESA-022,PUESTO-022,ZONA-02,MUN-02,CIRC-02,nacional,0,
V001273,MESA-055,PUESTO-005,ZONA-05,MUN-05,CIRC-05,municipal,0,
V001274,MESA-067,PUESTO-017,ZONA-07,MUN-02,CIRC-02,nacional,0,
V001275,MESA-060,PUESTO-010,ZONA-10,MUN-05,CIRC-05,municipal,0,
V001276,MESA-058,PUESTO-008,ZONA-08,MUN-03,CIRC-03,municipal,0,
V001277,MESA-012,PUESTO-012,ZONA-02,MUN-02,CIRC-02,nacional,0,
V001278,MESA-069,PUESTO-019,ZONA-09,MUN-04,CIRC-04,nacional,0,
V001279,MESA-039,PUESTO-014,ZONA-04,MUN-04,CIRC-04,nacional,0,
V001280,MESA-013,PUESTO-013,ZONA-03,MUN-03,CIRC-03,municipal,0,
V001281,MESA-041,PUESTO-016,ZONA-06,MUN-01,CIRC-01,especial,0,
V001282,MESA-057,PUESTO-007,ZONA-07,MUN-02,CIRC-02,nacional,0,
V001283,MESA-053,PUESTO-003,ZONA-03,MUN-03,CIRC-03,municipal,0,
V001284,MESA-012,PUESTO-012,ZONA-02,MUN-02,CIRC-02,nacional,0,
V001285,MESA-013,PUESTO-013,ZONA-03,MUN-03,CIRC-03,municipal,0,
V001286,MESA-074,PUESTO-024,ZONA-04,MUN-04,CIRC-04,nacional,0,
V001287,MESA-057,PUESTO-007,ZONA-07,MUN-02,CIRC-02,nacional,0,
V001288,MESA-040,PUESTO-015,ZONA-05,MUN-05,CIRC-05,municipal,0,
V001289,MESA-080,PUESTO-005,ZONA-05,MUN-05,CIRC-05,municipal,0,
V001290,MESA-045,PUESTO-020,ZONA-10,MUN-05,CIRC-05,municipal,0,
V001291,MESA-035,PUESTO-010,ZONA-10,MUN-05,CIRC-05,municipal,0,
V001292,MESA-003,PUESTO-003,ZONA-03,MUN-03,CIRC-03,nacional,0,
V001293,MESA-005,PUESTO-005,ZONA-05,MUN-05,CIRC-05,municipal,0,
V001294,MESA-011,PUESTO-011,ZONA-01,MUN-01,CIRC-01,especial,0,
V001295,MESA-071,PUESTO-021,ZONA-01,MUN-01,CIRC-01,especial,0,
V001296,MESA-056,PUESTO-006,ZONA-06,MUN-01,CIRC-01,especial,0,
V001297,MESA-010,PUESTO-010,ZONA-10,MUN-05,CIRC-05,municipal,0,
V001298,MESA-034,PUESTO-009,ZONA-09,MUN-04,CIRC-04,nacional,0,
V001299,MESA-067,PUESTO-017,ZONA-07,MUN-02,CIRC-02,nacional,0,
V001300,MESA-072,PUESTO-022,ZONA-02,MUN-02,CIRC-02,nacional,0,
V001301,MESA-031,PUESTO-006,ZONA-06,MUN-01,CIRC-01,especial,0,
V001302,MESA-075,PUESTO-025,ZONA-05,MUN-05,CIRC-05,municipal,0,
V001303,MESA-071,PUESTO-021,ZONA-01,MUN-01,CIRC-01,especial,0,
V001304,MESA-066,PUESTO-016,ZONA-06,MUN-01,CIRC-01,especial,0,
V001305,MESA-070,PUESTO-020,ZONA-10,MUN-05,CIRC-05,municipal,0,
V001306,MESA-041,PUESTO-016,ZONA-06,MUN-01,CIRC-01,especial,0,
V001307,MESA-063,PUESTO-013,ZONA-03,MUN-03,CIRC-03,municipal,0,
V001308,MESA-032,PUESTO-007,ZONA-07,MUN-02,CIRC-02,nacional,0,
V001309,MESA-020,PUESTO-020,ZONA-10,MUN-05,CIRC-05,municipal,0,
V001310,MESA-057,PUESTO-007,ZONA-07,MUN-02,CIRC-03,nacional,0,
V001311,MESA-050,PUESTO-025,ZONA-05,MUN-05,CIRC-05,municipal,0,
V001312,MESA-080,PUESTO-005,ZONA-05,MUN-05,CIRC-05,municipal,0,
V001313,MESA-025,PUESTO-025,ZONA-05,MUN-05,CIRC-05,municipal,0,
V001314,MESA-012,PUESTO-012,ZONA-02,MUN-02,CIRC-02,nacional,0,
V001315,MESA-071,PUESTO-021,ZONA-01,MUN-01,CIRC-01,especial,0,
V001316,MESA-039,PUESTO-014,ZONA-04,MUN-04,CIRC-04,nacional,0,
V001317,MESA-017,PUESTO-017,ZONA-07,MUN-02,CIRC-02,nacional,0,
V001318,MESA-045,PUESTO-020,ZONA-10,MUN-05,CIRC-05,municipal,0,
V001319,MESA-011,PUESTO-011,ZONA-01,MUN-01,CIRC-01,especial,0,
V001320,MESA-070,PUESTO-020,ZONA-10,MUN-05,CIRC-05,municipal,0,
V001321,MESA-023,PUESTO-023,ZONA-03,MUN-03,CIRC-03,municipal,0,
V001322,MESA-079,PUESTO-004,ZONA-04,MUN-04,CIRC-05,municipal,0,inconsistencia_simulada_mesa
V001323,MESA-038,PUESTO-013,ZONA-03,MUN-03,CIRC-03,municipal,0,
V001324,MESA-002,PUESTO-002,ZONA-02,MUN-02,CIRC-02,nacional,0,
V001325,MESA-079,PUESTO-004,ZONA-04,MUN-04,CIRC-04,nacional,0,
V001326,MESA-072,PUESTO-022,ZONA-02,MUN-02,CIRC-02,nacional,0,
V001327,MESA-037,PUESTO-012,ZONA-02,MUN-02,CIRC-02,nacional,0,
V001328,MESA-035,PUESTO-010,ZONA-10,MUN-05,CIRC-04,nacional,0,inconsistencia_simulada_mesa
V001329,MESA-052,PUESTO-002,ZONA-02,MUN-02,CIRC-02,nacional,0,
V001330,MESA-033,PUESTO-008,ZONA-08,MUN-03,CIRC-03,municipal,0,
V001331,MESA-022,PUESTO-022,ZONA-02,MUN-02,CIRC-02,nacional,0,
V001332,MESA-005,PUESTO-005,ZONA-05,MUN-05,CIRC-05,municipal,0,
V001333,MESA-018,PUESTO-018,ZONA-08,MUN-03,CIRC-03,municipal,0,
V001334,MESA-038,PUESTO-013,ZONA-03,MUN-03,CIRC-03,municipal,0,
V001335,MESA-037,PUESTO-012,ZONA-02,MUN-02,CIRC-02,nacional,0,
V001336,MESA-064,PUESTO-014,ZONA-04,MUN-04,CIRC-04,nacional,0,
V001337,MESA-010,PUESTO-010,ZONA-10,MUN-05,CIRC-05,municipal,0,
V001338,MESA-079,PUESTO-004,ZONA-04,MUN-04,CIRC-04,nacional,0,
V001339,MESA-042,PUESTO-017,ZONA-07,MUN-02,CIRC-02,nacional,0,
V001340,MESA-048,PUESTO-023,ZONA-03,MUN-03,CIRC-03,municipal,0,
V001341,MESA-044,PUESTO-019,ZONA-09,MUN-04,CIRC-04,nacional,0,
V001342,MESA-016,PUESTO-016,ZONA-06,MUN-01,CIRC-01,especial,0,
V001343,MESA-054,PUESTO-004,ZONA-04,MUN-04,CIRC-04,nacional,0,
V001344,MESA-035,PUESTO-010,ZONA-10,MUN-05,CIRC-05,municipal,0,
V001345,MESA-028,PUESTO-003,ZONA-03,MUN-03,CIRC-03,municipal,0,
V001346,MESA-002,PUESTO-002,ZONA-02,MUN-02,CIRC-02,nacional,0,
V001347,MESA-013,PUESTO-013,ZONA-03,MUN-03,CIRC-03,municipal,0,
V001348,MESA-041,PUESTO-016,ZONA-06,MUN-01,CIRC-01,especial,0,
V001349,MESA-080,PUESTO-005,ZONA-05,MUN-05,CIRC-05,municipal,0,
V001350,MESA-054,PUESTO-004,ZONA-04,MUN-04,CIRC-04,nacional,0,inconsistencia_simulada_mesa
V001351,MESA-069,PUESTO-019,ZONA-09,MUN-04,CIRC-04,nacional,0,
V001352,MESA-053,PUESTO-003,ZONA-03,MUN-03,CIRC-03,municipal,0,
V001353,MESA-045,PUESTO-020,ZONA-10,MUN-05,CIRC-05,municipal,0,
V001354,MESA-020,PUESTO-020,ZONA-10,MUN-05,CIRC-05,municipal,0,
V001355,MESA-024,PUESTO-024,ZONA-04,MUN-04,CIRC-04,nacional,0,
V001356,MESA-061,PUESTO-011,ZONA-01,MUN-01,CIRC-01,especial,0,
V001357,MESA-058,PUESTO-008,ZONA-08,MUN-03,CIRC-03,municipal,0,
V001358,MESA-027,PUESTO-002,ZONA-02,MUN-02,CIRC-02,nacional,0,
V001359,MESA-026,PUESTO-001,ZONA-01,MUN-01,CIRC-01,especial,0,
V001360,MESA-007,PUESTO-007,ZONA-07,MUN-02,CIRC-02,nacional,0,
V001361,MESA-042,PUESTO-017,ZONA-07,MUN-02,CIRC-02,nacional,0,
V001362,MESA-047,PUESTO-022,ZONA-02,MUN-02,CIRC-02,nacional,0,
V001363,MESA-053,PUESTO-003,ZONA-03,MUN-03,CIRC-03,municipal,0,
V001364,MESA-059,PUESTO-009,ZONA-09,MUN-04,CIRC-04,nacional,0,
V001365,MESA-038,PUESTO-013,ZONA-03,MUN-03,CIRC-01,municipal,0,
V001366,MESA-069,PUESTO-019,ZONA-09,MUN-04,CIRC-04,nacional,0,
V001367,MESA-053,PUESTO-003,ZONA-03,MUN-03,CIRC-03,municipal,0,
V001368,MESA-015,PUESTO-015,ZONA-05,MUN-05,CIRC-05,municipal,0,
V001369,MESA-026,PUESTO-001,ZONA-01,MUN-01,CIRC-01,especial,0,
V001370,MESA-048,PUESTO-023,ZONA-03,MUN-03,CIRC-03,municipal,0,
V001371,MESA-019,PUESTO-019,ZONA-09,MUN-04,CIRC-02,nacional,0,
V001372,MESA-009,PUESTO-009,ZONA-09,MUN-04,CIRC-04,nacional,0,
V001373,MESA-064,PUESTO-014,ZONA-04,MUN-04,CIRC-04,nacional,0,
V001374,MESA-054,PUESTO-004,ZONA-04,MUN-04,CIRC-04,nacional,0,
V001375,MESA-051,PUESTO-001,ZONA-01,MUN-01,CIRC-01,especial,0,
V001376,MESA-039,PUESTO-014,ZONA-04,MUN-04,CIRC-04,nacional,0,
V001377,MESA-004,PUESTO-004,ZONA-04,MUN-04,CIRC-04,nacional,0,
V001378,MESA-003,PUESTO-003,ZONA-03,MUN-03,CIRC-03,municipal,0,
V001379,MESA-064,PUESTO-014,ZONA-04,MUN-04,CIRC-04,nacional,0,
V001380,MESA-029,PUESTO-004,ZONA-04,MUN-04,CIRC-04,nacional,0,
V001381,MESA-011,PUESTO-011,ZONA-01,MUN-01,CIRC-01,especial,0,
V001382,MESA-058,PUESTO-008,ZONA-08,MUN-03,CIRC-03,municipal,0,
V001383,MESA-075,PUESTO-025,ZONA-05,MUN-05,CIRC-05,municipal,0,
V001384,MESA-027,PUESTO-002,ZONA-02,MUN-02,CIRC-02,nacional,0,
V001385,MESA-021,PUESTO-021,ZONA-01,MUN-01,CIRC-03,especial,0,
V001386,MESA-039,PUESTO-014,ZONA-04,MUN-04,CIRC-04,nacional,0,
V001387,MESA-046,PUESTO-021,ZONA-01,MUN-01,CIRC-04,especial,0,
V001388,MESA-066,PUESTO-016,ZONA-06,MUN-01,CIRC-01,especial,0,
V001389,MESA-036,PUESTO-011,ZONA-01,MUN-01,CIRC-01,especial,0,
V001390,MESA-075,PUESTO-025,ZONA-05,MUN-05,CIRC-05,municipal,0,
V001391,MESA-065,PUESTO-015,ZONA-05,MUN-05,CIRC-05,municipal,0,
V001392,MESA-063,PUESTO-013,ZONA-03,MUN-03,CIRC-03,municipal,0,
V001393,MESA-035,PUESTO-010,ZONA-10,MUN-05,CIRC-05,municipal,0,
V001394,MESA-031,PUESTO-006,ZONA-06,MUN-01,CIRC-01,especial,0,
V001395,MESA-028,PUESTO-003,ZONA-03,MUN-03,CIRC-03,municipal,0,
V001396,MESA-062,PUESTO-012,ZONA-02,MUN-02,CIRC-01,especial,0,inconsistencia_simulada_mesa
V001397,MESA-025,PUESTO-025,ZONA-05,MUN-05,CIRC-05,municipal,0,
V001398,MESA-043,PUESTO-018,ZONA-08,MUN-03,CIRC-03,municipal,0,
V001399,MESA-067,PUESTO-017,ZONA-07,MUN-02,CIRC-02,nacional,0,
V001400,MESA-063,PUESTO-013,ZONA-03,MUN-03,CIRC-03,municipal,0,
V001401,MESA-051,PUESTO-001,ZONA-01,MUN-01,CIRC-01,especial,0,
V001402,MESA-002,PUESTO-002,ZONA-02,MUN-02,CIRC-02,nacional,0,
V001403,MESA-064,PUESTO-014,ZONA-04,MUN-04,CIRC-04,nacional,0,
V001404,MESA-074,PUESTO-024,ZONA-04,MUN-04,CIRC-04,nacional,0,
V001405,MESA-069,PUESTO-019,ZONA-09,MUN-04,CIRC-04,nacional,0,
V001406,MESA-009,PUESTO-009,ZONA-09,MUN-04,CIRC-04,nacional,0,
V001407,MESA-002,PUESTO-002,ZONA-02,MUN-02,CIRC-02,nacional,0,
V001408,MESA-034,PUESTO-009,ZONA-09,MUN-04,CIRC-04,nacional,0,
V001409,MESA-060,PUESTO-010,ZONA-10,MUN-05,CIRC-05,municipal,0,
V001410,MESA-061,PUESTO-011,ZONA-01,MUN-01,CIRC-01,especial,0,
V001411,MESA-031,PUESTO-006,ZONA-06,MUN-01,CIRC-01,especial,0,
V001412,MESA-010,PUESTO-010,ZONA-10,MUN-05,CIRC-05,municipal,0,
V001413,MESA-076,PUESTO-001,ZONA-01,MUN-01,CIRC-01,especial,0,
V001414,MESA-036,PUESTO-011,ZONA-01,MUN-01,CIRC-01,especial,0,
V001415,MESA-049,PUESTO-024,ZONA-04,MUN-04,CIRC-05,nacional,0,
V001416,MESA-070,PUESTO-020,ZONA-10,MUN-05,CIRC-05,municipal,0,
V001417,MESA-049,PUESTO-024,ZONA-04,MUN-04,CIRC-04,nacional,0,
V001418,MESA-003,PUESTO-003,ZONA-03,MUN-03,CIRC-03,municipal,0,
V001419,MESA-074,PUESTO-024,ZONA-04,MUN-04,CIRC-04,nacional,0,
V001420,MESA-005,PUESTO-005,ZONA-05,MUN-05,CIRC-05,municipal,0,
V001421,MESA-061,PUESTO-011,ZONA-01,MUN-01,CIRC-01,especial,0,
V001422,MESA-026,PUESTO-001,ZONA-01,MUN-01,CIRC-01,especial,0,
V001423,MESA-072,PUESTO-022,ZONA-02,MUN-02,CIRC-02,nacional,0,
V001424,MESA-005,PUESTO-005,ZONA-05,MUN-05,CIRC-05,municipal,0,
V001425,MESA-015,PUESTO-015,ZONA-05,MUN-05,CIRC-05,municipal,0,
V001426,MESA-016,PUESTO-016,ZONA-06,MUN-01,CIRC-01,especial,0,
V001427,MESA-001,PUESTO-001,ZONA-01,MUN-01,CIRC-01,especial,0,
V001428,MESA-016,PUESTO-016,ZONA-06,MUN-01,CIRC-01,especial,0,
V001429,MESA-037,PUESTO-012,ZONA-02,MUN-02,CIRC-02,nacional,0,
V001430,MESA-003,PUESTO-003,ZONA-03,MUN-03,CIRC-03,municipal,0,
V001431,MESA-052,PUESTO-002,ZONA-02,MUN-02,CIRC-02,nacional,0,
V001432,MESA-047,PUESTO-022,ZONA-02,MUN-02,CIRC-02,nacional,0,
V001433,MESA-013,PUESTO-013,ZONA-03,MUN-03,CIRC-03,municipal,0,
V001434,MESA-080,PUESTO-005,ZONA-05,MUN-05,CIRC-05,municipal,0,
V001435,MESA-055,PUESTO-005,ZONA-05,MUN-05,CIRC-05,municipal,0,
V001436,MESA-021,PUESTO-021,ZONA-01,MUN-01,CIRC-01,especial,0,
V001437,MESA-066,PUESTO-016,ZONA-06,MUN-01,CIRC-01,especial,0,
V001438,MESA-054,PUESTO-004,ZONA-04,MUN-04,CIRC-04,nacional,0,
V001439,MESA-027,PUESTO-002,ZONA-02,MUN-02,CIRC-02,nacional,0,
V001440,MESA-038,PUESTO-013,ZONA-03,MUN-03,CIRC-03,municipal,0,
V001441,MESA-058,PUESTO-008,ZONA-08,MUN-03,CIRC-03,municipal,0,
V001442,MESA-062,PUESTO-012,ZONA-02,MUN-02,CIRC-02,nacional,0,
V001443,MESA-046,PUESTO-021,ZONA-01,MUN-01,CIRC-01,especial,0,
V001444,MESA-011,PUESTO-011,ZONA-01,MUN-01,CIRC-01,especial,0,
V001445,MESA-072,PUESTO-022,ZONA-02,MUN-02,CIRC-02,nacional,0,
V001446,MESA-008,PUESTO-008,ZONA-08,MUN-03,CIRC-03,municipal,0,
V001447,MESA-071,PUESTO-021,ZONA-01,MUN-01,CIRC-01,especial,0,
V001448,MESA-043,PUESTO-018,ZONA-08,MUN-03,CIRC-04,nacional,0,inconsistencia_simulada_mesa
V001449,MESA-021,PUESTO-021,ZONA-01,MUN-01,CIRC-01,especial,0,
V001450,MESA-072,PUESTO-022,ZONA-02,MUN-02,CIRC-02,nacional,0,
V001451,MESA-063,PUESTO-013,ZONA-03,MUN-03,CIRC-03,municipal,0,
V001452,MESA-064,PUESTO-014,ZONA-04,MUN-04,CIRC-04,nacional,0,
V001453,MESA-020,PUESTO-020,ZONA-10,MUN-05,CIRC-05,municipal,0,
V001454,MESA-008,PUESTO-008,ZONA-08,MUN-03,CIRC-03,municipal,0,
V001455,MESA-058,PUESTO-008,ZONA-08,MUN-03,CIRC-03,municipal,0,
V001456,MESA-046,PUESTO-021,ZONA-01,MUN-01,CIRC-01,especial,0,
V001457,MESA-031,PUESTO-006,ZONA-06,MUN-01,CIRC-01,especial,0,
V001458,MESA-009,PUESTO-009,ZONA-09,MUN-04,CIRC-04,nacional,0,
V001459,MESA-015,PUESTO-015,ZONA-05,MUN-05,CIRC-05,municipal,0,
V001460,MESA-026,PUESTO-001,ZONA-01,MUN-01,CIRC-01,especial,0,
V001461,MESA-010,PUESTO-010,ZONA-10,MUN-05,CIRC-05,municipal,0,
V001462,MESA-029,PUESTO-004,ZONA-04,MUN-04,CIRC-04,nacional,0,
V001463,MESA-080,PUESTO-005,ZONA-05,MUN-05,CIRC-05,municipal,0,
V001464,MESA-036,PUESTO-011,ZONA-01,MUN-01,CIRC-01,especial,0,
V001465,MESA-037,PUESTO-012,ZONA-02,MUN-02,CIRC-02,nacional,0,
V001466,MESA-071,PUESTO-021,ZONA-01,MUN-01,CIRC-01,especial,0,
V001467,MESA-023,PUESTO-023,ZONA-03,MUN-03,CIRC-03,municipal,0,
V001468,MESA-041,PUESTO-016,ZONA-06,MUN-01,CIRC-01,especial,0,
V001469,MESA-080,PUESTO-005,ZONA-05,MUN-05,CIRC-05,municipal,0,
V001470,MESA-028,PUESTO-003,ZONA-03,MUN-03,CIRC-03,municipal,0,
V001471,MESA-048,PUESTO-023,ZONA-03,MUN-03,CIRC-03,municipal,0,
V001472,MESA-038,PUESTO-013,ZONA-03,MUN-03,CIRC-03,municipal,0,
V001473,MESA-031,PUESTO-006,ZONA-06,MUN-01,CIRC-01,especial,0,
V001474,MESA-014,PUESTO-014,ZONA-04,MUN-04,CIRC-04,nacional,0,
V001475,MESA-073,PUESTO-023,ZONA-03,MUN-03,CIRC-03,municipal,0,
V001476,MESA-077,PUESTO-002,ZONA-02,MUN-02,CIRC-02,nacional,0,
V001477,MESA-029,PUESTO-004,ZONA-04,MUN-04,CIRC-04,nacional,0,
V001478,MESA-051,PUESTO-001,ZONA-01,MUN-01,CIRC-01,especial,0,
V001479,MESA-049,PUESTO-024,ZONA-04,MUN-04,CIRC-04,nacional,0,
V001480,MESA-043,PUESTO-018,ZONA-08,MUN-03,CIRC-03,municipal,0,
V001481,MESA-072,PUESTO-022,ZONA-02,MUN-02,CIRC-02,nacional,0,
V001482,MESA-005,PUESTO-005,ZONA-05,MUN-05,CIRC-05,municipal,0,
V001483,MESA-042,PUESTO-017,ZONA-07,MUN-02,CIRC-02,nacional,0,
V001484,MESA-063,PUESTO-013,ZONA-03,MUN-03,CIRC-02,nacional,0,inconsistencia_simulada_mesa
V001485,MESA-042,PUESTO-017,ZONA-07,MUN-02,CIRC-02,nacional,0,
V001486,MESA-036,PUESTO-011,ZONA-01,MUN-01,CIRC-01,especial,0,
V001487,MESA-027,PUESTO-002,ZONA-02,MUN-02,CIRC-02,nacional,0,
V001488,MESA-058,PUESTO-008,ZONA-08,MUN-03,CIRC-03,municipal,0,
V001489,MESA-046,PUESTO-021,ZONA-01,MUN-01,CIRC-01,especial,0,
V001490,MESA-066,PUESTO-016,ZONA-06,MUN-01,CIRC-01,especial,0,
V001491,MESA-025,PUESTO-025,ZONA-05,MUN-05,CIRC-05,municipal,0,
V001492,MESA-073,PUESTO-023,ZONA-03,MUN-03,CIRC-03,municipal,0,
V001493,MESA-027,PUESTO-002,ZONA-02,MUN-02,CIRC-02,nacional,0,
V001494,MESA-001,PUESTO-001,ZONA-01,MUN-01,CIRC-01,municipal,0,
V001495,MESA-074,PUESTO-024,ZONA-04,MUN-04,CIRC-04,nacional,0,
V001496,MESA-042,PUESTO-017,ZONA-07,MUN-02,CIRC-02,nacional,0,
V001497,MESA-052,PUESTO-002,ZONA-02,MUN-02,CIRC-02,nacional,0,
V001498,MESA-025,PUESTO-025,ZONA-05,MUN-05,CIRC-05,municipal,0,
V001499,MESA-054,PUESTO-004,ZONA-04,MUN-04,CIRC-04,nacional,0,
V001500,MESA-067,PUESTO-017,ZONA-07,MUN-02,CIRC-02,nacional,0,
V001501,MESA-006,PUESTO-006,ZONA-06,MUN-01,CIRC-01,especial,0,
V001502,MESA-058,PUESTO-008,ZONA-08,MUN-03,CIRC-03,municipal,0,
V001503,MESA-070,PUESTO-020,ZONA-10,MUN-05,CIRC-05,municipal,0,
V001504,MESA-053,PUESTO-003,ZONA-03,MUN-03,CIRC-03,municipal,0,
V001505,MESA-066,PUESTO-016,ZONA-06,MUN-01,CIRC-01,especial,0,
V001506,MESA-058,PUESTO-008,ZONA-08,MUN-03,CIRC-03,municipal,0,
V001507,MESA-002,PUESTO-002,ZONA-02,MUN-02,CIRC-02,nacional,0,
V001508,MESA-076,PUESTO-001,ZONA-01,MUN-01,CIRC-01,especial,0,
V001509,MESA-022,PUESTO-022,ZONA-02,MUN-02,CIRC-02,nacional,0,
V001510,MESA-037,PUESTO-012,ZONA-02,MUN-02,CIRC-02,nacional,0,
V001511,MESA-020,PUESTO-020,ZONA-10,MUN-05,CIRC-05,municipal,0,
V001512,MESA-062,PUESTO-012,ZONA-02,MUN-02,CIRC-04,nacional,0,inconsistencia_simulada_mesa
V001513,MESA-065,PUESTO-015,ZONA-05,MUN-05,CIRC-05,municipal,0,
V001514,MESA-065,PUESTO-015,ZONA-05,MUN-05,CIRC-05,municipal,0,
V001515,MESA-001,PUESTO-001,ZONA-01,MUN-01,CIRC-01,especial,0,
V001516,MESA-003,PUESTO-003,ZONA-03,MUN-03,CIRC-03,municipal,0,
V001517,MESA-046,PUESTO-021,ZONA-01,MUN-01,CIRC-01,especial,0,
V001518,MESA-055,PUESTO-005,ZONA-05,MUN-05,CIRC-05,municipal,0,
V001519,MESA-075,PUESTO-025,ZONA-05,MUN-05,CIRC-05,municipal,0,
V001520,MESA-064,PUESTO-014,ZONA-04,MUN-04,CIRC-04,nacional,0,
V001521,MESA-045,PUESTO-020,ZONA-10,MUN-05,CIRC-05,municipal,0,
V001522,MESA-026,PUESTO-001,ZONA-01,MUN-01,CIRC-01,especial,0,
V001523,MESA-077,PUESTO-002,ZONA-02,MUN-02,CIRC-02,nacional,0,
V001524,MESA-065,PUESTO-015,ZONA-05,MUN-05,CIRC-05,municipal,0,
V001525,MESA-024,PUESTO-024,ZONA-04,MUN-04,CIRC-04,nacional,0,
V001526,MESA-074,PUESTO-024,ZONA-04,MUN-04,CIRC-04,nacional,0,
V001527,MESA-035,PUESTO-010,ZONA-10,MUN-05,CIRC-05,municipal,0,
V001528,MESA-024,PUESTO-024,ZONA-04,MUN-04,CIRC-04,nacional,0,
V001529,MESA-028,PUESTO-003,ZONA-03,MUN-03,CIRC-03,municipal,0,
V001530,MESA-080,PUESTO-005,ZONA-05,MUN-05,CIRC-05,municipal,0,
V001531,MESA-016,PUESTO-016,ZONA-06,MUN-01,CIRC-01,especial,0,
V001532,MESA-059,PUESTO-009,ZONA-09,MUN-04,CIRC-04,nacional,0,
V001533,MESA-054,PUESTO-004,ZONA-04,MUN-04,CIRC-04,nacional,0,
V001534,MESA-079,PUESTO-004,ZONA-04,MUN-04,CIRC-04,nacional,0,
V001535,MESA-016,PUESTO-016,ZONA-06,MUN-01,CIRC-01,especial,0,
V001536,MESA-015,PUESTO-015,ZONA-05,MUN-05,CIRC-05,municipal,0,
V001537,MESA-011,PUESTO-011,ZONA-01,MUN-01,CIRC-01,especial,0,
V001538,MESA-065,PUESTO-015,ZONA-05,MUN-05,CIRC-05,municipal,0,
V001539,MESA-079,PUESTO-004,ZONA-04,MUN-04,CIRC-04,nacional,0,
V001540,MESA-056,PUESTO-006,ZONA-06,MUN-01,CIRC-03,municipal,0,inconsistencia_simulada_mesa
V001541,MESA-043,PUESTO-018,ZONA-08,MUN-03,CIRC-03,municipal,0,
V001542,MESA-069,PUESTO-019,ZONA-09,MUN-04,CIRC-04,nacional,0,
V001543,MESA-013,PUESTO-013,ZONA-03,MUN-03,CIRC-03,municipal,0,
V001544,MESA-010,PUESTO-010,ZONA-10,MUN-05,CIRC-05,municipal,0,
V001545,MESA-075,PUESTO-025,ZONA-05,MUN-05,CIRC-05,municipal,0,
V001546,MESA-041,PUESTO-016,ZONA-06,MUN-01,CIRC-01,especial,0,
V001547,MESA-050,PUESTO-025,ZONA-05,MUN-05,CIRC-05,municipal,0,
V001548,MESA-071,PUESTO-021,ZONA-01,MUN-01,CIRC-01,especial,0,
V001549,MESA-059,PUESTO-009,ZONA-09,MUN-04,CIRC-04,nacional,0,
V001550,MESA-039,PUESTO-014,ZONA-04,MUN-04,CIRC-04,nacional,0,
V001551,MESA-003,PUESTO-003,ZONA-03,MUN-03,CIRC-03,municipal,0,
V001552,MESA-076,PUESTO-001,ZONA-01,MUN-01,CIRC-01,especial,0,
V001553,MESA-007,PUESTO-007,ZONA-07,MUN-02,CIRC-02,nacional,0,
V001554,MESA-049,PUESTO-024,ZONA-04,MUN-04,CIRC-04,nacional,0,
V001555,MESA-026,PUESTO-001,ZONA-01,MUN-01,CIRC-01,especial,0,
V001556,MESA-033,PUESTO-008,ZONA-08,MUN-03,CIRC-03,municipal,0,
V001557,MESA-048,PUESTO-023,ZONA-03,MUN-03,CIRC-03,municipal,0,
V001558,MESA-079,PUESTO-004,ZONA-04,MUN-04,CIRC-04,nacional,0,
V001559,MESA-002,PUESTO-002,ZONA-02,MUN-02,CIRC-02,nacional,0,
V001560,MESA-071,PUESTO-021,ZONA-01,MUN-01,CIRC-01,especial,0,
V001561,MESA-032,PUESTO-007,ZONA-07,MUN-02,CIRC-02,nacional,0,
V001562,MESA-004,PUESTO-004,ZONA-04,MUN-04,CIRC-04,nacional,0,
V001563,MESA-020,PUESTO-020,ZONA-10,MUN-05,CIRC-05,municipal,0,
V001564,MESA-036,PUESTO-011,ZONA-01,MUN-01,CIRC-01,especial,0,
V001565,MESA-032,PUESTO-007,ZONA-07,MUN-02,CIRC-02,nacional,0,
V001566,MESA-028,PUESTO-003,ZONA-03,MUN-03,CIRC-03,municipal,0,
V001567,MESA-077,PUESTO-002,ZONA-02,MUN-02,CIRC-02,nacional,0,
V001568,MESA-001,PUESTO-001,ZONA-01,MUN-01,CIRC-01,especial,0,
V001569,MESA-060,PUESTO-010,ZONA-10,MUN-05,CIRC-05,municipal,0,
V001570,MESA-056,PUESTO-006,ZONA-06,MUN-01,CIRC-01,especial,0,
V001571,MESA-035,PUESTO-010,ZONA-10,MUN-05,CIRC-05,municipal,0,
V001572,MESA-030,PUESTO-005,ZONA-05,MUN-05,CIRC-05,municipal,0,
V001573,MESA-054,PUESTO-004,ZONA-04,MUN-04,CIRC-04,nacional,0,
V001574,MESA-030,PUESTO-005,ZONA-05,MUN-05,CIRC-01,especial,0,inconsistencia_simulada_mesa
V001575,MESA-055,PUESTO-005,ZONA-05,MUN-05,CIRC-05,municipal,0,
V001576,MESA-080,PUESTO-005,ZONA-05,MUN-05,CIRC-05,municipal,0,
V001577,MESA-058,PUESTO-008,ZONA-08,MUN-03,CIRC-03,municipal,0,
V001578,MESA-065,PUESTO-015,ZONA-05,MUN-05,CIRC-05,municipal,0,
V001579,MESA-069,PUESTO-019,ZONA-09,MUN-04,CIRC-04,nacional,0,
V001580,MESA-051,PUESTO-001,ZONA-01,MUN-01,CIRC-01,especial,0,
V001581,MESA-022,PUESTO-022,ZONA-02,MUN-02,CIRC-02,nacional,0,
V001582,MESA-053,PUESTO-003,ZONA-03,MUN-03,CIRC-03,municipal,0,
V001583,MESA-036,PUESTO-011,ZONA-01,MUN-01,CIRC-01,especial,0,
V001584,MESA-068,PUESTO-018,ZONA-08,MUN-03,CIRC-03,municipal,0,
V001585,MESA-054,PUESTO-004,ZONA-04,MUN-04,CIRC-01,especial,0,inconsistencia_simulada_mesa
V001586,MESA-052,PUESTO-002,ZONA-02,MUN-02,CIRC-02,nacional,0,
V001587,MESA-053,PUESTO-003,ZONA-03,MUN-03,CIRC-03,municipal,0,
V001588,MESA-050,PUESTO-025,ZONA-05,MUN-05,CIRC-05,municipal,0,
V001589,MESA-080,PUESTO-005,ZONA-05,MUN-05,CIRC-05,municipal,0,
V001590,MESA-064,PUESTO-014,ZONA-04,MUN-04,CIRC-01,especial,0,inconsistencia_simulada_mesa
V001591,MESA-018,PUESTO-018,ZONA-08,MUN-03,CIRC-03,municipal,0,
V001592,MESA-022,PUESTO-022,ZONA-02,MUN-02,CIRC-02,nacional,0,
V001593,MESA-066,PUESTO-016,ZONA-06,MUN-01,CIRC-01,especial,0,
V001594,MESA-021,PUESTO-021,ZONA-01,MUN-01,CIRC-01,especial,0,
V001595,MESA-044,PUESTO-019,ZONA-09,MUN-04,CIRC-04,nacional,0,
V001596,MESA-047,PUESTO-022,ZONA-02,MUN-02,CIRC-02,nacional,0,
V001597,MESA-039,PUESTO-014,ZONA-04,MUN-04,CIRC-04,nacional,0,
V001598,MESA-029,PUESTO-004,ZONA-04,MUN-04,CIRC-04,nacional,0,
V001599,MESA-054,PUESTO-004,ZONA-04,MUN-04,CIRC-04,nacional,0,
V001600,MESA-017,PUESTO-017,ZONA-07,MUN-02,CIRC-02,nacional,0,
V001601,MESA-080,PUESTO-005,ZONA-05,MUN-05,CIRC-05,municipal,0,
V001602,MESA-060,PUESTO-010,ZONA-10,MUN-05,CIRC-05,municipal,0,
V001603,MESA-031,PUESTO-006,ZONA-06,MUN-01,CIRC-01,especial,0,
V001604,MESA-073,PUESTO-023,ZONA-03,MUN-03,CIRC-03,municipal,0,
V001605,MESA-078,PUESTO-003,ZONA-03,MUN-03,CIRC-03,municipal,0,
V001606,MESA-049,PUESTO-024,ZONA-04,MUN-04,CIRC-04,nacional,0,
V001607,MESA-002,PUESTO-002,ZONA-02,MUN-02,CIRC-02,nacional,0,
V001608,MESA-048,PUESTO-023,ZONA-03,MUN-03,CIRC-03,municipal,0,
V001609,MESA-014,PUESTO-014,ZONA-04,MUN-04,CIRC-04,nacional,0,
V001610,MESA-059,PUESTO-009,ZONA-09,MUN-04,CIRC-04,nacional,0,
V001611,MESA-058,PUESTO-008,ZONA-08,MUN-03,CIRC-03,municipal,0,
V001612,MESA-058,PUESTO-008,ZONA-08,MUN-03,CIRC-03,municipal,0,
V001613,MESA-039,PUESTO-014,ZONA-04,MUN-04,CIRC-01,especial,0,inconsistencia_simulada_mesa
V001614,MESA-002,PUESTO-002,ZONA-02,MUN-02,CIRC-02,nacional,0,
V001615,MESA-041,PUESTO-016,ZONA-06,MUN-01,CIRC-01,especial,0,
V001616,MESA-016,PUESTO-016,ZONA-06,MUN-01,CIRC-01,especial,0,
V001617,MESA-004,PUESTO-004,ZONA-04,MUN-04,CIRC-04,nacional,0,
V001618,MESA-012,PUESTO-012,ZONA-02,MUN-02,CIRC-02,nacional,0,
V001619,MESA-029,PUESTO-004,ZONA-04,MUN-04,CIRC-04,nacional,0,
V001620,MESA-007,PUESTO-007,ZONA-07,MUN-02,CIRC-02,nacional,0,
V001621,MESA-014,PUESTO-014,ZONA-04,MUN-04,CIRC-04,nacional,0,
V001622,MESA-012,PUESTO-012,ZONA-02,MUN-02,CIRC-02,nacional,0,
V001623,MESA-005,PUESTO-005,ZONA-05,MUN-05,CIRC-05,municipal,0,
V001624,MESA-032,PUESTO-007,ZONA-07,MUN-02,CIRC-02,nacional,0,
V001625,MESA-074,PUESTO-024,ZONA-04,MUN-04,CIRC-04,nacional,0,
V001626,MESA-043,PUESTO-018,ZONA-08,MUN-03,CIRC-03,municipal,0,
V001627,MESA-069,PUESTO-019,ZONA-09,MUN-04,CIRC-04,nacional,0,
V001628,MESA-045,PUESTO-020,ZONA-10,MUN-05,CIRC-05,municipal,0,
V001629,MESA-009,PUESTO-009,ZONA-09,MUN-04,CIRC-04,nacional,0,
V001630,MESA-049,PUESTO-024,ZONA-04,MUN-04,CIRC-05,nacional,0,
V001631,MESA-033,PUESTO-008,ZONA-08,MUN-03,CIRC-03,municipal,0,
V001632,MESA-018,PUESTO-018,ZONA-08,MUN-03,CIRC-03,municipal,0,
V001633,MESA-009,PUESTO-009,ZONA-09,MUN-04,CIRC-04,nacional,0,
V001634,MESA-062,PUESTO-012,ZONA-02,MUN-02,CIRC-02,nacional,0,
V001635,MESA-057,PUESTO-007,ZONA-07,MUN-02,CIRC-02,nacional,0,
V001636,MESA-029,PUESTO-004,ZONA-04,MUN-04,CIRC-04,nacional,0,
V001637,MESA-078,PUESTO-003,ZONA-03,MUN-03,CIRC-03,municipal,0,
V001638,MESA-025,PUESTO-025,ZONA-05,MUN-05,CIRC-05,municipal,0,
V001639,MESA-015,PUESTO-015,ZONA-05,MUN-05,CIRC-05,municipal,0,
V001640,MESA-006,PUESTO-006,ZONA-06,MUN-01,CIRC-01,especial,0,
V001641,MESA-042,PUESTO-017,ZONA-07,MUN-02,CIRC-02,nacional,0,
V001642,MESA-029,PUESTO-004,ZONA-04,MUN-04,CIRC-04,nacional,0,
V001643,MESA-079,PUESTO-004,ZONA-04,MUN-04,CIRC-04,nacional,0,
V001644,MESA-004,PUESTO-004,ZONA-04,MUN-04,CIRC-04,nacional,0,
V001645,MESA-057,PUESTO-007,ZONA-07,MUN-02,CIRC-02,nacional,0,
V001646,MESA-049,PUESTO-024,ZONA-04,MUN-04,CIRC-04,nacional,0,
V001647,MESA-044,PUESTO-019,ZONA-09,MUN-04,CIRC-04,nacional,0,
V001648,MESA-080,PUESTO-005,ZONA-05,MUN-05,CIRC-05,municipal,0,
V001649,MESA-075,PUESTO-025,ZONA-05,MUN-05,CIRC-05,municipal,0,
V001650,MESA-014,PUESTO-014,ZONA-04,MUN-04,CIRC-04,nacional,0,
V001651,MESA-003,PUESTO-003,ZONA-03,MUN-03,CIRC-03,municipal,0,
V001652,MESA-062,PUESTO-012,ZONA-02,MUN-02,CIRC-02,nacional,0,
V001653,MESA-064,PUESTO-014,ZONA-04,MUN-04,CIRC-04,nacional,0,
V001654,MESA-045,PUESTO-020,ZONA-10,MUN-05,CIRC-05,municipal,0,
V001655,MESA-058,PUESTO-008,ZONA-08,MUN-03,CIRC-03,municipal,0,
V001656,MESA-020,PUESTO-020,ZONA-10,MUN-05,CIRC-05,municipal,0,
V001657,MESA-058,PUESTO-008,ZONA-08,MUN-03,CIRC-03,municipal,0,
V001658,MESA-057,PUESTO-007,ZONA-07,MUN-02,CIRC-02,nacional,0,
V001659,MESA-077,PUESTO-002,ZONA-02,MUN-02,CIRC-02,nacional,0,
V001660,MESA-068,PUESTO-018,ZONA-08,MUN-03,CIRC-03,municipal,0,
V001661,MESA-078,PUESTO-003,ZONA-03,MUN-03,CIRC-03,municipal,0,
V001662,MESA-052,PUESTO-002,ZONA-02,MUN-02,CIRC-02,nacional,0,
V001663,MESA-037,PUESTO-012,ZONA-02,MUN-02,CIRC-02,nacional,0,
V001664,MESA-008,PUESTO-008,ZONA-08,MUN-03,CIRC-03,municipal,0,
V001665,MESA-044,PUESTO-019,ZONA-09,MUN-04,CIRC-04,nacional,0,
V001666,MESA-005,PUESTO-005,ZONA-05,MUN-05,CIRC-05,municipal,0,
V001667,MESA-069,PUESTO-019,ZONA-09,MUN-04,CIRC-04,nacional,0,
V001668,MESA-031,PUESTO-006,ZONA-06,MUN-01,CIRC-01,especial,0,
V001669,MESA-045,PUESTO-020,ZONA-10,MUN-05,CIRC-05,municipal,0,
V001670,MESA-009,PUESTO-009,ZONA-09,MUN-04,CIRC-04,nacional,0,
V001671,MESA-032,PUESTO-007,ZONA-07,MUN-02,CIRC-02,nacional,0,
V001672,MESA-033,PUESTO-008,ZONA-08,MUN-03,CIRC-03,municipal,0,
V001673,MESA-067,PUESTO-017,ZONA-07,MUN-02,CIRC-02,nacional,0,
V001674,MESA-030,PUESTO-005,ZONA-05,MUN-05,CIRC-05,municipal,0,
V001675,MESA-076,PUESTO-001,ZONA-01,MUN-01,CIRC-01,especial,0,
V001676,MESA-029,PUESTO-004,ZONA-04,MUN-04,CIRC-04,nacional,0,
V001677,MESA-003,PUESTO-003,ZONA-03,MUN-03,CIRC-03,municipal,0,
V001678,MESA-057,PUESTO-007,ZONA-07,MUN-02,CIRC-02,nacional,0,
V001679,MESA-030,PUESTO-005,ZONA-05,MUN-05,CIRC-05,municipal,0,
V001680,MESA-009,PUESTO-009,ZONA-09,MUN-04,CIRC-04,nacional,0,
V001681,MESA-026,PUESTO-001,ZONA-01,MUN-01,CIRC-01,especial,0,
V001682,MESA-002,PUESTO-002,ZONA-02,MUN-02,CIRC-02,nacional,0,
V001683,MESA-062,PUESTO-012,ZONA-02,MUN-02,CIRC-02,nacional,0,
V001684,MESA-003,PUESTO-003,ZONA-03,MUN-03,CIRC-03,municipal,0,
V001685,MESA-046,PUESTO-021,ZONA-01,MUN-01,CIRC-01,especial,0,
V001686,MESA-068,PUESTO-018,ZONA-08,MUN-03,CIRC-03,municipal,0,
V001687,MESA-025,PUESTO-025,ZONA-05,MUN-05,CIRC-05,municipal,0,
V001688,MESA-051,PUESTO-001,ZONA-01,MUN-01,CIRC-01,especial,0,
V001689,MESA-013,PUESTO-013,ZONA-03,MUN-03,CIRC-03,municipal,0,
V001690,MESA-044,PUESTO-019,ZONA-09,MUN-04,CIRC-04,nacional,0,
V001691,MESA-035,PUESTO-010,ZONA-10,MUN-05,CIRC-05,municipal,0,
V001692,MESA-055,PUESTO-005,ZONA-05,MUN-05,CIRC-05,municipal,0,
V001693,MESA-009,PUESTO-009,ZONA-09,MUN-04,CIRC-04,nacional,0,
V001694,MESA-002,PUESTO-002,ZONA-02,MUN-02,CIRC-02,nacional,0,
V001695,MESA-061,PUESTO-011,ZONA-01,MUN-01,CIRC-01,especial,0,
V001696,MESA-041,PUESTO-016,ZONA-06,MUN-01,CIRC-01,especial,0,
V001697,MESA-044,PUESTO-019,ZONA-09,MUN-04,CIRC-04,nacional,0,
V001698,MESA-064,PUESTO-014,ZONA-04,MUN-04,CIRC-04,nacional,0,
V001699,MESA-031,PUESTO-006,ZONA-06,MUN-01,CIRC-01,especial,0,
V001700,MESA-047,PUESTO-022,ZONA-02,MUN-02,CIRC-02,nacional,0,
V001701,MESA-002,PUESTO-002,ZONA-02,MUN-02,CIRC-02,nacional,0,
V001702,MESA-077,PUESTO-002,ZONA-02,MUN-02,CIRC-02,nacional,0,
V001703,MESA-069,PUESTO-019,ZONA-09,MUN-04,CIRC-04,nacional,0,
V001704,MESA-058,PUESTO-008,ZONA-08,MUN-03,CIRC-03,municipal,0,
V001705,MESA-044,PUESTO-019,ZONA-09,MUN-04,CIRC-04,nacional,0,
V001706,MESA-074,PUESTO-024,ZONA-04,MUN-04,CIRC-04,nacional,0,
V001707,MESA-056,PUESTO-006,ZONA-06,MUN-01,CIRC-01,especial,0,
V001708,MESA-043,PUESTO-018,ZONA-08,MUN-03,CIRC-05,municipal,0,
V001709,MESA-034,PUESTO-009,ZONA-09,MUN-04,CIRC-04,nacional,0,
V001710,MESA-030,PUESTO-005,ZONA-05,MUN-05,CIRC-05,municipal,0,
V001711,MESA-071,PUESTO-021,ZONA-01,MUN-01,CIRC-01,especial,0,
V001712,MESA-070,PUESTO-020,ZONA-10,MUN-05,CIRC-05,municipal,0,
V001713,MESA-055,PUESTO-005,ZONA-05,MUN-05,CIRC-05,municipal,0,
V001714,MESA-067,PUESTO-017,ZONA-07,MUN-02,CIRC-02,nacional,0,
V001715,MESA-013,PUESTO-013,ZONA-03,MUN-03,CIRC-03,municipal,0,
V001716,MESA-003,PUESTO-003,ZONA-03,MUN-03,CIRC-03,municipal,0,
V001717,MESA-026,PUESTO-001,ZONA-01,MUN-01,CIRC-01,especial,0,
V001718,MESA-057,PUESTO-007,ZONA-07,MUN-02,CIRC-02,nacional,0,
V001719,MESA-024,PUESTO-024,ZONA-04,MUN-04,CIRC-04,nacional,0,
V001720,MESA-053,PUESTO-003,ZONA-03,MUN-03,CIRC-03,municipal,0,
V001721,MESA-070,PUESTO-020,ZONA-10,MUN-05,CIRC-05,municipal,0,
V001722,MESA-043,PUESTO-018,ZONA-08,MUN-03,CIRC-03,municipal,0,
V001723,MESA-060,PUESTO-010,ZONA-10,MUN-05,CIRC-05,municipal,0,
V001724,MESA-058,PUESTO-008,ZONA-08,MUN-03,CIRC-03,municipal,0,
V001725,MESA-049,PUESTO-024,ZONA-04,MUN-04,CIRC-04,nacional,0,
V001726,MESA-042,PUESTO-017,ZONA-07,MUN-02,CIRC-02,nacional,0,
V001727,MESA-039,PUESTO-014,ZONA-04,MUN-04,CIRC-01,especial,0,inconsistencia_simulada_mesa
V001728,MESA-066,PUESTO-016,ZONA-06,MUN-01,CIRC-01,especial,0,
V001729,MESA-011,PUESTO-011,ZONA-01,MUN-01,CIRC-01,especial,0,
V001730,MESA-018,PUESTO-018,ZONA-08,MUN-03,CIRC-03,municipal,0,
V001731,MESA-052,PUESTO-002,ZONA-02,MUN-02,CIRC-02,nacional,0,
V001732,MESA-046,PUESTO-021,ZONA-01,MUN-01,CIRC-01,especial,0,
V001733,MESA-044,PUESTO-019,ZONA-09,MUN-04,CIRC-04,nacional,0,
V001734,MESA-022,PUESTO-022,ZONA-02,MUN-02,CIRC-02,nacional,0,
V001735,MESA-053,PUESTO-003,ZONA-03,MUN-03,CIRC-03,municipal,0,
V001736,MESA-059,PUESTO-009,ZONA-09,MUN-04,CIRC-04,nacional,0,
V001737,MESA-030,PUESTO-005,ZONA-05,MUN-05,CIRC-05,municipal,0,
V001738,MESA-008,PUESTO-008,ZONA-08,MUN-03,CIRC-03,municipal,0,
V001739,MESA-057,PUESTO-007,ZONA-07,MUN-02,CIRC-04,nacional,0,
V001740,MESA-073,PUESTO-023,ZONA-03,MUN-03,CIRC-03,municipal,0,
V001741,MESA-020,PUESTO-020,ZONA-10,MUN-05,CIRC-05,municipal,0,
V001742,MESA-025,PUESTO-025,ZONA-05,MUN-05,CIRC-05,municipal,0,
V001743,MESA-019,PUESTO-019,ZONA-09,MUN-04,CIRC-04,nacional,0,
V001744,MESA-005,PUESTO-005,ZONA-05,MUN-05,CIRC-05,municipal,0,
V001745,MESA-075,PUESTO-025,ZONA-05,MUN-05,CIRC-05,municipal,0,
V001746,MESA-079,PUESTO-004,ZONA-04,MUN-04,CIRC-04,nacional,0,
V001747,MESA-072,PUESTO-022,ZONA-02,MUN-02,CIRC-02,nacional,0,
V001748,MESA-027,PUESTO-002,ZONA-02,MUN-02,CIRC-02,nacional,0,
V001749,MESA-040,PUESTO-015,ZONA-05,MUN-05,CIRC-05,municipal,0,
V001750,MESA-026,PUESTO-001,ZONA-01,MUN-01,CIRC-01,especial,0,
V001751,MESA-027,PUESTO-002,ZONA-02,MUN-02,CIRC-02,nacional,0,
V001752,MESA-062,PUESTO-012,ZONA-02,MUN-02,CIRC-04,nacional,0,
V001753,MESA-050,PUESTO-025,ZONA-05,MUN-05,CIRC-05,municipal,0,
V001754,MESA-042,PUESTO-017,ZONA-07,MUN-02,CIRC-02,nacional,0,
V001755,MESA-029,PUESTO-004,ZONA-04,MUN-04,CIRC-04,nacional,0,
V001756,MESA-039,PUESTO-014,ZONA-04,MUN-04,CIRC-04,nacional,0,
V001757,MESA-060,PUESTO-010,ZONA-10,MUN-05,CIRC-05,municipal,0,
V001758,MESA-041,PUESTO-016,ZONA-06,MUN-01,CIRC-01,especial,0,
V001759,MESA-033,PUESTO-008,ZONA-08,MUN-03,CIRC-03,municipal,0,
V001760,MESA-016,PUESTO-016,ZONA-06,MUN-01,CIRC-01,especial,0,
V001761,MESA-023,PUESTO-023,ZONA-03,MUN-03,CIRC-03,municipal,0,
V001762,MESA-007,PUESTO-007,ZONA-07,MUN-02,CIRC-02,nacional,0,
V001763,MESA-026,PUESTO-001,ZONA-01,MUN-01,CIRC-01,especial,0,
V001764,MESA-004,PUESTO-004,ZONA-04,MUN-04,CIRC-02,nacional,0,inconsistencia_simulada_mesa
V001765,MESA-072,PUESTO-022,ZONA-02,MUN-02,CIRC-02,nacional,0,
V001766,MESA-005,PUESTO-005,ZONA-05,MUN-05,CIRC-05,municipal,0,
V001767,MESA-069,PUESTO-019,ZONA-09,MUN-04,CIRC-04,nacional,0,
V001768,MESA-049,PUESTO-024,ZONA-04,MUN-04,CIRC-04,nacional,0,
V001769,MESA-026,PUESTO-001,ZONA-01,MUN-01,CIRC-01,especial,0,
V001770,MESA-005,PUESTO-005,ZONA-05,MUN-05,CIRC-05,municipal,0,
V001771,MESA-022,PUESTO-022,ZONA-02,MUN-02,CIRC-02,nacional,0,
V001772,MESA-079,PUESTO-004,ZONA-04,MUN-04,CIRC-04,nacional,0,
V001773,MESA-013,PUESTO-013,ZONA-03,MUN-03,CIRC-03,municipal,0,
V001774,MESA-028,PUESTO-003,ZONA-03,MUN-03,CIRC-03,municipal,0,
V001775,MESA-033,PUESTO-008,ZONA-08,MUN-03,CIRC-03,municipal,0,
V001776,MESA-023,PUESTO-023,ZONA-03,MUN-03,CIRC-03,municipal,0,
V001777,MESA-018,PUESTO-018,ZONA-08,MUN-03,CIRC-03,municipal,0,
V001778,MESA-030,PUESTO-005,ZONA-05,MUN-05,CIRC-03,municipal,0,
V001779,MESA-026,PUESTO-001,ZONA-01,MUN-01,CIRC-01,especial,0,
V001780,MESA-016,PUESTO-016,ZONA-06,MUN-01,CIRC-01,especial,0,
V001781,MESA-077,PUESTO-002,ZONA-02,MUN-02,CIRC-02,nacional,0,
V001782,MESA-039,PUESTO-014,ZONA-04,MUN-04,CIRC-04,nacional,0,
V001783,MESA-033,PUESTO-008,ZONA-08,MUN-03,CIRC-03,municipal,0,
V001784,MESA-026,PUESTO-001,ZONA-01,MUN-01,CIRC-01,especial,0,
V001785,MESA-048,PUESTO-023,ZONA-03,MUN-03,CIRC-03,municipal,0,
V001786,MESA-054,PUESTO-004,ZONA-04,MUN-04,CIRC-05,municipal,0,inconsistencia_simulada_mesa
V001787,MESA-038,PUESTO-013,ZONA-03,MUN-03,CIRC-03,municipal,0,
V001788,MESA-002,PUESTO-002,ZONA-02,MUN-02,CIRC-02,nacional,0,
V001789,MESA-006,PUESTO-006,ZONA-06,MUN-01,CIRC-01,especial,0,
V001790,MESA-046,PUESTO-021,ZONA-01,MUN-01,CIRC-01,especial,0,
V001791,MESA-050,PUESTO-025,ZONA-05,MUN-05,CIRC-05,municipal,0,
V001792,MESA-038,PUESTO-013,ZONA-03,MUN-03,CIRC-03,municipal,0,
V001793,MESA-055,PUESTO-005,ZONA-05,MUN-05,CIRC-03,municipal,0,inconsistencia_simulada_mesa
V001794,MESA-027,PUESTO-002,ZONA-02,MUN-02,CIRC-02,nacional,0,
V001795,MESA-041,PUESTO-016,ZONA-06,MUN-01,CIRC-01,especial,0,
V001796,MESA-072,PUESTO-022,ZONA-02,MUN-02,CIRC-02,nacional,0,
V001797,MESA-074,PUESTO-024,ZONA-04,MUN-04,CIRC-04,nacional,0,
V001798,MESA-017,PUESTO-017,ZONA-07,MUN-02,CIRC-02,nacional,0,
V001799,MESA-062,PUESTO-012,ZONA-02,MUN-02,CIRC-02,nacional,0,
V001800,MESA-029,PUESTO-004,ZONA-04,MUN-04,CIRC-04,nacional,0,
V001801,MESA-058,PUESTO-008,ZONA-08,MUN-03,CIRC-03,municipal,0,
V001802,MESA-070,PUESTO-020,ZONA-10,MUN-05,CIRC-05,especial,0,
V001803,MESA-078,PUESTO-003,ZONA-03,MUN-03,CIRC-03,municipal,0,
V001804,MESA-022,PUESTO-022,ZONA-02,MUN-02,CIRC-02,nacional,0,
V001805,MESA-006,PUESTO-006,ZONA-06,MUN-01,CIRC-01,especial,0,
V001806,MESA-026,PUESTO-001,ZONA-01,MUN-01,CIRC-01,especial,0,
V001807,MESA-039,PUESTO-014,ZONA-04,MUN-04,CIRC-04,nacional,0,
V001808,MESA-012,PUESTO-012,ZONA-02,MUN-02,CIRC-02,nacional,0,
V001809,MESA-014,PUESTO-014,ZONA-04,MUN-04,CIRC-04,nacional,0,
V001810,MESA-022,PUESTO-022,ZONA-02,MUN-02,CIRC-02,nacional,0,
V001811,MESA-051,PUESTO-001,ZONA-01,MUN-01,CIRC-01,especial,0,
V001812,MESA-023,PUESTO-023,ZONA-03,MUN-03,CIRC-03,municipal,0,
V001813,MESA-048,PUESTO-023,ZONA-03,MUN-03,CIRC-03,municipal,0,
V001814,MESA-071,PUESTO-021,ZONA-01,MUN-01,CIRC-01,especial,0,
V001815,MESA-050,PUESTO-025,ZONA-05,MUN-05,CIRC-05,municipal,0,
V001816,MESA-013,PUESTO-013,ZONA-03,MUN-03,CIRC-03,municipal,0,
V001817,MESA-036,PUESTO-011,ZONA-01,MUN-01,CIRC-05,municipal,0,inconsistencia_simulada_mesa
V001818,MESA-055,PUESTO-005,ZONA-05,MUN-05,CIRC-05,municipal,0,
V001819,MESA-009,PUESTO-009,ZONA-09,MUN-04,CIRC-04,nacional,0,
V001820,MESA-079,PUESTO-004,ZONA-04,MUN-04,CIRC-04,nacional,0,
V001821,MESA-052,PUESTO-002,ZONA-02,MUN-02,CIRC-02,nacional,0,
V001822,MESA-002,PUESTO-002,ZONA-02,MUN-02,CIRC-02,nacional,0,
V001823,MESA-025,PUESTO-025,ZONA-05,MUN-05,CIRC-05,municipal,0,
V001824,MESA-013,PUESTO-013,ZONA-03,MUN-03,CIRC-03,municipal,0,
V001825,MESA-051,PUESTO-001,ZONA-01,MUN-01,CIRC-01,especial,0,
V001826,MESA-058,PUESTO-008,ZONA-08,MUN-03,CIRC-03,municipal,0,
V001827,MESA-034,PUESTO-009,ZONA-09,MUN-04,CIRC-04,nacional,0,
V001828,MESA-035,PUESTO-010,ZONA-10,MUN-05,CIRC-05,municipal,0,
V001829,MESA-003,PUESTO-003,ZONA-03,MUN-03,CIRC-03,municipal,0,
V001830,MESA-059,PUESTO-009,ZONA-09,MUN-04,CIRC-04,nacional,0,
V001831,MESA-070,PUESTO-020,ZONA-10,MUN-05,CIRC-05,municipal,0,
V001832,MESA-048,PUESTO-023,ZONA-03,MUN-03,CIRC-03,municipal,0,
V001833,MESA-064,PUESTO-014,ZONA-04,MUN-04,CIRC-04,nacional,0,
V001834,MESA-019,PUESTO-019,ZONA-09,MUN-04,CIRC-04,nacional,0,
V001835,MESA-046,PUESTO-021,ZONA-01,MUN-01,CIRC-02,nacional,0,inconsistencia_simulada_mesa
V001836,MESA-073,PUESTO-023,ZONA-03,MUN-03,CIRC-03,municipal,0,
V001837,MESA-076,PUESTO-001,ZONA-01,MUN-01,CIRC-01,especial,0,
V001838,MESA-005,PUESTO-005,ZONA-05,MUN-05,CIRC-05,municipal,0,
V001839,MESA-067,PUESTO-017,ZONA-07,MUN-02,CIRC-02,nacional,0,
V001840,MESA-011,PUESTO-011,ZONA-01,MUN-01,CIRC-01,especial,0,
V001841,MESA-068,PUESTO-018,ZONA-08,MUN-03,CIRC-03,municipal,0,
V001842,MESA-069,PUESTO-019,ZONA-09,MUN-04,CIRC-04,nacional,0,
V001843,MESA-001,PUESTO-001,ZONA-01,MUN-01,CIRC-01,especial,0,
V001844,MESA-063,PUESTO-013,ZONA-03,MUN-03,CIRC-03,municipal,0,
V001845,MESA-029,PUESTO-004,ZONA-04,MUN-04,CIRC-04,nacional,0,
V001846,MESA-012,PUESTO-012,ZONA-02,MUN-02,CIRC-02,nacional,0,
V001847,MESA-077,PUESTO-002,ZONA-02,MUN-02,CIRC-02,nacional,0,
V001848,MESA-041,PUESTO-016,ZONA-06,MUN-01,CIRC-01,especial,0,
V001849,MESA-002,PUESTO-002,ZONA-02,MUN-02,CIRC-02,nacional,0,
V001850,MESA-037,PUESTO-012,ZONA-02,MUN-02,CIRC-02,nacional,0,
V001851,MESA-045,PUESTO-020,ZONA-10,MUN-05,CIRC-05,municipal,0,
V001852,MESA-080,PUESTO-005,ZONA-05,MUN-05,CIRC-05,municipal,0,
V001853,MESA-048,PUESTO-023,ZONA-03,MUN-03,CIRC-03,municipal,0,
V001854,MESA-024,PUESTO-024,ZONA-04,MUN-04,CIRC-04,nacional,0,
V001855,MESA-022,PUESTO-022,ZONA-02,MUN-02,CIRC-02,nacional,0,
V001856,MESA-011,PUESTO-011,ZONA-01,MUN-01,CIRC-01,especial,0,
V001857,MESA-058,PUESTO-008,ZONA-08,MUN-03,CIRC-03,municipal,0,
V001858,MESA-056,PUESTO-006,ZONA-06,MUN-01,CIRC-01,especial,0,inconsistencia_simulada_mesa
V001859,MESA-029,PUESTO-004,ZONA-04,MUN-04,CIRC-04,nacional,0,
V001860,MESA-035,PUESTO-010,ZONA-10,MUN-05,CIRC-05,municipal,0,
V001861,MESA-015,PUESTO-015,ZONA-05,MUN-05,CIRC-05,municipal,0,
V001862,MESA-060,PUESTO-010,ZONA-10,MUN-05,CIRC-05,municipal,0,
V001863,MESA-042,PUESTO-017,ZONA-07,MUN-02,CIRC-02,nacional,0,
V001864,MESA-043,PUESTO-018,ZONA-08,MUN-03,CIRC-03,municipal,0,
V001865,MESA-080,PUESTO-005,ZONA-05,MUN-05,CIRC-05,municipal,0,
V001866,MESA-074,PUESTO-024,ZONA-04,MUN-04,CIRC-04,nacional,0,
V001867,MESA-049,PUESTO-024,ZONA-04,MUN-04,CIRC-04,nacional,0,
V001868,MESA-064,PUESTO-014,ZONA-04,MUN-04,CIRC-04,nacional,0,
V001869,MESA-032,PUESTO-007,ZONA-07,MUN-02,CIRC-02,nacional,0,
V001870,MESA-064,PUESTO-014,ZONA-04,MUN-04,CIRC-04,nacional,0,
V001871,MESA-002,PUESTO-002,ZONA-02,MUN-02,CIRC-02,nacional,0,
V001872,MESA-024,PUESTO-024,ZONA-04,MUN-04,CIRC-04,nacional,0,
V001873,MESA-029,PUESTO-004,ZONA-04,MUN-04,CIRC-01,especial,0,inconsistencia_simulada_mesa
V001874,MESA-038,PUESTO-013,ZONA-03,MUN-03,CIRC-03,municipal,0,
V001875,MESA-031,PUESTO-006,ZONA-06,MUN-01,CIRC-01,especial,0,
V001876,MESA-026,PUESTO-001,ZONA-01,MUN-01,CIRC-01,especial,0,
V001877,MESA-029,PUESTO-004,ZONA-04,MUN-04,CIRC-04,nacional,0,
V001878,MESA-067,PUESTO-017,ZONA-07,MUN-02,CIRC-02,nacional,0,
V001879,MESA-078,PUESTO-003,ZONA-03,MUN-03,CIRC-03,municipal,0,
V001880,MESA-025,PUESTO-025,ZONA-05,MUN-05,CIRC-05,municipal,0,
V001881,MESA-048,PUESTO-023,ZONA-03,MUN-03,CIRC-03,municipal,0,
V001882,MESA-065,PUESTO-015,ZONA-05,MUN-05,CIRC-05,municipal,0,
V001883,MESA-053,PUESTO-003,ZONA-03,MUN-03,CIRC-03,municipal,0,
V001884,MESA-067,PUESTO-017,ZONA-07,MUN-02,CIRC-02,nacional,0,
V001885,MESA-018,PUESTO-018,ZONA-08,MUN-03,CIRC-03,municipal,0,
V001886,MESA-009,PUESTO-009,ZONA-09,MUN-04,CIRC-04,nacional,0,
V001887,MESA-038,PUESTO-013,ZONA-03,MUN-03,CIRC-03,municipal,0,
V001888,MESA-021,PUESTO-021,ZONA-01,MUN-01,CIRC-01,especial,0,
V001889,MESA-065,PUESTO-015,ZONA-05,MUN-05,CIRC-05,municipal,0,
V001890,MESA-021,PUESTO-021,ZONA-01,MUN-01,CIRC-01,especial,0,
V001891,MESA-027,PUESTO-002,ZONA-02,MUN-02,CIRC-02,nacional,0,
V001892,MESA-070,PUESTO-020,ZONA-10,MUN-05,CIRC-05,municipal,0,
V001893,MESA-044,PUESTO-019,ZONA-09,MUN-04,CIRC-04,nacional,0,
V001894,MESA-028,PUESTO-003,ZONA-03,MUN-03,CIRC-03,municipal,0,
V001895,MESA-045,PUESTO-020,ZONA-10,MUN-05,CIRC-05,municipal,0,
V001896,MESA-017,PUESTO-017,ZONA-07,MUN-02,CIRC-02,nacional,0,
V001897,MESA-040,PUESTO-015,ZONA-05,MUN-05,CIRC-03,municipal,0,
V001898,MESA-003,PUESTO-003,ZONA-03,MUN-03,CIRC-03,municipal,0,
V001899,MESA-076,PUESTO-001,ZONA-01,MUN-01,CIRC-01,especial,0,
V001900,MESA-076,PUESTO-001,ZONA-01,MUN-01,CIRC-01,especial,0,
V001901,MESA-066,PUESTO-016,ZONA-06,MUN-01,CIRC-01,especial,0,
V001902,MESA-046,PUESTO-021,ZONA-01,MUN-01,CIRC-01,especial,0,
V001903,MESA-030,PUESTO-005,ZONA-05,MUN-05,CIRC-05,municipal,0,
V001904,MESA-069,PUESTO-019,ZONA-09,MUN-04,CIRC-04,nacional,0,
V001905,MESA-009,PUESTO-009,ZONA-09,MUN-04,CIRC-04,nacional,0,
V001906,MESA-011,PUESTO-011,ZONA-01,MUN-01,CIRC-01,especial,0,
V001907,MESA-069,PUESTO-019,ZONA-09,MUN-04,CIRC-04,nacional,0,
V001908,MESA-066,PUESTO-016,ZONA-06,MUN-01,CIRC-01,especial,0,
V001909,MESA-031,PUESTO-006,ZONA-06,MUN-01,CIRC-01,especial,0,
V001910,MESA-033,PUESTO-008,ZONA-08,MUN-03,CIRC-03,municipal,0,
V001911,MESA-039,PUESTO-014,ZONA-04,MUN-04,CIRC-04,nacional,0,
V001912,MESA-046,PUESTO-021,ZONA-01,MUN-01,CIRC-01,especial,0,
V001913,MESA-037,PUESTO-012,ZONA-02,MUN-02,CIRC-02,nacional,0,
V001914,MESA-060,PUESTO-010,ZONA-10,MUN-05,CIRC-05,municipal,0,
V001915,MESA-031,PUESTO-006,ZONA-06,MUN-01,CIRC-01,especial,0,
V001916,MESA-011,PUESTO-011,ZONA-01,MUN-01,CIRC-01,especial,0,
V001917,MESA-002,PUESTO-002,ZONA-02,MUN-02,CIRC-02,nacional,0,
V001918,MESA-027,PUESTO-002,ZONA-02,MUN-02,CIRC-02,nacional,0,
V001919,MESA-002,PUESTO-002,ZONA-02,MUN-02,CIRC-02,nacional,0,
V001920,MESA-021,PUESTO-021,ZONA-01,MUN-01,CIRC-01,especial,0,
V001921,MESA-058,PUESTO-008,ZONA-08,MUN-03,CIRC-03,municipal,0,
V001922,MESA-005,PUESTO-005,ZONA-05,MUN-05,CIRC-05,municipal,0,
V001923,MESA-052,PUESTO-002,ZONA-02,MUN-02,CIRC-02,nacional,0,
V001924,MESA-045,PUESTO-020,ZONA-10,MUN-05,CIRC-05,municipal,0,
V001925,MESA-020,PUESTO-020,ZONA-10,MUN-05,CIRC-05,municipal,0,
V001926,MESA-061,PUESTO-011,ZONA-01,MUN-01,CIRC-01,especial,0,
V001927,MESA-038,PUESTO-013,ZONA-03,MUN-03,CIRC-03,municipal,0,
V001928,MESA-020,PUESTO-020,ZONA-10,MUN-05,CIRC-05,municipal,0,
V001929,MESA-025,PUESTO-025,ZONA-05,MUN-05,CIRC-05,municipal,0,
V001930,MESA-002,PUESTO-002,ZONA-02,MUN-02,CIRC-02,nacional,0,
V001931,MESA-032,PUESTO-007,ZONA-07,MUN-02,CIRC-02,nacional,0,
V001932,MESA-026,PUESTO-001,ZONA-01,MUN-01,CIRC-01,especial,0,
V001933,MESA-070,PUESTO-020,ZONA-10,MUN-05,CIRC-05,municipal,0,
V001934,MESA-041,PUESTO-016,ZONA-06,MUN-01,CIRC-01,especial,0,
V001935,MESA-067,PUESTO-017,ZONA-07,MUN-02,CIRC-02,nacional,0,
V001936,MESA-001,PUESTO-001,ZONA-01,MUN-01,CIRC-01,especial,0,
V001937,MESA-051,PUESTO-001,ZONA-01,MUN-01,CIRC-01,especial,0,
V001938,MESA-005,PUESTO-005,ZONA-05,MUN-05,CIRC-05,municipal,0,
V001939,MESA-013,PUESTO-013,ZONA-03,MUN-03,CIRC-03,municipal,0,
V001940,MESA-019,PUESTO-019,ZONA-09,MUN-04,CIRC-04,nacional,0,
V001941,MESA-012,PUESTO-012,ZONA-02,MUN-02,CIRC-02,nacional,0,
V001942,MESA-048,PUESTO-023,ZONA-03,MUN-03,CIRC-03,municipal,0,
V001943,MESA-025,PUESTO-025,ZONA-05,MUN-05,CIRC-05,municipal,0,
V001944,MESA-057,PUESTO-007,ZONA-07,MUN-02,CIRC-02,nacional,0,
V001945,MESA-035,PUESTO-010,ZONA-10,MUN-05,CIRC-05,municipal,0,
V001946,MESA-076,PUESTO-001,ZONA-01,MUN-01,CIRC-01,especial,0,
V001947,MESA-005,PUESTO-005,ZONA-05,MUN-05,CIRC-05,municipal,0,
V001948,MESA-022,PUESTO-022,ZONA-02,MUN-02,CIRC-02,nacional,0,
V001949,MESA-077,PUESTO-002,ZONA-02,MUN-02,CIRC-02,nacional,0,
V001950,MESA-057,PUESTO-007,ZONA-07,MUN-02,CIRC-02,nacional,0,
V001951,MESA-047,PUESTO-022,ZONA-02,MUN-02,CIRC-02,nacional,0,
V001952,MESA-054,PUESTO-004,ZONA-04,MUN-04,CIRC-04,nacional,0,
V001953,MESA-003,PUESTO-003,ZONA-03,MUN-03,CIRC-03,municipal,0,
V001954,MESA-053,PUESTO-003,ZONA-03,MUN-03,CIRC-03,municipal,0,
V001955,MESA-031,PUESTO-006,ZONA-06,MUN-01,CIRC-01,especial,0,
V001956,MESA-069,PUESTO-019,ZONA-09,MUN-04,CIRC-04,nacional,0,
V001957,MESA-033,PUESTO-008,ZONA-08,MUN-03,CIRC-03,municipal,0,
V001958,MESA-072,PUESTO-022,ZONA-02,MUN-02,CIRC-02,nacional,0,
V001959,MESA-050,PUESTO-025,ZONA-05,MUN-05,CIRC-05,municipal,0,
V001960,MESA-016,PUESTO-016,ZONA-06,MUN-01,CIRC-01,especial,0,
V001961,MESA-076,PUESTO-001,ZONA-01,MUN-01,CIRC-01,especial,0,
V001962,MESA-077,PUESTO-002,ZONA-02,MUN-02,CIRC-02,nacional,0,
V001963,MESA-039,PUESTO-014,ZONA-04,MUN-04,CIRC-04,nacional,0,
V001964,MESA-046,PUESTO-021,ZONA-01,MUN-01,CIRC-01,especial,0,
V001965,MESA-047,PUESTO-022,ZONA-02,MUN-02,CIRC-03,nacional,0,
V001966,MESA-044,PUESTO-019,ZONA-09,MUN-04,CIRC-04,nacional,0,
V001967,MESA-009,PUESTO-009,ZONA-09,MUN-04,CIRC-04,nacional,0,
V001968,MESA-050,PUESTO-025,ZONA-05,MUN-05,CIRC-05,municipal,0,
V001969,MESA-077,PUESTO-002,ZONA-02,MUN-02,CIRC-02,nacional,0,
V001970,MESA-060,PUESTO-010,ZONA-10,MUN-05,CIRC-05,municipal,0,
V001971,MESA-015,PUESTO-015,ZONA-05,MUN-05,CIRC-05,municipal,0,
V001972,MESA-036,PUESTO-011,ZONA-01,MUN-01,CIRC-01,especial,0,
V001973,MESA-063,PUESTO-013,ZONA-03,MUN-03,CIRC-03,municipal,0,
V001974,MESA-069,PUESTO-019,ZONA-09,MUN-04,CIRC-04,nacional,0,
V001975,MESA-080,PUESTO-005,ZONA-05,MUN-05,CIRC-05,municipal,0,
V001976,MESA-041,PUESTO-016,ZONA-06,MUN-01,CIRC-01,especial,0,
V001977,MESA-074,PUESTO-024,ZONA-04,MUN-04,CIRC-04,nacional,0,
V001978,MESA-024,PUESTO-024,ZONA-04,MUN-04,CIRC-04,nacional,0,
V001979,MESA-049,PUESTO-024,ZONA-04,MUN-04,CIRC-04,nacional,0,
V001980,MESA-018,PUESTO-018,ZONA-08,MUN-03,CIRC-03,municipal,0,
V001981,MESA-007,PUESTO-007,ZONA-07,MUN-02,CIRC-02,nacional,0,
V001982,MESA-004,PUESTO-004,ZONA-04,MUN-04,CIRC-04,nacional,0,
V001983,MESA-069,PUESTO-019,ZONA-09,MUN-04,CIRC-04,nacional,0,
V001984,MESA-060,PUESTO-010,ZONA-10,MUN-05,CIRC-05,municipal,0,
V001985,MESA-055,PUESTO-005,ZONA-05,MUN-05,CIRC-05,municipal,0,
V001986,MESA-016,PUESTO-016,ZONA-06,MUN-01,CIRC-01,especial,0,
V001987,MESA-029,PUESTO-004,ZONA-04,MUN-04,CIRC-04,nacional,0,
V001988,MESA-023,PUESTO-023,ZONA-03,MUN-03,CIRC-03,municipal,0,
V001989,MESA-014,PUESTO-014,ZONA-04,MUN-04,CIRC-04,nacional,0,
V001990,MESA-079,PUESTO-004,ZONA-04,MUN-04,CIRC-04,nacional,0,
V001991,MESA-049,PUESTO-024,ZONA-04,MUN-04,CIRC-04,nacional,0,
V001992,MESA-033,PUESTO-008,ZONA-08,MUN-03,CIRC-03,municipal,0,
V001993,MESA-025,PUESTO-025,ZONA-05,MUN-05,CIRC-01,municipal,0,
V001994,MESA-021,PUESTO-021,ZONA-01,MUN-01,CIRC-01,especial,0,
V001995,MESA-017,PUESTO-017,ZONA-07,MUN-02,CIRC-02,nacional,0,
V001996,MESA-023,PUESTO-023,ZONA-03,MUN-03,CIRC-03,especial,0,
V001997,MESA-057,PUESTO-007,ZONA-07,MUN-02,CIRC-02,nacional,0,
V001998,MESA-058,PUESTO-008,ZONA-08,MUN-03,CIRC-03,municipal,0,
V001999,MESA-014,PUESTO-014,ZONA-04,MUN-04,CIRC-04,nacional,0,
V002000,MESA-020,PUESTO-020,ZONA-10,MUN-05,CIRC-05,municipal,0,
V002001,MESA-030,PUESTO-005,ZONA-05,MUN-05,CIRC-05,municipal,0,
V002002,MESA-019,PUESTO-019,ZONA-09,MUN-04,CIRC-04,nacional,0,
V002003,MESA-053,PUESTO-003,ZONA-03,MUN-03,CIRC-03,municipal,0,
V002004,MESA-056,PUESTO-006,ZONA-06,MUN-01,CIRC-01,especial,0,
V002005,MESA-077,PUESTO-002,ZONA-02,MUN-02,CIRC-02,nacional,0,
V002006,MESA-023,PUESTO-023,ZONA-03,MUN-03,CIRC-03,municipal,0,
V002007,MESA-062,PUESTO-012,ZONA-02,MUN-02,CIRC-02,nacional,0,
V002008,MESA-033,PUESTO-008,ZONA-08,MUN-03,CIRC-03,municipal,0,
V002009,MESA-018,PUESTO-018,ZONA-08,MUN-03,CIRC-03,municipal,0,
V002010,MESA-073,PUESTO-023,ZONA-03,MUN-03,CIRC-03,municipal,0,
V002011,MESA-033,PUESTO-008,ZONA-08,MUN-03,CIRC-03,municipal,0,
V002012,MESA-032,PUESTO-007,ZONA-07,MUN-02,CIRC-02,nacional,0,
V002013,MESA-061,PUESTO-011,ZONA-01,MUN-01,CIRC-01,especial,0,
V002014,MESA-054,PUESTO-004,ZONA-04,MUN-04,CIRC-04,nacional,0,
V002015,MESA-017,PUESTO-017,ZONA-07,MUN-02,CIRC-02,nacional,0,
V002016,MESA-019,PUESTO-019,ZONA-09,MUN-04,CIRC-04,nacional,0,
V002017,MESA-070,PUESTO-020,ZONA-10,MUN-05,CIRC-05,municipal,0,
V002018,MESA-034,PUESTO-009,ZONA-09,MUN-04,CIRC-04,nacional,0,
V002019,MESA-025,PUESTO-025,ZONA-05,MUN-05,CIRC-05,municipal,0,
V002020,MESA-068,PUESTO-018,ZONA-08,MUN-03,CIRC-03,municipal,0,
V002021,MESA-074,PUESTO-024,ZONA-04,MUN-04,CIRC-04,nacional,0,
V002022,MESA-074,PUESTO-024,ZONA-04,MUN-04,CIRC-04,nacional,0,
V002023,MESA-011,PUESTO-011,ZONA-01,MUN-01,CIRC-01,especial,0,
V002024,MESA-016,PUESTO-016,ZONA-06,MUN-01,CIRC-01,especial,0,
V002025,MESA-061,PUESTO-011,ZONA-01,MUN-01,CIRC-01,especial,0,
V002026,MESA-080,PUESTO-005,ZONA-05,MUN-05,CIRC-05,municipal,0,
V002027,MESA-007,PUESTO-007,ZONA-07,MUN-02,CIRC-02,nacional,0,
V002028,MESA-016,PUESTO-016,ZONA-06,MUN-01,CIRC-01,especial,0,
V002029,MESA-016,PUESTO-016,ZONA-06,MUN-01,CIRC-01,especial,0,
V002030,MESA-040,PUESTO-015,ZONA-05,MUN-05,CIRC-05,municipal,0,
V002031,MESA-012,PUESTO-012,ZONA-02,MUN-02,CIRC-02,nacional,0,
V002032,MESA-035,PUESTO-010,ZONA-10,MUN-05,CIRC-05,municipal,0,
V002033,MESA-021,PUESTO-021,ZONA-01,MUN-01,CIRC-01,especial,0,
V002034,MESA-050,PUESTO-025,ZONA-05,MUN-05,CIRC-05,municipal,0,
V002035,MESA-043,PUESTO-018,ZONA-08,MUN-03,CIRC-03,municipal,0,
V002036,MESA-017,PUESTO-017,ZONA-07,MUN-02,CIRC-02,nacional,0,
V002037,MESA-032,PUESTO-007,ZONA-07,MUN-02,CIRC-02,nacional,0,
V002038,MESA-041,PUESTO-016,ZONA-06,MUN-01,CIRC-01,especial,0,
V002039,MESA-006,PUESTO-006,ZONA-06,MUN-01,CIRC-01,especial,0,
V002040,MESA-027,PUESTO-002,ZONA-02,MUN-02,CIRC-02,especial,0,
V002041,MESA-020,PUESTO-020,ZONA-10,MUN-05,CIRC-05,municipal,0,
V002042,MESA-025,PUESTO-025,ZONA-05,MUN-05,CIRC-05,municipal,0,
V002043,MESA-066,PUESTO-016,ZONA-06,MUN-01,CIRC-01,especial,0,
V002044,MESA-009,PUESTO-009,ZONA-09,MUN-04,CIRC-04,nacional,0,
V002045,MESA-053,PUESTO-003,ZONA-03,MUN-03,CIRC-03,municipal,0,
V002046,MESA-061,PUESTO-011,ZONA-01,MUN-01,CIRC-01,especial,0,
V002047,MESA-038,PUESTO-013,ZONA-03,MUN-03,CIRC-03,municipal,0,
V002048,MESA-003,PUESTO-003,ZONA-03,MUN-03,CIRC-03,municipal,0,
V002049,MESA-070,PUESTO-020,ZONA-10,MUN-05,CIRC-05,municipal,0,
V002050,MESA-055,PUESTO-005,ZONA-05,MUN-05,CIRC-05,municipal,0,
V002051,MESA-001,PUESTO-001,ZONA-01,MUN-01,CIRC-01,especial,0,
V002052,MESA-070,PUESTO-020,ZONA-10,MUN-05,CIRC-05,municipal,0,
V002053,MESA-045,PUESTO-020,ZONA-10,MUN-05,CIRC-05,municipal,0,
V002054,MESA-033,PUESTO-008,ZONA-08,MUN-03,CIRC-02,nacional,0,inconsistencia_simulada_mesa
V002055,MESA-079,PUESTO-004,ZONA-04,MUN-04,CIRC-04,nacional,0,
V002056,MESA-026,PUESTO-001,ZONA-01,MUN-01,CIRC-01,especial,0,
V002057,MESA-014,PUESTO-014,ZONA-04,MUN-04,CIRC-04,nacional,0,
V002058,MESA-054,PUESTO-004,ZONA-04,MUN-04,CIRC-04,nacional,0,
V002059,MESA-071,PUESTO-021,ZONA-01,MUN-01,CIRC-01,especial,0,
V002060,MESA-046,PUESTO-021,ZONA-01,MUN-01,CIRC-01,especial,0,
V002061,MESA-031,PUESTO-006,ZONA-06,MUN-01,CIRC-01,especial,0,
V002062,MESA-059,PUESTO-009,ZONA-09,MUN-04,CIRC-04,nacional,0,
V002063,MESA-029,PUESTO-004,ZONA-04,MUN-04,CIRC-04,nacional,0,
V002064,MESA-017,PUESTO-017,ZONA-07,MUN-02,CIRC-02,nacional,0,
V002065,MESA-014,PUESTO-014,ZONA-04,MUN-04,CIRC-04,nacional,0,
V002066,MESA-036,PUESTO-011,ZONA-01,MUN-01,CIRC-01,especial,0,
V002067,MESA-058,PUESTO-008,ZONA-08,MUN-03,CIRC-03,municipal,0,
V002068,MESA-024,PUESTO-024,ZONA-04,MUN-04,CIRC-04,nacional,0,
V002069,MESA-063,PUESTO-013,ZONA-03,MUN-03,CIRC-03,municipal,0,
V002070,MESA-025,PUESTO-025,ZONA-05,MUN-05,CIRC-05,municipal,0,
V002071,MESA-059,PUESTO-009,ZONA-09,MUN-04,CIRC-04,nacional,0,
V002072,MESA-032,PUESTO-007,ZONA-07,MUN-02,CIRC-02,nacional,0,
V002073,MESA-018,PUESTO-018,ZONA-08,MUN-03,CIRC-03,municipal,0,
V002074,MESA-037,PUESTO-012,ZONA-02,MUN-02,CIRC-02,nacional,0,
V002075,MESA-026,PUESTO-001,ZONA-01,MUN-01,CIRC-01,especial,0,
V002076,MESA-009,PUESTO-009,ZONA-09,MUN-04,CIRC-04,nacional,0,
V002077,MESA-064,PUESTO-014,ZONA-04,MUN-04,CIRC-04,nacional,0,
V002078,MESA-072,PUESTO-022,ZONA-02,MUN-02,CIRC-02,nacional,0,
V002079,MESA-020,PUESTO-020,ZONA-10,MUN-05,CIRC-05,municipal,0,
V002080,MESA-054,PUESTO-004,ZONA-04,MUN-04,CIRC-04,nacional,0,
V002081,MESA-030,PUESTO-005,ZONA-05,MUN-05,CIRC-05,municipal,0,
V002082,MESA-053,PUESTO-003,ZONA-03,MUN-03,CIRC-03,municipal,0,
V002083,MESA-063,PUESTO-013,ZONA-03,MUN-03,CIRC-03,municipal,0,
V002084,MESA-011,PUESTO-011,ZONA-01,MUN-01,CIRC-01,especial,0,
V002085,MESA-031,PUESTO-006,ZONA-06,MUN-01,CIRC-01,especial,0,
V002086,MESA-049,PUESTO-024,ZONA-04,MUN-04,CIRC-04,nacional,0,
V002087,MESA-019,PUESTO-019,ZONA-09,MUN-04,CIRC-04,nacional,0,
V002088,MESA-012,PUESTO-012,ZONA-02,MUN-02,CIRC-02,nacional,0,
V002089,MESA-015,PUESTO-015,ZONA-05,MUN-05,CIRC-05,municipal,0,
V002090,MESA-031,PUESTO-006,ZONA-06,MUN-01,CIRC-01,especial,0,
V002091,MESA-043,PUESTO-018,ZONA-08,MUN-03,CIRC-03,municipal,0,
V002092,MESA-037,PUESTO-012,ZONA-02,MUN-02,CIRC-02,nacional,0,
V002093,MESA-079,PUESTO-004,ZONA-04,MUN-04,CIRC-04,nacional,0,
V002094,MESA-029,PUESTO-004,ZONA-04,MUN-04,CIRC-04,nacional,0,
V002095,MESA-026,PUESTO-001,ZONA-01,MUN-01,CIRC-01,especial,0,
V002096,MESA-002,PUESTO-002,ZONA-02,MUN-02,CIRC-02,nacional,0,
V002097,MESA-015,PUESTO-015,ZONA-05,MUN-05,CIRC-05,municipal,0,
V002098,MESA-004,PUESTO-004,ZONA-04,MUN-04,CIRC-04,nacional,0,
V002099,MESA-050,PUESTO-025,ZONA-05,MUN-05,CIRC-05,municipal,0,
V002100,MESA-038,PUESTO-013,ZONA-03,MUN-03,CIRC-03,municipal,0,
V002101,MESA-023,PUESTO-023,ZONA-03,MUN-03,CIRC-03,municipal,0,
V002102,MESA-059,PUESTO-009,ZONA-09,MUN-04,CIRC-04,nacional,0,
V002103,MESA-075,PUESTO-025,ZONA-05,MUN-05,CIRC-05,municipal,0,
V002104,MESA-028,PUESTO-003,ZONA-03,MUN-03,CIRC-03,municipal,0,
V002105,MESA-066,PUESTO-016,ZONA-06,MUN-01,CIRC-01,especial,0,
V002106,MESA-045,PUESTO-020,ZONA-10,MUN-05,CIRC-03,municipal,0,inconsistencia_simulada_mesa
V002107,MESA-029,PUESTO-004,ZONA-04,MUN-04,CIRC-04,nacional,0,
V002108,MESA-011,PUESTO-011,ZONA-01,MUN-01,CIRC-01,especial,0,
V002109,MESA-018,PUESTO-018,ZONA-08,MUN-03,CIRC-03,municipal,0,
V002110,MESA-055,PUESTO-005,ZONA-05,MUN-05,CIRC-05,municipal,0,
V002111,MESA-050,PUESTO-025,ZONA-05,MUN-05,CIRC-05,municipal,0,
V002112,MESA-014,PUESTO-014,ZONA-04,MUN-04,CIRC-04,nacional,0,
V002113,MESA-074,PUESTO-024,ZONA-04,MUN-04,CIRC-04,nacional,0,
V002114,MESA-009,PUESTO-009,ZONA-09,MUN-04,CIRC-04,nacional,0,
V002115,MESA-011,PUESTO-011,ZONA-01,MUN-01,CIRC-01,especial,0,
V002116,MESA-063,PUESTO-013,ZONA-03,MUN-03,CIRC-03,municipal,0,
V002117,MESA-076,PUESTO-001,ZONA-01,MUN-01,CIRC-01,especial,0,
V002118,MESA-067,PUESTO-017,ZONA-07,MUN-02,CIRC-02,nacional,0,
V002119,MESA-053,PUESTO-003,ZONA-03,MUN-03,CIRC-03,municipal,0,
V002120,MESA-039,PUESTO-014,ZONA-04,MUN-04,CIRC-04,nacional,0,
V002121,MESA-078,PUESTO-003,ZONA-03,MUN-03,CIRC-03,municipal,0,
V002122,MESA-056,PUESTO-006,ZONA-06,MUN-01,CIRC-01,especial,0,
V002123,MESA-028,PUESTO-003,ZONA-03,MUN-03,CIRC-03,municipal,0,
V002124,MESA-075,PUESTO-025,ZONA-05,MUN-05,CIRC-05,municipal,0,
V002125,MESA-039,PUESTO-014,ZONA-04,MUN-04,CIRC-04,nacional,0,
V002126,MESA-025,PUESTO-025,ZONA-05,MUN-05,CIRC-05,municipal,0,
V002127,MESA-021,PUESTO-021,ZONA-01,MUN-01,CIRC-01,especial,0,
V002128,MESA-010,PUESTO-010,ZONA-10,MUN-05,CIRC-05,municipal,0,
V002129,MESA-043,PUESTO-018,ZONA-08,MUN-03,CIRC-03,municipal,0,
V002130,MESA-015,PUESTO-015,ZONA-05,MUN-05,CIRC-05,municipal,0,
V002131,MESA-048,PUESTO-023,ZONA-03,MUN-03,CIRC-03,municipal,0,
V002132,MESA-021,PUESTO-021,ZONA-01,MUN-01,CIRC-01,especial,0,
V002133,MESA-060,PUESTO-010,ZONA-10,MUN-05,CIRC-05,municipal,0,
V002134,MESA-050,PUESTO-025,ZONA-05,MUN-05,CIRC-05,municipal,0,
V002135,MESA-023,PUESTO-023,ZONA-03,MUN-03,CIRC-03,municipal,0,
V002136,MESA-013,PUESTO-013,ZONA-03,MUN-03,CIRC-03,municipal,0,
V002137,MESA-069,PUESTO-019,ZONA-09,MUN-04,CIRC-04,nacional,0,
V002138,MESA-004,PUESTO-004,ZONA-04,MUN-04,CIRC-04,nacional,0,
V002139,MESA-078,PUESTO-003,ZONA-03,MUN-03,CIRC-03,municipal,0,
V002140,MESA-072,PUESTO-022,ZONA-02,MUN-02,CIRC-02,nacional,0,
V002141,MESA-009,PUESTO-009,ZONA-09,MUN-04,CIRC-04,nacional,0,
V002142,MESA-035,PUESTO-010,ZONA-10,MUN-05,CIRC-05,municipal,0,
V002143,MESA-021,PUESTO-021,ZONA-01,MUN-01,CIRC-01,especial,0,
V002144,MESA-058,PUESTO-008,ZONA-08,MUN-03,CIRC-03,municipal,0,
V002145,MESA-018,PUESTO-018,ZONA-08,MUN-03,CIRC-03,municipal,0,
V002146,MESA-072,PUESTO-022,ZONA-02,MUN-02,CIRC-02,nacional,0,
V002147,MESA-043,PUESTO-018,ZONA-08,MUN-03,CIRC-03,municipal,0,
V002148,MESA-006,PUESTO-006,ZONA-06,MUN-01,CIRC-01,especial,0,
V002149,MESA-078,PUESTO-003,ZONA-03,MUN-03,CIRC-03,municipal,0,
V002150,MESA-067,PUESTO-017,ZONA-07,MUN-02,CIRC-02,nacional,0,
V002151,MESA-012,PUESTO-012,ZONA-02,MUN-02,CIRC-02,nacional,0,
V002152,MESA-012,PUESTO-012,ZONA-02,MUN-02,CIRC-02,nacional,0,
V002153,MESA-066,PUESTO-016,ZONA-06,MUN-01,CIRC-01,especial,0,
V002154,MESA-002,PUESTO-002,ZONA-02,MUN-02,CIRC-02,nacional,0,
V002155,MESA-023,PUESTO-023,ZONA-03,MUN-03,CIRC-05,municipal,0,inconsistencia_simulada_mesa
V002156,MESA-023,PUESTO-023,ZONA-03,MUN-03,CIRC-03,municipal,0,
V002157,MESA-029,PUESTO-004,ZONA-04,MUN-04,CIRC-04,nacional,0,
V002158,MESA-007,PUESTO-007,ZONA-07,MUN-02,CIRC-02,nacional,0,
V002159,MESA-028,PUESTO-003,ZONA-03,MUN-03,CIRC-03,municipal,0,
V002160,MESA-014,PUESTO-014,ZONA-04,MUN-04,CIRC-04,nacional,0,
V002161,MESA-044,PUESTO-019,ZONA-09,MUN-04,CIRC-04,nacional,0,
V002162,MESA-030,PUESTO-005,ZONA-05,MUN-05,CIRC-05,municipal,0,
V002163,MESA-032,PUESTO-007,ZONA-07,MUN-02,CIRC-02,nacional,0,
V002164,MESA-070,PUESTO-020,ZONA-10,MUN-05,CIRC-05,municipal,0,
V002165,MESA-006,PUESTO-006,ZONA-06,MUN-01,CIRC-01,especial,0,
V002166,MESA-027,PUESTO-002,ZONA-02,MUN-02,CIRC-02,nacional,0,
V002167,MESA-024,PUESTO-024,ZONA-04,MUN-04,CIRC-04,nacional,0,
V002168,MESA-034,PUESTO-009,ZONA-09,MUN-04,CIRC-04,nacional,0,
V002169,MESA-040,PUESTO-015,ZONA-05,MUN-05,CIRC-05,municipal,0,
V002170,MESA-047,PUESTO-022,ZONA-02,MUN-02,CIRC-02,nacional,0,
V002171,MESA-079,PUESTO-004,ZONA-04,MUN-04,CIRC-04,nacional,0,
V002172,MESA-075,PUESTO-025,ZONA-05,MUN-05,CIRC-05,municipal,0,
V002173,MESA-024,PUESTO-024,ZONA-04,MUN-04,CIRC-04,nacional,0,
V002174,MESA-065,PUESTO-015,ZONA-05,MUN-05,CIRC-05,municipal,0,
V002175,MESA-018,PUESTO-018,ZONA-08,MUN-03,CIRC-03,municipal,0,
V002176,MESA-044,PUESTO-019,ZONA-09,MUN-04,CIRC-04,nacional,0,
V002177,MESA-021,PUESTO-021,ZONA-01,MUN-01,CIRC-01,especial,0,inconsistencia_simulada_mesa
V002178,MESA-057,PUESTO-007,ZONA-07,MUN-02,CIRC-02,nacional,0,
V002179,MESA-028,PUESTO-003,ZONA-03,MUN-03,CIRC-03,municipal,0,
V002180,MESA-071,PUESTO-021,ZONA-01,MUN-01,CIRC-01,especial,0,
V002181,MESA-023,PUESTO-023,ZONA-03,MUN-03,CIRC-03,municipal,0,
V002182,MESA-034,PUESTO-009,ZONA-09,MUN-04,CIRC-04,nacional,0,
V002183,MESA-011,PUESTO-011,ZONA-01,MUN-01,CIRC-01,especial,0,
V002184,MESA-035,PUESTO-010,ZONA-10,MUN-05,CIRC-05,municipal,0,
V002185,MESA-042,PUESTO-017,ZONA-07,MUN-02,CIRC-02,nacional,0,
V002186,MESA-028,PUESTO-003,ZONA-03,MUN-03,CIRC-03,municipal,0,
V002187,MESA-078,PUESTO-003,ZONA-03,MUN-03,CIRC-03,municipal,0,
V002188,MESA-024,PUESTO-024,ZONA-04,MUN-04,CIRC-04,nacional,0,
V002189,MESA-008,PUESTO-008,ZONA-08,MUN-03,CIRC-03,municipal,0,
V002190,MESA-053,PUESTO-003,ZONA-03,MUN-03,CIRC-03,municipal,0,
V002191,MESA-072,PUESTO-022,ZONA-02,MUN-02,CIRC-02,nacional,0,
V002192,MESA-004,PUESTO-004,ZONA-04,MUN-04,CIRC-04,nacional,0,
V002193,MESA-005,PUESTO-005,ZONA-05,MUN-05,CIRC-05,municipal,0,
V002194,MESA-049,PUESTO-024,ZONA-04,MUN-04,CIRC-05,nacional,0,
V002195,MESA-030,PUESTO-005,ZONA-05,MUN-05,CIRC-05,municipal,0,
V002196,MESA-072,PUESTO-022,ZONA-02,MUN-02,CIRC-02,nacional,0,
V002197,MESA-063,PUESTO-013,ZONA-03,MUN-03,CIRC-03,municipal,0,
V002198,MESA-047,PUESTO-022,ZONA-02,MUN-02,CIRC-02,nacional,0,
V002199,MESA-026,PUESTO-001,ZONA-01,MUN-01,CIRC-01,especial,0,
V002200,MESA-057,PUESTO-007,ZONA-07,MUN-02,CIRC-02,nacional,0,
V002201,MESA-037,PUESTO-012,ZONA-02,MUN-02,CIRC-02,nacional,0,
V002202,MESA-007,PUESTO-007,ZONA-07,MUN-02,CIRC-02,nacional,0,
V002203,MESA-040,PUESTO-015,ZONA-05,MUN-05,CIRC-05,municipal,0,
V002204,MESA-039,PUESTO-014,ZONA-04,MUN-04,CIRC-04,nacional,0,
V002205,MESA-062,PUESTO-012,ZONA-02,MUN-02,CIRC-02,nacional,0,
V002206,MESA-078,PUESTO-003,ZONA-03,MUN-03,CIRC-03,municipal,0,
V002207,MESA-053,PUESTO-003,ZONA-03,MUN-03,CIRC-03,municipal,0,
V002208,MESA-004,PUESTO-004,ZONA-04,MUN-04,CIRC-04,nacional,0,
V002209,MESA-025,PUESTO-025,ZONA-05,MUN-05,CIRC-05,municipal,0,
V002210,MESA-007,PUESTO-007,ZONA-07,MUN-02,CIRC-02,nacional,0,
V002211,MESA-028,PUESTO-003,ZONA-03,MUN-03,CIRC-03,municipal,0,
V002212,MESA-069,PUESTO-019,ZONA-09,MUN-04,CIRC-04,nacional,0,
V002213,MESA-022,PUESTO-022,ZONA-02,MUN-02,CIRC-02,nacional,0,inconsistencia_simulada_mesa
V002214,MESA-020,PUESTO-020,ZONA-10,MUN-05,CIRC-05,municipal,0,
V002215,MESA-011,PUESTO-011,ZONA-01,MUN-01,CIRC-01,especial,0,
V002216,MESA-067,PUESTO-017,ZONA-07,MUN-02,CIRC-02,nacional,0,
V002217,MESA-007,PUESTO-007,ZONA-07,MUN-02,CIRC-02,nacional,0,
V002218,MESA-023,PUESTO-023,ZONA-03,MUN-03,CIRC-03,municipal,0,
V002219,MESA-061,PUESTO-011,ZONA-01,MUN-01,CIRC-03,especial,0,
V002220,MESA-071,PUESTO-021,ZONA-01,MUN-01,CIRC-01,especial,0,
V002221,MESA-034,PUESTO-009,ZONA-09,MUN-04,CIRC-04,nacional,0,
V002222,MESA-019,PUESTO-019,ZONA-09,MUN-04,CIRC-04,nacional,0,
V002223,MESA-058,PUESTO-008,ZONA-08,MUN-03,CIRC-03,municipal,0,
V002224,MESA-009,PUESTO-009,ZONA-09,MUN-04,CIRC-04,nacional,0,
V002225,MESA-048,PUESTO-023,ZONA-03,MUN-03,CIRC-03,municipal,0,
V002226,MESA-041,PUESTO-016,ZONA-06,MUN-01,CIRC-01,especial,0,
V002227,MESA-048,PUESTO-023,ZONA-03,MUN-03,CIRC-03,municipal,0,
V002228,MESA-045,PUESTO-020,ZONA-10,MUN-05,CIRC-05,municipal,0,
V002229,MESA-025,PUESTO-025,ZONA-05,MUN-05,CIRC-05,municipal,0,
V002230,MESA-078,PUESTO-003,ZONA-03,MUN-03,CIRC-03,municipal,0,
V002231,MESA-025,PUESTO-025,ZONA-05,MUN-05,CIRC-05,municipal,0,
V002232,MESA-051,PUESTO-001,ZONA-01,MUN-01,CIRC-04,nacional,0,inconsistencia_simulada_mesa
V002233,MESA-039,PUESTO-014,ZONA-04,MUN-04,CIRC-04,nacional,0,
V002234,MESA-079,PUESTO-004,ZONA-04,MUN-04,CIRC-04,nacional,0,
V002235,MESA-080,PUESTO-005,ZONA-05,MUN-05,CIRC-05,municipal,0,
V002236,MESA-027,PUESTO-002,ZONA-02,MUN-02,CIRC-02,nacional,0,
V002237,MESA-074,PUESTO-024,ZONA-04,MUN-04,CIRC-04,nacional,0,
V002238,MESA-063,PUESTO-013,ZONA-03,MUN-03,CIRC-03,municipal,0,
V002239,MESA-068,PUESTO-018,ZONA-08,MUN-03,CIRC-03,municipal,0,
V002240,MESA-019,PUESTO-019,ZONA-09,MUN-04,CIRC-04,nacional,0,
V002241,MESA-028,PUESTO-003,ZONA-03,MUN-03,CIRC-03,municipal,0,
V002242,MESA-078,PUESTO-003,ZONA-03,MUN-03,CIRC-03,municipal,0,
V002243,MESA-033,PUESTO-008,ZONA-08,MUN-03,CIRC-03,municipal,0,
V002244,MESA-010,PUESTO-010,ZONA-10,MUN-05,CIRC-05,municipal,0,
V002245,MESA-030,PUESTO-005,ZONA-05,MUN-05,CIRC-05,municipal,0,
V002246,MESA-022,PUESTO-022,ZONA-02,MUN-02,CIRC-02,nacional,0,
V002247,MESA-003,PUESTO-003,ZONA-03,MUN-03,CIRC-03,municipal,0,
V002248,MESA-075,PUESTO-025,ZONA-05,MUN-05,CIRC-05,municipal,0,
V002249,MESA-048,PUESTO-023,ZONA-03,MUN-03,CIRC-03,municipal,0,
V002250,MESA-002,PUESTO-002,ZONA-02,MUN-02,CIRC-02,nacional,0,
V002251,MESA-076,PUESTO-001,ZONA-01,MUN-01,CIRC-01,especial,0,
V002252,MESA-054,PUESTO-004,ZONA-04,MUN-04,CIRC-02,nacional,0,
V002253,MESA-006,PUESTO-006,ZONA-06,MUN-01,CIRC-01,especial,0,
V002254,MESA-015,PUESTO-015,ZONA-05,MUN-05,CIRC-05,municipal,0,inconsistencia_simulada_mesa
V002255,MESA-002,PUESTO-002,ZONA-02,MUN-02,CIRC-02,nacional,0,
V002256,MESA-073,PUESTO-023,ZONA-03,MUN-03,CIRC-03,municipal,0,
V002257,MESA-002,PUESTO-002,ZONA-02,MUN-02,CIRC-02,nacional,0,
V002258,MESA-074,PUESTO-024,ZONA-04,MUN-04,CIRC-04,nacional,0,
V002259,MESA-055,PUESTO-005,ZONA-05,MUN-05,CIRC-05,municipal,0,
V002260,MESA-072,PUESTO-022,ZONA-02,MUN-02,CIRC-02,nacional,0,
V002261,MESA-060,PUESTO-010,ZONA-10,MUN-05,CIRC-05,municipal,0,
V002262,MESA-006,PUESTO-006,ZONA-06,MUN-01,CIRC-01,especial,0,
V002263,MESA-019,PUESTO-019,ZONA-09,MUN-04,CIRC-04,nacional,0,
V002264,MESA-027,PUESTO-002,ZONA-02,MUN-02,CIRC-02,nacional,0,
V002265,MESA-001,PUESTO-001,ZONA-01,MUN-01,CIRC-01,nacional,0,
V002266,MESA-033,PUESTO-008,ZONA-08,MUN-03,CIRC-03,municipal,0,
V002267,MESA-040,PUESTO-015,ZONA-05,MUN-05,CIRC-05,municipal,0,
V002268,MESA-032,PUESTO-007,ZONA-07,MUN-02,CIRC-02,nacional,0,
V002269,MESA-069,PUESTO-019,ZONA-09,MUN-04,CIRC-04,nacional,0,
V002270,MESA-017,PUESTO-017,ZONA-07,MUN-02,CIRC-02,nacional,0,
V002271,MESA-008,PUESTO-008,ZONA-08,MUN-03,CIRC-03,municipal,0,
V002272,MESA-057,PUESTO-007,ZONA-07,MUN-02,CIRC-02,nacional,0,
V002273,MESA-042,PUESTO-017,ZONA-07,MUN-02,CIRC-02,nacional,0,
V002274,MESA-009,PUESTO-009,ZONA-09,MUN-04,CIRC-04,nacional,0,
V002275,MESA-035,PUESTO-010,ZONA-10,MUN-05,CIRC-05,municipal,0,
V002276,MESA-071,PUESTO-021,ZONA-01,MUN-01,CIRC-01,especial,0,
V002277,MESA-079,PUESTO-004,ZONA-04,MUN-04,CIRC-04,nacional,0,
V002278,MESA-053,PUESTO-003,ZONA-03,MUN-03,CIRC-03,municipal,0,
V002279,MESA-054,PUESTO-004,ZONA-04,MUN-04,CIRC-04,nacional,0,
V002280,MESA-025,PUESTO-025,ZONA-05,MUN-05,CIRC-05,municipal,0,
V002281,MESA-067,PUESTO-017,ZONA-07,MUN-02,CIRC-02,nacional,0,
V002282,MESA-062,PUESTO-012,ZONA-02,MUN-02,CIRC-02,nacional,0,
V002283,MESA-055,PUESTO-005,ZONA-05,MUN-05,CIRC-05,municipal,0,
V002284,MESA-046,PUESTO-021,ZONA-01,MUN-01,CIRC-01,especial,0,
V002285,MESA-024,PUESTO-024,ZONA-04,MUN-04,CIRC-04,nacional,0,
V002286,MESA-046,PUESTO-021,ZONA-01,MUN-01,CIRC-01,especial,0,
V002287,MESA-022,PUESTO-022,ZONA-02,MUN-02,CIRC-02,nacional,0,
V002288,MESA-011,PUESTO-011,ZONA-01,MUN-01,CIRC-01,especial,0,
V002289,MESA-048,PUESTO-023,ZONA-03,MUN-03,CIRC-03,municipal,0,
V002290,MESA-008,PUESTO-008,ZONA-08,MUN-03,CIRC-03,municipal,0,
V002291,MESA-039,PUESTO-014,ZONA-04,MUN-04,CIRC-04,nacional,0,
V002292,MESA-035,PUESTO-010,ZONA-10,MUN-05,CIRC-05,municipal,0,
V002293,MESA-049,PUESTO-024,ZONA-04,MUN-04,CIRC-04,nacional,0,
V002294,MESA-046,PUESTO-021,ZONA-01,MUN-01,CIRC-01,especial,0,
V002295,MESA-038,PUESTO-013,ZONA-03,MUN-03,CIRC-03,municipal,0,
V002296,MESA-026,PUESTO-001,ZONA-01,MUN-01,CIRC-03,municipal,0,inconsistencia_simulada_mesa
V002297,MESA-054,PUESTO-004,ZONA-04,MUN-04,CIRC-04,nacional,0,
V002298,MESA-037,PUESTO-012,ZONA-02,MUN-02,CIRC-02,nacional,0,
V002299,MESA-040,PUESTO-015,ZONA-05,MUN-05,CIRC-05,municipal,0,
V002300,MESA-034,PUESTO-009,ZONA-09,MUN-04,CIRC-04,nacional,0,
V002301,MESA-079,PUESTO-004,ZONA-04,MUN-04,CIRC-04,nacional,0,
V002302,MESA-017,PUESTO-017,ZONA-07,MUN-02,CIRC-02,nacional,0,
V002303,MESA-033,PUESTO-008,ZONA-08,MUN-03,CIRC-02,municipal,0,
V002304,MESA-047,PUESTO-022,ZONA-02,MUN-02,CIRC-02,nacional,0,
V002305,MESA-052,PUESTO-002,ZONA-02,MUN-02,CIRC-02,nacional,0,
V002306,MESA-080,PUESTO-005,ZONA-05,MUN-05,CIRC-05,municipal,0,
V002307,MESA-009,PUESTO-009,ZONA-09,MUN-04,CIRC-04,nacional,0,
V002308,MESA-033,PUESTO-008,ZONA-08,MUN-03,CIRC-03,municipal,0,
V002309,MESA-060,PUESTO-010,ZONA-10,MUN-05,CIRC-05,municipal,0,
V002310,MESA-077,PUESTO-002,ZONA-02,MUN-02,CIRC-02,nacional,0,
V002311,MESA-021,PUESTO-021,ZONA-01,MUN-01,CIRC-01,especial,0,
V002312,MESA-058,PUESTO-008,ZONA-08,MUN-03,CIRC-03,municipal,0,
V002313,MESA-069,PUESTO-019,ZONA-09,MUN-04,CIRC-04,nacional,0,
V002314,MESA-010,PUESTO-010,ZONA-10,MUN-05,CIRC-05,municipal,0,
V002315,MESA-006,PUESTO-006,ZONA-06,MUN-01,CIRC-01,especial,0,
V002316,MESA-072,PUESTO-022,ZONA-02,MUN-02,CIRC-03,municipal,0,inconsistencia_simulada_mesa
V002317,MESA-065,PUESTO-015,ZONA-05,MUN-05,CIRC-05,municipal,0,
V002318,MESA-020,PUESTO-020,ZONA-10,MUN-05,CIRC-05,municipal,0,
V002319,MESA-057,PUESTO-007,ZONA-07,MUN-02,CIRC-02,nacional,0,
V002320,MESA-046,PUESTO-021,ZONA-01,MUN-01,CIRC-01,especial,0,
V002321,MESA-008,PUESTO-008,ZONA-08,MUN-03,CIRC-03,nacional,0,
V002322,MESA-010,PUESTO-010,ZONA-10,MUN-05,CIRC-05,municipal,0,
V002323,MESA-073,PUESTO-023,ZONA-03,MUN-03,CIRC-03,municipal,0,
V002324,MESA-067,PUESTO-017,ZONA-07,MUN-02,CIRC-02,nacional,0,
V002325,MESA-011,PUESTO-011,ZONA-01,MUN-01,CIRC-01,especial,0,
V002326,MESA-012,PUESTO-012,ZONA-02,MUN-02,CIRC-02,nacional,0,
V002327,MESA-010,PUESTO-010,ZONA-10,MUN-05,CIRC-05,municipal,0,
V002328,MESA-025,PUESTO-025,ZONA-05,MUN-05,CIRC-05,municipal,0,
V002329,MESA-049,PUESTO-024,ZONA-04,MUN-04,CIRC-04,nacional,0,
V002330,MESA-049,PUESTO-024,ZONA-04,MUN-04,CIRC-04,nacional,0,
V002331,MESA-011,PUESTO-011,ZONA-01,MUN-01,CIRC-01,especial,0,
V002332,MESA-062,PUESTO-012,ZONA-02,MUN-02,CIRC-02,nacional,0,
V002333,MESA-036,PUESTO-011,ZONA-01,MUN-01,CIRC-01,especial,0,
V002334,MESA-039,PUESTO-014,ZONA-04,MUN-04,CIRC-04,nacional,0,
V002335,MESA-053,PUESTO-003,ZONA-03,MUN-03,CIRC-03,municipal,0,
V002336,MESA-078,PUESTO-003,ZONA-03,MUN-03,CIRC-05,municipal,0,
V002337,MESA-056,PUESTO-006,ZONA-06,MUN-01,CIRC-01,especial,0,
V002338,MESA-001,PUESTO-001,ZONA-01,MUN-01,CIRC-01,especial,0,
V002339,MESA-056,PUESTO-006,ZONA-06,MUN-01,CIRC-01,especial,0,
V002340,MESA-004,PUESTO-004,ZONA-04,MUN-04,CIRC-04,nacional,0,
V002341,MESA-030,PUESTO-005,ZONA-05,MUN-05,CIRC-05,municipal,0,
V002342,MESA-012,PUESTO-012,ZONA-02,MUN-02,CIRC-02,nacional,0,
V002343,MESA-035,PUESTO-010,ZONA-10,MUN-05,CIRC-05,municipal,0,
V002344,MESA-077,PUESTO-002,ZONA-02,MUN-02,CIRC-02,nacional,0,
V002345,MESA-052,PUESTO-002,ZONA-02,MUN-02,CIRC-02,nacional,0,
V002346,MESA-031,PUESTO-006,ZONA-06,MUN-01,CIRC-01,especial,0,
V002347,MESA-068,PUESTO-018,ZONA-08,MUN-03,CIRC-03,municipal,0,
V002348,MESA-052,PUESTO-002,ZONA-02,MUN-02,CIRC-02,nacional,0,
V002349,MESA-080,PUESTO-005,ZONA-05,MUN-05,CIRC-05,municipal,0,
V002350,MESA-007,PUESTO-007,ZONA-07,MUN-02,CIRC-02,nacional,0,
V002351,MESA-022,PUESTO-022,ZONA-02,MUN-02,CIRC-02,nacional,0,
V002352,MESA-075,PUESTO-025,ZONA-05,MUN-05,CIRC-05,municipal,0,
V002353,MESA-056,PUESTO-006,ZONA-06,MUN-01,CIRC-01,especial,0,
V002354,MESA-058,PUESTO-008,ZONA-08,MUN-03,CIRC-03,municipal,0,
V002355,MESA-064,PUESTO-014,ZONA-04,MUN-04,CIRC-04,nacional,0,
V002356,MESA-012,PUESTO-012,ZONA-02,MUN-02,CIRC-02,nacional,0,
V002357,MESA-007,PUESTO-007,ZONA-07,MUN-02,CIRC-02,nacional,0,
V002358,MESA-055,PUESTO-005,ZONA-05,MUN-05,CIRC-05,municipal,0,
V002359,MESA-062,PUESTO-012,ZONA-02,MUN-02,CIRC-02,nacional,0,
V002360,MESA-073,PUESTO-023,ZONA-03,MUN-03,CIRC-05,municipal,0,
V002361,MESA-077,PUESTO-002,ZONA-02,MUN-02,CIRC-02,nacional,0,
V002362,MESA-055,PUESTO-005,ZONA-05,MUN-05,CIRC-05,municipal,0,
V002363,MESA-036,PUESTO-011,ZONA-01,MUN-01,CIRC-01,municipal,0,
V002364,MESA-024,PUESTO-024,ZONA-04,MUN-04,CIRC-04,nacional,0,
V002365,MESA-044,PUESTO-019,ZONA-09,MUN-04,CIRC-04,nacional,0,
V002366,MESA-017,PUESTO-017,ZONA-07,MUN-02,CIRC-02,nacional,0,
V002367,MESA-002,PUESTO-002,ZONA-02,MUN-02,CIRC-02,nacional,0,
V002368,MESA-013,PUESTO-013,ZONA-03,MUN-03,CIRC-03,municipal,0,
V002369,MESA-031,PUESTO-006,ZONA-06,MUN-01,CIRC-01,especial,0,
V002370,MESA-028,PUESTO-003,ZONA-03,MUN-03,CIRC-03,municipal,0,
V002371,MESA-060,PUESTO-010,ZONA-10,MUN-05,CIRC-05,municipal,0,
V002372,MESA-029,PUESTO-004,ZONA-04,MUN-04,CIRC-02,nacional,0,inconsistencia_simulada_mesa
V002373,MESA-015,PUESTO-015,ZONA-05,MUN-05,CIRC-05,municipal,0,
V002374,MESA-079,PUESTO-004,ZONA-04,MUN-04,CIRC-04,nacional,0,
V002375,MESA-033,PUESTO-008,ZONA-08,MUN-03,CIRC-03,municipal,0,
V002376,MESA-020,PUESTO-020,ZONA-10,MUN-05,CIRC-05,municipal,0,
V002377,MESA-042,PUESTO-017,ZONA-07,MUN-02,CIRC-02,nacional,0,
V002378,MESA-012,PUESTO-012,ZONA-02,MUN-02,CIRC-02,nacional,0,
V002379,MESA-073,PUESTO-023,ZONA-03,MUN-03,CIRC-03,municipal,0,
V002380,MESA-023,PUESTO-023,ZONA-03,MUN-03,CIRC-03,municipal,0,
V002381,MESA-072,PUESTO-022,ZONA-02,MUN-02,CIRC-02,nacional,0,
V002382,MESA-014,PUESTO-014,ZONA-04,MUN-04,CIRC-04,nacional,0,
V002383,MESA-025,PUESTO-025,ZONA-05,MUN-05,CIRC-05,municipal,0,
V002384,MESA-077,PUESTO-002,ZONA-02,MUN-02,CIRC-02,nacional,0,
V002385,MESA-031,PUESTO-006,ZONA-06,MUN-01,CIRC-01,especial,0,
V002386,MESA-054,PUESTO-004,ZONA-04,MUN-04,CIRC-04,nacional,0,
V002387,MESA-005,PUESTO-005,ZONA-05,MUN-05,CIRC-05,municipal,0,
V002388,MESA-013,PUESTO-013,ZONA-03,MUN-03,CIRC-03,municipal,0,
V002389,MESA-028,PUESTO-003,ZONA-03,MUN-03,CIRC-03,municipal,0,
V002390,MESA-043,PUESTO-018,ZONA-08,MUN-03,CIRC-03,municipal,0,
V002391,MESA-047,PUESTO-022,ZONA-02,MUN-02,CIRC-02,nacional,0,
V002392,MESA-071,PUESTO-021,ZONA-01,MUN-01,CIRC-01,especial,0,
V002393,MESA-038,PUESTO-013,ZONA-03,MUN-03,CIRC-03,municipal,0,
V002394,MESA-067,PUESTO-017,ZONA-07,MUN-02,CIRC-02,nacional,0,
V002395,MESA-062,PUESTO-012,ZONA-02,MUN-02,CIRC-02,nacional,0,
V002396,MESA-039,PUESTO-014,ZONA-04,MUN-04,CIRC-04,nacional,0,
V002397,MESA-037,PUESTO-012,ZONA-02,MUN-02,CIRC-02,nacional,0,
V002398,MESA-008,PUESTO-008,ZONA-08,MUN-03,CIRC-03,municipal,0,
V002399,MESA-052,PUESTO-002,ZONA-02,MUN-02,CIRC-04,nacional,0,
V002400,MESA-033,PUESTO-008,ZONA-08,MUN-03,CIRC-03,municipal,0,
V002401,MESA-042,PUESTO-017,ZONA-07,MUN-02,CIRC-02,nacional,0,
V002402,MESA-076,PUESTO-001,ZONA-01,MUN-01,CIRC-01,especial,0,
V002403,MESA-027,PUESTO-002,ZONA-02,MUN-02,CIRC-02,nacional,0,
V002404,MESA-008,PUESTO-008,ZONA-08,MUN-03,CIRC-03,municipal,0,
V002405,MESA-023,PUESTO-023,ZONA-03,MUN-03,CIRC-03,municipal,0,
V002406,MESA-064,PUESTO-014,ZONA-04,MUN-04,CIRC-04,nacional,0,
V002407,MESA-020,PUESTO-020,ZONA-10,MUN-05,CIRC-05,municipal,0,
V002408,MESA-016,PUESTO-016,ZONA-06,MUN-01,CIRC-01,especial,0,
V002409,MESA-017,PUESTO-017,ZONA-07,MUN-02,CIRC-02,nacional,0,
V002410,MESA-080,PUESTO-005,ZONA-05,MUN-05,CIRC-05,municipal,0,
V002411,MESA-019,PUESTO-019,ZONA-09,MUN-04,CIRC-04,nacional,0,
V002412,MESA-008,PUESTO-008,ZONA-08,MUN-03,CIRC-03,municipal,0,
V002413,MESA-038,PUESTO-013,ZONA-03,MUN-03,CIRC-03,municipal,0,
V002414,MESA-038,PUESTO-013,ZONA-03,MUN-03,CIRC-03,municipal,0,
V002415,MESA-053,PUESTO-003,ZONA-03,MUN-03,CIRC-03,municipal,0,
V002416,MESA-031,PUESTO-006,ZONA-06,MUN-01,CIRC-01,especial,0,
V002417,MESA-044,PUESTO-019,ZONA-09,MUN-04,CIRC-04,nacional,0,
V002418,MESA-060,PUESTO-010,ZONA-10,MUN-05,CIRC-05,municipal,0,
V002419,MESA-076,PUESTO-001,ZONA-01,MUN-01,CIRC-01,especial,0,
V002420,MESA-017,PUESTO-017,ZONA-07,MUN-02,CIRC-01,nacional,0,
V002421,MESA-079,PUESTO-004,ZONA-04,MUN-04,CIRC-04,nacional,0,
V002422,MESA-073,PUESTO-023,ZONA-03,MUN-03,CIRC-03,municipal,0,
V002423,MESA-039,PUESTO-014,ZONA-04,MUN-04,CIRC-04,nacional,0,
V002424,MESA-042,PUESTO-017,ZONA-07,MUN-02,CIRC-02,nacional,0,
V002425,MESA-048,PUESTO-023,ZONA-03,MUN-03,CIRC-03,municipal,0,
V002426,MESA-012,PUESTO-012,ZONA-02,MUN-02,CIRC-02,nacional,0,
V002427,MESA-018,PUESTO-018,ZONA-08,MUN-03,CIRC-03,municipal,0,
V002428,MESA-079,PUESTO-004,ZONA-04,MUN-04,CIRC-04,nacional,0,
V002429,MESA-006,PUESTO-006,ZONA-06,MUN-01,CIRC-01,especial,0,
V002430,MESA-043,PUESTO-018,ZONA-08,MUN-03,CIRC-03,municipal,0,
V002431,MESA-035,PUESTO-010,ZONA-10,MUN-05,CIRC-05,municipal,0,
V002432,MESA-054,PUESTO-004,ZONA-04,MUN-04,CIRC-04,nacional,0,
V002433,MESA-048,PUESTO-023,ZONA-03,MUN-03,CIRC-02,nacional,0,inconsistencia_simulada_mesa
V002434,MESA-069,PUESTO-019,ZONA-09,MUN-04,CIRC-04,nacional,0,
V002435,MESA-016,PUESTO-016,ZONA-06,MUN-01,CIRC-01,especial,0,
V002436,MESA-008,PUESTO-008,ZONA-08,MUN-03,CIRC-03,municipal,0,
V002437,MESA-031,PUESTO-006,ZONA-06,MUN-01,CIRC-01,especial,0,
V002438,MESA-010,PUESTO-010,ZONA-10,MUN-05,CIRC-05,municipal,0,
V002439,MESA-056,PUESTO-006,ZONA-06,MUN-01,CIRC-01,especial,0,
V002440,MESA-076,PUESTO-001,ZONA-01,MUN-01,CIRC-01,especial,0,
V002441,MESA-070,PUESTO-020,ZONA-10,MUN-05,CIRC-05,municipal,0,
V002442,MESA-020,PUESTO-020,ZONA-10,MUN-05,CIRC-05,municipal,0,
V002443,MESA-005,PUESTO-005,ZONA-05,MUN-05,CIRC-05,municipal,0,
V002444,MESA-023,PUESTO-023,ZONA-03,MUN-03,CIRC-03,municipal,0,
V002445,MESA-009,PUESTO-009,ZONA-09,MUN-04,CIRC-04,nacional,0,
V002446,MESA-058,PUESTO-008,ZONA-08,MUN-03,CIRC-03,municipal,0,
V002447,MESA-059,PUESTO-009,ZONA-09,MUN-04,CIRC-04,nacional,0,
V002448,MESA-080,PUESTO-005,ZONA-05,MUN-05,CIRC-05,municipal,0,
V002449,MESA-054,PUESTO-004,ZONA-04,MUN-04,CIRC-04,nacional,0,
V002450,MESA-046,PUESTO-021,ZONA-01,MUN-01,CIRC-01,especial,0,
V002451,MESA-022,PUESTO-022,ZONA-02,MUN-02,CIRC-02,nacional,0,
V002452,MESA-064,PUESTO-014,ZONA-04,MUN-04,CIRC-04,nacional,0,
V002453,MESA-008,PUESTO-008,ZONA-08,MUN-03,CIRC-03,municipal,0,
V002454,MESA-020,PUESTO-020,ZONA-10,MUN-05,CIRC-03,municipal,0,
V002455,MESA-051,PUESTO-001,ZONA-01,MUN-01,CIRC-01,especial,0,
V002456,MESA-078,PUESTO-003,ZONA-03,MUN-03,CIRC-03,municipal,0,
V002457,MESA-039,PUESTO-014,ZONA-04,MUN-04,CIRC-04,nacional,0,
V002458,MESA-037,PUESTO-012,ZONA-02,MUN-02,CIRC-02,nacional,0,
V002459,MESA-050,PUESTO-025,ZONA-05,MUN-05,CIRC-05,municipal,0,
V002460,MESA-034,PUESTO-009,ZONA-09,MUN-04,CIRC-04,nacional,0,
V002461,MESA-075,PUESTO-025,ZONA-05,MUN-05,CIRC-05,municipal,0,
V002462,MESA-033,PUESTO-008,ZONA-08,MUN-03,CIRC-03,municipal,0,
V002463,MESA-031,PUESTO-006,ZONA-06,MUN-01,CIRC-01,especial,0,
V002464,MESA-054,PUESTO-004,ZONA-04,MUN-04,CIRC-04,nacional,0,
V002465,MESA-044,PUESTO-019,ZONA-09,MUN-04,CIRC-04,nacional,0,
V002466,MESA-034,PUESTO-009,ZONA-09,MUN-04,CIRC-04,nacional,0,
V002467,MESA-071,PUESTO-021,ZONA-01,MUN-01,CIRC-01,especial,0,
V002468,MESA-062,PUESTO-012,ZONA-02,MUN-02,CIRC-02,nacional,0,
V002469,MESA-023,PUESTO-023,ZONA-03,MUN-03,CIRC-03,municipal,0,
V002470,MESA-046,PUESTO-021,ZONA-01,MUN-01,CIRC-01,especial,0,
V002471,MESA-056,PUESTO-006,ZONA-06,MUN-01,CIRC-01,especial,0,
V002472,MESA-007,PUESTO-007,ZONA-07,MUN-02,CIRC-02,nacional,0,
V002473,MESA-061,PUESTO-011,ZONA-01,MUN-01,CIRC-01,especial,0,
V002474,MESA-003,PUESTO-003,ZONA-03,MUN-03,CIRC-03,municipal,0,
V002475,MESA-038,PUESTO-013,ZONA-03,MUN-03,CIRC-03,municipal,0,
V002476,MESA-034,PUESTO-009,ZONA-09,MUN-04,CIRC-04,nacional,0,
V002477,MESA-044,PUESTO-019,ZONA-09,MUN-04,CIRC-04,nacional,0,
V002478,MESA-030,PUESTO-005,ZONA-05,MUN-05,CIRC-05,municipal,0,
V002479,MESA-017,PUESTO-017,ZONA-07,MUN-02,CIRC-02,nacional,0,
V002480,MESA-059,PUESTO-009,ZONA-09,MUN-04,CIRC-04,nacional,0,
V002481,MESA-010,PUESTO-010,ZONA-10,MUN-05,CIRC-05,municipal,0,
V002482,MESA-018,PUESTO-018,ZONA-08,MUN-03,CIRC-03,municipal,0,
V002483,MESA-045,PUESTO-020,ZONA-10,MUN-05,CIRC-05,municipal,0,
V002484,MESA-059,PUESTO-009,ZONA-09,MUN-04,CIRC-04,nacional,0,
V002485,MESA-062,PUESTO-012,ZONA-02,MUN-02,CIRC-02,nacional,0,
V002486,MESA-059,PUESTO-009,ZONA-09,MUN-04,CIRC-04,nacional,0,
V002487,MESA-049,PUESTO-024,ZONA-04,MUN-04,CIRC-04,nacional,0,
V002488,MESA-063,PUESTO-013,ZONA-03,MUN-03,CIRC-03,municipal,0,
V002489,MESA-032,PUESTO-007,ZONA-07,MUN-02,CIRC-02,nacional,0,
V002490,MESA-010,PUESTO-010,ZONA-10,MUN-05,CIRC-05,municipal,0,
V002491,MESA-011,PUESTO-011,ZONA-01,MUN-01,CIRC-01,especial,0,
V002492,MESA-070,PUESTO-020,ZONA-10,MUN-05,CIRC-05,municipal,0,
V002493,MESA-062,PUESTO-012,ZONA-02,MUN-02,CIRC-02,nacional,0,
V002494,MESA-047,PUESTO-022,ZONA-02,MUN-02,CIRC-02,nacional,0,
V002495,MESA-034,PUESTO-009,ZONA-09,MUN-04,CIRC-04,nacional,0,
V002496,MESA-017,PUESTO-017,ZONA-07,MUN-02,CIRC-02,nacional,0,
V002497,MESA-054,PUESTO-004,ZONA-04,MUN-04,CIRC-04,nacional,0,
V002498,MESA-076,PUESTO-001,ZONA-01,MUN-01,CIRC-01,especial,0,
V002499,MESA-040,PUESTO-015,ZONA-05,MUN-05,CIRC-05,municipal,0,
V002500,MESA-019,PUESTO-019,ZONA-09,MUN-04,CIRC-04,nacional,0,
V002501,MESA-067,PUESTO-017,ZONA-07,MUN-02,CIRC-02,nacional,0,
V002502,MESA-053,PUESTO-003,ZONA-03,MUN-03,CIRC-03,municipal,0,
V002503,MESA-064,PUESTO-014,ZONA-04,MUN-04,CIRC-04,nacional,0,
V002504,MESA-047,PUESTO-022,ZONA-02,MUN-02,CIRC-02,nacional,0,
V002505,MESA-006,PUESTO-006,ZONA-06,MUN-01,CIRC-01,especial,0,
V002506,MESA-016,PUESTO-016,ZONA-06,MUN-01,CIRC-01,especial,0,
V002507,MESA-072,PUESTO-022,ZONA-02,MUN-02,CIRC-02,nacional,0,
V002508,MESA-018,PUESTO-018,ZONA-08,MUN-03,CIRC-03,municipal,0,
V002509,MESA-052,PUESTO-002,ZONA-02,MUN-02,CIRC-02,nacional,0,
V002510,MESA-041,PUESTO-016,ZONA-06,MUN-01,CIRC-03,municipal,0,inconsistencia_simulada_mesa
V002511,MESA-043,PUESTO-018,ZONA-08,MUN-03,CIRC-03,municipal,0,
V002512,MESA-039,PUESTO-014,ZONA-04,MUN-04,CIRC-04,nacional,0,
V002513,MESA-049,PUESTO-024,ZONA-04,MUN-04,CIRC-04,nacional,0,
V002514,MESA-012,PUESTO-012,ZONA-02,MUN-02,CIRC-02,nacional,0,
V002515,MESA-010,PUESTO-010,ZONA-10,MUN-05,CIRC-05,municipal,0,
V002516,MESA-071,PUESTO-021,ZONA-01,MUN-01,CIRC-01,especial,0,
V002517,MESA-055,PUESTO-005,ZONA-05,MUN-05,CIRC-05,municipal,0,
V002518,MESA-001,PUESTO-001,ZONA-01,MUN-01,CIRC-01,especial,0,
V002519,MESA-049,PUESTO-024,ZONA-04,MUN-04,CIRC-04,nacional,0,
V002520,MESA-036,PUESTO-011,ZONA-01,MUN-01,CIRC-01,especial,0,
V002521,MESA-021,PUESTO-021,ZONA-01,MUN-01,CIRC-01,especial,0,
V002522,MESA-037,PUESTO-012,ZONA-02,MUN-02,CIRC-02,nacional,0,
V002523,MESA-024,PUESTO-024,ZONA-04,MUN-04,CIRC-04,nacional,0,
V002524,MESA-055,PUESTO-005,ZONA-05,MUN-05,CIRC-05,municipal,0,
V002525,MESA-025,PUESTO-025,ZONA-05,MUN-05,CIRC-05,municipal,0,
V002526,MESA-007,PUESTO-007,ZONA-07,MUN-02,CIRC-02,nacional,0,
V002527,MESA-071,PUESTO-021,ZONA-01,MUN-01,CIRC-01,especial,0,
V002528,MESA-071,PUESTO-021,ZONA-01,MUN-01,CIRC-01,especial,0,
V002529,MESA-024,PUESTO-024,ZONA-04,MUN-04,CIRC-04,nacional,0,
V002530,MESA-011,PUESTO-011,ZONA-01,MUN-01,CIRC-01,especial,0,
V002531,MESA-073,PUESTO-023,ZONA-03,MUN-03,CIRC-03,municipal,0,
V002532,MESA-012,PUESTO-012,ZONA-02,MUN-02,CIRC-02,nacional,0,
V002533,MESA-035,PUESTO-010,ZONA-10,MUN-05,CIRC-05,municipal,0,
V002534,MESA-063,PUESTO-013,ZONA-03,MUN-03,CIRC-03,municipal,0,
V002535,MESA-068,PUESTO-018,ZONA-08,MUN-03,CIRC-03,municipal,0,
V002536,MESA-057,PUESTO-007,ZONA-07,MUN-02,CIRC-02,nacional,0,
V002537,MESA-013,PUESTO-013,ZONA-03,MUN-03,CIRC-03,municipal,0,
V002538,MESA-023,PUESTO-023,ZONA-03,MUN-03,CIRC-03,municipal,0,
V002539,MESA-039,PUESTO-014,ZONA-04,MUN-04,CIRC-04,nacional,0,
V002540,MESA-080,PUESTO-005,ZONA-05,MUN-05,CIRC-05,municipal,0,
V002541,MESA-021,PUESTO-021,ZONA-01,MUN-01,CIRC-02,nacional,0,inconsistencia_simulada_mesa
V002542,MESA-034,PUESTO-009,ZONA-09,MUN-04,CIRC-04,nacional,0,
V002543,MESA-071,PUESTO-021,ZONA-01,MUN-01,CIRC-01,especial,0,
V002544,MESA-075,PUESTO-025,ZONA-05,MUN-05,CIRC-05,municipal,0,
V002545,MESA-031,PUESTO-006,ZONA-06,MUN-01,CIRC-01,especial,0,
V002546,MESA-062,PUESTO-012,ZONA-02,MUN-02,CIRC-02,nacional,0,
V002547,MESA-013,PUESTO-013,ZONA-03,MUN-03,CIRC-03,municipal,0,
V002548,MESA-031,PUESTO-006,ZONA-06,MUN-01,CIRC-01,especial,0,
V002549,MESA-002,PUESTO-002,ZONA-02,MUN-02,CIRC-02,nacional,0,
V002550,MESA-015,PUESTO-015,ZONA-05,MUN-05,CIRC-05,municipal,0,
V002551,MESA-057,PUESTO-007,ZONA-07,MUN-02,CIRC-02,nacional,0,
V002552,MESA-075,PUESTO-025,ZONA-05,MUN-05,CIRC-05,municipal,0,
V002553,MESA-034,PUESTO-009,ZONA-09,MUN-04,CIRC-04,nacional,0,
V002554,MESA-068,PUESTO-018,ZONA-08,MUN-03,CIRC-01,municipal,0,
V002555,MESA-075,PUESTO-025,ZONA-05,MUN-05,CIRC-05,municipal,0,
V002556,MESA-029,PUESTO-004,ZONA-04,MUN-04,CIRC-04,nacional,0,
V002557,MESA-066,PUESTO-016,ZONA-06,MUN-01,CIRC-01,especial,0,
V002558,MESA-016,PUESTO-016,ZONA-06,MUN-01,CIRC-01,especial,0,
V002559,MESA-039,PUESTO-014,ZONA-04,MUN-04,CIRC-04,nacional,0,
V002560,MESA-077,PUESTO-002,ZONA-02,MUN-02,CIRC-02,nacional,0,
V002561,MESA-037,PUESTO-012,ZONA-02,MUN-02,CIRC-02,nacional,0,
V002562,MESA-021,PUESTO-021,ZONA-01,MUN-01,CIRC-01,especial,0,
V002563,MESA-044,PUESTO-019,ZONA-09,MUN-04,CIRC-04,nacional,0,
V002564,MESA-019,PUESTO-019,ZONA-09,MUN-04,CIRC-04,nacional,0,
V002565,MESA-071,PUESTO-021,ZONA-01,MUN-01,CIRC-01,especial,0,
V002566,MESA-008,PUESTO-008,ZONA-08,MUN-03,CIRC-03,municipal,0,
V002567,MESA-077,PUESTO-002,ZONA-02,MUN-02,CIRC-02,nacional,0,
V002568,MESA-066,PUESTO-016,ZONA-06,MUN-01,CIRC-01,especial,0,
V002569,MESA-041,PUESTO-016,ZONA-06,MUN-01,CIRC-01,especial,0,
V002570,MESA-075,PUESTO-025,ZONA-05,MUN-05,CIRC-05,municipal,0,
V002571,MESA-070,PUESTO-020,ZONA-10,MUN-05,CIRC-05,municipal,0,
V002572,MESA-061,PUESTO-011,ZONA-01,MUN-01,CIRC-01,especial,0,
V002573,MESA-026,PUESTO-001,ZONA-01,MUN-01,CIRC-01,especial,0,
V002574,MESA-071,PUESTO-021,ZONA-01,MUN-01,CIRC-01,especial,0,
V002575,MESA-070,PUESTO-020,ZONA-10,MUN-05,CIRC-05,municipal,0,
V002576,MESA-029,PUESTO-004,ZONA-04,MUN-04,CIRC-04,nacional,0,
V002577,MESA-066,PUESTO-016,ZONA-06,MUN-01,CIRC-01,especial,0,
V002578,MESA-019,PUESTO-019,ZONA-09,MUN-04,CIRC-04,nacional,0,
V002579,MESA-068,PUESTO-018,ZONA-08,MUN-03,CIRC-03,municipal,0,
V002580,MESA-058,PUESTO-008,ZONA-08,MUN-03,CIRC-04,municipal,0,
V002581,MESA-070,PUESTO-020,ZONA-10,MUN-05,CIRC-05,municipal,0,
V002582,MESA-057,PUESTO-007,ZONA-07,MUN-02,CIRC-02,nacional,0,
V002583,MESA-037,PUESTO-012,ZONA-02,MUN-02,CIRC-02,nacional,0,
V002584,MESA-008,PUESTO-008,ZONA-08,MUN-03,CIRC-01,especial,0,inconsistencia_simulada_mesa
V002585,MESA-030,PUESTO-005,ZONA-05,MUN-05,CIRC-05,municipal,0,
V002586,MESA-071,PUESTO-021,ZONA-01,MUN-01,CIRC-01,especial,0,
V002587,MESA-073,PUESTO-023,ZONA-03,MUN-03,CIRC-03,municipal,0,
V002588,MESA-025,PUESTO-025,ZONA-05,MUN-05,CIRC-05,municipal,0,
V002589,MESA-065,PUESTO-015,ZONA-05,MUN-05,CIRC-05,municipal,0,
V002590,MESA-006,PUESTO-006,ZONA-06,MUN-01,CIRC-01,especial,0,
V002591,MESA-018,PUESTO-018,ZONA-08,MUN-03,CIRC-03,municipal,0,
V002592,MESA-010,PUESTO-010,ZONA-10,MUN-05,CIRC-05,municipal,0,
V002593,MESA-011,PUESTO-011,ZONA-01,MUN-01,CIRC-01,especial,0,
V002594,MESA-065,PUESTO-015,ZONA-05,MUN-05,CIRC-05,municipal,0,
V002595,MESA-077,PUESTO-002,ZONA-02,MUN-02,CIRC-02,nacional,0,
V002596,MESA-065,PUESTO-015,ZONA-05,MUN-05,CIRC-05,especial,0,
V002597,MESA-052,PUESTO-002,ZONA-02,MUN-02,CIRC-02,nacional,0,
V002598,MESA-067,PUESTO-017,ZONA-07,MUN-02,CIRC-02,nacional,0,
V002599,MESA-078,PUESTO-003,ZONA-03,MUN-03,CIRC-03,municipal,0,
V002600,MESA-031,PUESTO-006,ZONA-06,MUN-01,CIRC-01,especial,0,
V002601,MESA-017,PUESTO-017,ZONA-07,MUN-02,CIRC-02,nacional,0,
V002602,MESA-055,PUESTO-005,ZONA-05,MUN-05,CIRC-05,municipal,0,
V002603,MESA-036,PUESTO-011,ZONA-01,MUN-01,CIRC-01,especial,0,
V002604,MESA-026,PUESTO-001,ZONA-01,MUN-01,CIRC-01,especial,0,
V002605,MESA-053,PUESTO-003,ZONA-03,MUN-03,CIRC-03,municipal,0,
V002606,MESA-017,PUESTO-017,ZONA-07,MUN-02,CIRC-02,nacional,0,
V002607,MESA-025,PUESTO-025,ZONA-05,MUN-05,CIRC-05,municipal,0,
V002608,MESA-002,PUESTO-002,ZONA-02,MUN-02,CIRC-02,nacional,0,
V002609,MESA-005,PUESTO-005,ZONA-05,MUN-05,CIRC-05,municipal,0,
V002610,MESA-004,PUESTO-004,ZONA-04,MUN-04,CIRC-04,nacional,0,
V002611,MESA-036,PUESTO-011,ZONA-01,MUN-01,CIRC-01,especial,0,
V002612,MESA-006,PUESTO-006,ZONA-06,MUN-01,CIRC-01,especial,0,
V002613,MESA-021,PUESTO-021,ZONA-01,MUN-01,CIRC-01,especial,0,
V002614,MESA-077,PUESTO-002,ZONA-02,MUN-02,CIRC-02,nacional,0,
V002615,MESA-026,PUESTO-001,ZONA-01,MUN-01,CIRC-01,especial,0,
V002616,MESA-055,PUESTO-005,ZONA-05,MUN-05,CIRC-05,municipal,0,
V002617,MESA-039,PUESTO-014,ZONA-04,MUN-04,CIRC-04,nacional,0,
V002618,MESA-033,PUESTO-008,ZONA-08,MUN-03,CIRC-03,municipal,0,
V002619,MESA-014,PUESTO-014,ZONA-04,MUN-04,CIRC-04,nacional,0,
V002620,MESA-056,PUESTO-006,ZONA-06,MUN-01,CIRC-01,especial,0,
V002621,MESA-021,PUESTO-021,ZONA-01,MUN-01,CIRC-01,especial,0,
V002622,MESA-046,PUESTO-021,ZONA-01,MUN-01,CIRC-01,especial,0,
V002623,MESA-016,PUESTO-016,ZONA-06,MUN-01,CIRC-01,especial,0,
V002624,MESA-016,PUESTO-016,ZONA-06,MUN-01,CIRC-01,especial,0,
V002625,MESA-029,PUESTO-004,ZONA-04,MUN-04,CIRC-04,nacional,0,
V002626,MESA-008,PUESTO-008,ZONA-08,MUN-03,CIRC-03,municipal,0,
V002627,MESA-003,PUESTO-003,ZONA-03,MUN-03,CIRC-04,municipal,0,
V002628,MESA-019,PUESTO-019,ZONA-09,MUN-04,CIRC-04,nacional,0,
V002629,MESA-066,PUESTO-016,ZONA-06,MUN-01,CIRC-01,especial,0,
V002630,MESA-079,PUESTO-004,ZONA-04,MUN-04,CIRC-04,nacional,0,
V002631,MESA-074,PUESTO-024,ZONA-04,MUN-04,CIRC-04,nacional,0,
V002632,MESA-022,PUESTO-022,ZONA-02,MUN-02,CIRC-02,nacional,0,
V002633,MESA-046,PUESTO-021,ZONA-01,MUN-01,CIRC-01,especial,0,
V002634,MESA-013,PUESTO-013,ZONA-03,MUN-03,CIRC-03,municipal,0,
V002635,MESA-033,PUESTO-008,ZONA-08,MUN-03,CIRC-03,municipal,0,
V002636,MESA-005,PUESTO-005,ZONA-05,MUN-05,CIRC-05,municipal,0,
V002637,MESA-077,PUESTO-002,ZONA-02,MUN-02,CIRC-02,nacional,0,
V002638,MESA-027,PUESTO-002,ZONA-02,MUN-02,CIRC-02,nacional,0,
V002639,MESA-078,PUESTO-003,ZONA-03,MUN-03,CIRC-03,municipal,0,
V002640,MESA-024,PUESTO-024,ZONA-04,MUN-04,CIRC-04,nacional,0,
V002641,MESA-067,PUESTO-017,ZONA-07,MUN-02,CIRC-04,nacional,0,
V002642,MESA-063,PUESTO-013,ZONA-03,MUN-03,CIRC-03,municipal,0,
V002643,MESA-048,PUESTO-023,ZONA-03,MUN-03,CIRC-03,municipal,0,
V002644,MESA-063,PUESTO-013,ZONA-03,MUN-03,CIRC-03,municipal,0,
V002645,MESA-078,PUESTO-003,ZONA-03,MUN-03,CIRC-03,municipal,0,
V002646,MESA-012,PUESTO-012,ZONA-02,MUN-02,CIRC-02,nacional,0,
V002647,MESA-028,PUESTO-003,ZONA-03,MUN-03,CIRC-03,municipal,0,
V002648,MESA-044,PUESTO-019,ZONA-09,MUN-04,CIRC-04,nacional,0,
V002649,MESA-043,PUESTO-018,ZONA-08,MUN-03,CIRC-03,municipal,0,
V002650,MESA-017,PUESTO-017,ZONA-07,MUN-02,CIRC-02,nacional,0,
V002651,MESA-040,PUESTO-015,ZONA-05,MUN-05,CIRC-05,municipal,0,
V002652,MESA-049,PUESTO-024,ZONA-04,MUN-04,CIRC-04,nacional,0,
V002653,MESA-057,PUESTO-007,ZONA-07,MUN-02,CIRC-02,nacional,0,
V002654,MESA-064,PUESTO-014,ZONA-04,MUN-04,CIRC-04,nacional,0,
V002655,MESA-075,PUESTO-025,ZONA-05,MUN-05,CIRC-05,municipal,0,
V002656,MESA-057,PUESTO-007,ZONA-07,MUN-02,CIRC-02,nacional,0,
V002657,MESA-074,PUESTO-024,ZONA-04,MUN-04,CIRC-04,nacional,0,
V002658,MESA-074,PUESTO-024,ZONA-04,MUN-04,CIRC-04,nacional,0,
V002659,MESA-070,PUESTO-020,ZONA-10,MUN-05,CIRC-05,municipal,0,
V002660,MESA-076,PUESTO-001,ZONA-01,MUN-01,CIRC-01,especial,0,
V002661,MESA-043,PUESTO-018,ZONA-08,MUN-03,CIRC-02,municipal,0,
V002662,MESA-023,PUESTO-023,ZONA-03,MUN-03,CIRC-03,municipal,0,
V002663,MESA-027,PUESTO-002,ZONA-02,MUN-02,CIRC-02,nacional,0,
V002664,MESA-058,PUESTO-008,ZONA-08,MUN-03,CIRC-03,municipal,0,
V002665,MESA-037,PUESTO-012,ZONA-02,MUN-02,CIRC-02,nacional,0,
V002666,MESA-006,PUESTO-006,ZONA-06,MUN-01,CIRC-01,especial,0,
V002667,MESA-065,PUESTO-015,ZONA-05,MUN-05,CIRC-05,municipal,0,
V002668,MESA-006,PUESTO-006,ZONA-06,MUN-01,CIRC-01,especial,0,
V002669,MESA-050,PUESTO-025,ZONA-05,MUN-05,CIRC-05,municipal,0,
V002670,MESA-022,PUESTO-022,ZONA-02,MUN-02,CIRC-02,nacional,0,
V002671,MESA-025,PUESTO-025,ZONA-05,MUN-05,CIRC-05,municipal,0,
V002672,MESA-079,PUESTO-004,ZONA-04,MUN-04,CIRC-04,nacional,0,
V002673,MESA-072,PUESTO-022,ZONA-02,MUN-02,CIRC-02,nacional,0,
V002674,MESA-051,PUESTO-001,ZONA-01,MUN-01,CIRC-01,especial,0,
V002675,MESA-048,PUESTO-023,ZONA-03,MUN-03,CIRC-03,municipal,0,
V002676,MESA-070,PUESTO-020,ZONA-10,MUN-05,CIRC-05,municipal,0,
V002677,MESA-065,PUESTO-015,ZONA-05,MUN-05,CIRC-05,municipal,0,
V002678,MESA-060,PUESTO-010,ZONA-10,MUN-05,CIRC-05,municipal,0,
V002679,MESA-046,PUESTO-021,ZONA-01,MUN-01,CIRC-01,especial,0,
V002680,MESA-036,PUESTO-011,ZONA-01,MUN-01,CIRC-01,especial,0,
V002681,MESA-058,PUESTO-008,ZONA-08,MUN-03,CIRC-03,municipal,0,
V002682,MESA-076,PUESTO-001,ZONA-01,MUN-01,CIRC-01,especial,0,
V002683,MESA-038,PUESTO-013,ZONA-03,MUN-03,CIRC-03,municipal,0,
V002684,MESA-011,PUESTO-011,ZONA-01,MUN-01,CIRC-01,especial,0,
V002685,MESA-012,PUESTO-012,ZONA-02,MUN-02,CIRC-02,nacional,0,
V002686,MESA-042,PUESTO-017,ZONA-07,MUN-02,CIRC-02,nacional,0,
V002687,MESA-039,PUESTO-014,ZONA-04,MUN-04,CIRC-04,nacional,0,
V002688,MESA-071,PUESTO-021,ZONA-01,MUN-01,CIRC-01,especial,0,
V002689,MESA-011,PUESTO-011,ZONA-01,MUN-01,CIRC-01,especial,0,
V002690,MESA-036,PUESTO-011,ZONA-01,MUN-01,CIRC-01,especial,0,
V002691,MESA-052,PUESTO-002,ZONA-02,MUN-02,CIRC-02,nacional,0,
V002692,MESA-031,PUESTO-006,ZONA-06,MUN-01,CIRC-01,especial,0,
V002693,MESA-033,PUESTO-008,ZONA-08,MUN-03,CIRC-03,municipal,0,
V002694,MESA-013,PUESTO-013,ZONA-03,MUN-03,CIRC-03,municipal,0,
V002695,MESA-018,PUESTO-018,ZONA-08,MUN-03,CIRC-03,municipal,0,
V002696,MESA-041,PUESTO-016,ZONA-06,MUN-01,CIRC-01,especial,0,
V002697,MESA-058,PUESTO-008,ZONA-08,MUN-03,CIRC-03,municipal,0,
V002698,MESA-056,PUESTO-006,ZONA-06,MUN-01,CIRC-01,especial,0,
V002699,MESA-024,PUESTO-024,ZONA-04,MUN-04,CIRC-04,nacional,0,
V002700,MESA-073,PUESTO-023,ZONA-03,MUN-03,CIRC-03,municipal,0,
V002701,MESA-031,PUESTO-006,ZONA-06,MUN-01,CIRC-01,especial,0,
V002702,MESA-055,PUESTO-005,ZONA-05,MUN-05,CIRC-05,municipal,0,
V002703,MESA-010,PUESTO-010,ZONA-10,MUN-05,CIRC-05,municipal,0,
V002704,MESA-060,PUESTO-010,ZONA-10,MUN-05,CIRC-05,municipal,0,
V002705,MESA-002,PUESTO-002,ZONA-02,MUN-02,CIRC-02,nacional,0,
V002706,MESA-015,PUESTO-015,ZONA-05,MUN-05,CIRC-05,municipal,0,
V002707,MESA-003,PUESTO-003,ZONA-03,MUN-03,CIRC-03,municipal,0,
V002708,MESA-043,PUESTO-018,ZONA-08,MUN-03,CIRC-03,municipal,0,
V002709,MESA-031,PUESTO-006,ZONA-06,MUN-01,CIRC-01,especial,0,
V002710,MESA-070,PUESTO-020,ZONA-10,MUN-05,CIRC-05,municipal,0,
V002711,MESA-067,PUESTO-017,ZONA-07,MUN-02,CIRC-02,nacional,0,
V002712,MESA-056,PUESTO-006,ZONA-06,MUN-01,CIRC-01,especial,0,
V002713,MESA-063,PUESTO-013,ZONA-03,MUN-03,CIRC-03,municipal,0,
V002714,MESA-075,PUESTO-025,ZONA-05,MUN-05,CIRC-05,municipal,0,
V002715,MESA-015,PUESTO-015,ZONA-05,MUN-05,CIRC-05,municipal,0,
V002716,MESA-010,PUESTO-010,ZONA-10,MUN-05,CIRC-05,municipal,0,
V002717,MESA-038,PUESTO-013,ZONA-03,MUN-03,CIRC-03,municipal,0,
V002718,MESA-047,PUESTO-022,ZONA-02,MUN-02,CIRC-02,nacional,0,
V002719,MESA-057,PUESTO-007,ZONA-07,MUN-02,CIRC-02,nacional,0,
V002720,MESA-050,PUESTO-025,ZONA-05,MUN-05,CIRC-05,municipal,0,
V002721,MESA-071,PUESTO-021,ZONA-01,MUN-01,CIRC-01,especial,0,
V002722,MESA-015,PUESTO-015,ZONA-05,MUN-05,CIRC-05,municipal,0,
V002723,MESA-018,PUESTO-018,ZONA-08,MUN-03,CIRC-03,municipal,0,
V002724,MESA-002,PUESTO-002,ZONA-02,MUN-02,CIRC-02,nacional,0,
V002725,MESA-043,PUESTO-018,ZONA-08,MUN-03,CIRC-03,municipal,0,
V002726,MESA-026,PUESTO-001,ZONA-01,MUN-01,CIRC-01,especial,0,
V002727,MESA-071,PUESTO-021,ZONA-01,MUN-01,CIRC-01,especial,0,
V002728,MESA-038,PUESTO-013,ZONA-03,MUN-03,CIRC-03,municipal,0,
V002729,MESA-042,PUESTO-017,ZONA-07,MUN-02,CIRC-02,nacional,0,
V002730,MESA-005,PUESTO-005,ZONA-05,MUN-05,CIRC-05,municipal,0,
V002731,MESA-011,PUESTO-011,ZONA-01,MUN-01,CIRC-01,municipal,0,
V002732,MESA-065,PUESTO-015,ZONA-05,MUN-05,CIRC-05,municipal,0,
V002733,MESA-034,PUESTO-009,ZONA-09,MUN-04,CIRC-04,nacional,0,
V002734,MESA-001,PUESTO-001,ZONA-01,MUN-01,CIRC-01,especial,0,
V002735,MESA-002,PUESTO-002,ZONA-02,MUN-02,CIRC-02,nacional,0,
V002736,MESA-020,PUESTO-020,ZONA-10,MUN-05,CIRC-05,municipal,0,
V002737,MESA-061,PUESTO-011,ZONA-01,MUN-01,CIRC-01,especial,0,
V002738,MESA-021,PUESTO-021,ZONA-01,MUN-01,CIRC-01,especial,0,
V002739,MESA-068,PUESTO-018,ZONA-08,MUN-03,CIRC-03,municipal,0,
V002740,MESA-012,PUESTO-012,ZONA-02,MUN-02,CIRC-02,nacional,0,
V002741,MESA-022,PUESTO-022,ZONA-02,MUN-02,CIRC-02,nacional,0,
V002742,MESA-020,PUESTO-020,ZONA-10,MUN-05,CIRC-05,municipal,0,
V002743,MESA-001,PUESTO-001,ZONA-01,MUN-01,CIRC-01,especial,0,
V002744,MESA-030,PUESTO-005,ZONA-05,MUN-05,CIRC-05,municipal,0,
V002745,MESA-024,PUESTO-024,ZONA-04,MUN-04,CIRC-04,nacional,0,
V002746,MESA-014,PUESTO-014,ZONA-04,MUN-04,CIRC-04,nacional,0,
V002747,MESA-036,PUESTO-011,ZONA-01,MUN-01,CIRC-01,especial,0,
V002748,MESA-069,PUESTO-019,ZONA-09,MUN-04,CIRC-04,nacional,0,
V002749,MESA-075,PUESTO-025,ZONA-05,MUN-05,CIRC-05,municipal,0,
V002750,MESA-024,PUESTO-024,ZONA-04,MUN-04,CIRC-04,nacional,0,
V002751,MESA-060,PUESTO-010,ZONA-10,MUN-05,CIRC-05,municipal,0,
V002752,MESA-055,PUESTO-005,ZONA-05,MUN-05,CIRC-05,municipal,0,
V002753,MESA-077,PUESTO-002,ZONA-02,MUN-02,CIRC-02,nacional,0,
V002754,MESA-080,PUESTO-005,ZONA-05,MUN-05,CIRC-05,municipal,0,
V002755,MESA-024,PUESTO-024,ZONA-04,MUN-04,CIRC-04,nacional,0,
V002756,MESA-077,PUESTO-002,ZONA-02,MUN-02,CIRC-02,nacional,0,
V002757,MESA-024,PUESTO-024,ZONA-04,MUN-04,CIRC-04,nacional,0,
V002758,MESA-054,PUESTO-004,ZONA-04,MUN-04,CIRC-04,nacional,0,
V002759,MESA-026,PUESTO-001,ZONA-01,MUN-01,CIRC-01,especial,0,
V002760,MESA-066,PUESTO-016,ZONA-06,MUN-01,CIRC-01,especial,0,
V002761,MESA-080,PUESTO-005,ZONA-05,MUN-05,CIRC-05,municipal,0,
V002762,MESA-038,PUESTO-013,ZONA-03,MUN-03,CIRC-03,municipal,0,
V002763,MESA-065,PUESTO-015,ZONA-05,MUN-05,CIRC-05,municipal,0,
V002764,MESA-075,PUESTO-025,ZONA-05,MUN-05,CIRC-05,municipal,0,
V002765,MESA-051,PUESTO-001,ZONA-01,MUN-01,CIRC-01,especial,0,
V002766,MESA-035,PUESTO-010,ZONA-10,MUN-05,CIRC-05,municipal,0,
V002767,MESA-043,PUESTO-018,ZONA-08,MUN-03,CIRC-03,municipal,0,
V002768,MESA-029,PUESTO-004,ZONA-04,MUN-04,CIRC-04,nacional,0,
V002769,MESA-037,PUESTO-012,ZONA-02,MUN-02,CIRC-02,nacional,0,
V002770,MESA-058,PUESTO-008,ZONA-08,MUN-03,CIRC-03,municipal,0,
V002771,MESA-054,PUESTO-004,ZONA-04,MUN-04,CIRC-04,nacional,0,
V002772,MESA-039,PUESTO-014,ZONA-04,MUN-04,CIRC-04,nacional,0,
V002773,MESA-042,PUESTO-017,ZONA-07,MUN-02,CIRC-02,nacional,0,
V002774,MESA-028,PUESTO-003,ZONA-03,MUN-03,CIRC-03,municipal,0,
V002775,MESA-029,PUESTO-004,ZONA-04,MUN-04,CIRC-04,nacional,0,
V002776,MESA-002,PUESTO-002,ZONA-02,MUN-02,CIRC-03,municipal,0,inconsistencia_simulada_mesa
V002777,MESA-003,PUESTO-003,ZONA-03,MUN-03,CIRC-03,municipal,0,
V002778,MESA-010,PUESTO-010,ZONA-10,MUN-05,CIRC-05,especial,0,
V002779,MESA-059,PUESTO-009,ZONA-09,MUN-04,CIRC-04,nacional,0,
V002780,MESA-014,PUESTO-014,ZONA-04,MUN-04,CIRC-04,nacional,0,
V002781,MESA-076,PUESTO-001,ZONA-01,MUN-01,CIRC-01,especial,0,
V002782,MESA-047,PUESTO-022,ZONA-02,MUN-02,CIRC-02,nacional,0,
V002783,MESA-042,PUESTO-017,ZONA-07,MUN-02,CIRC-02,nacional,0,
V002784,MESA-032,PUESTO-007,ZONA-07,MUN-02,CIRC-02,nacional,0,
V002785,MESA-032,PUESTO-007,ZONA-07,MUN-02,CIRC-02,nacional,0,
V002786,MESA-042,PUESTO-017,ZONA-07,MUN-02,CIRC-02,nacional,0,
V002787,MESA-032,PUESTO-007,ZONA-07,MUN-02,CIRC-02,nacional,0,
V002788,MESA-026,PUESTO-001,ZONA-01,MUN-01,CIRC-01,especial,0,
V002789,MESA-001,PUESTO-001,ZONA-01,MUN-01,CIRC-01,especial,0,
V002790,MESA-056,PUESTO-006,ZONA-06,MUN-01,CIRC-01,especial,0,
V002791,MESA-002,PUESTO-002,ZONA-02,MUN-02,CIRC-02,nacional,0,
V002792,MESA-030,PUESTO-005,ZONA-05,MUN-05,CIRC-05,municipal,0,
V002793,MESA-071,PUESTO-021,ZONA-01,MUN-01,CIRC-01,especial,0,
V002794,MESA-052,PUESTO-002,ZONA-02,MUN-02,CIRC-02,nacional,0,
V002795,MESA-009,PUESTO-009,ZONA-09,MUN-04,CIRC-04,nacional,0,
V002796,MESA-022,PUESTO-022,ZONA-02,MUN-02,CIRC-02,nacional,0,
V002797,MESA-034,PUESTO-009,ZONA-09,MUN-04,CIRC-04,nacional,0,
V002798,MESA-049,PUESTO-024,ZONA-04,MUN-04,CIRC-04,nacional,0,
V002799,MESA-001,PUESTO-001,ZONA-01,MUN-01,CIRC-01,especial,0,
V002800,MESA-073,PUESTO-023,ZONA-03,MUN-03,CIRC-03,municipal,0,
V002801,MESA-053,PUESTO-003,ZONA-03,MUN-03,CIRC-03,municipal,0,
V002802,MESA-040,PUESTO-015,ZONA-05,MUN-05,CIRC-05,municipal,0,
V002803,MESA-045,PUESTO-020,ZONA-10,MUN-05,CIRC-05,municipal,0,
V002804,MESA-068,PUESTO-018,ZONA-08,MUN-03,CIRC-03,municipal,0,
V002805,MESA-009,PUESTO-009,ZONA-09,MUN-04,CIRC-04,nacional,0,
V002806,MESA-022,PUESTO-022,ZONA-02,MUN-02,CIRC-02,nacional,0,
V002807,MESA-018,PUESTO-018,ZONA-08,MUN-03,CIRC-03,municipal,0,
V002808,MESA-076,PUESTO-001,ZONA-01,MUN-01,CIRC-01,especial,0,
V002809,MESA-043,PUESTO-018,ZONA-08,MUN-03,CIRC-03,municipal,0,
V002810,MESA-039,PUESTO-014,ZONA-04,MUN-04,CIRC-04,nacional,0,
V002811,MESA-073,PUESTO-023,ZONA-03,MUN-03,CIRC-03,municipal,0,
V002812,MESA-006,PUESTO-006,ZONA-06,MUN-01,CIRC-01,especial,0,
V002813,MESA-048,PUESTO-023,ZONA-03,MUN-03,CIRC-03,municipal,0,
V002814,MESA-007,PUESTO-007,ZONA-07,MUN-02,CIRC-02,nacional,0,
V002815,MESA-080,PUESTO-005,ZONA-05,MUN-05,CIRC-05,municipal,0,
V002816,MESA-069,PUESTO-019,ZONA-09,MUN-04,CIRC-04,nacional,0,
V002817,MESA-016,PUESTO-016,ZONA-06,MUN-01,CIRC-01,especial,0,
V002818,MESA-001,PUESTO-001,ZONA-01,MUN-01,CIRC-01,especial,0,
V002819,MESA-037,PUESTO-012,ZONA-02,MUN-02,CIRC-02,nacional,0,
V002820,MESA-037,PUESTO-012,ZONA-02,MUN-02,CIRC-02,nacional,0,
V002821,MESA-064,PUESTO-014,ZONA-04,MUN-04,CIRC-04,nacional,0,
V002822,MESA-062,PUESTO-012,ZONA-02,MUN-02,CIRC-02,nacional,0,
V002823,MESA-072,PUESTO-022,ZONA-02,MUN-02,CIRC-02,nacional,0,
V002824,MESA-061,PUESTO-011,ZONA-01,MUN-01,CIRC-01,especial,0,
V002825,MESA-033,PUESTO-008,ZONA-08,MUN-03,CIRC-03,municipal,0,
V002826,MESA-066,PUESTO-016,ZONA-06,MUN-01,CIRC-01,especial,0,
V002827,MESA-030,PUESTO-005,ZONA-05,MUN-05,CIRC-05,municipal,0,
V002828,MESA-020,PUESTO-020,ZONA-10,MUN-05,CIRC-05,municipal,0,
V002829,MESA-060,PUESTO-010,ZONA-10,MUN-05,CIRC-05,municipal,0,
V002830,MESA-074,PUESTO-024,ZONA-04,MUN-04,CIRC-04,nacional,0,
V002831,MESA-024,PUESTO-024,ZONA-04,MUN-04,CIRC-04,nacional,0,
V002832,MESA-004,PUESTO-004,ZONA-04,MUN-04,CIRC-04,nacional,0,
V002833,MESA-037,PUESTO-012,ZONA-02,MUN-02,CIRC-02,nacional,0,
V002834,MESA-004,PUESTO-004,ZONA-04,MUN-04,CIRC-04,nacional,0,
V002835,MESA-077,PUESTO-002,ZONA-02,MUN-02,CIRC-02,nacional,0,
V002836,MESA-077,PUESTO-002,ZONA-02,MUN-02,CIRC-02,nacional,0,
V002837,MESA-018,PUESTO-018,ZONA-08,MUN-03,CIRC-03,municipal,0,
V002838,MESA-066,PUESTO-016,ZONA-06,MUN-01,CIRC-01,especial,0,
V002839,MESA-048,PUESTO-023,ZONA-03,MUN-03,CIRC-03,municipal,0,
V002840,MESA-033,PUESTO-008,ZONA-08,MUN-03,CIRC-03,municipal,0,
V002841,MESA-058,PUESTO-008,ZONA-08,MUN-03,CIRC-03,municipal,0,
V002842,MESA-073,PUESTO-023,ZONA-03,MUN-03,CIRC-05,municipal,0,
V002843,MESA-028,PUESTO-003,ZONA-03,MUN-03,CIRC-03,municipal,0,
V002844,MESA-035,PUESTO-010,ZONA-10,MUN-05,CIRC-05,municipal,0,
V002845,MESA-010,PUESTO-010,ZONA-10,MUN-05,CIRC-05,municipal,0,
V002846,MESA-065,PUESTO-015,ZONA-05,MUN-05,CIRC-05,municipal,0,
V002847,MESA-042,PUESTO-017,ZONA-07,MUN-02,CIRC-02,nacional,0,
V002848,MESA-009,PUESTO-009,ZONA-09,MUN-04,CIRC-04,nacional,0,
V002849,MESA-060,PUESTO-010,ZONA-10,MUN-05,CIRC-05,municipal,0,
V002850,MESA-015,PUESTO-015,ZONA-05,MUN-05,CIRC-05,municipal,0,
V002851,MESA-057,PUESTO-007,ZONA-07,MUN-02,CIRC-02,nacional,0,
V002852,MESA-069,PUESTO-019,ZONA-09,MUN-04,CIRC-04,nacional,0,
V002853,MESA-022,PUESTO-022,ZONA-02,MUN-02,CIRC-02,nacional,0,
V002854,MESA-064,PUESTO-014,ZONA-04,MUN-04,CIRC-04,nacional,0,
V002855,MESA-041,PUESTO-016,ZONA-06,MUN-01,CIRC-01,especial,0,
V002856,MESA-071,PUESTO-021,ZONA-01,MUN-01,CIRC-01,especial,0,
V002857,MESA-056,PUESTO-006,ZONA-06,MUN-01,CIRC-01,especial,0,
V002858,MESA-023,PUESTO-023,ZONA-03,MUN-03,CIRC-03,municipal,0,
V002859,MESA-025,PUESTO-025,ZONA-05,MUN-05,CIRC-05,municipal,0,
V002860,MESA-006,PUESTO-006,ZONA-06,MUN-01,CIRC-01,especial,0,
V002861,MESA-034,PUESTO-009,ZONA-09,MUN-04,CIRC-04,nacional,0,
V002862,MESA-063,PUESTO-013,ZONA-03,MUN-03,CIRC-03,municipal,0,
V002863,MESA-009,PUESTO-009,ZONA-09,MUN-04,CIRC-04,nacional,0,
V002864,MESA-060,PUESTO-010,ZONA-10,MUN-05,CIRC-05,municipal,0,
V002865,MESA-049,PUESTO-024,ZONA-04,MUN-04,CIRC-04,nacional,0,
V002866,MESA-051,PUESTO-001,ZONA-01,MUN-01,CIRC-01,especial,0,
V002867,MESA-060,PUESTO-010,ZONA-10,MUN-05,CIRC-05,municipal,0,
V002868,MESA-070,PUESTO-020,ZONA-10,MUN-05,CIRC-05,municipal,0,
V002869,MESA-037,PUESTO-012,ZONA-02,MUN-02,CIRC-02,nacional,0,
V002870,MESA-031,PUESTO-006,ZONA-06,MUN-01,CIRC-01,especial,0,
V002871,MESA-041,PUESTO-016,ZONA-06,MUN-01,CIRC-01,especial,0,
V002872,MESA-062,PUESTO-012,ZONA-02,MUN-02,CIRC-02,nacional,0,
V002873,MESA-030,PUESTO-005,ZONA-05,MUN-05,CIRC-03,municipal,0,inconsistencia_simulada_mesa
V002874,MESA-014,PUESTO-014,ZONA-04,MUN-04,CIRC-04,nacional,0,
V002875,MESA-036,PUESTO-011,ZONA-01,MUN-01,CIRC-01,especial,0,
V002876,MESA-036,PUESTO-011,ZONA-01,MUN-01,CIRC-01,especial,0,
V002877,MESA-079,PUESTO-004,ZONA-04,MUN-04,CIRC-04,municipal,0,
V002878,MESA-027,PUESTO-002,ZONA-02,MUN-02,CIRC-03,municipal,0,inconsistencia_simulada_mesa
V002879,MESA-026,PUESTO-001,ZONA-01,MUN-01,CIRC-01,especial,0,
V002880,MESA-036,PUESTO-011,ZONA-01,MUN-01,CIRC-01,especial,0,
V002881,MESA-048,PUESTO-023,ZONA-03,MUN-03,CIRC-03,municipal,0,
V002882,MESA-028,PUESTO-003,ZONA-03,MUN-03,CIRC-03,municipal,0,
V002883,MESA-068,PUESTO-018,ZONA-08,MUN-03,CIRC-03,municipal,0,
V002884,MESA-062,PUESTO-012,ZONA-02,MUN-02,CIRC-02,nacional,0,
V002885,MESA-080,PUESTO-005,ZONA-05,MUN-05,CIRC-05,municipal,0,
V002886,MESA-076,PUESTO-001,ZONA-01,MUN-01,CIRC-01,especial,0,
V002887,MESA-080,PUESTO-005,ZONA-05,MUN-05,CIRC-05,municipal,0,
V002888,MESA-051,PUESTO-001,ZONA-01,MUN-01,CIRC-01,especial,0,
V002889,MESA-042,PUESTO-017,ZONA-07,MUN-02,CIRC-02,nacional,0,
V002890,MESA-029,PUESTO-004,ZONA-04,MUN-04,CIRC-04,nacional,0,
V002891,MESA-010,PUESTO-010,ZONA-10,MUN-05,CIRC-05,especial,0,
V002892,MESA-039,PUESTO-014,ZONA-04,MUN-04,CIRC-04,nacional,0,
V002893,MESA-001,PUESTO-001,ZONA-01,MUN-01,CIRC-01,especial,0,
V002894,MESA-039,PUESTO-014,ZONA-04,MUN-04,CIRC-04,nacional,0,
V002895,MESA-021,PUESTO-021,ZONA-01,MUN-01,CIRC-01,especial,0,
V002896,MESA-065,PUESTO-015,ZONA-05,MUN-05,CIRC-05,municipal,0,
V002897,MESA-015,PUESTO-015,ZONA-05,MUN-05,CIRC-05,municipal,0,
V002898,MESA-004,PUESTO-004,ZONA-04,MUN-04,CIRC-04,nacional,0,
V002899,MESA-060,PUESTO-010,ZONA-10,MUN-05,CIRC-05,municipal,0,
V002900,MESA-061,PUESTO-011,ZONA-01,MUN-01,CIRC-01,especial,0,
V002901,MESA-020,PUESTO-020,ZONA-10,MUN-05,CIRC-05,municipal,0,
V002902,MESA-010,PUESTO-010,ZONA-10,MUN-05,CIRC-05,municipal,0,
V002903,MESA-034,PUESTO-009,ZONA-09,MUN-04,CIRC-04,nacional,0,
V002904,MESA-048,PUESTO-023,ZONA-03,MUN-03,CIRC-03,municipal,0,
V002905,MESA-013,PUESTO-013,ZONA-03,MUN-03,CIRC-03,municipal,0,inconsistencia_simulada_mesa
V002906,MESA-061,PUESTO-011,ZONA-01,MUN-01,CIRC-01,especial,0,
V002907,MESA-010,PUESTO-010,ZONA-10,MUN-05,CIRC-05,municipal,0,
V002908,MESA-054,PUESTO-004,ZONA-04,MUN-04,CIRC-04,nacional,0,
V002909,MESA-065,PUESTO-015,ZONA-05,MUN-05,CIRC-05,municipal,0,
V002910,MESA-077,PUESTO-002,ZONA-02,MUN-02,CIRC-02,nacional,0,
V002911,MESA-001,PUESTO-001,ZONA-01,MUN-01,CIRC-01,especial,0,
V002912,MESA-005,PUESTO-005,ZONA-05,MUN-05,CIRC-05,municipal,0,
V002913,MESA-080,PUESTO-005,ZONA-05,MUN-05,CIRC-05,municipal,0,
V002914,MESA-015,PUESTO-015,ZONA-05,MUN-05,CIRC-05,municipal,0,
V002915,MESA-028,PUESTO-003,ZONA-03,MUN-03,CIRC-03,municipal,0,
V002916,MESA-023,PUESTO-023,ZONA-03,MUN-03,CIRC-03,municipal,0,
V002917,MESA-017,PUESTO-017,ZONA-07,MUN-02,CIRC-02,nacional,0,
V002918,MESA-013,PUESTO-013,ZONA-03,MUN-03,CIRC-03,municipal,0,
V002919,MESA-014,PUESTO-014,ZONA-04,MUN-04,CIRC-04,nacional,0,
V002920,MESA-011,PUESTO-011,ZONA-01,MUN-01,CIRC-01,especial,0,
V002921,MESA-028,PUESTO-003,ZONA-03,MUN-03,CIRC-03,municipal,0,
V002922,MESA-042,PUESTO-017,ZONA-07,MUN-02,CIRC-02,nacional,0,
V002923,MESA-061,PUESTO-011,ZONA-01,MUN-01,CIRC-01,especial,0,
V002924,MESA-064,PUESTO-014,ZONA-04,MUN-04,CIRC-04,nacional,0,
V002925,MESA-031,PUESTO-006,ZONA-06,MUN-01,CIRC-01,especial,0,
V002926,MESA-073,PUESTO-023,ZONA-03,MUN-03,CIRC-03,municipal,0,
V002927,MESA-010,PUESTO-010,ZONA-10,MUN-05,CIRC-05,municipal,0,
V002928,MESA-008,PUESTO-008,ZONA-08,MUN-03,CIRC-03,municipal,0,
V002929,MESA-021,PUESTO-021,ZONA-01,MUN-01,CIRC-01,especial,0,
V002930,MESA-077,PUESTO-002,ZONA-02,MUN-02,CIRC-02,nacional,0,
V002931,MESA-059,PUESTO-009,ZONA-09,MUN-04,CIRC-04,nacional,0,
V002932,MESA-050,PUESTO-025,ZONA-05,MUN-05,CIRC-05,municipal,0,
V002933,MESA-069,PUESTO-019,ZONA-09,MUN-04,CIRC-04,nacional,0,
V002934,MESA-070,PUESTO-020,ZONA-10,MUN-05,CIRC-05,municipal,0,
V002935,MESA-030,PUESTO-005,ZONA-05,MUN-05,CIRC-05,municipal,0,
V002936,MESA-017,PUESTO-017,ZONA-07,MUN-02,CIRC-02,nacional,0,
V002937,MESA-075,PUESTO-025,ZONA-05,MUN-05,CIRC-05,municipal,0,
V002938,MESA-020,PUESTO-020,ZONA-10,MUN-05,CIRC-05,municipal,0,
V002939,MESA-048,PUESTO-023,ZONA-03,MUN-03,CIRC-03,municipal,0,
V002940,MESA-073,PUESTO-023,ZONA-03,MUN-03,CIRC-03,municipal,0,
V002941,MESA-002,PUESTO-002,ZONA-02,MUN-02,CIRC-02,nacional,0,
V002942,MESA-037,PUESTO-012,ZONA-02,MUN-02,CIRC-02,nacional,0,
V002943,MESA-001,PUESTO-001,ZONA-01,MUN-01,CIRC-01,especial,0,
V002944,MESA-004,PUESTO-004,ZONA-04,MUN-04,CIRC-04,nacional,0,
V002945,MESA-054,PUESTO-004,ZONA-04,MUN-04,CIRC-04,nacional,0,
V002946,MESA-025,PUESTO-025,ZONA-05,MUN-05,CIRC-05,municipal,0,
V002947,MESA-003,PUESTO-003,ZONA-03,MUN-03,CIRC-03,municipal,0,
V002948,MESA-009,PUESTO-009,ZONA-09,MUN-04,CIRC-04,nacional,0,
V002949,MESA-076,PUESTO-001,ZONA-01,MUN-01,CIRC-01,especial,0,
V002950,MESA-074,PUESTO-024,ZONA-04,MUN-04,CIRC-04,nacional,0,
V002951,MESA-034,PUESTO-009,ZONA-09,MUN-04,CIRC-04,nacional,0,
V002952,MESA-043,PUESTO-018,ZONA-08,MUN-03,CIRC-03,municipal,0,
V002953,MESA-074,PUESTO-024,ZONA-04,MUN-04,CIRC-04,nacional,0,
V002954,MESA-022,PUESTO-022,ZONA-02,MUN-02,CIRC-02,nacional,0,
V002955,MESA-070,PUESTO-020,ZONA-10,MUN-05,CIRC-05,municipal,0,
V002956,MESA-002,PUESTO-002,ZONA-02,MUN-02,CIRC-02,nacional,0,
V002957,MESA-066,PUESTO-016,ZONA-06,MUN-01,CIRC-01,especial,0,
V002958,MESA-032,PUESTO-007,ZONA-07,MUN-02,CIRC-02,nacional,0,
V002959,MESA-016,PUESTO-016,ZONA-06,MUN-01,CIRC-01,especial,0,
V002960,MESA-076,PUESTO-001,ZONA-01,MUN-01,CIRC-01,especial,0,
V002961,MESA-001,PUESTO-001,ZONA-01,MUN-01,CIRC-01,especial,0,
V002962,MESA-072,PUESTO-022,ZONA-02,MUN-02,CIRC-02,nacional,0,
V002963,MESA-048,PUESTO-023,ZONA-03,MUN-03,CIRC-03,municipal,0,
V002964,MESA-050,PUESTO-025,ZONA-05,MUN-05,CIRC-05,municipal,0,
V002965,MESA-013,PUESTO-013,ZONA-03,MUN-03,CIRC-03,municipal,0,
V002966,MESA-015,PUESTO-015,ZONA-05,MUN-05,CIRC-05,municipal,0,
V002967,MESA-053,PUESTO-003,ZONA-03,MUN-03,CIRC-03,municipal,0,
V002968,MESA-044,PUESTO-019,ZONA-09,MUN-04,CIRC-04,nacional,0,
V002969,MESA-008,PUESTO-008,ZONA-08,MUN-03,CIRC-03,municipal,0,
V002970,MESA-074,PUESTO-024,ZONA-04,MUN-04,CIRC-04,nacional,0,
V002971,MESA-046,PUESTO-021,ZONA-01,MUN-01,CIRC-01,especial,0,
V002972,MESA-069,PUESTO-019,ZONA-09,MUN-04,CIRC-04,nacional,0,
V002973,MESA-019,PUESTO-019,ZONA-09,MUN-04,CIRC-04,nacional,0,
V002974,MESA-038,PUESTO-013,ZONA-03,MUN-03,CIRC-03,municipal,0,
V002975,MESA-011,PUESTO-011,ZONA-01,MUN-01,CIRC-01,especial,0,
V002976,MESA-043,PUESTO-018,ZONA-08,MUN-03,CIRC-03,municipal,0,
V002977,MESA-020,PUESTO-020,ZONA-10,MUN-05,CIRC-05,municipal,0,
V002978,MESA-020,PUESTO-020,ZONA-10,MUN-05,CIRC-05,municipal,0,
V002979,MESA-021,PUESTO-021,ZONA-01,MUN-01,CIRC-01,especial,0,
V002980,MESA-057,PUESTO-007,ZONA-07,MUN-02,CIRC-02,nacional,0,
V002981,MESA-050,PUESTO-025,ZONA-05,MUN-05,CIRC-05,municipal,0,
V002982,MESA-074,PUESTO-024,ZONA-04,MUN-04,CIRC-04,nacional,0,
V002983,MESA-026,PUESTO-001,ZONA-01,MUN-01,CIRC-01,especial,0,
V002984,MESA-030,PUESTO-005,ZONA-05,MUN-05,CIRC-05,municipal,0,
V002985,MESA-073,PUESTO-023,ZONA-03,MUN-03,CIRC-03,municipal,0,
V002986,MESA-031,PUESTO-006,ZONA-06,MUN-01,CIRC-01,especial,0,
V002987,MESA-042,PUESTO-017,ZONA-07,MUN-02,CIRC-02,nacional,0,
V002988,MESA-037,PUESTO-012,ZONA-02,MUN-02,CIRC-03,municipal,0,inconsistencia_simulada_mesa
V002989,MESA-061,PUESTO-011,ZONA-01,MUN-01,CIRC-01,especial,0,
V002990,MESA-061,PUESTO-011,ZONA-01,MUN-01,CIRC-01,especial,0,
V002991,MESA-070,PUESTO-020,ZONA-10,MUN-05,CIRC-05,municipal,0,
V002992,MESA-078,PUESTO-003,ZONA-03,MUN-03,CIRC-03,municipal,0,
V002993,MESA-068,PUESTO-018,ZONA-08,MUN-03,CIRC-03,municipal,0,
V002994,MESA-017,PUESTO-017,ZONA-07,MUN-02,CIRC-02,nacional,0,
V002995,MESA-019,PUESTO-019,ZONA-09,MUN-04,CIRC-04,nacional,0,
V002996,MESA-051,PUESTO-001,ZONA-01,MUN-01,CIRC-01,especial,0,
V002997,MESA-070,PUESTO-020,ZONA-10,MUN-05,CIRC-05,municipal,0,
V002998,MESA-063,PUESTO-013,ZONA-03,MUN-03,CIRC-03,municipal,0,
V002999,MESA-075,PUESTO-025,ZONA-05,MUN-05,CIRC-05,municipal,0,
V003000,MESA-080,PUESTO-005,ZONA-05,MUN-05,CIRC-05,municipal,0,
V003001,MESA-030,PUESTO-005,ZONA-05,MUN-05,CIRC-05,municipal,0,
V003002,MESA-025,PUESTO-025,ZONA-05,MUN-05,CIRC-01,municipal,0,
V003003,MESA-075,PUESTO-025,ZONA-05,MUN-05,CIRC-05,municipal,0,
V003004,MESA-071,PUESTO-021,ZONA-01,MUN-01,CIRC-01,especial,0,
V003005,MESA-026,PUESTO-001,ZONA-01,MUN-01,CIRC-01,especial,0,
V003006,MESA-056,PUESTO-006,ZONA-06,MUN-01,CIRC-01,especial,0,
V003007,MESA-022,PUESTO-022,ZONA-02,MUN-02,CIRC-02,nacional,0,
V003008,MESA-019,PUESTO-019,ZONA-09,MUN-04,CIRC-04,nacional,0,
V003009,MESA-031,PUESTO-006,ZONA-06,MUN-01,CIRC-01,especial,0,
V003010,MESA-026,PUESTO-001,ZONA-01,MUN-01,CIRC-01,especial,0,
V003011,MESA-042,PUESTO-017,ZONA-07,MUN-02,CIRC-02,nacional,0,
V003012,MESA-041,PUESTO-016,ZONA-06,MUN-01,CIRC-01,especial,0,
V003013,MESA-023,PUESTO-023,ZONA-03,MUN-03,CIRC-03,municipal,0,
V003014,MESA-047,PUESTO-022,ZONA-02,MUN-02,CIRC-02,nacional,0,
V003015,MESA-013,PUESTO-013,ZONA-03,MUN-03,CIRC-03,municipal,0,
V003016,MESA-066,PUESTO-016,ZONA-06,MUN-01,CIRC-01,especial,0,
V003017,MESA-066,PUESTO-016,ZONA-06,MUN-01,CIRC-01,especial,0,
V003018,MESA-016,PUESTO-016,ZONA-06,MUN-01,CIRC-02,especial,0,
V003019,MESA-073,PUESTO-023,ZONA-03,MUN-03,CIRC-03,municipal,0,
V003020,MESA-028,PUESTO-003,ZONA-03,MUN-03,CIRC-03,municipal,0,
V003021,MESA-077,PUESTO-002,ZONA-02,MUN-02,CIRC-02,nacional,0,
V003022,MESA-035,PUESTO-010,ZONA-10,MUN-05,CIRC-05,municipal,0,
V003023,MESA-041,PUESTO-016,ZONA-06,MUN-01,CIRC-01,especial,0,
V003024,MESA-077,PUESTO-002,ZONA-02,MUN-02,CIRC-02,nacional,0,
V003025,MESA-031,PUESTO-006,ZONA-06,MUN-01,CIRC-01,especial,0,
V003026,MESA-032,PUESTO-007,ZONA-07,MUN-02,CIRC-02,nacional,0,
V003027,MESA-054,PUESTO-004,ZONA-04,MUN-04,CIRC-04,nacional,0,
V003028,MESA-072,PUESTO-022,ZONA-02,MUN-02,CIRC-02,nacional,0,
V003029,MESA-059,PUESTO-009,ZONA-09,MUN-04,CIRC-04,nacional,0,
V003030,MESA-041,PUESTO-016,ZONA-06,MUN-01,CIRC-01,especial,0,
V003031,MESA-066,PUESTO-016,ZONA-06,MUN-01,CIRC-01,especial,0,
V003032,MESA-054,PUESTO-004,ZONA-04,MUN-04,CIRC-04,nacional,0,
V003033,MESA-040,PUESTO-015,ZONA-05,MUN-05,CIRC-05,municipal,0,
V003034,MESA-028,PUESTO-003,ZONA-03,MUN-03,CIRC-03,municipal,0,
V003035,MESA-037,PUESTO-012,ZONA-02,MUN-02,CIRC-02,nacional,0,
V003036,MESA-065,PUESTO-015,ZONA-05,MUN-05,CIRC-05,municipal,0,
V003037,MESA-074,PUESTO-024,ZONA-04,MUN-04,CIRC-04,nacional,0,
V003038,MESA-055,PUESTO-005,ZONA-05,MUN-05,CIRC-05,municipal,0,
V003039,MESA-004,PUESTO-004,ZONA-04,MUN-04,CIRC-04,nacional,0,
V003040,MESA-010,PUESTO-010,ZONA-10,MUN-05,CIRC-05,municipal,0,
V003041,MESA-047,PUESTO-022,ZONA-02,MUN-02,CIRC-02,nacional,0,
V003042,MESA-075,PUESTO-025,ZONA-05,MUN-05,CIRC-05,municipal,0,
V003043,MESA-014,PUESTO-014,ZONA-04,MUN-04,CIRC-04,nacional,0,
V003044,MESA-038,PUESTO-013,ZONA-03,MUN-03,CIRC-03,municipal,0,
V003045,MESA-012,PUESTO-012,ZONA-02,MUN-02,CIRC-02,nacional,0,
V003046,MESA-045,PUESTO-020,ZONA-10,MUN-05,CIRC-05,municipal,0,
V003047,MESA-017,PUESTO-017,ZONA-07,MUN-02,CIRC-02,nacional,0,
V003048,MESA-080,PUESTO-005,ZONA-05,MUN-05,CIRC-05,municipal,0,
V003049,MESA-035,PUESTO-010,ZONA-10,MUN-05,CIRC-05,municipal,0,
V003050,MESA-066,PUESTO-016,ZONA-06,MUN-01,CIRC-01,especial,0,
V003051,MESA-075,PUESTO-025,ZONA-05,MUN-05,CIRC-05,municipal,0,
V003052,MESA-041,PUESTO-016,ZONA-06,MUN-01,CIRC-01,especial,0,
V003053,MESA-067,PUESTO-017,ZONA-07,MUN-02,CIRC-02,nacional,0,
V003054,MESA-029,PUESTO-004,ZONA-04,MUN-04,CIRC-04,nacional,0,
V003055,MESA-018,PUESTO-018,ZONA-08,MUN-03,CIRC-03,municipal,0,
V003056,MESA-020,PUESTO-020,ZONA-10,MUN-05,CIRC-05,municipal,0,
V003057,MESA-014,PUESTO-014,ZONA-04,MUN-04,CIRC-04,nacional,0,
V003058,MESA-034,PUESTO-009,ZONA-09,MUN-04,CIRC-04,nacional,0,
V003059,MESA-037,PUESTO-012,ZONA-02,MUN-02,CIRC-04,nacional,0,inconsistencia_simulada_mesa
V003060,MESA-054,PUESTO-004,ZONA-04,MUN-04,CIRC-04,nacional,0,
V003061,MESA-031,PUESTO-006,ZONA-06,MUN-01,CIRC-01,especial,0,
V003062,MESA-058,PUESTO-008,ZONA-08,MUN-03,CIRC-03,municipal,0,
V003063,MESA-042,PUESTO-017,ZONA-07,MUN-02,CIRC-02,nacional,0,
V003064,MESA-058,PUESTO-008,ZONA-08,MUN-03,CIRC-03,municipal,0,
V003065,MESA-030,PUESTO-005,ZONA-05,MUN-05,CIRC-05,municipal,0,
V003066,MESA-025,PUESTO-025,ZONA-05,MUN-05,CIRC-05,municipal,0,
V003067,MESA-063,PUESTO-013,ZONA-03,MUN-03,CIRC-03,municipal,0,
V003068,MESA-019,PUESTO-019,ZONA-09,MUN-04,CIRC-04,nacional,0,
V003069,MESA-072,PUESTO-022,ZONA-02,MUN-02,CIRC-02,nacional,0,
V003070,MESA-008,PUESTO-008,ZONA-08,MUN-03,CIRC-03,municipal,0,
V003071,MESA-003,PUESTO-003,ZONA-03,MUN-03,CIRC-03,municipal,0,
V003072,MESA-067,PUESTO-017,ZONA-07,MUN-02,CIRC-02,nacional,0,
V003073,MESA-017,PUESTO-017,ZONA-07,MUN-02,CIRC-02,nacional,0,
V003074,MESA-014,PUESTO-014,ZONA-04,MUN-04,CIRC-04,nacional,0,
V003075,MESA-009,PUESTO-009,ZONA-09,MUN-04,CIRC-04,nacional,0,
V003076,MESA-062,PUESTO-012,ZONA-02,MUN-02,CIRC-02,nacional,0,
V003077,MESA-021,PUESTO-021,ZONA-01,MUN-01,CIRC-01,especial,0,
V003078,MESA-076,PUESTO-001,ZONA-01,MUN-01,CIRC-01,especial,0,
V003079,MESA-037,PUESTO-012,ZONA-02,MUN-02,CIRC-02,nacional,0,
V003080,MESA-011,PUESTO-011,ZONA-01,MUN-01,CIRC-01,especial,0,
V003081,MESA-062,PUESTO-012,ZONA-02,MUN-02,CIRC-05,municipal,0,inconsistencia_simulada_mesa
V003082,MESA-035,PUESTO-010,ZONA-10,MUN-05,CIRC-05,municipal,0,
V003083,MESA-053,PUESTO-003,ZONA-03,MUN-03,CIRC-03,municipal,0,
V003084,MESA-047,PUESTO-022,ZONA-02,MUN-02,CIRC-02,nacional,0,
V003085,MESA-075,PUESTO-025,ZONA-05,MUN-05,CIRC-05,municipal,0,
V003086,MESA-052,PUESTO-002,ZONA-02,MUN-02,CIRC-02,nacional,0,
V003087,MESA-008,PUESTO-008,ZONA-08,MUN-03,CIRC-03,municipal,0,
V003088,MESA-004,PUESTO-004,ZONA-04,MUN-04,CIRC-04,nacional,0,
V003089,MESA-027,PUESTO-002,ZONA-02,MUN-02,CIRC-02,nacional,0,
V003090,MESA-044,PUESTO-019,ZONA-09,MUN-04,CIRC-04,nacional,0,
V003091,MESA-040,PUESTO-015,ZONA-05,MUN-05,CIRC-05,municipal,0,
V003092,MESA-047,PUESTO-022,ZONA-02,MUN-02,CIRC-02,nacional,0,
V003093,MESA-044,PUESTO-019,ZONA-09,MUN-04,CIRC-04,nacional,0,
V003094,MESA-048,PUESTO-023,ZONA-03,MUN-03,CIRC-03,municipal,0,
V003095,MESA-052,PUESTO-002,ZONA-02,MUN-02,CIRC-02,nacional,0,
V003096,MESA-068,PUESTO-018,ZONA-08,MUN-03,CIRC-03,municipal,0,
V003097,MESA-011,PUESTO-011,ZONA-01,MUN-01,CIRC-01,especial,0,
V003098,MESA-077,PUESTO-002,ZONA-02,MUN-02,CIRC-02,nacional,0,
V003099,MESA-073,PUESTO-023,ZONA-03,MUN-03,CIRC-03,municipal,0,
V003100,MESA-004,PUESTO-004,ZONA-04,MUN-04,CIRC-04,nacional,0,
V003101,MESA-076,PUESTO-001,ZONA-01,MUN-01,CIRC-01,especial,0,
V003102,MESA-073,PUESTO-023,ZONA-03,MUN-03,CIRC-03,municipal,0,
V003103,MESA-077,PUESTO-002,ZONA-02,MUN-02,CIRC-02,nacional,0,
V003104,MESA-048,PUESTO-023,ZONA-03,MUN-03,CIRC-03,municipal,0,
V003105,MESA-026,PUESTO-001,ZONA-01,MUN-01,CIRC-01,especial,0,
V003106,MESA-077,PUESTO-002,ZONA-02,MUN-02,CIRC-02,nacional,0,
V003107,MESA-039,PUESTO-014,ZONA-04,MUN-04,CIRC-04,nacional,0,
V003108,MESA-058,PUESTO-008,ZONA-08,MUN-03,CIRC-03,municipal,0,
V003109,MESA-019,PUESTO-019,ZONA-09,MUN-04,CIRC-04,nacional,0,
V003110,MESA-077,PUESTO-002,ZONA-02,MUN-02,CIRC-02,nacional,0,
V003111,MESA-077,PUESTO-002,ZONA-02,MUN-02,CIRC-05,nacional,0,
V003112,MESA-058,PUESTO-008,ZONA-08,MUN-03,CIRC-03,municipal,0,
V003113,MESA-028,PUESTO-003,ZONA-03,MUN-03,CIRC-03,municipal,0,
V003114,MESA-066,PUESTO-016,ZONA-06,MUN-01,CIRC-01,especial,0,
V003115,MESA-010,PUESTO-010,ZONA-10,MUN-05,CIRC-05,municipal,0,
V003116,MESA-077,PUESTO-002,ZONA-02,MUN-02,CIRC-02,nacional,0,
V003117,MESA-058,PUESTO-008,ZONA-08,MUN-03,CIRC-03,municipal,0,
V003118,MESA-073,PUESTO-023,ZONA-03,MUN-03,CIRC-03,municipal,0,
V003119,MESA-014,PUESTO-014,ZONA-04,MUN-04,CIRC-04,nacional,0,
V003120,MESA-015,PUESTO-015,ZONA-05,MUN-05,CIRC-05,municipal,0,
V003121,MESA-033,PUESTO-008,ZONA-08,MUN-03,CIRC-03,municipal,0,
V003122,MESA-017,PUESTO-017,ZONA-07,MUN-02,CIRC-02,nacional,0,
V003123,MESA-024,PUESTO-024,ZONA-04,MUN-04,CIRC-04,nacional,0,
V003124,MESA-030,PUESTO-005,ZONA-05,MUN-05,CIRC-05,municipal,0,
V003125,MESA-062,PUESTO-012,ZONA-02,MUN-02,CIRC-02,nacional,0,
V003126,MESA-013,PUESTO-013,ZONA-03,MUN-03,CIRC-03,municipal,0,
V003127,MESA-062,PUESTO-012,ZONA-02,MUN-02,CIRC-02,nacional,0,
V003128,MESA-080,PUESTO-005,ZONA-05,MUN-05,CIRC-02,nacional,0,inconsistencia_simulada_mesa
V003129,MESA-016,PUESTO-016,ZONA-06,MUN-01,CIRC-01,especial,0,
V003130,MESA-066,PUESTO-016,ZONA-06,MUN-01,CIRC-01,especial,0,
V003131,MESA-043,PUESTO-018,ZONA-08,MUN-03,CIRC-03,municipal,0,
V003132,MESA-008,PUESTO-008,ZONA-08,MUN-03,CIRC-03,municipal,0,
V003133,MESA-003,PUESTO-003,ZONA-03,MUN-03,CIRC-03,municipal,0,
V003134,MESA-012,PUESTO-012,ZONA-02,MUN-02,CIRC-02,nacional,0,
V003135,MESA-016,PUESTO-016,ZONA-06,MUN-01,CIRC-01,especial,0,
V003136,MESA-078,PUESTO-003,ZONA-03,MUN-03,CIRC-03,municipal,0,
V003137,MESA-080,PUESTO-005,ZONA-05,MUN-05,CIRC-05,municipal,0,
V003138,MESA-059,PUESTO-009,ZONA-09,MUN-04,CIRC-01,nacional,0,
V003139,MESA-049,PUESTO-024,ZONA-04,MUN-04,CIRC-04,nacional,0,
V003140,MESA-063,PUESTO-013,ZONA-03,MUN-03,CIRC-03,municipal,0,
V003141,MESA-062,PUESTO-012,ZONA-02,MUN-02,CIRC-02,nacional,0,
V003142,MESA-049,PUESTO-024,ZONA-04,MUN-04,CIRC-04,nacional,0,
V003143,MESA-051,PUESTO-001,ZONA-01,MUN-01,CIRC-01,especial,0,
V003144,MESA-033,PUESTO-008,ZONA-08,MUN-03,CIRC-03,municipal,0,
V003145,MESA-030,PUESTO-005,ZONA-05,MUN-05,CIRC-05,municipal,0,
V003146,MESA-059,PUESTO-009,ZONA-09,MUN-04,CIRC-04,nacional,0,
V003147,MESA-076,PUESTO-001,ZONA-01,MUN-01,CIRC-01,especial,0,
V003148,MESA-015,PUESTO-015,ZONA-05,MUN-05,CIRC-05,municipal,0,
V003149,MESA-023,PUESTO-023,ZONA-03,MUN-03,CIRC-03,municipal,0,
V003150,MESA-078,PUESTO-003,ZONA-03,MUN-03,CIRC-03,municipal,0,
V003151,MESA-045,PUESTO-020,ZONA-10,MUN-05,CIRC-05,municipal,0,
V003152,MESA-062,PUESTO-012,ZONA-02,MUN-02,CIRC-02,nacional,0,
V003153,MESA-079,PUESTO-004,ZONA-04,MUN-04,CIRC-04,nacional,0,
V003154,MESA-071,PUESTO-021,ZONA-01,MUN-01,CIRC-01,especial,0,
V003155,MESA-015,PUESTO-015,ZONA-05,MUN-05,CIRC-05,municipal,0,
V003156,MESA-046,PUESTO-021,ZONA-01,MUN-01,CIRC-01,especial,0,
V003157,MESA-063,PUESTO-013,ZONA-03,MUN-03,CIRC-04,nacional,0,inconsistencia_simulada_mesa
V003158,MESA-046,PUESTO-021,ZONA-01,MUN-01,CIRC-01,especial,0,
V003159,MESA-056,PUESTO-006,ZONA-06,MUN-01,CIRC-01,especial,0,
V003160,MESA-044,PUESTO-019,ZONA-09,MUN-04,CIRC-04,nacional,0,
V003161,MESA-075,PUESTO-025,ZONA-05,MUN-05,CIRC-05,municipal,0,
V003162,MESA-029,PUESTO-004,ZONA-04,MUN-04,CIRC-04,nacional,0,
V003163,MESA-062,PUESTO-012,ZONA-02,MUN-02,CIRC-02,nacional,0,
V003164,MESA-052,PUESTO-002,ZONA-02,MUN-02,CIRC-02,nacional,0,
V003165,MESA-054,PUESTO-004,ZONA-04,MUN-04,CIRC-04,nacional,0,
V003166,MESA-057,PUESTO-007,ZONA-07,MUN-02,CIRC-02,nacional,0,
V003167,MESA-066,PUESTO-016,ZONA-06,MUN-01,CIRC-01,especial,0,
V003168,MESA-022,PUESTO-022,ZONA-02,MUN-02,CIRC-02,nacional,0,
V003169,MESA-020,PUESTO-020,ZONA-10,MUN-05,CIRC-05,municipal,0,
V003170,MESA-033,PUESTO-008,ZONA-08,MUN-03,CIRC-03,municipal,0,
V003171,MESA-072,PUESTO-022,ZONA-02,MUN-02,CIRC-02,nacional,0,
V003172,MESA-025,PUESTO-025,ZONA-05,MUN-05,CIRC-05,municipal,0,
V003173,MESA-046,PUESTO-021,ZONA-01,MUN-01,CIRC-01,especial,0,
V003174,MESA-073,PUESTO-023,ZONA-03,MUN-03,CIRC-03,municipal,0,
V003175,MESA-057,PUESTO-007,ZONA-07,MUN-02,CIRC-02,nacional,0,
V003176,MESA-005,PUESTO-005,ZONA-05,MUN-05,CIRC-05,municipal,0,
V003177,MESA-055,PUESTO-005,ZONA-05,MUN-05,CIRC-05,municipal,0,
V003178,MESA-061,PUESTO-011,ZONA-01,MUN-01,CIRC-01,especial,0,
V003179,MESA-008,PUESTO-008,ZONA-08,MUN-03,CIRC-03,municipal,0,
V003180,MESA-016,PUESTO-016,ZONA-06,MUN-01,CIRC-01,especial,0,
V003181,MESA-048,PUESTO-023,ZONA-03,MUN-03,CIRC-03,municipal,0,
V003182,MESA-061,PUESTO-011,ZONA-01,MUN-01,CIRC-01,especial,0,
V003183,MESA-015,PUESTO-015,ZONA-05,MUN-05,CIRC-05,municipal,0,
V003184,MESA-065,PUESTO-015,ZONA-05,MUN-05,CIRC-05,municipal,0,
V003185,MESA-022,PUESTO-022,ZONA-02,MUN-02,CIRC-02,nacional,0,
V003186,MESA-003,PUESTO-003,ZONA-03,MUN-03,CIRC-03,municipal,0,
V003187,MESA-054,PUESTO-004,ZONA-04,MUN-04,CIRC-04,nacional,0,
V003188,MESA-014,PUESTO-014,ZONA-04,MUN-04,CIRC-05,nacional,0,
V003189,MESA-036,PUESTO-011,ZONA-01,MUN-01,CIRC-01,especial,0,
V003190,MESA-067,PUESTO-017,ZONA-07,MUN-02,CIRC-02,nacional,0,
V003191,MESA-010,PUESTO-010,ZONA-10,MUN-05,CIRC-05,municipal,0,
V003192,MESA-049,PUESTO-024,ZONA-04,MUN-04,CIRC-04,nacional,0,
V003193,MESA-065,PUESTO-015,ZONA-05,MUN-05,CIRC-05,municipal,0,
V003194,MESA-057,PUESTO-007,ZONA-07,MUN-02,CIRC-02,nacional,0,
V003195,MESA-027,PUESTO-002,ZONA-02,MUN-02,CIRC-02,nacional,0,
V003196,MESA-075,PUESTO-025,ZONA-05,MUN-05,CIRC-05,municipal,0,
V003197,MESA-005,PUESTO-005,ZONA-05,MUN-05,CIRC-05,municipal,0,
V003198,MESA-071,PUESTO-021,ZONA-01,MUN-01,CIRC-01,especial,0,
V003199,MESA-057,PUESTO-007,ZONA-07,MUN-02,CIRC-02,nacional,0,
V003200,MESA-015,PUESTO-015,ZONA-05,MUN-05,CIRC-05,municipal,0,
V003201,MESA-076,PUESTO-001,ZONA-01,MUN-01,CIRC-01,especial,0,
V003202,MESA-030,PUESTO-005,ZONA-05,MUN-05,CIRC-05,municipal,0,
V003203,MESA-020,PUESTO-020,ZONA-10,MUN-05,CIRC-05,municipal,0,
V003204,MESA-037,PUESTO-012,ZONA-02,MUN-02,CIRC-02,nacional,0,
V003205,MESA-003,PUESTO-003,ZONA-03,MUN-03,CIRC-03,municipal,0,
V003206,MESA-073,PUESTO-023,ZONA-03,MUN-03,CIRC-03,municipal,0,
V003207,MESA-041,PUESTO-016,ZONA-06,MUN-01,CIRC-01,especial,0,
V003208,MESA-039,PUESTO-014,ZONA-04,MUN-04,CIRC-04,nacional,0,
V003209,MESA-026,PUESTO-001,ZONA-01,MUN-01,CIRC-01,especial,0,
V003210,MESA-002,PUESTO-002,ZONA-02,MUN-02,CIRC-02,nacional,0,
V003211,MESA-023,PUESTO-023,ZONA-03,MUN-03,CIRC-03,municipal,0,
V003212,MESA-023,PUESTO-023,ZONA-03,MUN-03,CIRC-03,municipal,0,
V003213,MESA-016,PUESTO-016,ZONA-06,MUN-01,CIRC-01,especial,0,
V003214,MESA-009,PUESTO-009,ZONA-09,MUN-04,CIRC-04,nacional,0,
V003215,MESA-013,PUESTO-013,ZONA-03,MUN-03,CIRC-03,municipal,0,
V003216,MESA-024,PUESTO-024,ZONA-04,MUN-04,CIRC-03,municipal,0,inconsistencia_simulada_mesa
V003217,MESA-027,PUESTO-002,ZONA-02,MUN-02,CIRC-02,nacional,0,
V003218,MESA-051,PUESTO-001,ZONA-01,MUN-01,CIRC-01,especial,0,
V003219,MESA-064,PUESTO-014,ZONA-04,MUN-04,CIRC-04,nacional,0,
V003220,MESA-052,PUESTO-002,ZONA-02,MUN-02,CIRC-02,nacional,0,
V003221,MESA-038,PUESTO-013,ZONA-03,MUN-03,CIRC-03,municipal,0,
V003222,MESA-065,PUESTO-015,ZONA-05,MUN-05,CIRC-05,municipal,0,
V003223,MESA-018,PUESTO-018,ZONA-08,MUN-03,CIRC-03,municipal,0,
V003224,MESA-063,PUESTO-013,ZONA-03,MUN-03,CIRC-03,municipal,0,
V003225,MESA-051,PUESTO-001,ZONA-01,MUN-01,CIRC-01,especial,0,
V003226,MESA-009,PUESTO-009,ZONA-09,MUN-04,CIRC-04,nacional,0,
V003227,MESA-013,PUESTO-013,ZONA-03,MUN-03,CIRC-03,municipal,0,
V003228,MESA-040,PUESTO-015,ZONA-05,MUN-05,CIRC-05,municipal,0,
V003229,MESA-055,PUESTO-005,ZONA-05,MUN-05,CIRC-05,municipal,0,
V003230,MESA-079,PUESTO-004,ZONA-04,MUN-04,CIRC-04,nacional,0,
V003231,MESA-043,PUESTO-018,ZONA-08,MUN-03,CIRC-03,municipal,0,
V003232,MESA-044,PUESTO-019,ZONA-09,MUN-04,CIRC-04,nacional,0,
V003233,MESA-068,PUESTO-018,ZONA-08,MUN-03,CIRC-03,municipal,0,
V003234,MESA-033,PUESTO-008,ZONA-08,MUN-03,CIRC-03,municipal,0,
V003235,MESA-024,PUESTO-024,ZONA-04,MUN-04,CIRC-04,nacional,0,
V003236,MESA-036,PUESTO-011,ZONA-01,MUN-01,CIRC-01,especial,0,
V003237,MESA-010,PUESTO-010,ZONA-10,MUN-05,CIRC-02,municipal,0,
V003238,MESA-020,PUESTO-020,ZONA-10,MUN-05,CIRC-05,municipal,0,
V003239,MESA-075,PUESTO-025,ZONA-05,MUN-05,CIRC-05,municipal,0,
V003240,MESA-012,PUESTO-012,ZONA-02,MUN-02,CIRC-02,nacional,0,
V003241,MESA-062,PUESTO-012,ZONA-02,MUN-02,CIRC-02,nacional,0,
V003242,MESA-018,PUESTO-018,ZONA-08,MUN-03,CIRC-03,municipal,0,
V003243,MESA-063,PUESTO-013,ZONA-03,MUN-03,CIRC-03,municipal,0,
V003244,MESA-025,PUESTO-025,ZONA-05,MUN-05,CIRC-05,municipal,0,
V003245,MESA-012,PUESTO-012,ZONA-02,MUN-02,CIRC-02,nacional,0,
V003246,MESA-021,PUESTO-021,ZONA-01,MUN-01,CIRC-01,especial,0,
V003247,MESA-025,PUESTO-025,ZONA-05,MUN-05,CIRC-05,municipal,0,
V003248,MESA-011,PUESTO-011,ZONA-01,MUN-01,CIRC-01,especial,0,
V003249,MESA-064,PUESTO-014,ZONA-04,MUN-04,CIRC-04,nacional,0,
V003250,MESA-073,PUESTO-023,ZONA-03,MUN-03,CIRC-03,municipal,0,
V003251,MESA-050,PUESTO-025,ZONA-05,MUN-05,CIRC-05,municipal,0,
V003252,MESA-062,PUESTO-012,ZONA-02,MUN-02,CIRC-02,municipal,0,
V003253,MESA-049,PUESTO-024,ZONA-04,MUN-04,CIRC-04,nacional,0,
V003254,MESA-014,PUESTO-014,ZONA-04,MUN-04,CIRC-04,nacional,0,
V003255,MESA-001,PUESTO-001,ZONA-01,MUN-01,CIRC-01,especial,0,
V003256,MESA-025,PUESTO-025,ZONA-05,MUN-05,CIRC-05,municipal,0,
V003257,MESA-059,PUESTO-009,ZONA-09,MUN-04,CIRC-04,nacional,0,
V003258,MESA-072,PUESTO-022,ZONA-02,MUN-02,CIRC-02,nacional,0,
V003259,MESA-069,PUESTO-019,ZONA-09,MUN-04,CIRC-04,nacional,0,
V003260,MESA-005,PUESTO-005,ZONA-05,MUN-05,CIRC-05,municipal,0,
V003261,MESA-019,PUESTO-019,ZONA-09,MUN-04,CIRC-04,nacional,0,
V003262,MESA-023,PUESTO-023,ZONA-03,MUN-03,CIRC-03,municipal,0,
V003263,MESA-009,PUESTO-009,ZONA-09,MUN-04,CIRC-04,nacional,0,
V003264,MESA-050,PUESTO-025,ZONA-05,MUN-05,CIRC-05,municipal,0,
V003265,MESA-016,PUESTO-016,ZONA-06,MUN-01,CIRC-01,especial,0,
V003266,MESA-033,PUESTO-008,ZONA-08,MUN-03,CIRC-03,municipal,0,
V003267,MESA-002,PUESTO-002,ZONA-02,MUN-02,CIRC-02,nacional,0,
V003268,MESA-014,PUESTO-014,ZONA-04,MUN-04,CIRC-04,nacional,0,
V003269,MESA-001,PUESTO-001,ZONA-01,MUN-01,CIRC-01,especial,0,
V003270,MESA-058,PUESTO-008,ZONA-08,MUN-03,CIRC-03,municipal,0,
V003271,MESA-012,PUESTO-012,ZONA-02,MUN-02,CIRC-01,especial,0,inconsistencia_simulada_mesa
V003272,MESA-079,PUESTO-004,ZONA-04,MUN-04,CIRC-04,nacional,0,
V003273,MESA-047,PUESTO-022,ZONA-02,MUN-02,CIRC-02,nacional,0,
V003274,MESA-044,PUESTO-019,ZONA-09,MUN-04,CIRC-04,nacional,0,
V003275,MESA-080,PUESTO-005,ZONA-05,MUN-05,CIRC-05,municipal,0,
V003276,MESA-014,PUESTO-014,ZONA-04,MUN-04,CIRC-04,nacional,0,
V003277,MESA-024,PUESTO-024,ZONA-04,MUN-04,CIRC-04,nacional,0,
V003278,MESA-055,PUESTO-005,ZONA-05,MUN-05,CIRC-05,municipal,0,
V003279,MESA-015,PUESTO-015,ZONA-05,MUN-05,CIRC-05,municipal,0,
V003280,MESA-072,PUESTO-022,ZONA-02,MUN-02,CIRC-02,nacional,0,
V003281,MESA-034,PUESTO-009,ZONA-09,MUN-04,CIRC-04,nacional,0,
V003282,MESA-002,PUESTO-002,ZONA-02,MUN-02,CIRC-02,nacional,0,
V003283,MESA-027,PUESTO-002,ZONA-02,MUN-02,CIRC-02,nacional,0,
V003284,MESA-074,PUESTO-024,ZONA-04,MUN-04,CIRC-04,nacional,0,
V003285,MESA-072,PUESTO-022,ZONA-02,MUN-02,CIRC-02,nacional,0,
V003286,MESA-023,PUESTO-023,ZONA-03,MUN-03,CIRC-03,municipal,0,
V003287,MESA-013,PUESTO-013,ZONA-03,MUN-03,CIRC-03,municipal,0,inconsistencia_simulada_mesa
V003288,MESA-070,PUESTO-020,ZONA-10,MUN-05,CIRC-04,nacional,0,inconsistencia_simulada_mesa
V003289,MESA-063,PUESTO-013,ZONA-03,MUN-03,CIRC-03,municipal,0,
V003290,MESA-065,PUESTO-015,ZONA-05,MUN-05,CIRC-05,municipal,0,
V003291,MESA-068,PUESTO-018,ZONA-08,MUN-03,CIRC-03,municipal,0,
V003292,MESA-063,PUESTO-013,ZONA-03,MUN-03,CIRC-03,municipal,0,
V003293,MESA-064,PUESTO-014,ZONA-04,MUN-04,CIRC-03,nacional,0,
V003294,MESA-032,PUESTO-007,ZONA-07,MUN-02,CIRC-02,nacional,0,
V003295,MESA-079,PUESTO-004,ZONA-04,MUN-04,CIRC-04,nacional,0,
V003296,MESA-013,PUESTO-013,ZONA-03,MUN-03,CIRC-03,municipal,0,
V003297,MESA-066,PUESTO-016,ZONA-06,MUN-01,CIRC-01,especial,0,
V003298,MESA-020,PUESTO-020,ZONA-10,MUN-05,CIRC-04,nacional,0,inconsistencia_simulada_mesa
V003299,MESA-024,PUESTO-024,ZONA-04,MUN-04,CIRC-04,nacional,0,
V003300,MESA-011,PUESTO-011,ZONA-01,MUN-01,CIRC-01,especial,0,
V003301,MESA-059,PUESTO-009,ZONA-09,MUN-04,CIRC-04,nacional,0,
V003302,MESA-015,PUESTO-015,ZONA-05,MUN-05,CIRC-05,municipal,0,
V003303,MESA-010,PUESTO-010,ZONA-10,MUN-05,CIRC-05,municipal,0,
V003304,MESA-041,PUESTO-016,ZONA-06,MUN-01,CIRC-01,especial,0,
V003305,MESA-027,PUESTO-002,ZONA-02,MUN-02,CIRC-02,nacional,0,
V003306,MESA-060,PUESTO-010,ZONA-10,MUN-05,CIRC-05,municipal,0,
V003307,MESA-073,PUESTO-023,ZONA-03,MUN-03,CIRC-03,municipal,0,
V003308,MESA-052,PUESTO-002,ZONA-02,MUN-02,CIRC-02,nacional,0,
V003309,MESA-028,PUESTO-003,ZONA-03,MUN-03,CIRC-03,municipal,0,
V003310,MESA-065,PUESTO-015,ZONA-05,MUN-05,CIRC-05,municipal,0,
V003311,MESA-017,PUESTO-017,ZONA-07,MUN-02,CIRC-02,nacional,0,
V003312,MESA-044,PUESTO-019,ZONA-09,MUN-04,CIRC-04,nacional,0,
V003313,MESA-010,PUESTO-010,ZONA-10,MUN-05,CIRC-05,municipal,0,
V003314,MESA-063,PUESTO-013,ZONA-03,MUN-03,CIRC-03,municipal,0,
V003315,MESA-047,PUESTO-022,ZONA-02,MUN-02,CIRC-02,nacional,0,
V003316,MESA-038,PUESTO-013,ZONA-03,MUN-03,CIRC-03,municipal,0,
V003317,MESA-070,PUESTO-020,ZONA-10,MUN-05,CIRC-05,municipal,0,
V003318,MESA-076,PUESTO-001,ZONA-01,MUN-01,CIRC-01,especial,0,
V003319,MESA-053,PUESTO-003,ZONA-03,MUN-03,CIRC-03,municipal,0,
V003320,MESA-078,PUESTO-003,ZONA-03,MUN-03,CIRC-03,municipal,0,
V003321,MESA-044,PUESTO-019,ZONA-09,MUN-04,CIRC-04,nacional,0,
V003322,MESA-074,PUESTO-024,ZONA-04,MUN-04,CIRC-04,nacional,0,
V003323,MESA-054,PUESTO-004,ZONA-04,MUN-04,CIRC-04,nacional,0,
V003324,MESA-020,PUESTO-020,ZONA-10,MUN-05,CIRC-05,municipal,0,
V003325,MESA-079,PUESTO-004,ZONA-04,MUN-04,CIRC-04,nacional,0,
V003326,MESA-031,PUESTO-006,ZONA-06,MUN-01,CIRC-01,especial,0,
V003327,MESA-007,PUESTO-007,ZONA-07,MUN-02,CIRC-02,nacional,0,
V003328,MESA-058,PUESTO-008,ZONA-08,MUN-03,CIRC-03,municipal,0,
V003329,MESA-010,PUESTO-010,ZONA-10,MUN-05,CIRC-05,municipal,0,
V003330,MESA-010,PUESTO-010,ZONA-10,MUN-05,CIRC-05,municipal,0,
V003331,MESA-039,PUESTO-014,ZONA-04,MUN-04,CIRC-04,nacional,0,
V003332,MESA-028,PUESTO-003,ZONA-03,MUN-03,CIRC-03,municipal,0,
V003333,MESA-030,PUESTO-005,ZONA-05,MUN-05,CIRC-05,municipal,0,
V003334,MESA-037,PUESTO-012,ZONA-02,MUN-02,CIRC-02,nacional,0,
V003335,MESA-067,PUESTO-017,ZONA-07,MUN-02,CIRC-02,nacional,0,
V003336,MESA-043,PUESTO-018,ZONA-08,MUN-03,CIRC-03,municipal,0,
V003337,MESA-079,PUESTO-004,ZONA-04,MUN-04,CIRC-04,nacional,0,
V003338,MESA-052,PUESTO-002,ZONA-02,MUN-02,CIRC-02,nacional,0,
V003339,MESA-056,PUESTO-006,ZONA-06,MUN-01,CIRC-01,especial,0,
V003340,MESA-076,PUESTO-001,ZONA-01,MUN-01,CIRC-01,especial,0,
V003341,MESA-068,PUESTO-018,ZONA-08,MUN-03,CIRC-03,municipal,0,
V003342,MESA-009,PUESTO-009,ZONA-09,MUN-04,CIRC-04,nacional,0,
V003343,MESA-023,PUESTO-023,ZONA-03,MUN-03,CIRC-03,municipal,0,
V003344,MESA-063,PUESTO-013,ZONA-03,MUN-03,CIRC-03,municipal,0,
V003345,MESA-061,PUESTO-011,ZONA-01,MUN-01,CIRC-01,especial,0,
V003346,MESA-040,PUESTO-015,ZONA-05,MUN-05,CIRC-05,municipal,0,
V003347,MESA-044,PUESTO-019,ZONA-09,MUN-04,CIRC-04,nacional,0,
V003348,MESA-024,PUESTO-024,ZONA-04,MUN-04,CIRC-04,nacional,0,
V003349,MESA-051,PUESTO-001,ZONA-01,MUN-01,CIRC-05,especial,0,
V003350,MESA-058,PUESTO-008,ZONA-08,MUN-03,CIRC-03,municipal,0,
V003351,MESA-033,PUESTO-008,ZONA-08,MUN-03,CIRC-03,municipal,0,
V003352,MESA-016,PUESTO-016,ZONA-06,MUN-01,CIRC-01,especial,0,
V003353,MESA-022,PUESTO-022,ZONA-02,MUN-02,CIRC-02,nacional,0,
V003354,MESA-057,PUESTO-007,ZONA-07,MUN-02,CIRC-02,nacional,0,
V003355,MESA-062,PUESTO-012,ZONA-02,MUN-02,CIRC-02,nacional,0,
V003356,MESA-071,PUESTO-021,ZONA-01,MUN-01,CIRC-01,especial,0,
V003357,MESA-072,PUESTO-022,ZONA-02,MUN-02,CIRC-02,nacional,0,
V003358,MESA-070,PUESTO-020,ZONA-10,MUN-05,CIRC-05,municipal,0,
V003359,MESA-030,PUESTO-005,ZONA-05,MUN-05,CIRC-05,municipal,0,
V003360,MESA-023,PUESTO-023,ZONA-03,MUN-03,CIRC-03,municipal,0,
V003361,MESA-032,PUESTO-007,ZONA-07,MUN-02,CIRC-02,nacional,0,
V003362,MESA-057,PUESTO-007,ZONA-07,MUN-02,CIRC-02,nacional,0,
V003363,MESA-009,PUESTO-009,ZONA-09,MUN-04,CIRC-04,nacional,0,
V003364,MESA-031,PUESTO-006,ZONA-06,MUN-01,CIRC-01,especial,0,
V003365,MESA-071,PUESTO-021,ZONA-01,MUN-01,CIRC-01,especial,0,
V003366,MESA-009,PUESTO-009,ZONA-09,MUN-04,CIRC-04,nacional,0,
V003367,MESA-013,PUESTO-013,ZONA-03,MUN-03,CIRC-03,municipal,0,
V003368,MESA-058,PUESTO-008,ZONA-08,MUN-03,CIRC-03,municipal,0,
V003369,MESA-003,PUESTO-003,ZONA-03,MUN-03,CIRC-03,municipal,0,
V003370,MESA-035,PUESTO-010,ZONA-10,MUN-05,CIRC-05,municipal,0,
V003371,MESA-021,PUESTO-021,ZONA-01,MUN-01,CIRC-01,especial,0,
V003372,MESA-064,PUESTO-014,ZONA-04,MUN-04,CIRC-04,nacional,0,
V003373,MESA-052,PUESTO-002,ZONA-02,MUN-02,CIRC-02,nacional,0,
V003374,MESA-034,PUESTO-009,ZONA-09,MUN-04,CIRC-04,nacional,0,
V003375,MESA-035,PUESTO-010,ZONA-10,MUN-05,CIRC-05,municipal,0,
V003376,MESA-015,PUESTO-015,ZONA-05,MUN-05,CIRC-05,municipal,0,
V003377,MESA-006,PUESTO-006,ZONA-06,MUN-01,CIRC-01,especial,0,
V003378,MESA-032,PUESTO-007,ZONA-07,MUN-02,CIRC-02,nacional,0,
V003379,MESA-052,PUESTO-002,ZONA-02,MUN-02,CIRC-02,nacional,0,
V003380,MESA-028,PUESTO-003,ZONA-03,MUN-03,CIRC-03,municipal,0,
V003381,MESA-064,PUESTO-014,ZONA-04,MUN-04,CIRC-04,nacional,0,
V003382,MESA-079,PUESTO-004,ZONA-04,MUN-04,CIRC-04,nacional,0,
V003383,MESA-078,PUESTO-003,ZONA-03,MUN-03,CIRC-03,municipal,0,
V003384,MESA-019,PUESTO-019,ZONA-09,MUN-04,CIRC-04,nacional,0,
V003385,MESA-015,PUESTO-015,ZONA-05,MUN-05,CIRC-05,municipal,0,
V003386,MESA-006,PUESTO-006,ZONA-06,MUN-01,CIRC-01,especial,0,
V003387,MESA-073,PUESTO-023,ZONA-03,MUN-03,CIRC-03,nacional,0,
V003388,MESA-038,PUESTO-013,ZONA-03,MUN-03,CIRC-03,municipal,0,
V003389,MESA-026,PUESTO-001,ZONA-01,MUN-01,CIRC-01,especial,0,
V003390,MESA-051,PUESTO-001,ZONA-01,MUN-01,CIRC-01,especial,0,
V003391,MESA-073,PUESTO-023,ZONA-03,MUN-03,CIRC-03,municipal,0,
V003392,MESA-053,PUESTO-003,ZONA-03,MUN-03,CIRC-03,municipal,0,
V003393,MESA-056,PUESTO-006,ZONA-06,MUN-01,CIRC-01,especial,0,
V003394,MESA-059,PUESTO-009,ZONA-09,MUN-04,CIRC-04,nacional,0,
V003395,MESA-070,PUESTO-020,ZONA-10,MUN-05,CIRC-05,municipal,0,
V003396,MESA-078,PUESTO-003,ZONA-03,MUN-03,CIRC-03,municipal,0,
V003397,MESA-058,PUESTO-008,ZONA-08,MUN-03,CIRC-03,municipal,0,
V003398,MESA-013,PUESTO-013,ZONA-03,MUN-03,CIRC-03,municipal,0,
V003399,MESA-043,PUESTO-018,ZONA-08,MUN-03,CIRC-03,municipal,0,
V003400,MESA-076,PUESTO-001,ZONA-01,MUN-01,CIRC-01,especial,0,
V003401,MESA-051,PUESTO-001,ZONA-01,MUN-01,CIRC-01,especial,0,
V003402,MESA-019,PUESTO-019,ZONA-09,MUN-04,CIRC-04,nacional,0,
V003403,MESA-021,PUESTO-021,ZONA-01,MUN-01,CIRC-01,especial,0,
V003404,MESA-024,PUESTO-024,ZONA-04,MUN-04,CIRC-04,nacional,0,
V003405,MESA-026,PUESTO-001,ZONA-01,MUN-01,CIRC-01,especial,0,
V003406,MESA-045,PUESTO-020,ZONA-10,MUN-05,CIRC-05,municipal,0,
V003407,MESA-028,PUESTO-003,ZONA-03,MUN-03,CIRC-03,municipal,0,
V003408,MESA-029,PUESTO-004,ZONA-04,MUN-04,CIRC-04,nacional,0,
V003409,MESA-017,PUESTO-017,ZONA-07,MUN-02,CIRC-02,nacional,0,
V003410,MESA-068,PUESTO-018,ZONA-08,MUN-03,CIRC-03,municipal,0,
V003411,MESA-044,PUESTO-019,ZONA-09,MUN-04,CIRC-04,nacional,0,
V003412,MESA-061,PUESTO-011,ZONA-01,MUN-01,CIRC-01,especial,0,
V003413,MESA-068,PUESTO-018,ZONA-08,MUN-03,CIRC-03,municipal,0,
V003414,MESA-074,PUESTO-024,ZONA-04,MUN-04,CIRC-04,nacional,0,
V003415,MESA-025,PUESTO-025,ZONA-05,MUN-05,CIRC-05,municipal,0,
V003416,MESA-067,PUESTO-017,ZONA-07,MUN-02,CIRC-02,nacional,0,
V003417,MESA-002,PUESTO-002,ZONA-02,MUN-02,CIRC-02,nacional,0,
V003418,MESA-049,PUESTO-024,ZONA-04,MUN-04,CIRC-04,nacional,0,
V003419,MESA-070,PUESTO-020,ZONA-10,MUN-05,CIRC-05,municipal,0,
V003420,MESA-011,PUESTO-011,ZONA-01,MUN-01,CIRC-01,especial,0,inconsistencia_simulada_mesa
V003421,MESA-072,PUESTO-022,ZONA-02,MUN-02,CIRC-02,nacional,0,
V003422,MESA-027,PUESTO-002,ZONA-02,MUN-02,CIRC-02,nacional,0,
V003423,MESA-018,PUESTO-018,ZONA-08,MUN-03,CIRC-03,municipal,0,
V003424,MESA-054,PUESTO-004,ZONA-04,MUN-04,CIRC-04,nacional,0,
V003425,MESA-001,PUESTO-001,ZONA-01,MUN-01,CIRC-01,especial,0,
V003426,MESA-061,PUESTO-011,ZONA-01,MUN-01,CIRC-01,especial,0,
V003427,MESA-003,PUESTO-003,ZONA-03,MUN-03,CIRC-03,municipal,0,
V003428,MESA-068,PUESTO-018,ZONA-08,MUN-03,CIRC-03,municipal,0,
V003429,MESA-071,PUESTO-021,ZONA-01,MUN-01,CIRC-01,especial,0,inconsistencia_simulada_mesa
V003430,MESA-037,PUESTO-012,ZONA-02,MUN-02,CIRC-02,nacional,0,
V003431,MESA-051,PUESTO-001,ZONA-01,MUN-01,CIRC-01,especial,0,
V003432,MESA-015,PUESTO-015,ZONA-05,MUN-05,CIRC-05,especial,0,
V003433,MESA-008,PUESTO-008,ZONA-08,MUN-03,CIRC-03,municipal,0,
V003434,MESA-038,PUESTO-013,ZONA-03,MUN-03,CIRC-03,municipal,0,
V003435,MESA-056,PUESTO-006,ZONA-06,MUN-01,CIRC-01,especial,0,
V003436,MESA-047,PUESTO-022,ZONA-02,MUN-02,CIRC-02,nacional,0,
V003437,MESA-010,PUESTO-010,ZONA-10,MUN-05,CIRC-05,municipal,0,
V003438,MESA-078,PUESTO-003,ZONA-03,MUN-03,CIRC-03,municipal,0,
V003439,MESA-049,PUESTO-024,ZONA-04,MUN-04,CIRC-04,nacional,0,
V003440,MESA-041,PUESTO-016,ZONA-06,MUN-01,CIRC-03,especial,0,
V003441,MESA-030,PUESTO-005,ZONA-05,MUN-05,CIRC-05,municipal,0,
V003442,MESA-005,PUESTO-005,ZONA-05,MUN-05,CIRC-05,municipal,0,
V003443,MESA-071,PUESTO-021,ZONA-01,MUN-01,CIRC-01,especial,0,
V003444,MESA-031,PUESTO-006,ZONA-06,MUN-01,CIRC-01,especial,0,
V003445,MESA-052,PUESTO-002,ZONA-02,MUN-02,CIRC-02,nacional,0,
V003446,MESA-023,PUESTO-023,ZONA-03,MUN-03,CIRC-03,municipal,0,
V003447,MESA-048,PUESTO-023,ZONA-03,MUN-03,CIRC-03,municipal,0,
V003448,MESA-040,PUESTO-015,ZONA-05,MUN-05,CIRC-05,municipal,0,
V003449,MESA-006,PUESTO-006,ZONA-06,MUN-01,CIRC-01,especial,0,
V003450,MESA-038,PUESTO-013,ZONA-03,MUN-03,CIRC-03,municipal,0,
V003451,MESA-041,PUESTO-016,ZONA-06,MUN-01,CIRC-01,especial,0,
V003452,MESA-027,PUESTO-002,ZONA-02,MUN-02,CIRC-02,nacional,0,
V003453,MESA-075,PUESTO-025,ZONA-05,MUN-05,CIRC-05,municipal,0,
V003454,MESA-069,PUESTO-019,ZONA-09,MUN-04,CIRC-04,nacional,0,
V003455,MESA-057,PUESTO-007,ZONA-07,MUN-02,CIRC-02,nacional,0,
V003456,MESA-017,PUESTO-017,ZONA-07,MUN-02,CIRC-02,nacional,0,
V003457,MESA-071,PUESTO-021,ZONA-01,MUN-01,CIRC-01,especial,0,
V003458,MESA-047,PUESTO-022,ZONA-02,MUN-02,CIRC-02,nacional,0,
V003459,MESA-079,PUESTO-004,ZONA-04,MUN-04,CIRC-04,nacional,0,
V003460,MESA-013,PUESTO-013,ZONA-03,MUN-03,CIRC-03,municipal,0,
V003461,MESA-011,PUESTO-011,ZONA-01,MUN-01,CIRC-01,especial,0,
V003462,MESA-024,PUESTO-024,ZONA-04,MUN-04,CIRC-04,nacional,0,
V003463,MESA-073,PUESTO-023,ZONA-03,MUN-03,CIRC-03,municipal,0,
V003464,MESA-004,PUESTO-004,ZONA-04,MUN-04,CIRC-04,nacional,0,
V003465,MESA-046,PUESTO-021,ZONA-01,MUN-01,CIRC-01,especial,0,
V003466,MESA-018,PUESTO-018,ZONA-08,MUN-03,CIRC-03,municipal,0,
V003467,MESA-043,PUESTO-018,ZONA-08,MUN-03,CIRC-03,municipal,0,
V003468,MESA-080,PUESTO-005,ZONA-05,MUN-05,CIRC-05,municipal,0,
V003469,MESA-033,PUESTO-008,ZONA-08,MUN-03,CIRC-03,municipal,0,
V003470,MESA-010,PUESTO-010,ZONA-10,MUN-05,CIRC-05,municipal,0,
V003471,MESA-073,PUESTO-023,ZONA-03,MUN-03,CIRC-03,municipal,0,
V003472,MESA-059,PUESTO-009,ZONA-09,MUN-04,CIRC-03,nacional,0,
V003473,MESA-031,PUESTO-006,ZONA-06,MUN-01,CIRC-01,especial,0,
V003474,MESA-028,PUESTO-003,ZONA-03,MUN-03,CIRC-03,municipal,0,
V003475,MESA-060,PUESTO-010,ZONA-10,MUN-05,CIRC-05,municipal,0,
V003476,MESA-003,PUESTO-003,ZONA-03,MUN-03,CIRC-03,municipal,0,
V003477,MESA-055,PUESTO-005,ZONA-05,MUN-05,CIRC-05,municipal,0,
V003478,MESA-014,PUESTO-014,ZONA-04,MUN-04,CIRC-04,nacional,0,
V003479,MESA-058,PUESTO-008,ZONA-08,MUN-03,CIRC-03,municipal,0,
V003480,MESA-015,PUESTO-015,ZONA-05,MUN-05,CIRC-05,municipal,0,
V003481,MESA-002,PUESTO-002,ZONA-02,MUN-02,CIRC-02,nacional,0,
V003482,MESA-024,PUESTO-024,ZONA-04,MUN-04,CIRC-04,nacional,0,
V003483,MESA-078,PUESTO-003,ZONA-03,MUN-03,CIRC-03,municipal,0,
V003484,MESA-064,PUESTO-014,ZONA-04,MUN-04,CIRC-04,nacional,0,
V003485,MESA-071,PUESTO-021,ZONA-01,MUN-01,CIRC-01,especial,0,
V003486,MESA-024,PUESTO-024,ZONA-04,MUN-04,CIRC-04,nacional,0,
V003487,MESA-027,PUESTO-002,ZONA-02,MUN-02,CIRC-02,nacional,0,
V003488,MESA-037,PUESTO-012,ZONA-02,MUN-02,CIRC-03,nacional,0,
V003489,MESA-039,PUESTO-014,ZONA-04,MUN-04,CIRC-04,nacional,0,
V003490,MESA-063,PUESTO-013,ZONA-03,MUN-03,CIRC-03,nacional,0,
V003491,MESA-079,PUESTO-004,ZONA-04,MUN-04,CIRC-04,nacional,0,
V003492,MESA-026,PUESTO-001,ZONA-01,MUN-01,CIRC-01,especial,0,
V003493,MESA-065,PUESTO-015,ZONA-05,MUN-05,CIRC-05,municipal,0,
V003494,MESA-004,PUESTO-004,ZONA-04,MUN-04,CIRC-04,nacional,0,
V003495,MESA-029,PUESTO-004,ZONA-04,MUN-04,CIRC-04,nacional,0,
V003496,MESA-001,PUESTO-001,ZONA-01,MUN-01,CIRC-01,especial,0,
V003497,MESA-050,PUESTO-025,ZONA-05,MUN-05,CIRC-05,municipal,0,
V003498,MESA-011,PUESTO-011,ZONA-01,MUN-01,CIRC-01,especial,0,
V003499,MESA-074,PUESTO-024,ZONA-04,MUN-04,CIRC-04,nacional,0,
V003500,MESA-059,PUESTO-009,ZONA-09,MUN-04,CIRC-04,nacional,0,
V003501,MESA-062,PUESTO-012,ZONA-02,MUN-02,CIRC-02,nacional,0,
V003502,MESA-036,PUESTO-011,ZONA-01,MUN-01,CIRC-01,especial,0,
V003503,MESA-056,PUESTO-006,ZONA-06,MUN-01,CIRC-01,especial,0,
V003504,MESA-021,PUESTO-021,ZONA-01,MUN-01,CIRC-01,especial,0,
V003505,MESA-013,PUESTO-013,ZONA-03,MUN-03,CIRC-03,municipal,0,
V003506,MESA-009,PUESTO-009,ZONA-09,MUN-04,CIRC-04,nacional,0,
V003507,MESA-011,PUESTO-011,ZONA-01,MUN-01,CIRC-01,especial,0,
V003508,MESA-075,PUESTO-025,ZONA-05,MUN-05,CIRC-05,municipal,0,
V003509,MESA-070,PUESTO-020,ZONA-10,MUN-05,CIRC-05,municipal,0,
V003510,MESA-001,PUESTO-001,ZONA-01,MUN-01,CIRC-01,especial,0,
V003511,MESA-070,PUESTO-020,ZONA-10,MUN-05,CIRC-05,municipal,0,
V003512,MESA-077,PUESTO-002,ZONA-02,MUN-02,CIRC-02,nacional,0,
V003513,MESA-056,PUESTO-006,ZONA-06,MUN-01,CIRC-01,especial,0,
V003514,MESA-031,PUESTO-006,ZONA-06,MUN-01,CIRC-01,especial,0,
V003515,MESA-037,PUESTO-012,ZONA-02,MUN-02,CIRC-02,nacional,0,
V003516,MESA-047,PUESTO-022,ZONA-02,MUN-02,CIRC-02,nacional,0,
V003517,MESA-078,PUESTO-003,ZONA-03,MUN-03,CIRC-03,municipal,0,
V003518,MESA-047,PUESTO-022,ZONA-02,MUN-02,CIRC-02,nacional,0,
V003519,MESA-069,PUESTO-019,ZONA-09,MUN-04,CIRC-04,nacional,0,
V003520,MESA-058,PUESTO-008,ZONA-08,MUN-03,CIRC-03,municipal,0,
V003521,MESA-036,PUESTO-011,ZONA-01,MUN-01,CIRC-01,especial,0,
V003522,MESA-032,PUESTO-007,ZONA-07,MUN-02,CIRC-02,nacional,0,
V003523,MESA-064,PUESTO-014,ZONA-04,MUN-04,CIRC-04,nacional,0,
V003524,MESA-071,PUESTO-021,ZONA-01,MUN-01,CIRC-01,especial,0,
V003525,MESA-042,PUESTO-017,ZONA-07,MUN-02,CIRC-02,nacional,0,
V003526,MESA-048,PUESTO-023,ZONA-03,MUN-03,CIRC-03,municipal,0,
V003527,MESA-074,PUESTO-024,ZONA-04,MUN-04,CIRC-04,nacional,0,
V003528,MESA-030,PUESTO-005,ZONA-05,MUN-05,CIRC-05,municipal,0,
V003529,MESA-021,PUESTO-021,ZONA-01,MUN-01,CIRC-01,especial,0,
V003530,MESA-060,PUESTO-010,ZONA-10,MUN-05,CIRC-05,municipal,0,
V003531,MESA-013,PUESTO-013,ZONA-03,MUN-03,CIRC-03,municipal,0,
V003532,MESA-001,PUESTO-001,ZONA-01,MUN-01,CIRC-01,especial,0,
V003533,MESA-065,PUESTO-015,ZONA-05,MUN-05,CIRC-05,municipal,0,
V003534,MESA-033,PUESTO-008,ZONA-08,MUN-03,CIRC-03,municipal,0,
V003535,MESA-038,PUESTO-013,ZONA-03,MUN-03,CIRC-03,municipal,0,
V003536,MESA-025,PUESTO-025,ZONA-05,MUN-05,CIRC-05,municipal,0,
V003537,MESA-026,PUESTO-001,ZONA-01,MUN-01,CIRC-01,especial,0,
V003538,MESA-077,PUESTO-002,ZONA-02,MUN-02,CIRC-02,nacional,0,
V003539,MESA-059,PUESTO-009,ZONA-09,MUN-04,CIRC-04,nacional,0,
V003540,MESA-033,PUESTO-008,ZONA-08,MUN-03,CIRC-03,municipal,0,
V003541,MESA-041,PUESTO-016,ZONA-06,MUN-01,CIRC-01,especial,0,
V003542,MESA-076,PUESTO-001,ZONA-01,MUN-01,CIRC-05,municipal,0,inconsistencia_simulada_mesa
V003543,MESA-057,PUESTO-007,ZONA-07,MUN-02,CIRC-02,nacional,0,
V003544,MESA-049,PUESTO-024,ZONA-04,MUN-04,CIRC-04,nacional,0,
V003545,MESA-048,PUESTO-023,ZONA-03,MUN-03,CIRC-03,municipal,0,
V003546,MESA-072,PUESTO-022,ZONA-02,MUN-02,CIRC-02,nacional,0,
V003547,MESA-049,PUESTO-024,ZONA-04,MUN-04,CIRC-04,nacional,0,
V003548,MESA-047,PUESTO-022,ZONA-02,MUN-02,CIRC-02,nacional,0,
V003549,MESA-056,PUESTO-006,ZONA-06,MUN-01,CIRC-01,especial,0,
V003550,MESA-065,PUESTO-015,ZONA-05,MUN-05,CIRC-05,municipal,0,
V003551,MESA-037,PUESTO-012,ZONA-02,MUN-02,CIRC-02,nacional,0,inconsistencia_simulada_mesa
V003552,MESA-069,PUESTO-019,ZONA-09,MUN-04,CIRC-04,nacional,0,
V003553,MESA-006,PUESTO-006,ZONA-06,MUN-01,CIRC-01,especial,0,
V003554,MESA-065,PUESTO-015,ZONA-05,MUN-05,CIRC-05,municipal,0,
V003555,MESA-025,PUESTO-025,ZONA-05,MUN-05,CIRC-05,municipal,0,
V003556,MESA-001,PUESTO-001,ZONA-01,MUN-01,CIRC-05,especial,0,
V003557,MESA-032,PUESTO-007,ZONA-07,MUN-02,CIRC-02,nacional,0,
V003558,MESA-003,PUESTO-003,ZONA-03,MUN-03,CIRC-03,municipal,0,
V003559,MESA-049,PUESTO-024,ZONA-04,MUN-04,CIRC-04,nacional,0,
V003560,MESA-019,PUESTO-019,ZONA-09,MUN-04,CIRC-04,nacional,0,
V003561,MESA-060,PUESTO-010,ZONA-10,MUN-05,CIRC-05,municipal,0,
V003562,MESA-029,PUESTO-004,ZONA-04,MUN-04,CIRC-04,nacional,0,
V003563,MESA-050,PUESTO-025,ZONA-05,MUN-05,CIRC-05,municipal,0,
V003564,MESA-002,PUESTO-002,ZONA-02,MUN-02,CIRC-02,nacional,0,
V003565,MESA-073,PUESTO-023,ZONA-03,MUN-03,CIRC-03,municipal,0,
V003566,MESA-056,PUESTO-006,ZONA-06,MUN-01,CIRC-01,especial,0,
V003567,MESA-017,PUESTO-017,ZONA-07,MUN-02,CIRC-02,nacional,0,
V003568,MESA-060,PUESTO-010,ZONA-10,MUN-05,CIRC-05,municipal,0,
V003569,MESA-036,PUESTO-011,ZONA-01,MUN-01,CIRC-01,especial,0,
V003570,MESA-061,PUESTO-011,ZONA-01,MUN-01,CIRC-01,especial,0,
V003571,MESA-017,PUESTO-017,ZONA-07,MUN-02,CIRC-02,nacional,0,
V003572,MESA-049,PUESTO-024,ZONA-04,MUN-04,CIRC-04,nacional,0,
V003573,MESA-076,PUESTO-001,ZONA-01,MUN-01,CIRC-01,especial,0,
V003574,MESA-060,PUESTO-010,ZONA-10,MUN-05,CIRC-05,municipal,0,
V003575,MESA-020,PUESTO-020,ZONA-10,MUN-05,CIRC-05,municipal,0,
V003576,MESA-050,PUESTO-025,ZONA-05,MUN-05,CIRC-05,municipal,0,
V003577,MESA-003,PUESTO-003,ZONA-03,MUN-03,CIRC-03,municipal,0,
V003578,MESA-043,PUESTO-018,ZONA-08,MUN-03,CIRC-03,municipal,0,
V003579,MESA-057,PUESTO-007,ZONA-07,MUN-02,CIRC-04,nacional,0,
V003580,MESA-050,PUESTO-025,ZONA-05,MUN-05,CIRC-05,municipal,0,
V003581,MESA-068,PUESTO-018,ZONA-08,MUN-03,CIRC-03,municipal,0,
V003582,MESA-050,PUESTO-025,ZONA-05,MUN-05,CIRC-05,municipal,0,
V003583,MESA-037,PUESTO-012,ZONA-02,MUN-02,CIRC-02,nacional,0,
V003584,MESA-046,PUESTO-021,ZONA-01,MUN-01,CIRC-01,especial,0,
V003585,MESA-042,PUESTO-017,ZONA-07,MUN-02,CIRC-02,nacional,0,
V003586,MESA-015,PUESTO-015,ZONA-05,MUN-05,CIRC-05,municipal,0,
V003587,MESA-033,PUESTO-008,ZONA-08,MUN-03,CIRC-03,municipal,0,
V003588,MESA-080,PUESTO-005,ZONA-05,MUN-05,CIRC-05,municipal,0,
V003589,MESA-011,PUESTO-011,ZONA-01,MUN-01,CIRC-01,especial,0,
V003590,MESA-020,PUESTO-020,ZONA-10,MUN-05,CIRC-05,municipal,0,
V003591,MESA-024,PUESTO-024,ZONA-04,MUN-04,CIRC-04,nacional,0,
V003592,MESA-064,PUESTO-014,ZONA-04,MUN-04,CIRC-04,nacional,0,
V003593,MESA-080,PUESTO-005,ZONA-05,MUN-05,CIRC-01,municipal,0,
V003594,MESA-065,PUESTO-015,ZONA-05,MUN-05,CIRC-05,municipal,0,
V003595,MESA-073,PUESTO-023,ZONA-03,MUN-03,CIRC-03,municipal,0,
V003596,MESA-076,PUESTO-001,ZONA-01,MUN-01,CIRC-01,especial,0,
V003597,MESA-017,PUESTO-017,ZONA-07,MUN-02,CIRC-02,nacional,0,
V003598,MESA-061,PUESTO-011,ZONA-01,MUN-01,CIRC-01,especial,0,
V003599,MESA-015,PUESTO-015,ZONA-05,MUN-05,CIRC-05,municipal,0,
V003600,MESA-051,PUESTO-001,ZONA-01,MUN-01,CIRC-01,especial,0,
V003601,MESA-027,PUESTO-002,ZONA-02,MUN-02,CIRC-02,nacional,0,
V003602,MESA-074,PUESTO-024,ZONA-04,MUN-04,CIRC-04,nacional,0,
V003603,MESA-061,PUESTO-011,ZONA-01,MUN-01,CIRC-01,especial,0,
V003604,MESA-058,PUESTO-008,ZONA-08,MUN-03,CIRC-03,municipal,0,
V003605,MESA-031,PUESTO-006,ZONA-06,MUN-01,CIRC-01,especial,0,
V003606,MESA-012,PUESTO-012,ZONA-02,MUN-02,CIRC-02,nacional,0,
V003607,MESA-046,PUESTO-021,ZONA-01,MUN-01,CIRC-01,especial,0,
V003608,MESA-031,PUESTO-006,ZONA-06,MUN-01,CIRC-01,especial,0,
V003609,MESA-032,PUESTO-007,ZONA-07,MUN-02,CIRC-02,nacional,0,
V003610,MESA-032,PUESTO-007,ZONA-07,MUN-02,CIRC-02,nacional,0,
V003611,MESA-053,PUESTO-003,ZONA-03,MUN-03,CIRC-03,municipal,0,
V003612,MESA-061,PUESTO-011,ZONA-01,MUN-01,CIRC-01,especial,0,
V003613,MESA-046,PUESTO-021,ZONA-01,MUN-01,CIRC-01,especial,0,
V003614,MESA-074,PUESTO-024,ZONA-04,MUN-04,CIRC-04,nacional,0,
V003615,MESA-080,PUESTO-005,ZONA-05,MUN-05,CIRC-05,municipal,0,
V003616,MESA-007,PUESTO-007,ZONA-07,MUN-02,CIRC-02,nacional,0,
V003617,MESA-004,PUESTO-004,ZONA-04,MUN-04,CIRC-04,nacional,0,
V003618,MESA-052,PUESTO-002,ZONA-02,MUN-02,CIRC-02,nacional,0,
V003619,MESA-031,PUESTO-006,ZONA-06,MUN-01,CIRC-01,especial,0,
V003620,MESA-075,PUESTO-025,ZONA-05,MUN-05,CIRC-05,municipal,0,
V003621,MESA-036,PUESTO-011,ZONA-01,MUN-01,CIRC-01,especial,0,
V003622,MESA-054,PUESTO-004,ZONA-04,MUN-04,CIRC-04,nacional,0,
V003623,MESA-054,PUESTO-004,ZONA-04,MUN-04,CIRC-04,nacional,0,
V003624,MESA-017,PUESTO-017,ZONA-07,MUN-02,CIRC-02,nacional,0,
V003625,MESA-075,PUESTO-025,ZONA-05,MUN-05,CIRC-05,municipal,0,
V003626,MESA-030,PUESTO-005,ZONA-05,MUN-05,CIRC-05,municipal,0,
V003627,MESA-022,PUESTO-022,ZONA-02,MUN-02,CIRC-02,nacional,0,
V003628,MESA-043,PUESTO-018,ZONA-08,MUN-03,CIRC-03,municipal,0,
V003629,MESA-027,PUESTO-002,ZONA-02,MUN-02,CIRC-02,nacional,0,
V003630,MESA-037,PUESTO-012,ZONA-02,MUN-02,CIRC-02,nacional,0,
V003631,MESA-046,PUESTO-021,ZONA-01,MUN-01,CIRC-01,especial,0,
V003632,MESA-035,PUESTO-010,ZONA-10,MUN-05,CIRC-05,municipal,0,
V003633,MESA-004,PUESTO-004,ZONA-04,MUN-04,CIRC-04,nacional,0,
V003634,MESA-080,PUESTO-005,ZONA-05,MUN-05,CIRC-05,municipal,0,
V003635,MESA-080,PUESTO-005,ZONA-05,MUN-05,CIRC-05,municipal,0,
V003636,MESA-026,PUESTO-001,ZONA-01,MUN-01,CIRC-01,especial,0,
V003637,MESA-019,PUESTO-019,ZONA-09,MUN-04,CIRC-04,nacional,0,
V003638,MESA-045,PUESTO-020,ZONA-10,MUN-05,CIRC-05,municipal,0,
V003639,MESA-026,PUESTO-001,ZONA-01,MUN-01,CIRC-01,especial,0,
V003640,MESA-022,PUESTO-022,ZONA-02,MUN-02,CIRC-02,nacional,0,
V003641,MESA-058,PUESTO-008,ZONA-08,MUN-03,CIRC-03,municipal,0,
V003642,MESA-063,PUESTO-013,ZONA-03,MUN-03,CIRC-03,municipal,0,
V003643,MESA-028,PUESTO-003,ZONA-03,MUN-03,CIRC-03,municipal,0,
V003644,MESA-065,PUESTO-015,ZONA-05,MUN-05,CIRC-05,municipal,0,
V003645,MESA-044,PUESTO-019,ZONA-09,MUN-04,CIRC-04,nacional,0,
V003646,MESA-043,PUESTO-018,ZONA-08,MUN-03,CIRC-03,municipal,0,
V003647,MESA-037,PUESTO-012,ZONA-02,MUN-02,CIRC-02,nacional,0,
V003648,MESA-066,PUESTO-016,ZONA-06,MUN-01,CIRC-01,especial,0,
V003649,MESA-017,PUESTO-017,ZONA-07,MUN-02,CIRC-02,nacional,0,
V003650,MESA-040,PUESTO-015,ZONA-05,MUN-05,CIRC-05,municipal,0,
V003651,MESA-038,PUESTO-013,ZONA-03,MUN-03,CIRC-03,municipal,0,
V003652,MESA-061,PUESTO-011,ZONA-01,MUN-01,CIRC-01,especial,0,
V003653,MESA-009,PUESTO-009,ZONA-09,MUN-04,CIRC-01,nacional,0,
V003654,MESA-077,PUESTO-002,ZONA-02,MUN-02,CIRC-02,nacional,0,
V003655,MESA-075,PUESTO-025,ZONA-05,MUN-05,CIRC-05,municipal,0,
V003656,MESA-061,PUESTO-011,ZONA-01,MUN-01,CIRC-01,especial,0,
V003657,MESA-080,PUESTO-005,ZONA-05,MUN-05,CIRC-05,municipal,0,
V003658,MESA-016,PUESTO-016,ZONA-06,MUN-01,CIRC-01,especial,0,
V003659,MESA-002,PUESTO-002,ZONA-02,MUN-02,CIRC-02,nacional,0,
V003660,MESA-072,PUESTO-022,ZONA-02,MUN-02,CIRC-02,nacional,0,
V003661,MESA-043,PUESTO-018,ZONA-08,MUN-03,CIRC-03,municipal,0,
V003662,MESA-042,PUESTO-017,ZONA-07,MUN-02,CIRC-02,nacional,0,
V003663,MESA-077,PUESTO-002,ZONA-02,MUN-02,CIRC-02,nacional,0,
V003664,MESA-057,PUESTO-007,ZONA-07,MUN-02,CIRC-02,nacional,0,
V003665,MESA-067,PUESTO-017,ZONA-07,MUN-02,CIRC-02,nacional,0,
V003666,MESA-030,PUESTO-005,ZONA-05,MUN-05,CIRC-05,municipal,0,
V003667,MESA-013,PUESTO-013,ZONA-03,MUN-03,CIRC-03,municipal,0,
V003668,MESA-019,PUESTO-019,ZONA-09,MUN-04,CIRC-04,nacional,0,
V003669,MESA-007,PUESTO-007,ZONA-07,MUN-02,CIRC-02,nacional,0,
V003670,MESA-009,PUESTO-009,ZONA-09,MUN-04,CIRC-04,nacional,0,
V003671,MESA-054,PUESTO-004,ZONA-04,MUN-04,CIRC-04,nacional,0,
V003672,MESA-061,PUESTO-011,ZONA-01,MUN-01,CIRC-01,especial,0,
V003673,MESA-002,PUESTO-002,ZONA-02,MUN-02,CIRC-02,nacional,0,
V003674,MESA-050,PUESTO-025,ZONA-05,MUN-05,CIRC-05,municipal,0,
V003675,MESA-075,PUESTO-025,ZONA-05,MUN-05,CIRC-05,municipal,0,
V003676,MESA-031,PUESTO-006,ZONA-06,MUN-01,CIRC-01,especial,0,
V003677,MESA-033,PUESTO-008,ZONA-08,MUN-03,CIRC-03,municipal,0,
V003678,MESA-078,PUESTO-003,ZONA-03,MUN-03,CIRC-03,municipal,0,
V003679,MESA-080,PUESTO-005,ZONA-05,MUN-05,CIRC-05,municipal,0,
V003680,MESA-011,PUESTO-011,ZONA-01,MUN-01,CIRC-01,especial,0,
V003681,MESA-033,PUESTO-008,ZONA-08,MUN-03,CIRC-03,municipal,0,
V003682,MESA-007,PUESTO-007,ZONA-07,MUN-02,CIRC-02,nacional,0,
V003683,MESA-031,PUESTO-006,ZONA-06,MUN-01,CIRC-01,especial,0,
V003684,MESA-048,PUESTO-023,ZONA-03,MUN-03,CIRC-03,municipal,0,
V003685,MESA-028,PUESTO-003,ZONA-03,MUN-03,CIRC-02,nacional,0,inconsistencia_simulada_mesa
V003686,MESA-078,PUESTO-003,ZONA-03,MUN-03,CIRC-03,municipal,0,
V003687,MESA-053,PUESTO-003,ZONA-03,MUN-03,CIRC-03,municipal,0,
V003688,MESA-080,PUESTO-005,ZONA-05,MUN-05,CIRC-05,municipal,0,
V003689,MESA-019,PUESTO-019,ZONA-09,MUN-04,CIRC-04,nacional,0,
V003690,MESA-006,PUESTO-006,ZONA-06,MUN-01,CIRC-01,especial,0,
V003691,MESA-049,PUESTO-024,ZONA-04,MUN-04,CIRC-04,nacional,0,
V003692,MESA-073,PUESTO-023,ZONA-03,MUN-03,CIRC-03,municipal,0,
V003693,MESA-050,PUESTO-025,ZONA-05,MUN-05,CIRC-05,municipal,0,
V003694,MESA-012,PUESTO-012,ZONA-02,MUN-02,CIRC-02,nacional,0,
V003695,MESA-023,PUESTO-023,ZONA-03,MUN-03,CIRC-03,municipal,0,
V003696,MESA-054,PUESTO-004,ZONA-04,MUN-04,CIRC-04,nacional,0,
V003697,MESA-069,PUESTO-019,ZONA-09,MUN-04,CIRC-04,nacional,0,
V003698,MESA-059,PUESTO-009,ZONA-09,MUN-04,CIRC-04,nacional,0,
V003699,MESA-036,PUESTO-011,ZONA-01,MUN-01,CIRC-01,especial,0,
V003700,MESA-003,PUESTO-003,ZONA-03,MUN-03,CIRC-03,municipal,0,
V003701,MESA-058,PUESTO-008,ZONA-08,MUN-03,CIRC-03,municipal,0,
V003702,MESA-055,PUESTO-005,ZONA-05,MUN-05,CIRC-05,municipal,0,
V003703,MESA-057,PUESTO-007,ZONA-07,MUN-02,CIRC-02,nacional,0,
V003704,MESA-017,PUESTO-017,ZONA-07,MUN-02,CIRC-02,nacional,0,
V003705,MESA-039,PUESTO-014,ZONA-04,MUN-04,CIRC-04,nacional,0,
V003706,MESA-068,PUESTO-018,ZONA-08,MUN-03,CIRC-03,municipal,0,
V003707,MESA-055,PUESTO-005,ZONA-05,MUN-05,CIRC-05,municipal,0,
V003708,MESA-045,PUESTO-020,ZONA-10,MUN-05,CIRC-05,municipal,0,
V003709,MESA-076,PUESTO-001,ZONA-01,MUN-01,CIRC-01,especial,0,
V003710,MESA-001,PUESTO-001,ZONA-01,MUN-01,CIRC-01,especial,0,
V003711,MESA-021,PUESTO-021,ZONA-01,MUN-01,CIRC-01,especial,0,
V003712,MESA-021,PUESTO-021,ZONA-01,MUN-01,CIRC-01,especial,0,
V003713,MESA-052,PUESTO-002,ZONA-02,MUN-02,CIRC-02,nacional,0,
V003714,MESA-043,PUESTO-018,ZONA-08,MUN-03,CIRC-03,municipal,0,
V003715,MESA-052,PUESTO-002,ZONA-02,MUN-02,CIRC-02,nacional,0,
V003716,MESA-067,PUESTO-017,ZONA-07,MUN-02,CIRC-02,nacional,0,
V003717,MESA-044,PUESTO-019,ZONA-09,MUN-04,CIRC-04,nacional,0,
V003718,MESA-032,PUESTO-007,ZONA-07,MUN-02,CIRC-02,nacional,0,
V003719,MESA-010,PUESTO-010,ZONA-10,MUN-05,CIRC-05,municipal,0,
V003720,MESA-064,PUESTO-014,ZONA-04,MUN-04,CIRC-04,nacional,0,
V003721,MESA-079,PUESTO-004,ZONA-04,MUN-04,CIRC-04,nacional,0,
V003722,MESA-069,PUESTO-019,ZONA-09,MUN-04,CIRC-04,nacional,0,
V003723,MESA-072,PUESTO-022,ZONA-02,MUN-02,CIRC-03,municipal,0,inconsistencia_simulada_mesa
V003724,MESA-028,PUESTO-003,ZONA-03,MUN-03,CIRC-03,municipal,0,
V003725,MESA-053,PUESTO-003,ZONA-03,MUN-03,CIRC-03,municipal,0,
V003726,MESA-051,PUESTO-001,ZONA-01,MUN-01,CIRC-01,especial,0,
V003727,MESA-053,PUESTO-003,ZONA-03,MUN-03,CIRC-03,municipal,0,
V003728,MESA-004,PUESTO-004,ZONA-04,MUN-04,CIRC-04,nacional,0,
V003729,MESA-079,PUESTO-004,ZONA-04,MUN-04,CIRC-04,municipal,0,
V003730,MESA-017,PUESTO-017,ZONA-07,MUN-02,CIRC-02,nacional,0,
V003731,MESA-067,PUESTO-017,ZONA-07,MUN-02,CIRC-02,nacional,0,
V003732,MESA-074,PUESTO-024,ZONA-04,MUN-04,CIRC-04,nacional,0,
V003733,MESA-047,PUESTO-022,ZONA-02,MUN-02,CIRC-02,nacional,0,
V003734,MESA-056,PUESTO-006,ZONA-06,MUN-01,CIRC-03,especial,0,
V003735,MESA-023,PUESTO-023,ZONA-03,MUN-03,CIRC-03,municipal,0,
V003736,MESA-018,PUESTO-018,ZONA-08,MUN-03,CIRC-05,municipal,0,
V003737,MESA-001,PUESTO-001,ZONA-01,MUN-01,CIRC-01,especial,0,
V003738,MESA-035,PUESTO-010,ZONA-10,MUN-05,CIRC-05,municipal,0,
V003739,MESA-064,PUESTO-014,ZONA-04,MUN-04,CIRC-04,nacional,0,
V003740,MESA-058,PUESTO-008,ZONA-08,MUN-03,CIRC-03,municipal,0,
V003741,MESA-059,PUESTO-009,ZONA-09,MUN-04,CIRC-04,nacional,0,
V003742,MESA-001,PUESTO-001,ZONA-01,MUN-01,CIRC-01,especial,0,
V003743,MESA-003,PUESTO-003,ZONA-03,MUN-03,CIRC-03,municipal,0,
V003744,MESA-067,PUESTO-017,ZONA-07,MUN-02,CIRC-02,nacional,0,
V003745,MESA-037,PUESTO-012,ZONA-02,MUN-02,CIRC-02,nacional,0,
V003746,MESA-029,PUESTO-004,ZONA-04,MUN-04,CIRC-04,nacional,0,
V003747,MESA-033,PUESTO-008,ZONA-08,MUN-03,CIRC-03,municipal,0,
V003748,MESA-061,PUESTO-011,ZONA-01,MUN-01,CIRC-01,especial,0,
V003749,MESA-004,PUESTO-004,ZONA-04,MUN-04,CIRC-04,nacional,0,
V003750,MESA-014,PUESTO-014,ZONA-04,MUN-04,CIRC-04,nacional,0,
V003751,MESA-033,PUESTO-008,ZONA-08,MUN-03,CIRC-03,municipal,0,
V003752,MESA-022,PUESTO-022,ZONA-02,MUN-02,CIRC-02,nacional,0,
V003753,MESA-048,PUESTO-023,ZONA-03,MUN-03,CIRC-03,municipal,0,
V003754,MESA-003,PUESTO-003,ZONA-03,MUN-03,CIRC-03,municipal,0,
V003755,MESA-023,PUESTO-023,ZONA-03,MUN-03,CIRC-03,municipal,0,
V003756,MESA-068,PUESTO-018,ZONA-08,MUN-03,CIRC-03,municipal,0,
V003757,MESA-021,PUESTO-021,ZONA-01,MUN-01,CIRC-01,especial,0,
V003758,MESA-043,PUESTO-018,ZONA-08,MUN-03,CIRC-03,municipal,0,
V003759,MESA-026,PUESTO-001,ZONA-01,MUN-01,CIRC-01,especial,0,
V003760,MESA-041,PUESTO-016,ZONA-06,MUN-01,CIRC-01,especial,0,
V003761,MESA-038,PUESTO-013,ZONA-03,MUN-03,CIRC-03,municipal,0,
V003762,MESA-011,PUESTO-011,ZONA-01,MUN-01,CIRC-01,especial,0,
V003763,MESA-029,PUESTO-004,ZONA-04,MUN-04,CIRC-04,nacional,0,
V003764,MESA-060,PUESTO-010,ZONA-10,MUN-05,CIRC-05,municipal,0,
V003765,MESA-067,PUESTO-017,ZONA-07,MUN-02,CIRC-02,nacional,0,
V003766,MESA-065,PUESTO-015,ZONA-05,MUN-05,CIRC-05,municipal,0,
V003767,MESA-034,PUESTO-009,ZONA-09,MUN-04,CIRC-01,especial,0,inconsistencia_simulada_mesa
V003768,MESA-019,PUESTO-019,ZONA-09,MUN-04,CIRC-04,nacional,0,
V003769,MESA-046,PUESTO-021,ZONA-01,MUN-01,CIRC-01,especial,0,
V003770,MESA-049,PUESTO-024,ZONA-04,MUN-04,CIRC-04,nacional,0,
V003771,MESA-022,PUESTO-022,ZONA-02,MUN-02,CIRC-02,nacional,0,
V003772,MESA-078,PUESTO-003,ZONA-03,MUN-03,CIRC-03,municipal,0,
V003773,MESA-057,PUESTO-007,ZONA-07,MUN-02,CIRC-02,nacional,0,
V003774,MESA-014,PUESTO-014,ZONA-04,MUN-04,CIRC-04,nacional,0,
V003775,MESA-053,PUESTO-003,ZONA-03,MUN-03,CIRC-04,nacional,0,inconsistencia_simulada_mesa
V003776,MESA-016,PUESTO-016,ZONA-06,MUN-01,CIRC-01,especial,0,
V003777,MESA-077,PUESTO-002,ZONA-02,MUN-02,CIRC-02,nacional,0,
V003778,MESA-012,PUESTO-012,ZONA-02,MUN-02,CIRC-02,nacional,0,
V003779,MESA-055,PUESTO-005,ZONA-05,MUN-05,CIRC-05,municipal,0,
V003780,MESA-051,PUESTO-001,ZONA-01,MUN-01,CIRC-01,especial,0,
V003781,MESA-039,PUESTO-014,ZONA-04,MUN-04,CIRC-04,nacional,0,
V003782,MESA-033,PUESTO-008,ZONA-08,MUN-03,CIRC-03,municipal,0,
V003783,MESA-033,PUESTO-008,ZONA-08,MUN-03,CIRC-03,municipal,0,
V003784,MESA-029,PUESTO-004,ZONA-04,MUN-04,CIRC-04,nacional,0,
V003785,MESA-069,PUESTO-019,ZONA-09,MUN-04,CIRC-04,nacional,0,
V003786,MESA-070,PUESTO-020,ZONA-10,MUN-05,CIRC-05,municipal,0,
V003787,MESA-031,PUESTO-006,ZONA-06,MUN-01,CIRC-01,especial,0,
V003788,MESA-080,PUESTO-005,ZONA-05,MUN-05,CIRC-05,municipal,0,
V003789,MESA-031,PUESTO-006,ZONA-06,MUN-01,CIRC-01,especial,0,
V003790,MESA-046,PUESTO-021,ZONA-01,MUN-01,CIRC-01,especial,0,
V003791,MESA-077,PUESTO-002,ZONA-02,MUN-02,CIRC-02,nacional,0,
V003792,MESA-052,PUESTO-002,ZONA-02,MUN-02,CIRC-02,nacional,0,
V003793,MESA-010,PUESTO-010,ZONA-10,MUN-05,CIRC-05,municipal,0,
V003794,MESA-074,PUESTO-024,ZONA-04,MUN-04,CIRC-04,nacional,0,
V003795,MESA-041,PUESTO-016,ZONA-06,MUN-01,CIRC-01,especial,0,
V003796,MESA-077,PUESTO-002,ZONA-02,MUN-02,CIRC-02,nacional,0,
V003797,MESA-003,PUESTO-003,ZONA-03,MUN-03,CIRC-03,municipal,0,
V003798,MESA-059,PUESTO-009,ZONA-09,MUN-04,CIRC-04,nacional,0,
V003799,MESA-052,PUESTO-002,ZONA-02,MUN-02,CIRC-02,nacional,0,
V003800,MESA-034,PUESTO-009,ZONA-09,MUN-04,CIRC-04,nacional,0,
V003801,MESA-049,PUESTO-024,ZONA-04,MUN-04,CIRC-04,nacional,0,
V003802,MESA-028,PUESTO-003,ZONA-03,MUN-03,CIRC-03,municipal,0,
V003803,MESA-013,PUESTO-013,ZONA-03,MUN-03,CIRC-03,municipal,0,
V003804,MESA-069,PUESTO-019,ZONA-09,MUN-04,CIRC-04,nacional,0,
V003805,MESA-067,PUESTO-017,ZONA-07,MUN-02,CIRC-02,nacional,0,
V003806,MESA-061,PUESTO-011,ZONA-01,MUN-01,CIRC-01,especial,0,
V003807,MESA-060,PUESTO-010,ZONA-10,MUN-05,CIRC-05,municipal,0,
V003808,MESA-071,PUESTO-021,ZONA-01,MUN-01,CIRC-01,especial,0,
V003809,MESA-024,PUESTO-024,ZONA-04,MUN-04,CIRC-04,nacional,0,
V003810,MESA-063,PUESTO-013,ZONA-03,MUN-03,CIRC-03,municipal,0,
V003811,MESA-061,PUESTO-011,ZONA-01,MUN-01,CIRC-01,especial,0,
V003812,MESA-023,PUESTO-023,ZONA-03,MUN-03,CIRC-03,municipal,0,
V003813,MESA-030,PUESTO-005,ZONA-05,MUN-05,CIRC-05,municipal,0,
V003814,MESA-060,PUESTO-010,ZONA-10,MUN-05,CIRC-05,municipal,0,
V003815,MESA-018,PUESTO-018,ZONA-08,MUN-03,CIRC-03,municipal,0,
V003816,MESA-056,PUESTO-006,ZONA-06,MUN-01,CIRC-01,especial,0,
V003817,MESA-053,PUESTO-003,ZONA-03,MUN-03,CIRC-03,municipal,0,
V003818,MESA-007,PUESTO-007,ZONA-07,MUN-02,CIRC-02,nacional,0,
V003819,MESA-069,PUESTO-019,ZONA-09,MUN-04,CIRC-04,nacional,0,
V003820,MESA-072,PUESTO-022,ZONA-02,MUN-02,CIRC-02,nacional,0,
V003821,MESA-079,PUESTO-004,ZONA-04,MUN-04,CIRC-04,nacional,0,
V003822,MESA-052,PUESTO-002,ZONA-02,MUN-02,CIRC-02,nacional,0,
V003823,MESA-004,PUESTO-004,ZONA-04,MUN-04,CIRC-04,nacional,0,
V003824,MESA-034,PUESTO-009,ZONA-09,MUN-04,CIRC-04,nacional,0,
V003825,MESA-069,PUESTO-019,ZONA-09,MUN-04,CIRC-04,nacional,0,
V003826,MESA-033,PUESTO-008,ZONA-08,MUN-03,CIRC-03,municipal,0,
V003827,MESA-069,PUESTO-019,ZONA-09,MUN-04,CIRC-04,nacional,0,
V003828,MESA-038,PUESTO-013,ZONA-03,MUN-03,CIRC-03,municipal,0,
V003829,MESA-026,PUESTO-001,ZONA-01,MUN-01,CIRC-01,especial,0,
V003830,MESA-001,PUESTO-001,ZONA-01,MUN-01,CIRC-01,especial,0,
V003831,MESA-004,PUESTO-004,ZONA-04,MUN-04,CIRC-04,nacional,0,
V003832,MESA-039,PUESTO-014,ZONA-04,MUN-04,CIRC-04,nacional,0,
V003833,MESA-054,PUESTO-004,ZONA-04,MUN-04,CIRC-04,nacional,0,
V003834,MESA-033,PUESTO-008,ZONA-08,MUN-03,CIRC-03,municipal,0,
V003835,MESA-033,PUESTO-008,ZONA-08,MUN-03,CIRC-03,municipal,0,
V003836,MESA-072,PUESTO-022,ZONA-02,MUN-02,CIRC-02,nacional,0,
V003837,MESA-020,PUESTO-020,ZONA-10,MUN-05,CIRC-05,municipal,0,
V003838,MESA-016,PUESTO-016,ZONA-06,MUN-01,CIRC-01,especial,0,
V003839,MESA-021,PUESTO-021,ZONA-01,MUN-01,CIRC-01,especial,0,
V003840,MESA-045,PUESTO-020,ZONA-10,MUN-05,CIRC-05,municipal,0,
V003841,MESA-062,PUESTO-012,ZONA-02,MUN-02,CIRC-02,nacional,0,
V003842,MESA-031,PUESTO-006,ZONA-06,MUN-01,CIRC-01,especial,0,
V003843,MESA-042,PUESTO-017,ZONA-07,MUN-02,CIRC-02,nacional,0,
V003844,MESA-012,PUESTO-012,ZONA-02,MUN-02,CIRC-02,nacional,0,
V003845,MESA-065,PUESTO-015,ZONA-05,MUN-05,CIRC-05,municipal,0,
V003846,MESA-073,PUESTO-023,ZONA-03,MUN-03,CIRC-03,municipal,0,
V003847,MESA-003,PUESTO-003,ZONA-03,MUN-03,CIRC-03,municipal,0,
V003848,MESA-009,PUESTO-009,ZONA-09,MUN-04,CIRC-04,nacional,0,
V003849,MESA-051,PUESTO-001,ZONA-01,MUN-01,CIRC-01,especial,0,
V003850,MESA-016,PUESTO-016,ZONA-06,MUN-01,CIRC-01,especial,0,
V003851,MESA-078,PUESTO-003,ZONA-03,MUN-03,CIRC-03,municipal,0,
V003852,MESA-003,PUESTO-003,ZONA-03,MUN-03,CIRC-03,municipal,0,
V003853,MESA-024,PUESTO-024,ZONA-04,MUN-04,CIRC-04,nacional,0,
V003854,MESA-073,PUESTO-023,ZONA-03,MUN-03,CIRC-03,municipal,0,
V003855,MESA-013,PUESTO-013,ZONA-03,MUN-03,CIRC-03,municipal,0,
V003856,MESA-002,PUESTO-002,ZONA-02,MUN-02,CIRC-02,nacional,0,
V003857,MESA-071,PUESTO-021,ZONA-01,MUN-01,CIRC-01,especial,0,
V003858,MESA-021,PUESTO-021,ZONA-01,MUN-01,CIRC-01,especial,0,
V003859,MESA-019,PUESTO-019,ZONA-09,MUN-04,CIRC-04,nacional,0,
V003860,MESA-047,PUESTO-022,ZONA-02,MUN-02,CIRC-02,nacional,0,
V003861,MESA-022,PUESTO-022,ZONA-02,MUN-02,CIRC-02,nacional,0,
V003862,MESA-075,PUESTO-025,ZONA-05,MUN-05,CIRC-05,municipal,0,
V003863,MESA-033,PUESTO-008,ZONA-08,MUN-03,CIRC-03,municipal,0,
V003864,MESA-032,PUESTO-007,ZONA-07,MUN-02,CIRC-02,nacional,0,
V003865,MESA-064,PUESTO-014,ZONA-04,MUN-04,CIRC-04,nacional,0,
V003866,MESA-039,PUESTO-014,ZONA-04,MUN-04,CIRC-04,nacional,0,
V003867,MESA-072,PUESTO-022,ZONA-02,MUN-02,CIRC-02,nacional,0,
V003868,MESA-042,PUESTO-017,ZONA-07,MUN-02,CIRC-02,municipal,0,
V003869,MESA-009,PUESTO-009,ZONA-09,MUN-04,CIRC-04,nacional,0,
V003870,MESA-025,PUESTO-025,ZONA-05,MUN-05,CIRC-05,municipal,0,
V003871,MESA-002,PUESTO-002,ZONA-02,MUN-02,CIRC-02,nacional,0,
V003872,MESA-019,PUESTO-019,ZONA-09,MUN-04,CIRC-04,nacional,0,
V003873,MESA-020,PUESTO-020,ZONA-10,MUN-05,CIRC-05,municipal,0,
V003874,MESA-070,PUESTO-020,ZONA-10,MUN-05,CIRC-05,municipal,0,
V003875,MESA-017,PUESTO-017,ZONA-07,MUN-02,CIRC-02,nacional,0,
V003876,MESA-068,PUESTO-018,ZONA-08,MUN-03,CIRC-03,municipal,0,
V003877,MESA-003,PUESTO-003,ZONA-03,MUN-03,CIRC-03,municipal,0,
V003878,MESA-051,PUESTO-001,ZONA-01,MUN-01,CIRC-01,especial,0,
V003879,MESA-026,PUESTO-001,ZONA-01,MUN-01,CIRC-01,especial,0,
V003880,MESA-056,PUESTO-006,ZONA-06,MUN-01,CIRC-01,especial,0,
V003881,MESA-064,PUESTO-014,ZONA-04,MUN-04,CIRC-04,nacional,0,
V003882,MESA-008,PUESTO-008,ZONA-08,MUN-03,CIRC-03,municipal,0,
V003883,MESA-037,PUESTO-012,ZONA-02,MUN-02,CIRC-02,nacional,0,
V003884,MESA-031,PUESTO-006,ZONA-06,MUN-01,CIRC-02,nacional,0,inconsistencia_simulada_mesa
V003885,MESA-045,PUESTO-020,ZONA-10,MUN-05,CIRC-05,municipal,0,
V003886,MESA-004,PUESTO-004,ZONA-04,MUN-04,CIRC-04,nacional,0,
V003887,MESA-037,PUESTO-012,ZONA-02,MUN-02,CIRC-02,nacional,0,
V003888,MESA-071,PUESTO-021,ZONA-01,MUN-01,CIRC-01,especial,0,
V003889,MESA-033,PUESTO-008,ZONA-08,MUN-03,CIRC-03,municipal,0,
V003890,MESA-031,PUESTO-006,ZONA-06,MUN-01,CIRC-01,especial,0,
V003891,MESA-055,PUESTO-005,ZONA-05,MUN-05,CIRC-05,municipal,0,
V003892,MESA-012,PUESTO-012,ZONA-02,MUN-02,CIRC-02,nacional,0,
V003893,MESA-011,PUESTO-011,ZONA-01,MUN-01,CIRC-01,especial,0,
V003894,MESA-072,PUESTO-022,ZONA-02,MUN-02,CIRC-02,nacional,0,
V003895,MESA-032,PUESTO-007,ZONA-07,MUN-02,CIRC-02,nacional,0,
V003896,MESA-057,PUESTO-007,ZONA-07,MUN-02,CIRC-02,nacional,0,
V003897,MESA-038,PUESTO-013,ZONA-03,MUN-03,CIRC-03,municipal,0,
V003898,MESA-060,PUESTO-010,ZONA-10,MUN-05,CIRC-05,municipal,0,
V003899,MESA-019,PUESTO-019,ZONA-09,MUN-04,CIRC-04,nacional,0,
V003900,MESA-056,PUESTO-006,ZONA-06,MUN-01,CIRC-01,especial,0,
V003901,MESA-014,PUESTO-014,ZONA-04,MUN-04,CIRC-04,nacional,0,
V003902,MESA-033,PUESTO-008,ZONA-08,MUN-03,CIRC-03,municipal,0,
V003903,MESA-010,PUESTO-010,ZONA-10,MUN-05,CIRC-05,municipal,0,
V003904,MESA-080,PUESTO-005,ZONA-05,MUN-05,CIRC-05,municipal,0,
V003905,MESA-064,PUESTO-014,ZONA-04,MUN-04,CIRC-04,nacional,0,
V003906,MESA-064,PUESTO-014,ZONA-04,MUN-04,CIRC-04,nacional,0,
V003907,MESA-062,PUESTO-012,ZONA-02,MUN-02,CIRC-02,nacional,0,
V003908,MESA-068,PUESTO-018,ZONA-08,MUN-03,CIRC-03,municipal,0,
V003909,MESA-043,PUESTO-018,ZONA-08,MUN-03,CIRC-03,municipal,0,
V003910,MESA-080,PUESTO-005,ZONA-05,MUN-05,CIRC-05,municipal,0,
V003911,MESA-059,PUESTO-009,ZONA-09,MUN-04,CIRC-04,nacional,0,
V003912,MESA-052,PUESTO-002,ZONA-02,MUN-02,CIRC-02,nacional,0,
V003913,MESA-019,PUESTO-019,ZONA-09,MUN-04,CIRC-04,nacional,0,
V003914,MESA-021,PUESTO-021,ZONA-01,MUN-01,CIRC-01,especial,0,
V003915,MESA-022,PUESTO-022,ZONA-02,MUN-02,CIRC-02,nacional,0,
V003916,MESA-009,PUESTO-009,ZONA-09,MUN-04,CIRC-04,nacional,0,
V003917,MESA-009,PUESTO-009,ZONA-09,MUN-04,CIRC-04,nacional,0,
V003918,MESA-073,PUESTO-023,ZONA-03,MUN-03,CIRC-03,municipal,0,
V003919,MESA-027,PUESTO-002,ZONA-02,MUN-02,CIRC-02,nacional,0,
V003920,MESA-017,PUESTO-017,ZONA-07,MUN-02,CIRC-02,nacional,0,
V003921,MESA-044,PUESTO-019,ZONA-09,MUN-04,CIRC-04,nacional,0,
V003922,MESA-045,PUESTO-020,ZONA-10,MUN-05,CIRC-05,municipal,0,
V003923,MESA-008,PUESTO-008,ZONA-08,MUN-03,CIRC-03,municipal,0,
V003924,MESA-080,PUESTO-005,ZONA-05,MUN-05,CIRC-05,municipal,0,
V003925,MESA-018,PUESTO-018,ZONA-08,MUN-03,CIRC-03,municipal,0,
V003926,MESA-033,PUESTO-008,ZONA-08,MUN-03,CIRC-03,municipal,0,
V003927,MESA-001,PUESTO-001,ZONA-01,MUN-01,CIRC-01,especial,0,
V003928,MESA-076,PUESTO-001,ZONA-01,MUN-01,CIRC-01,especial,0,
V003929,MESA-006,PUESTO-006,ZONA-06,MUN-01,CIRC-01,especial,0,
V003930,MESA-041,PUESTO-016,ZONA-06,MUN-01,CIRC-01,especial,0,
V003931,MESA-055,PUESTO-005,ZONA-05,MUN-05,CIRC-05,municipal,0,
V003932,MESA-005,PUESTO-005,ZONA-05,MUN-05,CIRC-05,municipal,0,
V003933,MESA-059,PUESTO-009,ZONA-09,MUN-04,CIRC-04,nacional,0,
V003934,MESA-080,PUESTO-005,ZONA-05,MUN-05,CIRC-05,municipal,0,
V003935,MESA-018,PUESTO-018,ZONA-08,MUN-03,CIRC-03,municipal,0,
V003936,MESA-049,PUESTO-024,ZONA-04,MUN-04,CIRC-04,nacional,0,
V003937,MESA-065,PUESTO-015,ZONA-05,MUN-05,CIRC-05,municipal,0,
V003938,MESA-054,PUESTO-004,ZONA-04,MUN-04,CIRC-04,nacional,0,
V003939,MESA-061,PUESTO-011,ZONA-01,MUN-01,CIRC-01,especial,0,
V003940,MESA-008,PUESTO-008,ZONA-08,MUN-03,CIRC-03,municipal,0,
V003941,MESA-003,PUESTO-003,ZONA-03,MUN-03,CIRC-03,municipal,0,
V003942,MESA-025,PUESTO-025,ZONA-05,MUN-05,CIRC-05,municipal,0,
V003943,MESA-069,PUESTO-019,ZONA-09,MUN-04,CIRC-04,nacional,0,
V003944,MESA-055,PUESTO-005,ZONA-05,MUN-05,CIRC-05,municipal,0,
V003945,MESA-040,PUESTO-015,ZONA-05,MUN-05,CIRC-05,municipal,0,
V003946,MESA-050,PUESTO-025,ZONA-05,MUN-05,CIRC-05,municipal,0,
V003947,MESA-033,PUESTO-008,ZONA-08,MUN-03,CIRC-03,municipal,0,
V003948,MESA-018,PUESTO-018,ZONA-08,MUN-03,CIRC-03,municipal,0,
V003949,MESA-057,PUESTO-007,ZONA-07,MUN-02,CIRC-02,nacional,0,
V003950,MESA-016,PUESTO-016,ZONA-06,MUN-01,CIRC-01,especial,0,
V003951,MESA-080,PUESTO-005,ZONA-05,MUN-05,CIRC-05,municipal,0,
V003952,MESA-038,PUESTO-013,ZONA-03,MUN-03,CIRC-03,municipal,0,
V003953,MESA-041,PUESTO-016,ZONA-06,MUN-01,CIRC-01,especial,0,
V003954,MESA-007,PUESTO-007,ZONA-07,MUN-02,CIRC-02,nacional,0,
V003955,MESA-078,PUESTO-003,ZONA-03,MUN-03,CIRC-03,municipal,0,
V003956,MESA-053,PUESTO-003,ZONA-03,MUN-03,CIRC-03,municipal,0,
V003957,MESA-063,PUESTO-013,ZONA-03,MUN-03,CIRC-03,municipal,0,
V003958,MESA-032,PUESTO-007,ZONA-07,MUN-02,CIRC-02,nacional,0,
V003959,MESA-038,PUESTO-013,ZONA-03,MUN-03,CIRC-03,municipal,0,
V003960,MESA-022,PUESTO-022,ZONA-02,MUN-02,CIRC-02,nacional,0,
V003961,MESA-016,PUESTO-016,ZONA-06,MUN-01,CIRC-03,especial,0,
V003962,MESA-052,PUESTO-002,ZONA-02,MUN-02,CIRC-02,nacional,0,
V003963,MESA-029,PUESTO-004,ZONA-04,MUN-04,CIRC-04,nacional,0,
V003964,MESA-016,PUESTO-016,ZONA-06,MUN-01,CIRC-01,especial,0,
V003965,MESA-076,PUESTO-001,ZONA-01,MUN-01,CIRC-01,especial,0,
V003966,MESA-017,PUESTO-017,ZONA-07,MUN-02,CIRC-02,nacional,0,
V003967,MESA-064,PUESTO-014,ZONA-04,MUN-04,CIRC-04,nacional,0,
V003968,MESA-013,PUESTO-013,ZONA-03,MUN-03,CIRC-03,municipal,0,
V003969,MESA-072,PUESTO-022,ZONA-02,MUN-02,CIRC-02,nacional,0,
V003970,MESA-056,PUESTO-006,ZONA-06,MUN-01,CIRC-01,especial,0,
V003971,MESA-005,PUESTO-005,ZONA-05,MUN-05,CIRC-05,municipal,0,
V003972,MESA-012,PUESTO-012,ZONA-02,MUN-02,CIRC-02,nacional,0,
V003973,MESA-041,PUESTO-016,ZONA-06,MUN-01,CIRC-01,especial,0,
V003974,MESA-003,PUESTO-003,ZONA-03,MUN-03,CIRC-03,municipal,0,
V003975,MESA-033,PUESTO-008,ZONA-08,MUN-03,CIRC-03,municipal,0,
V003976,MESA-050,PUESTO-025,ZONA-05,MUN-05,CIRC-05,municipal,0,
V003977,MESA-056,PUESTO-006,ZONA-06,MUN-01,CIRC-01,especial,0,
V003978,MESA-009,PUESTO-009,ZONA-09,MUN-04,CIRC-04,nacional,0,
V003979,MESA-050,PUESTO-025,ZONA-05,MUN-05,CIRC-05,municipal,0,
V003980,MESA-029,PUESTO-004,ZONA-04,MUN-04,CIRC-04,nacional,0,
V003981,MESA-039,PUESTO-014,ZONA-04,MUN-04,CIRC-04,nacional,0,
V003982,MESA-074,PUESTO-024,ZONA-04,MUN-04,CIRC-05,municipal,0,inconsistencia_simulada_mesa
V003983,MESA-017,PUESTO-017,ZONA-07,MUN-02,CIRC-02,nacional,0,
V003984,MESA-056,PUESTO-006,ZONA-06,MUN-01,CIRC-01,especial,0,
V003985,MESA-046,PUESTO-021,ZONA-01,MUN-01,CIRC-01,especial,0,
V003986,MESA-067,PUESTO-017,ZONA-07,MUN-02,CIRC-02,nacional,0,
V003987,MESA-069,PUESTO-019,ZONA-09,MUN-04,CIRC-04,nacional,0,
V003988,MESA-014,PUESTO-014,ZONA-04,MUN-04,CIRC-04,nacional,0,
V003989,MESA-067,PUESTO-017,ZONA-07,MUN-02,CIRC-02,nacional,0,
V003990,MESA-023,PUESTO-023,ZONA-03,MUN-03,CIRC-03,municipal,0,
V003991,MESA-061,PUESTO-011,ZONA-01,MUN-01,CIRC-01,especial,0,
V003992,MESA-023,PUESTO-023,ZONA-03,MUN-03,CIRC-03,municipal,0,
V003993,MESA-027,PUESTO-002,ZONA-02,MUN-02,CIRC-02,especial,0,
V003994,MESA-054,PUESTO-004,ZONA-04,MUN-04,CIRC-04,nacional,0,
V003995,MESA-010,PUESTO-010,ZONA-10,MUN-05,CIRC-05,municipal,0,
V003996,MESA-077,PUESTO-002,ZONA-02,MUN-02,CIRC-02,nacional,0,
V003997,MESA-016,PUESTO-016,ZONA-06,MUN-01,CIRC-01,especial,0,
V003998,MESA-041,PUESTO-016,ZONA-06,MUN-01,CIRC-01,especial,0,
V003999,MESA-055,PUESTO-005,ZONA-05,MUN-05,CIRC-05,municipal,0,
V004000,MESA-061,PUESTO-011,ZONA-01,MUN-01,CIRC-01,especial,0,
V004001,MESA-049,PUESTO-024,ZONA-04,MUN-04,CIRC-04,nacional,0,
V004002,MESA-073,PUESTO-023,ZONA-03,MUN-03,CIRC-03,municipal,0,
V004003,MESA-052,PUESTO-002,ZONA-02,MUN-02,CIRC-02,nacional,0,
V004004,MESA-002,PUESTO-002,ZONA-02,MUN-02,CIRC-02,nacional,0,
V004005,MESA-050,PUESTO-025,ZONA-05,MUN-05,CIRC-05,municipal,0,
V004006,MESA-043,PUESTO-018,ZONA-08,MUN-03,CIRC-03,municipal,0,
V004007,MESA-077,PUESTO-002,ZONA-02,MUN-02,CIRC-02,nacional,0,
V004008,MESA-008,PUESTO-008,ZONA-08,MUN-03,CIRC-03,municipal,0,
V004009,MESA-059,PUESTO-009,ZONA-09,MUN-04,CIRC-04,nacional,0,
V004010,MESA-065,PUESTO-015,ZONA-05,MUN-05,CIRC-05,municipal,0,
V004011,MESA-012,PUESTO-012,ZONA-02,MUN-02,CIRC-02,nacional,0,
V004012,MESA-004,PUESTO-004,ZONA-04,MUN-04,CIRC-04,nacional,0,
V004013,MESA-077,PUESTO-002,ZONA-02,MUN-02,CIRC-02,nacional,0,
V004014,MESA-041,PUESTO-016,ZONA-06,MUN-01,CIRC-01,especial,0,
V004015,MESA-007,PUESTO-007,ZONA-07,MUN-02,CIRC-02,nacional,0,
V004016,MESA-069,PUESTO-019,ZONA-09,MUN-04,CIRC-04,nacional,0,
V004017,MESA-069,PUESTO-019,ZONA-09,MUN-04,CIRC-04,nacional,0,
V004018,MESA-030,PUESTO-005,ZONA-05,MUN-05,CIRC-05,municipal,0,
V004019,MESA-073,PUESTO-023,ZONA-03,MUN-03,CIRC-03,municipal,0,
V004020,MESA-006,PUESTO-006,ZONA-06,MUN-01,CIRC-01,especial,0,
V004021,MESA-019,PUESTO-019,ZONA-09,MUN-04,CIRC-04,nacional,0,
V004022,MESA-080,PUESTO-005,ZONA-05,MUN-05,CIRC-05,municipal,0,
V004023,MESA-066,PUESTO-016,ZONA-06,MUN-01,CIRC-01,especial,0,
V004024,MESA-010,PUESTO-010,ZONA-10,MUN-05,CIRC-05,municipal,0,
V004025,MESA-016,PUESTO-016,ZONA-06,MUN-01,CIRC-01,especial,0,
V004026,MESA-037,PUESTO-012,ZONA-02,MUN-02,CIRC-02,nacional,0,
V004027,MESA-079,PUESTO-004,ZONA-04,MUN-04,CIRC-04,nacional,0,
V004028,MESA-077,PUESTO-002,ZONA-02,MUN-02,CIRC-02,nacional,0,
V004029,MESA-077,PUESTO-002,ZONA-02,MUN-02,CIRC-02,nacional,0,
V004030,MESA-032,PUESTO-007,ZONA-07,MUN-02,CIRC-02,nacional,0,
V004031,MESA-047,PUESTO-022,ZONA-02,MUN-02,CIRC-04,nacional,0,
V004032,MESA-072,PUESTO-022,ZONA-02,MUN-02,CIRC-02,nacional,0,
V004033,MESA-043,PUESTO-018,ZONA-08,MUN-03,CIRC-03,municipal,0,
V004034,MESA-036,PUESTO-011,ZONA-01,MUN-01,CIRC-01,especial,0,
V004035,MESA-026,PUESTO-001,ZONA-01,MUN-01,CIRC-01,especial,0,
V004036,MESA-010,PUESTO-010,ZONA-10,MUN-05,CIRC-05,municipal,0,
V004037,MESA-031,PUESTO-006,ZONA-06,MUN-01,CIRC-01,especial,0,
V004038,MESA-029,PUESTO-004,ZONA-04,MUN-04,CIRC-04,nacional,0,
V004039,MESA-005,PUESTO-005,ZONA-05,MUN-05,CIRC-05,municipal,0,
V004040,MESA-077,PUESTO-002,ZONA-02,MUN-02,CIRC-02,nacional,0,
V004041,MESA-068,PUESTO-018,ZONA-08,MUN-03,CIRC-01,especial,0,inconsistencia_simulada_mesa
V004042,MESA-003,PUESTO-003,ZONA-03,MUN-03,CIRC-03,municipal,0,
V004043,MESA-067,PUESTO-017,ZONA-07,MUN-02,CIRC-02,nacional,0,
V004044,MESA-071,PUESTO-021,ZONA-01,MUN-01,CIRC-01,especial,0,
V004045,MESA-035,PUESTO-010,ZONA-10,MUN-05,CIRC-05,municipal,0,
V004046,MESA-015,PUESTO-015,ZONA-05,MUN-05,CIRC-05,municipal,0,
V004047,MESA-067,PUESTO-017,ZONA-07,MUN-02,CIRC-02,nacional,0,
V004048,MESA-030,PUESTO-005,ZONA-05,MUN-05,CIRC-05,municipal,0,
V004049,MESA-075,PUESTO-025,ZONA-05,MUN-05,CIRC-05,municipal,0,
V004050,MESA-043,PUESTO-018,ZONA-08,MUN-03,CIRC-03,municipal,0,
V004051,MESA-060,PUESTO-010,ZONA-10,MUN-05,CIRC-05,municipal,0,
V004052,MESA-040,PUESTO-015,ZONA-05,MUN-05,CIRC-05,municipal,0,
V004053,MESA-065,PUESTO-015,ZONA-05,MUN-05,CIRC-05,municipal,0,
V004054,MESA-029,PUESTO-004,ZONA-04,MUN-04,CIRC-04,nacional,0,
V004055,MESA-074,PUESTO-024,ZONA-04,MUN-04,CIRC-04,nacional,0,
V004056,MESA-019,PUESTO-019,ZONA-09,MUN-04,CIRC-04,nacional,0,
V004057,MESA-003,PUESTO-003,ZONA-03,MUN-03,CIRC-03,municipal,0,
V004058,MESA-036,PUESTO-011,ZONA-01,MUN-01,CIRC-01,especial,0,
V004059,MESA-043,PUESTO-018,ZONA-08,MUN-03,CIRC-03,municipal,0,
V004060,MESA-015,PUESTO-015,ZONA-05,MUN-05,CIRC-05,municipal,0,
V004061,MESA-041,PUESTO-016,ZONA-06,MUN-01,CIRC-01,especial,0,
V004062,MESA-080,PUESTO-005,ZONA-05,MUN-05,CIRC-05,municipal,0,
V004063,MESA-036,PUESTO-011,ZONA-01,MUN-01,CIRC-01,especial,0,
V004064,MESA-077,PUESTO-002,ZONA-02,MUN-02,CIRC-02,nacional,0,
V004065,MESA-033,PUESTO-008,ZONA-08,MUN-03,CIRC-03,municipal,0,
V004066,MESA-005,PUESTO-005,ZONA-05,MUN-05,CIRC-05,municipal,0,
V004067,MESA-078,PUESTO-003,ZONA-03,MUN-03,CIRC-03,municipal,0,
V004068,MESA-014,PUESTO-014,ZONA-04,MUN-04,CIRC-04,nacional,0,
V004069,MESA-068,PUESTO-018,ZONA-08,MUN-03,CIRC-03,municipal,0,
V004070,MESA-047,PUESTO-022,ZONA-02,MUN-02,CIRC-02,nacional,0,
V004071,MESA-054,PUESTO-004,ZONA-04,MUN-04,CIRC-04,nacional,0,
V004072,MESA-004,PUESTO-004,ZONA-04,MUN-04,CIRC-04,nacional,0,
V004073,MESA-009,PUESTO-009,ZONA-09,MUN-04,CIRC-04,nacional,0,
V004074,MESA-053,PUESTO-003,ZONA-03,MUN-03,CIRC-03,municipal,0,
V004075,MESA-077,PUESTO-002,ZONA-02,MUN-02,CIRC-02,especial,0,
V004076,MESA-078,PUESTO-003,ZONA-03,MUN-03,CIRC-03,municipal,0,
V004077,MESA-060,PUESTO-010,ZONA-10,MUN-05,CIRC-05,municipal,0,
V004078,MESA-046,PUESTO-021,ZONA-01,MUN-01,CIRC-01,especial,0,
V004079,MESA-054,PUESTO-004,ZONA-04,MUN-04,CIRC-04,nacional,0,
V004080,MESA-074,PUESTO-024,ZONA-04,MUN-04,CIRC-04,nacional,0,
V004081,MESA-037,PUESTO-012,ZONA-02,MUN-02,CIRC-02,nacional,0,
V004082,MESA-023,PUESTO-023,ZONA-03,MUN-03,CIRC-03,municipal,0,
V004083,MESA-027,PUESTO-002,ZONA-02,MUN-02,CIRC-02,nacional,0,
V004084,MESA-070,PUESTO-020,ZONA-10,MUN-05,CIRC-05,municipal,0,
V004085,MESA-066,PUESTO-016,ZONA-06,MUN-01,CIRC-01,especial,0,
V004086,MESA-061,PUESTO-011,ZONA-01,MUN-01,CIRC-01,especial,0,
V004087,MESA-077,PUESTO-002,ZONA-02,MUN-02,CIRC-02,nacional,0,
V004088,MESA-051,PUESTO-001,ZONA-01,MUN-01,CIRC-01,especial,0,
V004089,MESA-050,PUESTO-025,ZONA-05,MUN-05,CIRC-05,municipal,0,
V004090,MESA-019,PUESTO-019,ZONA-09,MUN-04,CIRC-04,nacional,0,
V004091,MESA-001,PUESTO-001,ZONA-01,MUN-01,CIRC-01,especial,0,
V004092,MESA-040,PUESTO-015,ZONA-05,MUN-05,CIRC-05,municipal,0,
V004093,MESA-032,PUESTO-007,ZONA-07,MUN-02,CIRC-02,nacional,0,
V004094,MESA-022,PUESTO-022,ZONA-02,MUN-02,CIRC-02,nacional,0,
V004095,MESA-066,PUESTO-016,ZONA-06,MUN-01,CIRC-01,especial,0,
V004096,MESA-040,PUESTO-015,ZONA-05,MUN-05,CIRC-05,municipal,0,
V004097,MESA-038,PUESTO-013,ZONA-03,MUN-03,CIRC-03,municipal,0,
V004098,MESA-048,PUESTO-023,ZONA-03,MUN-03,CIRC-03,municipal,0,
V004099,MESA-051,PUESTO-001,ZONA-01,MUN-01,CIRC-05,municipal,0,inconsistencia_simulada_mesa
V004100,MESA-075,PUESTO-025,ZONA-05,MUN-05,CIRC-05,municipal,0,
V004101,MESA-055,PUESTO-005,ZONA-05,MUN-05,CIRC-05,municipal,0,
V004102,MESA-051,PUESTO-001,ZONA-01,MUN-01,CIRC-01,especial,0,
V004103,MESA-060,PUESTO-010,ZONA-10,MUN-05,CIRC-05,municipal,0,
V004104,MESA-008,PUESTO-008,ZONA-08,MUN-03,CIRC-03,municipal,0,
V004105,MESA-068,PUESTO-018,ZONA-08,MUN-03,CIRC-03,municipal,0,
V004106,MESA-075,PUESTO-025,ZONA-05,MUN-05,CIRC-05,municipal,0,
V004107,MESA-072,PUESTO-022,ZONA-02,MUN-02,CIRC-02,nacional,0,
V004108,MESA-009,PUESTO-009,ZONA-09,MUN-04,CIRC-04,nacional,0,
V004109,MESA-002,PUESTO-002,ZONA-02,MUN-02,CIRC-02,nacional,0,
V004110,MESA-080,PUESTO-005,ZONA-05,MUN-05,CIRC-05,municipal,0,
V004111,MESA-070,PUESTO-020,ZONA-10,MUN-05,CIRC-05,municipal,0,
V004112,MESA-059,PUESTO-009,ZONA-09,MUN-04,CIRC-04,nacional,0,
V004113,MESA-019,PUESTO-019,ZONA-09,MUN-04,CIRC-04,nacional,0,
V004114,MESA-028,PUESTO-003,ZONA-03,MUN-03,CIRC-03,municipal,0,
V004115,MESA-072,PUESTO-022,ZONA-02,MUN-02,CIRC-02,nacional,0,
V004116,MESA-014,PUESTO-014,ZONA-04,MUN-04,CIRC-04,nacional,0,
V004117,MESA-024,PUESTO-024,ZONA-04,MUN-04,CIRC-04,nacional,0,
V004118,MESA-044,PUESTO-019,ZONA-09,MUN-04,CIRC-04,nacional,0,
V004119,MESA-056,PUESTO-006,ZONA-06,MUN-01,CIRC-01,especial,0,
V004120,MESA-051,PUESTO-001,ZONA-01,MUN-01,CIRC-01,especial,0,
V004121,MESA-032,PUESTO-007,ZONA-07,MUN-02,CIRC-02,nacional,0,
V004122,MESA-050,PUESTO-025,ZONA-05,MUN-05,CIRC-05,municipal,0,
V004123,MESA-041,PUESTO-016,ZONA-06,MUN-01,CIRC-01,especial,0,
V004124,MESA-066,PUESTO-016,ZONA-06,MUN-01,CIRC-01,especial,0,
V004125,MESA-025,PUESTO-025,ZONA-05,MUN-05,CIRC-05,municipal,0,
V004126,MESA-061,PUESTO-011,ZONA-01,MUN-01,CIRC-01,especial,0,
V004127,MESA-066,PUESTO-016,ZONA-06,MUN-01,CIRC-01,especial,0,
V004128,MESA-042,PUESTO-017,ZONA-07,MUN-02,CIRC-02,nacional,0,
V004129,MESA-065,PUESTO-015,ZONA-05,MUN-05,CIRC-05,municipal,0,
V004130,MESA-036,PUESTO-011,ZONA-01,MUN-01,CIRC-01,especial,0,
V004131,MESA-076,PUESTO-001,ZONA-01,MUN-01,CIRC-01,especial,0,
V004132,MESA-009,PUESTO-009,ZONA-09,MUN-04,CIRC-04,nacional,0,
V004133,MESA-036,PUESTO-011,ZONA-01,MUN-01,CIRC-01,especial,0,
V004134,MESA-038,PUESTO-013,ZONA-03,MUN-03,CIRC-03,municipal,0,
V004135,MESA-033,PUESTO-008,ZONA-08,MUN-03,CIRC-03,municipal,0,
V004136,MESA-042,PUESTO-017,ZONA-07,MUN-02,CIRC-02,nacional,0,
V004137,MESA-061,PUESTO-011,ZONA-01,MUN-01,CIRC-01,especial,0,
V004138,MESA-046,PUESTO-021,ZONA-01,MUN-01,CIRC-01,especial,0,
V004139,MESA-061,PUESTO-011,ZONA-01,MUN-01,CIRC-01,especial,0,
V004140,MESA-018,PUESTO-018,ZONA-08,MUN-03,CIRC-03,municipal,0,
V004141,MESA-070,PUESTO-020,ZONA-10,MUN-05,CIRC-05,municipal,0,
V004142,MESA-080,PUESTO-005,ZONA-05,MUN-05,CIRC-05,municipal,0,
V004143,MESA-015,PUESTO-015,ZONA-05,MUN-05,CIRC-05,municipal,0,
V004144,MESA-048,PUESTO-023,ZONA-03,MUN-03,CIRC-03,municipal,0,
V004145,MESA-072,PUESTO-022,ZONA-02,MUN-02,CIRC-02,nacional,0,
V004146,MESA-013,PUESTO-013,ZONA-03,MUN-03,CIRC-03,municipal,0,
V004147,MESA-043,PUESTO-018,ZONA-08,MUN-03,CIRC-03,municipal,0,
V004148,MESA-060,PUESTO-010,ZONA-10,MUN-05,CIRC-05,municipal,0,
V004149,MESA-057,PUESTO-007,ZONA-07,MUN-02,CIRC-02,nacional,0,
V004150,MESA-071,PUESTO-021,ZONA-01,MUN-01,CIRC-01,especial,0,
V004151,MESA-017,PUESTO-017,ZONA-07,MUN-02,CIRC-02,nacional,0,
V004152,MESA-050,PUESTO-025,ZONA-05,MUN-05,CIRC-05,municipal,0,
V004153,MESA-032,PUESTO-007,ZONA-07,MUN-02,CIRC-02,nacional,0,
V004154,MESA-022,PUESTO-022,ZONA-02,MUN-02,CIRC-02,nacional,0,
V004155,MESA-055,PUESTO-005,ZONA-05,MUN-05,CIRC-05,municipal,0,
V004156,MESA-057,PUESTO-007,ZONA-07,MUN-02,CIRC-02,nacional,0,
V004157,MESA-013,PUESTO-013,ZONA-03,MUN-03,CIRC-03,municipal,0,
V004158,MESA-047,PUESTO-022,ZONA-02,MUN-02,CIRC-02,nacional,0,
V004159,MESA-062,PUESTO-012,ZONA-02,MUN-02,CIRC-02,nacional,0,
V004160,MESA-054,PUESTO-004,ZONA-04,MUN-04,CIRC-04,nacional,0,
V004161,MESA-029,PUESTO-004,ZONA-04,MUN-04,CIRC-04,nacional,0,
V004162,MESA-022,PUESTO-022,ZONA-02,MUN-02,CIRC-02,nacional,0,
V004163,MESA-065,PUESTO-015,ZONA-05,MUN-05,CIRC-05,municipal,0,
V004164,MESA-075,PUESTO-025,ZONA-05,MUN-05,CIRC-04,nacional,0,inconsistencia_simulada_mesa
V004165,MESA-048,PUESTO-023,ZONA-03,MUN-03,CIRC-03,municipal,0,
V004166,MESA-005,PUESTO-005,ZONA-05,MUN-05,CIRC-05,municipal,0,
V004167,MESA-035,PUESTO-010,ZONA-10,MUN-05,CIRC-05,municipal,0,
V004168,MESA-074,PUESTO-024,ZONA-04,MUN-04,CIRC-04,nacional,0,
V004169,MESA-071,PUESTO-021,ZONA-01,MUN-01,CIRC-01,especial,0,
V004170,MESA-046,PUESTO-021,ZONA-01,MUN-01,CIRC-01,especial,0,
V004171,MESA-035,PUESTO-010,ZONA-10,MUN-05,CIRC-05,municipal,0,
V004172,MESA-045,PUESTO-020,ZONA-10,MUN-05,CIRC-05,municipal,0,
V004173,MESA-013,PUESTO-013,ZONA-03,MUN-03,CIRC-03,municipal,0,
V004174,MESA-010,PUESTO-010,ZONA-10,MUN-05,CIRC-05,municipal,0,
V004175,MESA-066,PUESTO-016,ZONA-06,MUN-01,CIRC-01,especial,0,
V004176,MESA-070,PUESTO-020,ZONA-10,MUN-05,CIRC-05,municipal,0,
V004177,MESA-072,PUESTO-022,ZONA-02,MUN-02,CIRC-02,nacional,0,
V004178,MESA-025,PUESTO-025,ZONA-05,MUN-05,CIRC-05,municipal,0,
V004179,MESA-044,PUESTO-019,ZONA-09,MUN-04,CIRC-04,nacional,0,
V004180,MESA-060,PUESTO-010,ZONA-10,MUN-05,CIRC-05,municipal,0,
V004181,MESA-047,PUESTO-022,ZONA-02,MUN-02,CIRC-02,nacional,0,
V004182,MESA-040,PUESTO-015,ZONA-05,MUN-05,CIRC-05,municipal,0,
V004183,MESA-007,PUESTO-007,ZONA-07,MUN-02,CIRC-02,nacional,0,
V004184,MESA-046,PUESTO-021,ZONA-01,MUN-01,CIRC-01,especial,0,
V004185,MESA-023,PUESTO-023,ZONA-03,MUN-03,CIRC-03,municipal,0,
V004186,MESA-046,PUESTO-021,ZONA-01,MUN-01,CIRC-01,nacional,0,
V004187,MESA-013,PUESTO-013,ZONA-03,MUN-03,CIRC-03,municipal,0,
V004188,MESA-021,PUESTO-021,ZONA-01,MUN-01,CIRC-01,especial,0,
V004189,MESA-001,PUESTO-001,ZONA-01,MUN-01,CIRC-01,especial,0,
V004190,MESA-019,PUESTO-019,ZONA-09,MUN-04,CIRC-04,nacional,0,
V004191,MESA-060,PUESTO-010,ZONA-10,MUN-05,CIRC-05,municipal,0,
V004192,MESA-033,PUESTO-008,ZONA-08,MUN-03,CIRC-03,municipal,0,
V004193,MESA-004,PUESTO-004,ZONA-04,MUN-04,CIRC-04,nacional,0,
V004194,MESA-003,PUESTO-003,ZONA-03,MUN-03,CIRC-03,municipal,0,
V004195,MESA-052,PUESTO-002,ZONA-02,MUN-02,CIRC-02,nacional,0,
V004196,MESA-028,PUESTO-003,ZONA-03,MUN-03,CIRC-03,municipal,0,
V004197,MESA-070,PUESTO-020,ZONA-10,MUN-05,CIRC-05,municipal,0,
V004198,MESA-070,PUESTO-020,ZONA-10,MUN-05,CIRC-05,municipal,0,
V004199,MESA-055,PUESTO-005,ZONA-05,MUN-05,CIRC-05,municipal,0,
V004200,MESA-057,PUESTO-007,ZONA-07,MUN-02,CIRC-02,nacional,0,
V004201,MESA-016,PUESTO-016,ZONA-06,MUN-01,CIRC-01,especial,0,
V004202,MESA-024,PUESTO-024,ZONA-04,MUN-04,CIRC-04,nacional,0,
V004203,MESA-028,PUESTO-003,ZONA-03,MUN-03,CIRC-04,nacional,0,inconsistencia_simulada_mesa
V004204,MESA-041,PUESTO-016,ZONA-06,MUN-01,CIRC-01,especial,0,
V004205,MESA-077,PUESTO-002,ZONA-02,MUN-02,CIRC-02,nacional,0,
V004206,MESA-047,PUESTO-022,ZONA-02,MUN-02,CIRC-02,nacional,0,
V004207,MESA-076,PUESTO-001,ZONA-01,MUN-01,CIRC-01,especial,0,
V004208,MESA-069,PUESTO-019,ZONA-09,MUN-04,CIRC-04,nacional,0,
V004209,MESA-031,PUESTO-006,ZONA-06,MUN-01,CIRC-01,especial,0,
V004210,MESA-030,PUESTO-005,ZONA-05,MUN-05,CIRC-05,municipal,0,
V004211,MESA-018,PUESTO-018,ZONA-08,MUN-03,CIRC-03,municipal,0,
V004212,MESA-044,PUESTO-019,ZONA-09,MUN-04,CIRC-04,nacional,0,
V004213,MESA-027,PUESTO-002,ZONA-02,MUN-02,CIRC-02,nacional,0,
V004214,MESA-026,PUESTO-001,ZONA-01,MUN-01,CIRC-01,especial,0,
V004215,MESA-060,PUESTO-010,ZONA-10,MUN-05,CIRC-05,municipal,0,
V004216,MESA-018,PUESTO-018,ZONA-08,MUN-03,CIRC-03,municipal,0,
V004217,MESA-056,PUESTO-006,ZONA-06,MUN-01,CIRC-01,especial,0,
V004218,MESA-031,PUESTO-006,ZONA-06,MUN-01,CIRC-01,especial,0,
V004219,MESA-059,PUESTO-009,ZONA-09,MUN-04,CIRC-04,nacional,0,
V004220,MESA-002,PUESTO-002,ZONA-02,MUN-02,CIRC-02,nacional,0,
V004221,MESA-039,PUESTO-014,ZONA-04,MUN-04,CIRC-04,nacional,0,
V004222,MESA-061,PUESTO-011,ZONA-01,MUN-01,CIRC-01,especial,0,
V004223,MESA-063,PUESTO-013,ZONA-03,MUN-03,CIRC-03,municipal,0,
V004224,MESA-018,PUESTO-018,ZONA-08,MUN-03,CIRC-03,municipal,0,
V004225,MESA-017,PUESTO-017,ZONA-07,MUN-02,CIRC-02,nacional,0,
V004226,MESA-039,PUESTO-014,ZONA-04,MUN-04,CIRC-04,nacional,0,
V004227,MESA-071,PUESTO-021,ZONA-01,MUN-01,CIRC-01,especial,0,
V004228,MESA-054,PUESTO-004,ZONA-04,MUN-04,CIRC-04,nacional,0,
V004229,MESA-076,PUESTO-001,ZONA-01,MUN-01,CIRC-01,especial,0,
V004230,MESA-035,PUESTO-010,ZONA-10,MUN-05,CIRC-05,municipal,0,
V004231,MESA-011,PUESTO-011,ZONA-01,MUN-01,CIRC-01,especial,0,
V004232,MESA-061,PUESTO-011,ZONA-01,MUN-01,CIRC-01,especial,0,
V004233,MESA-044,PUESTO-019,ZONA-09,MUN-04,CIRC-04,nacional,0,
V004234,MESA-068,PUESTO-018,ZONA-08,MUN-03,CIRC-03,municipal,0,
V004235,MESA-025,PUESTO-025,ZONA-05,MUN-05,CIRC-05,municipal,0,
V004236,MESA-048,PUESTO-023,ZONA-03,MUN-03,CIRC-03,municipal,0,
V004237,MESA-032,PUESTO-007,ZONA-07,MUN-02,CIRC-02,nacional,0,
V004238,MESA-004,PUESTO-004,ZONA-04,MUN-04,CIRC-04,nacional,0,
V004239,MESA-038,PUESTO-013,ZONA-03,MUN-03,CIRC-03,municipal,0,
V004240,MESA-063,PUESTO-013,ZONA-03,MUN-03,CIRC-03,municipal,0,
V004241,MESA-047,PUESTO-022,ZONA-02,MUN-02,CIRC-02,nacional,0,
V004242,MESA-001,PUESTO-001,ZONA-01,MUN-01,CIRC-01,especial,0,
V004243,MESA-003,PUESTO-003,ZONA-03,MUN-03,CIRC-03,municipal,0,
V004244,MESA-062,PUESTO-012,ZONA-02,MUN-02,CIRC-02,nacional,0,
V004245,MESA-064,PUESTO-014,ZONA-04,MUN-04,CIRC-04,nacional,0,
V004246,MESA-017,PUESTO-017,ZONA-07,MUN-02,CIRC-02,nacional,0,
V004247,MESA-078,PUESTO-003,ZONA-03,MUN-03,CIRC-03,municipal,0,
V004248,MESA-062,PUESTO-012,ZONA-02,MUN-02,CIRC-02,nacional,0,
V004249,MESA-035,PUESTO-010,ZONA-10,MUN-05,CIRC-05,municipal,0,
V004250,MESA-013,PUESTO-013,ZONA-03,MUN-03,CIRC-03,municipal,0,
V004251,MESA-035,PUESTO-010,ZONA-10,MUN-05,CIRC-05,municipal,0,
V004252,MESA-043,PUESTO-018,ZONA-08,MUN-03,CIRC-03,municipal,0,
V004253,MESA-002,PUESTO-002,ZONA-02,MUN-02,CIRC-02,nacional,0,
V004254,MESA-056,PUESTO-006,ZONA-06,MUN-01,CIRC-01,especial,0,
V004255,MESA-077,PUESTO-002,ZONA-02,MUN-02,CIRC-02,nacional,0,
V004256,MESA-051,PUESTO-001,ZONA-01,MUN-01,CIRC-01,especial,0,
V004257,MESA-054,PUESTO-004,ZONA-04,MUN-04,CIRC-04,nacional,0,
V004258,MESA-016,PUESTO-016,ZONA-06,MUN-01,CIRC-01,especial,0,
V004259,MESA-018,PUESTO-018,ZONA-08,MUN-03,CIRC-03,municipal,0,
V004260,MESA-007,PUESTO-007,ZONA-07,MUN-02,CIRC-02,nacional,0,
V004261,MESA-045,PUESTO-020,ZONA-10,MUN-05,CIRC-05,municipal,0,
V004262,MESA-036,PUESTO-011,ZONA-01,MUN-01,CIRC-01,especial,0,
V004263,MESA-041,PUESTO-016,ZONA-06,MUN-01,CIRC-01,especial,0,
V004264,MESA-042,PUESTO-017,ZONA-07,MUN-02,CIRC-02,nacional,0,
V004265,MESA-007,PUESTO-007,ZONA-07,MUN-02,CIRC-02,nacional,0,
V004266,MESA-015,PUESTO-015,ZONA-05,MUN-05,CIRC-05,municipal,0,
V004267,MESA-060,PUESTO-010,ZONA-10,MUN-05,CIRC-05,municipal,0,
V004268,MESA-040,PUESTO-015,ZONA-05,MUN-05,CIRC-05,municipal,0,
V004269,MESA-037,PUESTO-012,ZONA-02,MUN-02,CIRC-02,nacional,0,
V004270,MESA-066,PUESTO-016,ZONA-06,MUN-01,CIRC-01,especial,0,
V004271,MESA-055,PUESTO-005,ZONA-05,MUN-05,CIRC-05,municipal,0,
V004272,MESA-077,PUESTO-002,ZONA-02,MUN-02,CIRC-02,nacional,0,
V004273,MESA-080,PUESTO-005,ZONA-05,MUN-05,CIRC-05,municipal,0,
V004274,MESA-056,PUESTO-006,ZONA-06,MUN-01,CIRC-01,especial,0,
V004275,MESA-044,PUESTO-019,ZONA-09,MUN-04,CIRC-04,nacional,0,
V004276,MESA-057,PUESTO-007,ZONA-07,MUN-02,CIRC-02,nacional,0,
V004277,MESA-006,PUESTO-006,ZONA-06,MUN-01,CIRC-01,especial,0,
V004278,MESA-032,PUESTO-007,ZONA-07,MUN-02,CIRC-02,nacional,0,
V004279,MESA-074,PUESTO-024,ZONA-04,MUN-04,CIRC-04,nacional,0,
V004280,MESA-018,PUESTO-018,ZONA-08,MUN-03,CIRC-03,municipal,0,
V004281,MESA-068,PUESTO-018,ZONA-08,MUN-03,CIRC-03,municipal,0,
V004282,MESA-073,PUESTO-023,ZONA-03,MUN-03,CIRC-03,municipal,0,
V004283,MESA-007,PUESTO-007,ZONA-07,MUN-02,CIRC-02,nacional,0,
V004284,MESA-008,PUESTO-008,ZONA-08,MUN-03,CIRC-03,municipal,0,
V004285,MESA-064,PUESTO-014,ZONA-04,MUN-04,CIRC-04,nacional,0,
V004286,MESA-007,PUESTO-007,ZONA-07,MUN-02,CIRC-02,nacional,0,
V004287,MESA-041,PUESTO-016,ZONA-06,MUN-01,CIRC-01,especial,0,
V004288,MESA-040,PUESTO-015,ZONA-05,MUN-05,CIRC-05,municipal,0,
V004289,MESA-003,PUESTO-003,ZONA-03,MUN-03,CIRC-01,municipal,0,
V004290,MESA-017,PUESTO-017,ZONA-07,MUN-02,CIRC-02,nacional,0,
V004291,MESA-066,PUESTO-016,ZONA-06,MUN-01,CIRC-01,especial,0,
V004292,MESA-079,PUESTO-004,ZONA-04,MUN-04,CIRC-04,nacional,0,
V004293,MESA-052,PUESTO-002,ZONA-02,MUN-02,CIRC-02,nacional,0,
V004294,MESA-022,PUESTO-022,ZONA-02,MUN-02,CIRC-02,nacional,0,
V004295,MESA-004,PUESTO-004,ZONA-04,MUN-04,CIRC-04,nacional,0,
V004296,MESA-006,PUESTO-006,ZONA-06,MUN-01,CIRC-01,especial,0,
V004297,MESA-038,PUESTO-013,ZONA-03,MUN-03,CIRC-03,municipal,0,
V004298,MESA-026,PUESTO-001,ZONA-01,MUN-01,CIRC-01,especial,0,
V004299,MESA-011,PUESTO-011,ZONA-01,MUN-01,CIRC-01,especial,0,
V004300,MESA-017,PUESTO-017,ZONA-07,MUN-02,CIRC-02,nacional,0,
V004301,MESA-031,PUESTO-006,ZONA-06,MUN-01,CIRC-01,especial,0,
V004302,MESA-077,PUESTO-002,ZONA-02,MUN-02,CIRC-02,nacional,0,
V004303,MESA-035,PUESTO-010,ZONA-10,MUN-05,CIRC-05,municipal,0,
V004304,MESA-016,PUESTO-016,ZONA-06,MUN-01,CIRC-01,especial,0,
V004305,MESA-079,PUESTO-004,ZONA-04,MUN-04,CIRC-04,nacional,0,
V004306,MESA-052,PUESTO-002,ZONA-02,MUN-02,CIRC-03,municipal,0,inconsistencia_simulada_mesa
V004307,MESA-062,PUESTO-012,ZONA-02,MUN-02,CIRC-02,nacional,0,
V004308,MESA-027,PUESTO-002,ZONA-02,MUN-02,CIRC-02,nacional,0,
V004309,MESA-035,PUESTO-010,ZONA-10,MUN-05,CIRC-05,municipal,0,
V004310,MESA-045,PUESTO-020,ZONA-10,MUN-05,CIRC-05,municipal,0,
V004311,MESA-035,PUESTO-010,ZONA-10,MUN-05,CIRC-05,municipal,0,
V004312,MESA-028,PUESTO-003,ZONA-03,MUN-03,CIRC-03,municipal,0,
V004313,MESA-009,PUESTO-009,ZONA-09,MUN-04,CIRC-04,nacional,0,
V004314,MESA-076,PUESTO-001,ZONA-01,MUN-01,CIRC-01,especial,0,
V004315,MESA-015,PUESTO-015,ZONA-05,MUN-05,CIRC-05,municipal,0,
V004316,MESA-021,PUESTO-021,ZONA-01,MUN-01,CIRC-01,especial,0,
V004317,MESA-052,PUESTO-002,ZONA-02,MUN-02,CIRC-02,nacional,0,
V004318,MESA-035,PUESTO-010,ZONA-10,MUN-05,CIRC-05,municipal,0,
V004319,MESA-051,PUESTO-001,ZONA-01,MUN-01,CIRC-01,especial,0,
V004320,MESA-055,PUESTO-005,ZONA-05,MUN-05,CIRC-05,municipal,0,
V004321,MESA-077,PUESTO-002,ZONA-02,MUN-02,CIRC-02,nacional,0,
V004322,MESA-044,PUESTO-019,ZONA-09,MUN-04,CIRC-04,nacional,0,
V004323,MESA-065,PUESTO-015,ZONA-05,MUN-05,CIRC-05,municipal,0,
V004324,MESA-080,PUESTO-005,ZONA-05,MUN-05,CIRC-05,municipal,0,
V004325,MESA-025,PUESTO-025,ZONA-05,MUN-05,CIRC-05,municipal,0,
V004326,MESA-047,PUESTO-022,ZONA-02,MUN-02,CIRC-02,nacional,0,
V004327,MESA-080,PUESTO-005,ZONA-05,MUN-05,CIRC-05,municipal,0,
V004328,MESA-056,PUESTO-006,ZONA-06,MUN-01,CIRC-01,especial,0,
V004329,MESA-038,PUESTO-013,ZONA-03,MUN-03,CIRC-03,municipal,0,
V004330,MESA-011,PUESTO-011,ZONA-01,MUN-01,CIRC-01,especial,0,
V004331,MESA-067,PUESTO-017,ZONA-07,MUN-02,CIRC-02,nacional,0,
V004332,MESA-015,PUESTO-015,ZONA-05,MUN-05,CIRC-05,municipal,0,
V004333,MESA-001,PUESTO-001,ZONA-01,MUN-01,CIRC-01,especial,0,
V004334,MESA-007,PUESTO-007,ZONA-07,MUN-02,CIRC-02,nacional,0,
V004335,MESA-001,PUESTO-001,ZONA-01,MUN-01,CIRC-01,especial,0,
V004336,MESA-049,PUESTO-024,ZONA-04,MUN-04,CIRC-04,nacional,0,
V004337,MESA-073,PUESTO-023,ZONA-03,MUN-03,CIRC-03,municipal,0,
V004338,MESA-029,PUESTO-004,ZONA-04,MUN-04,CIRC-04,nacional,0,
V004339,MESA-026,PUESTO-001,ZONA-01,MUN-01,CIRC-01,especial,0,
V004340,MESA-045,PUESTO-020,ZONA-10,MUN-05,CIRC-05,municipal,0,
V004341,MESA-071,PUESTO-021,ZONA-01,MUN-01,CIRC-01,especial,0,
V004342,MESA-012,PUESTO-012,ZONA-02,MUN-02,CIRC-02,nacional,0,
V004343,MESA-032,PUESTO-007,ZONA-07,MUN-02,CIRC-02,nacional,0,
V004344,MESA-020,PUESTO-020,ZONA-10,MUN-05,CIRC-05,municipal,0,
V004345,MESA-051,PUESTO-001,ZONA-01,MUN-01,CIRC-01,especial,0,
V004346,MESA-036,PUESTO-011,ZONA-01,MUN-01,CIRC-01,especial,0,
V004347,MESA-067,PUESTO-017,ZONA-07,MUN-02,CIRC-02,nacional,0,
V004348,MESA-001,PUESTO-001,ZONA-01,MUN-01,CIRC-01,especial,0,
V004349,MESA-027,PUESTO-002,ZONA-02,MUN-02,CIRC-02,nacional,0,
V004350,MESA-040,PUESTO-015,ZONA-05,MUN-05,CIRC-05,municipal,0,
V004351,MESA-014,PUESTO-014,ZONA-04,MUN-04,CIRC-04,nacional,0,
V004352,MESA-069,PUESTO-019,ZONA-09,MUN-04,CIRC-04,nacional,0,
V004353,MESA-079,PUESTO-004,ZONA-04,MUN-04,CIRC-04,nacional,0,
V004354,MESA-006,PUESTO-006,ZONA-06,MUN-01,CIRC-01,especial,0,
V004355,MESA-033,PUESTO-008,ZONA-08,MUN-03,CIRC-03,municipal,0,
V004356,MESA-055,PUESTO-005,ZONA-05,MUN-05,CIRC-05,municipal,0,
V004357,MESA-019,PUESTO-019,ZONA-09,MUN-04,CIRC-04,nacional,0,
V004358,MESA-077,PUESTO-002,ZONA-02,MUN-02,CIRC-02,nacional,0,
V004359,MESA-029,PUESTO-004,ZONA-04,MUN-04,CIRC-04,nacional,0,
V004360,MESA-061,PUESTO-011,ZONA-01,MUN-01,CIRC-01,especial,0,
V004361,MESA-070,PUESTO-020,ZONA-10,MUN-05,CIRC-05,municipal,0,
V004362,MESA-079,PUESTO-004,ZONA-04,MUN-04,CIRC-04,nacional,0,
V004363,MESA-080,PUESTO-005,ZONA-05,MUN-05,CIRC-05,municipal,0,
V004364,MESA-024,PUESTO-024,ZONA-04,MUN-04,CIRC-04,nacional,0,
V004365,MESA-023,PUESTO-023,ZONA-03,MUN-03,CIRC-03,municipal,0,
V004366,MESA-010,PUESTO-010,ZONA-10,MUN-05,CIRC-05,municipal,0,
V004367,MESA-054,PUESTO-004,ZONA-04,MUN-04,CIRC-04,nacional,0,
V004368,MESA-041,PUESTO-016,ZONA-06,MUN-01,CIRC-01,especial,0,
V004369,MESA-049,PUESTO-024,ZONA-04,MUN-04,CIRC-04,nacional,0,
V004370,MESA-017,PUESTO-017,ZONA-07,MUN-02,CIRC-02,nacional,0,
V004371,MESA-056,PUESTO-006,ZONA-06,MUN-01,CIRC-01,especial,0,
V004372,MESA-045,PUESTO-020,ZONA-10,MUN-05,CIRC-05,municipal,0,
V004373,MESA-030,PUESTO-005,ZONA-05,MUN-05,CIRC-05,municipal,0,
V004374,MESA-037,PUESTO-012,ZONA-02,MUN-02,CIRC-04,nacional,0,inconsistencia_simulada_mesa
V004375,MESA-074,PUESTO-024,ZONA-04,MUN-04,CIRC-04,nacional,0,
V004376,MESA-055,PUESTO-005,ZONA-05,MUN-05,CIRC-05,municipal,0,
V004377,MESA-019,PUESTO-019,ZONA-09,MUN-04,CIRC-04,nacional,0,
V004378,MESA-029,PUESTO-004,ZONA-04,MUN-04,CIRC-04,nacional,0,
V004379,MESA-002,PUESTO-002,ZONA-02,MUN-02,CIRC-02,nacional,0,
V004380,MESA-036,PUESTO-011,ZONA-01,MUN-01,CIRC-01,especial,0,
V004381,MESA-019,PUESTO-019,ZONA-09,MUN-04,CIRC-04,nacional,0,
V004382,MESA-007,PUESTO-007,ZONA-07,MUN-02,CIRC-02,nacional,0,
V004383,MESA-026,PUESTO-001,ZONA-01,MUN-01,CIRC-01,especial,0,
V004384,MESA-079,PUESTO-004,ZONA-04,MUN-04,CIRC-04,nacional,0,
V004385,MESA-038,PUESTO-013,ZONA-03,MUN-03,CIRC-03,municipal,0,
V004386,MESA-003,PUESTO-003,ZONA-03,MUN-03,CIRC-03,municipal,0,
V004387,MESA-080,PUESTO-005,ZONA-05,MUN-05,CIRC-05,municipal,0,
V004388,MESA-066,PUESTO-016,ZONA-06,MUN-01,CIRC-01,especial,0,
V004389,MESA-071,PUESTO-021,ZONA-01,MUN-01,CIRC-01,especial,0,
V004390,MESA-043,PUESTO-018,ZONA-08,MUN-03,CIRC-03,municipal,0,
V004391,MESA-062,PUESTO-012,ZONA-02,MUN-02,CIRC-02,nacional,0,
V004392,MESA-071,PUESTO-021,ZONA-01,MUN-01,CIRC-01,especial,0,
V004393,MESA-024,PUESTO-024,ZONA-04,MUN-04,CIRC-04,nacional,0,
V004394,MESA-039,PUESTO-014,ZONA-04,MUN-04,CIRC-04,nacional,0,
V004395,MESA-068,PUESTO-018,ZONA-08,MUN-03,CIRC-03,municipal,0,
V004396,MESA-044,PUESTO-019,ZONA-09,MUN-04,CIRC-04,nacional,0,
V004397,MESA-005,PUESTO-005,ZONA-05,MUN-05,CIRC-05,municipal,0,
V004398,MESA-055,PUESTO-005,ZONA-05,MUN-05,CIRC-05,municipal,0,
V004399,MESA-030,PUESTO-005,ZONA-05,MUN-05,CIRC-05,municipal,0,
V004400,MESA-029,PUESTO-004,ZONA-04,MUN-04,CIRC-04,nacional,0,
V004401,MESA-026,PUESTO-001,ZONA-01,MUN-01,CIRC-01,especial,0,
V004402,MESA-026,PUESTO-001,ZONA-01,MUN-01,CIRC-01,especial,0,
V004403,MESA-037,PUESTO-012,ZONA-02,MUN-02,CIRC-02,nacional,0,
V004404,MESA-053,PUESTO-003,ZONA-03,MUN-03,CIRC-03,municipal,0,
V004405,MESA-030,PUESTO-005,ZONA-05,MUN-05,CIRC-05,municipal,0,
V004406,MESA-003,PUESTO-003,ZONA-03,MUN-03,CIRC-03,municipal,0,
V004407,MESA-043,PUESTO-018,ZONA-08,MUN-03,CIRC-03,municipal,0,
V004408,MESA-007,PUESTO-007,ZONA-07,MUN-02,CIRC-02,nacional,0,
V004409,MESA-049,PUESTO-024,ZONA-04,MUN-04,CIRC-04,nacional,0,
V004410,MESA-073,PUESTO-023,ZONA-03,MUN-03,CIRC-03,municipal,0,
V004411,MESA-041,PUESTO-016,ZONA-06,MUN-01,CIRC-01,especial,0,
V004412,MESA-074,PUESTO-024,ZONA-04,MUN-04,CIRC-02,nacional,0,inconsistencia_simulada_mesa
V004413,MESA-079,PUESTO-004,ZONA-04,MUN-04,CIRC-04,nacional,0,
V004414,MESA-054,PUESTO-004,ZONA-04,MUN-04,CIRC-04,nacional,0,
V004415,MESA-069,PUESTO-019,ZONA-09,MUN-04,CIRC-04,nacional,0,
V004416,MESA-027,PUESTO-002,ZONA-02,MUN-02,CIRC-02,nacional,0,
V004417,MESA-008,PUESTO-008,ZONA-08,MUN-03,CIRC-03,municipal,0,
V004418,MESA-032,PUESTO-007,ZONA-07,MUN-02,CIRC-02,nacional,0,
V004419,MESA-064,PUESTO-014,ZONA-04,MUN-04,CIRC-04,nacional,0,
V004420,MESA-010,PUESTO-010,ZONA-10,MUN-05,CIRC-05,municipal,0,
V004421,MESA-013,PUESTO-013,ZONA-03,MUN-03,CIRC-03,municipal,0,
V004422,MESA-063,PUESTO-013,ZONA-03,MUN-03,CIRC-03,municipal,0,
V004423,MESA-035,PUESTO-010,ZONA-10,MUN-05,CIRC-05,especial,0,
V004424,MESA-061,PUESTO-011,ZONA-01,MUN-01,CIRC-01,especial,0,
V004425,MESA-054,PUESTO-004,ZONA-04,MUN-04,CIRC-04,nacional,0,
V004426,MESA-008,PUESTO-008,ZONA-08,MUN-03,CIRC-03,municipal,0,
V004427,MESA-029,PUESTO-004,ZONA-04,MUN-04,CIRC-04,nacional,0,
V004428,MESA-041,PUESTO-016,ZONA-06,MUN-01,CIRC-01,especial,0,
V004429,MESA-030,PUESTO-005,ZONA-05,MUN-05,CIRC-05,municipal,0,
V004430,MESA-021,PUESTO-021,ZONA-01,MUN-01,CIRC-01,especial,0,
V004431,MESA-076,PUESTO-001,ZONA-01,MUN-01,CIRC-01,especial,0,
V004432,MESA-011,PUESTO-011,ZONA-01,MUN-01,CIRC-01,especial,0,
V004433,MESA-002,PUESTO-002,ZONA-02,MUN-02,CIRC-02,nacional,0,
V004434,MESA-050,PUESTO-025,ZONA-05,MUN-05,CIRC-05,municipal,0,
V004435,MESA-041,PUESTO-016,ZONA-06,MUN-01,CIRC-01,especial,0,
V004436,MESA-066,PUESTO-016,ZONA-06,MUN-01,CIRC-01,especial,0,
V004437,MESA-003,PUESTO-003,ZONA-03,MUN-03,CIRC-03,municipal,0,
V004438,MESA-080,PUESTO-005,ZONA-05,MUN-05,CIRC-05,municipal,0,
V004439,MESA-051,PUESTO-001,ZONA-01,MUN-01,CIRC-01,especial,0,
V004440,MESA-068,PUESTO-018,ZONA-08,MUN-03,CIRC-03,municipal,0,
V004441,MESA-025,PUESTO-025,ZONA-05,MUN-05,CIRC-05,municipal,0,
V004442,MESA-030,PUESTO-005,ZONA-05,MUN-05,CIRC-05,municipal,0,
V004443,MESA-011,PUESTO-011,ZONA-01,MUN-01,CIRC-01,especial,0,
V004444,MESA-017,PUESTO-017,ZONA-07,MUN-02,CIRC-02,nacional,0,
V004445,MESA-026,PUESTO-001,ZONA-01,MUN-01,CIRC-01,especial,0,
V004446,MESA-023,PUESTO-023,ZONA-03,MUN-03,CIRC-03,municipal,0,
V004447,MESA-056,PUESTO-006,ZONA-06,MUN-01,CIRC-01,especial,0,
V004448,MESA-052,PUESTO-002,ZONA-02,MUN-02,CIRC-02,nacional,0,
V004449,MESA-048,PUESTO-023,ZONA-03,MUN-03,CIRC-03,municipal,0,
V004450,MESA-020,PUESTO-020,ZONA-10,MUN-05,CIRC-05,municipal,0,
V004451,MESA-002,PUESTO-002,ZONA-02,MUN-02,CIRC-02,nacional,0,
V004452,MESA-031,PUESTO-006,ZONA-06,MUN-01,CIRC-01,especial,0,
V004453,MESA-027,PUESTO-002,ZONA-02,MUN-02,CIRC-02,nacional,0,
V004454,MESA-002,PUESTO-002,ZONA-02,MUN-02,CIRC-02,nacional,0,
V004455,MESA-078,PUESTO-003,ZONA-03,MUN-03,CIRC-03,municipal,0,
V004456,MESA-004,PUESTO-004,ZONA-04,MUN-04,CIRC-04,nacional,0,
V004457,MESA-013,PUESTO-013,ZONA-03,MUN-03,CIRC-03,municipal,0,
V004458,MESA-035,PUESTO-010,ZONA-10,MUN-05,CIRC-05,municipal,0,
V004459,MESA-035,PUESTO-010,ZONA-10,MUN-05,CIRC-02,nacional,0,inconsistencia_simulada_mesa
V004460,MESA-066,PUESTO-016,ZONA-06,MUN-01,CIRC-01,especial,0,
V004461,MESA-006,PUESTO-006,ZONA-06,MUN-01,CIRC-01,especial,0,
V004462,MESA-031,PUESTO-006,ZONA-06,MUN-01,CIRC-01,especial,0,
V004463,MESA-010,PUESTO-010,ZONA-10,MUN-05,CIRC-05,municipal,0,
V004464,MESA-021,PUESTO-021,ZONA-01,MUN-01,CIRC-01,especial,0,
V004465,MESA-074,PUESTO-024,ZONA-04,MUN-04,CIRC-04,nacional,0,
V004466,MESA-058,PUESTO-008,ZONA-08,MUN-03,CIRC-03,municipal,0,inconsistencia_simulada_mesa
V004467,MESA-003,PUESTO-003,ZONA-03,MUN-03,CIRC-03,municipal,0,
V004468,MESA-032,PUESTO-007,ZONA-07,MUN-02,CIRC-02,nacional,0,
V004469,MESA-020,PUESTO-020,ZONA-10,MUN-05,CIRC-05,municipal,0,
V004470,MESA-074,PUESTO-024,ZONA-04,MUN-04,CIRC-04,nacional,0,
V004471,MESA-029,PUESTO-004,ZONA-04,MUN-04,CIRC-04,nacional,0,
V004472,MESA-052,PUESTO-002,ZONA-02,MUN-02,CIRC-02,nacional,0,
V004473,MESA-046,PUESTO-021,ZONA-01,MUN-01,CIRC-01,especial,0,
V004474,MESA-034,PUESTO-009,ZONA-09,MUN-04,CIRC-04,nacional,0,
V004475,MESA-061,PUESTO-011,ZONA-01,MUN-01,CIRC-01,especial,0,
V004476,MESA-072,PUESTO-022,ZONA-02,MUN-02,CIRC-02,nacional,0,
V004477,MESA-071,PUESTO-021,ZONA-01,MUN-01,CIRC-01,especial,0,
V004478,MESA-070,PUESTO-020,ZONA-10,MUN-05,CIRC-05,municipal,0,
V004479,MESA-011,PUESTO-011,ZONA-01,MUN-01,CIRC-01,especial,0,
V004480,MESA-063,PUESTO-013,ZONA-03,MUN-03,CIRC-03,municipal,0,
V004481,MESA-021,PUESTO-021,ZONA-01,MUN-01,CIRC-01,especial,0,
V004482,MESA-003,PUESTO-003,ZONA-03,MUN-03,CIRC-03,municipal,0,
V004483,MESA-010,PUESTO-010,ZONA-10,MUN-05,CIRC-05,municipal,0,
V004484,MESA-027,PUESTO-002,ZONA-02,MUN-02,CIRC-02,nacional,0,
V004485,MESA-012,PUESTO-012,ZONA-02,MUN-02,CIRC-05,nacional,0,
V004486,MESA-007,PUESTO-007,ZONA-07,MUN-02,CIRC-02,nacional,0,
V004487,MESA-017,PUESTO-017,ZONA-07,MUN-02,CIRC-02,nacional,0,
V004488,MESA-065,PUESTO-015,ZONA-05,MUN-05,CIRC-05,municipal,0,
V004489,MESA-064,PUESTO-014,ZONA-04,MUN-04,CIRC-04,nacional,0,
V004490,MESA-026,PUESTO-001,ZONA-01,MUN-01,CIRC-01,especial,0,
V004491,MESA-015,PUESTO-015,ZONA-05,MUN-05,CIRC-05,municipal,0,
V004492,MESA-033,PUESTO-008,ZONA-08,MUN-03,CIRC-03,municipal,0,
V004493,MESA-062,PUESTO-012,ZONA-02,MUN-02,CIRC-02,nacional,0,
V004494,MESA-047,PUESTO-022,ZONA-02,MUN-02,CIRC-02,nacional,0,
V004495,MESA-035,PUESTO-010,ZONA-10,MUN-05,CIRC-05,municipal,0,
V004496,MESA-065,PUESTO-015,ZONA-05,MUN-05,CIRC-05,municipal,0,
V004497,MESA-072,PUESTO-022,ZONA-02,MUN-02,CIRC-02,nacional,0,
V004498,MESA-076,PUESTO-001,ZONA-01,MUN-01,CIRC-01,especial,0,
V004499,MESA-025,PUESTO-025,ZONA-05,MUN-05,CIRC-05,municipal,0,
V004500,MESA-057,PUESTO-007,ZONA-07,MUN-02,CIRC-02,nacional,0,
V004501,MESA-032,PUESTO-007,ZONA-07,MUN-02,CIRC-02,nacional,0,
V004502,MESA-063,PUESTO-013,ZONA-03,MUN-03,CIRC-04,municipal,0,
V004503,MESA-012,PUESTO-012,ZONA-02,MUN-02,CIRC-02,nacional,0,
V004504,MESA-063,PUESTO-013,ZONA-03,MUN-03,CIRC-03,municipal,0,
V004505,MESA-077,PUESTO-002,ZONA-02,MUN-02,CIRC-02,nacional,0,
V004506,MESA-001,PUESTO-001,ZONA-01,MUN-01,CIRC-01,especial,0,
V004507,MESA-051,PUESTO-001,ZONA-01,MUN-01,CIRC-01,especial,0,
V004508,MESA-055,PUESTO-005,ZONA-05,MUN-05,CIRC-05,municipal,0,inconsistencia_simulada_mesa
V004509,MESA-008,PUESTO-008,ZONA-08,MUN-03,CIRC-03,municipal,0,
V004510,MESA-068,PUESTO-018,ZONA-08,MUN-03,CIRC-03,municipal,0,
V004511,MESA-005,PUESTO-005,ZONA-05,MUN-05,CIRC-05,municipal,0,
V004512,MESA-039,PUESTO-014,ZONA-04,MUN-04,CIRC-04,nacional,0,
V004513,MESA-023,PUESTO-023,ZONA-03,MUN-03,CIRC-03,municipal,0,
V004514,MESA-068,PUESTO-018,ZONA-08,MUN-03,CIRC-03,municipal,0,
V004515,MESA-052,PUESTO-002,ZONA-02,MUN-02,CIRC-02,nacional,0,
V004516,MESA-004,PUESTO-004,ZONA-04,MUN-04,CIRC-04,nacional,0,
V004517,MESA-047,PUESTO-022,ZONA-02,MUN-02,CIRC-02,nacional,0,
V004518,MESA-021,PUESTO-021,ZONA-01,MUN-01,CIRC-01,especial,0,
V004519,MESA-056,PUESTO-006,ZONA-06,MUN-01,CIRC-01,especial,0,
V004520,MESA-066,PUESTO-016,ZONA-06,MUN-01,CIRC-01,especial,0,
V004521,MESA-059,PUESTO-009,ZONA-09,MUN-04,CIRC-04,nacional,0,
V004522,MESA-007,PUESTO-007,ZONA-07,MUN-02,CIRC-02,nacional,0,
V004523,MESA-049,PUESTO-024,ZONA-04,MUN-04,CIRC-04,nacional,0,
V004524,MESA-016,PUESTO-016,ZONA-06,MUN-01,CIRC-01,especial,0,
V004525,MESA-017,PUESTO-017,ZONA-07,MUN-02,CIRC-02,nacional,0,
V004526,MESA-075,PUESTO-025,ZONA-05,MUN-05,CIRC-05,municipal,0,
V004527,MESA-034,PUESTO-009,ZONA-09,MUN-04,CIRC-04,nacional,0,
V004528,MESA-033,PUESTO-008,ZONA-08,MUN-03,CIRC-03,municipal,0,
V004529,MESA-025,PUESTO-025,ZONA-05,MUN-05,CIRC-01,especial,0,inconsistencia_simulada_mesa
V004530,MESA-066,PUESTO-016,ZONA-06,MUN-01,CIRC-01,especial,0,
V004531,MESA-063,PUESTO-013,ZONA-03,MUN-03,CIRC-03,municipal,0,
V004532,MESA-041,PUESTO-016,ZONA-06,MUN-01,CIRC-01,especial,0,
V004533,MESA-058,PUESTO-008,ZONA-08,MUN-03,CIRC-03,municipal,0,
V004534,MESA-079,PUESTO-004,ZONA-04,MUN-04,CIRC-04,nacional,0,
V004535,MESA-010,PUESTO-010,ZONA-10,MUN-05,CIRC-05,municipal,0,
V004536,MESA-015,PUESTO-015,ZONA-05,MUN-05,CIRC-05,municipal,0,
V004537,MESA-042,PUESTO-017,ZONA-07,MUN-02,CIRC-02,nacional,0,
V004538,MESA-057,PUESTO-007,ZONA-07,MUN-02,CIRC-02,nacional,0,
V004539,MESA-017,PUESTO-017,ZONA-07,MUN-02,CIRC-02,nacional,0,
V004540,MESA-060,PUESTO-010,ZONA-10,MUN-05,CIRC-05,municipal,0,
V004541,MESA-009,PUESTO-009,ZONA-09,MUN-04,CIRC-04,nacional,0,
V004542,MESA-036,PUESTO-011,ZONA-01,MUN-01,CIRC-01,especial,0,
V004543,MESA-073,PUESTO-023,ZONA-03,MUN-03,CIRC-03,municipal,0,
V004544,MESA-080,PUESTO-005,ZONA-05,MUN-05,CIRC-05,especial,0,
V004545,MESA-036,PUESTO-011,ZONA-01,MUN-01,CIRC-01,especial,0,
V004546,MESA-048,PUESTO-023,ZONA-03,MUN-03,CIRC-03,municipal,0,
V004547,MESA-058,PUESTO-008,ZONA-08,MUN-03,CIRC-01,especial,0,inconsistencia_simulada_mesa
V004548,MESA-070,PUESTO-020,ZONA-10,MUN-05,CIRC-05,municipal,0,
V004549,MESA-074,PUESTO-024,ZONA-04,MUN-04,CIRC-04,nacional,0,
V004550,MESA-080,PUESTO-005,ZONA-05,MUN-05,CIRC-05,municipal,0,
V004551,MESA-068,PUESTO-018,ZONA-08,MUN-03,CIRC-03,municipal,0,
V004552,MESA-022,PUESTO-022,ZONA-02,MUN-02,CIRC-02,nacional,0,
V004553,MESA-077,PUESTO-002,ZONA-02,MUN-02,CIRC-02,nacional,0,
V004554,MESA-080,PUESTO-005,ZONA-05,MUN-05,CIRC-05,municipal,0,
V004555,MESA-006,PUESTO-006,ZONA-06,MUN-01,CIRC-01,especial,0,
V004556,MESA-026,PUESTO-001,ZONA-01,MUN-01,CIRC-01,especial,0,
V004557,MESA-075,PUESTO-025,ZONA-05,MUN-05,CIRC-05,municipal,0,
V004558,MESA-003,PUESTO-003,ZONA-03,MUN-03,CIRC-03,municipal,0,
V004559,MESA-052,PUESTO-002,ZONA-02,MUN-02,CIRC-02,nacional,0,
V004560,MESA-074,PUESTO-024,ZONA-04,MUN-04,CIRC-04,nacional,0,
V004561,MESA-060,PUESTO-010,ZONA-10,MUN-05,CIRC-05,municipal,0,
V004562,MESA-063,PUESTO-013,ZONA-03,MUN-03,CIRC-03,municipal,0,
V004563,MESA-065,PUESTO-015,ZONA-05,MUN-05,CIRC-05,especial,0,
V004564,MESA-052,PUESTO-002,ZONA-02,MUN-02,CIRC-02,nacional,0,
V004565,MESA-076,PUESTO-001,ZONA-01,MUN-01,CIRC-01,especial,0,
V004566,MESA-014,PUESTO-014,ZONA-04,MUN-04,CIRC-04,nacional,0,
V004567,MESA-072,PUESTO-022,ZONA-02,MUN-02,CIRC-02,nacional,0,
V004568,MESA-068,PUESTO-018,ZONA-08,MUN-03,CIRC-03,municipal,0,
V004569,MESA-028,PUESTO-003,ZONA-03,MUN-03,CIRC-03,municipal,0,
V004570,MESA-071,PUESTO-021,ZONA-01,MUN-01,CIRC-01,especial,0,
V004571,MESA-010,PUESTO-010,ZONA-10,MUN-05,CIRC-05,municipal,0,
V004572,MESA-057,PUESTO-007,ZONA-07,MUN-02,CIRC-02,nacional,0,
V004573,MESA-066,PUESTO-016,ZONA-06,MUN-01,CIRC-02,especial,0,
V004574,MESA-050,PUESTO-025,ZONA-05,MUN-05,CIRC-05,municipal,0,
V004575,MESA-014,PUESTO-014,ZONA-04,MUN-04,CIRC-04,nacional,0,
V004576,MESA-016,PUESTO-016,ZONA-06,MUN-01,CIRC-01,especial,0,
V004577,MESA-054,PUESTO-004,ZONA-04,MUN-04,CIRC-04,nacional,0,
V004578,MESA-043,PUESTO-018,ZONA-08,MUN-03,CIRC-03,municipal,0,
V004579,MESA-042,PUESTO-017,ZONA-07,MUN-02,CIRC-02,nacional,0,
V004580,MESA-022,PUESTO-022,ZONA-02,MUN-02,CIRC-02,nacional,0,
V004581,MESA-068,PUESTO-018,ZONA-08,MUN-03,CIRC-03,municipal,0,
V004582,MESA-019,PUESTO-019,ZONA-09,MUN-04,CIRC-04,nacional,0,
V004583,MESA-066,PUESTO-016,ZONA-06,MUN-01,CIRC-01,especial,0,
V004584,MESA-039,PUESTO-014,ZONA-04,MUN-04,CIRC-04,nacional,0,
V004585,MESA-073,PUESTO-023,ZONA-03,MUN-03,CIRC-03,municipal,0,
V004586,MESA-019,PUESTO-019,ZONA-09,MUN-04,CIRC-04,nacional,0,
V004587,MESA-016,PUESTO-016,ZONA-06,MUN-01,CIRC-01,especial,0,
V004588,MESA-054,PUESTO-004,ZONA-04,MUN-04,CIRC-04,nacional,0,
V004589,MESA-025,PUESTO-025,ZONA-05,MUN-05,CIRC-05,municipal,0,
V004590,MESA-018,PUESTO-018,ZONA-08,MUN-03,CIRC-03,municipal,0,
V004591,MESA-023,PUESTO-023,ZONA-03,MUN-03,CIRC-03,municipal,0,
V004592,MESA-011,PUESTO-011,ZONA-01,MUN-01,CIRC-01,especial,0,
V004593,MESA-039,PUESTO-014,ZONA-04,MUN-04,CIRC-04,nacional,0,
V004594,MESA-068,PUESTO-018,ZONA-08,MUN-03,CIRC-03,municipal,0,
V004595,MESA-025,PUESTO-025,ZONA-05,MUN-05,CIRC-05,municipal,0,
V004596,MESA-063,PUESTO-013,ZONA-03,MUN-03,CIRC-03,municipal,0,
V004597,MESA-030,PUESTO-005,ZONA-05,MUN-05,CIRC-05,municipal,0,
V004598,MESA-078,PUESTO-003,ZONA-03,MUN-03,CIRC-05,municipal,0,inconsistencia_simulada_mesa
V004599,MESA-061,PUESTO-011,ZONA-01,MUN-01,CIRC-01,especial,0,
V004600,MESA-051,PUESTO-001,ZONA-01,MUN-01,CIRC-01,especial,0,
V004601,MESA-009,PUESTO-009,ZONA-09,MUN-04,CIRC-04,nacional,0,
V004602,MESA-076,PUESTO-001,ZONA-01,MUN-01,CIRC-01,especial,0,
V004603,MESA-002,PUESTO-002,ZONA-02,MUN-02,CIRC-02,nacional,0,
V004604,MESA-005,PUESTO-005,ZONA-05,MUN-05,CIRC-05,municipal,0,
V004605,MESA-062,PUESTO-012,ZONA-02,MUN-02,CIRC-02,nacional,0,
V004606,MESA-069,PUESTO-019,ZONA-09,MUN-04,CIRC-04,nacional,0,
V004607,MESA-052,PUESTO-002,ZONA-02,MUN-02,CIRC-02,nacional,0,
V004608,MESA-005,PUESTO-005,ZONA-05,MUN-05,CIRC-05,municipal,0,
V004609,MESA-059,PUESTO-009,ZONA-09,MUN-04,CIRC-04,nacional,0,
V004610,MESA-068,PUESTO-018,ZONA-08,MUN-03,CIRC-03,municipal,0,
V004611,MESA-009,PUESTO-009,ZONA-09,MUN-04,CIRC-04,nacional,0,
V004612,MESA-022,PUESTO-022,ZONA-02,MUN-02,CIRC-02,nacional,0,
V004613,MESA-027,PUESTO-002,ZONA-02,MUN-02,CIRC-02,nacional,0,
V004614,MESA-010,PUESTO-010,ZONA-10,MUN-05,CIRC-05,municipal,0,
V004615,MESA-080,PUESTO-005,ZONA-05,MUN-05,CIRC-05,municipal,0,
V004616,MESA-061,PUESTO-011,ZONA-01,MUN-01,CIRC-01,especial,0,
V004617,MESA-051,PUESTO-001,ZONA-01,MUN-01,CIRC-01,especial,0,
V004618,MESA-010,PUESTO-010,ZONA-10,MUN-05,CIRC-05,municipal,0,
V004619,MESA-006,PUESTO-006,ZONA-06,MUN-01,CIRC-01,especial,0,
V004620,MESA-062,PUESTO-012,ZONA-02,MUN-02,CIRC-02,nacional,0,
V004621,MESA-005,PUESTO-005,ZONA-05,MUN-05,CIRC-05,nacional,0,
V004622,MESA-070,PUESTO-020,ZONA-10,MUN-05,CIRC-05,municipal,0,
V004623,MESA-063,PUESTO-013,ZONA-03,MUN-03,CIRC-03,municipal,0,
V004624,MESA-056,PUESTO-006,ZONA-06,MUN-01,CIRC-01,especial,0,
V004625,MESA-059,PUESTO-009,ZONA-09,MUN-04,CIRC-04,nacional,0,
V004626,MESA-063,PUESTO-013,ZONA-03,MUN-03,CIRC-03,municipal,0,
V004627,MESA-059,PUESTO-009,ZONA-09,MUN-04,CIRC-04,nacional,0,
V004628,MESA-051,PUESTO-001,ZONA-01,MUN-01,CIRC-01,especial,0,
V004629,MESA-050,PUESTO-025,ZONA-05,MUN-05,CIRC-05,municipal,0,
V004630,MESA-004,PUESTO-004,ZONA-04,MUN-04,CIRC-04,nacional,0,
V004631,MESA-048,PUESTO-023,ZONA-03,MUN-03,CIRC-03,municipal,0,
V004632,MESA-032,PUESTO-007,ZONA-07,MUN-02,CIRC-02,nacional,0,
V004633,MESA-051,PUESTO-001,ZONA-01,MUN-01,CIRC-01,especial,0,
V004634,MESA-052,PUESTO-002,ZONA-02,MUN-02,CIRC-02,nacional,0,
V004635,MESA-074,PUESTO-024,ZONA-04,MUN-04,CIRC-04,nacional,0,
V004636,MESA-034,PUESTO-009,ZONA-09,MUN-04,CIRC-04,nacional,0,
V004637,MESA-036,PUESTO-011,ZONA-01,MUN-01,CIRC-01,especial,0,
V004638,MESA-070,PUESTO-020,ZONA-10,MUN-05,CIRC-05,municipal,0,
V004639,MESA-043,PUESTO-018,ZONA-08,MUN-03,CIRC-03,municipal,0,
V004640,MESA-016,PUESTO-016,ZONA-06,MUN-01,CIRC-01,especial,0,
V004641,MESA-059,PUESTO-009,ZONA-09,MUN-04,CIRC-04,nacional,0,
V004642,MESA-053,PUESTO-003,ZONA-03,MUN-03,CIRC-03,municipal,0,
V004643,MESA-019,PUESTO-019,ZONA-09,MUN-04,CIRC-04,nacional,0,
V004644,MESA-041,PUESTO-016,ZONA-06,MUN-01,CIRC-01,especial,0,
V004645,MESA-047,PUESTO-022,ZONA-02,MUN-02,CIRC-02,nacional,0,
V004646,MESA-054,PUESTO-004,ZONA-04,MUN-04,CIRC-04,nacional,0,
V004647,MESA-055,PUESTO-005,ZONA-05,MUN-05,CIRC-05,municipal,0,
V004648,MESA-019,PUESTO-019,ZONA-09,MUN-04,CIRC-04,nacional,0,
V004649,MESA-062,PUESTO-012,ZONA-02,MUN-02,CIRC-02,nacional,0,
V004650,MESA-059,PUESTO-009,ZONA-09,MUN-04,CIRC-04,nacional,0,
V004651,MESA-065,PUESTO-015,ZONA-05,MUN-05,CIRC-05,municipal,0,
V004652,MESA-068,PUESTO-018,ZONA-08,MUN-03,CIRC-03,municipal,0,
V004653,MESA-028,PUESTO-003,ZONA-03,MUN-03,CIRC-03,municipal,0,
V004654,MESA-018,PUESTO-018,ZONA-08,MUN-03,CIRC-03,municipal,0,
V004655,MESA-026,PUESTO-001,ZONA-01,MUN-01,CIRC-01,especial,0,
V004656,MESA-019,PUESTO-019,ZONA-09,MUN-04,CIRC-04,nacional,0,
V004657,MESA-055,PUESTO-005,ZONA-05,MUN-05,CIRC-05,municipal,0,
V004658,MESA-067,PUESTO-017,ZONA-07,MUN-02,CIRC-02,nacional,0,inconsistencia_simulada_mesa
V004659,MESA-006,PUESTO-006,ZONA-06,MUN-01,CIRC-01,especial,0,
V004660,MESA-001,PUESTO-001,ZONA-01,MUN-01,CIRC-01,especial,0,
V004661,MESA-008,PUESTO-008,ZONA-08,MUN-03,CIRC-03,municipal,0,
V004662,MESA-051,PUESTO-001,ZONA-01,MUN-01,CIRC-01,especial,0,
V004663,MESA-025,PUESTO-025,ZONA-05,MUN-05,CIRC-05,municipal,0,
V004664,MESA-047,PUESTO-022,ZONA-02,MUN-02,CIRC-02,nacional,0,
V004665,MESA-055,PUESTO-005,ZONA-05,MUN-05,CIRC-05,municipal,0,
V004666,MESA-064,PUESTO-014,ZONA-04,MUN-04,CIRC-04,nacional,0,
V004667,MESA-010,PUESTO-010,ZONA-10,MUN-05,CIRC-05,municipal,0,
V004668,MESA-056,PUESTO-006,ZONA-06,MUN-01,CIRC-01,especial,0,
V004669,MESA-012,PUESTO-012,ZONA-02,MUN-02,CIRC-02,nacional,0,
V004670,MESA-033,PUESTO-008,ZONA-08,MUN-03,CIRC-03,municipal,0,
V004671,MESA-071,PUESTO-021,ZONA-01,MUN-01,CIRC-01,especial,0,
V004672,MESA-017,PUESTO-017,ZONA-07,MUN-02,CIRC-02,nacional,0,
V004673,MESA-061,PUESTO-011,ZONA-01,MUN-01,CIRC-01,especial,0,
V004674,MESA-010,PUESTO-010,ZONA-10,MUN-05,CIRC-05,municipal,0,
V004675,MESA-031,PUESTO-006,ZONA-06,MUN-01,CIRC-01,especial,0,
V004676,MESA-060,PUESTO-010,ZONA-10,MUN-05,CIRC-05,municipal,0,
V004677,MESA-070,PUESTO-020,ZONA-10,MUN-05,CIRC-05,municipal,0,
V004678,MESA-017,PUESTO-017,ZONA-07,MUN-02,CIRC-02,nacional,0,
V004679,MESA-050,PUESTO-025,ZONA-05,MUN-05,CIRC-05,municipal,0,
V004680,MESA-037,PUESTO-012,ZONA-02,MUN-02,CIRC-02,nacional,0,
V004681,MESA-062,PUESTO-012,ZONA-02,MUN-02,CIRC-02,nacional,0,
V004682,MESA-080,PUESTO-005,ZONA-05,MUN-05,CIRC-05,municipal,0,
V004683,MESA-072,PUESTO-022,ZONA-02,MUN-02,CIRC-02,nacional,0,
V004684,MESA-077,PUESTO-002,ZONA-02,MUN-02,CIRC-02,nacional,0,
V004685,MESA-029,PUESTO-004,ZONA-04,MUN-04,CIRC-04,nacional,0,
V004686,MESA-032,PUESTO-007,ZONA-07,MUN-02,CIRC-02,nacional,0,
V004687,MESA-080,PUESTO-005,ZONA-05,MUN-05,CIRC-05,municipal,0,
V004688,MESA-011,PUESTO-011,ZONA-01,MUN-01,CIRC-01,especial,0,
V004689,MESA-006,PUESTO-006,ZONA-06,MUN-01,CIRC-01,especial,0,
V004690,MESA-035,PUESTO-010,ZONA-10,MUN-05,CIRC-05,municipal,0,
V004691,MESA-033,PUESTO-008,ZONA-08,MUN-03,CIRC-03,municipal,0,
V004692,MESA-018,PUESTO-018,ZONA-08,MUN-03,CIRC-03,municipal,0,
V004693,MESA-037,PUESTO-012,ZONA-02,MUN-02,CIRC-02,nacional,0,
V004694,MESA-013,PUESTO-013,ZONA-03,MUN-03,CIRC-03,municipal,0,
V004695,MESA-074,PUESTO-024,ZONA-04,MUN-04,CIRC-04,nacional,0,
V004696,MESA-064,PUESTO-014,ZONA-04,MUN-04,CIRC-04,nacional,0,
V004697,MESA-001,PUESTO-001,ZONA-01,MUN-01,CIRC-01,especial,0,
V004698,MESA-063,PUESTO-013,ZONA-03,MUN-03,CIRC-03,municipal,0,
V004699,MESA-034,PUESTO-009,ZONA-09,MUN-04,CIRC-04,nacional,0,
V004700,MESA-010,PUESTO-010,ZONA-10,MUN-05,CIRC-05,municipal,0,
V004701,MESA-007,PUESTO-007,ZONA-07,MUN-02,CIRC-02,nacional,0,
V004702,MESA-056,PUESTO-006,ZONA-06,MUN-01,CIRC-01,especial,0,
V004703,MESA-080,PUESTO-005,ZONA-05,MUN-05,CIRC-05,municipal,0,
V004704,MESA-037,PUESTO-012,ZONA-02,MUN-02,CIRC-02,nacional,0,
V004705,MESA-029,PUESTO-004,ZONA-04,MUN-04,CIRC-04,nacional,0,
V004706,MESA-012,PUESTO-012,ZONA-02,MUN-02,CIRC-02,nacional,0,
V004707,MESA-017,PUESTO-017,ZONA-07,MUN-02,CIRC-02,nacional,0,
V004708,MESA-048,PUESTO-023,ZONA-03,MUN-03,CIRC-03,municipal,0,
V004709,MESA-026,PUESTO-001,ZONA-01,MUN-01,CIRC-01,especial,0,
V004710,MESA-012,PUESTO-012,ZONA-02,MUN-02,CIRC-02,nacional,0,
V004711,MESA-021,PUESTO-021,ZONA-01,MUN-01,CIRC-01,municipal,0,
V004712,MESA-042,PUESTO-017,ZONA-07,MUN-02,CIRC-02,nacional,0,
V004713,MESA-061,PUESTO-011,ZONA-01,MUN-01,CIRC-01,especial,0,
V004714,MESA-058,PUESTO-008,ZONA-08,MUN-03,CIRC-03,municipal,0,
V004715,MESA-054,PUESTO-004,ZONA-04,MUN-04,CIRC-04,nacional,0,
V004716,MESA-034,PUESTO-009,ZONA-09,MUN-04,CIRC-04,nacional,0,
V004717,MESA-007,PUESTO-007,ZONA-07,MUN-02,CIRC-02,nacional,0,
V004718,MESA-035,PUESTO-010,ZONA-10,MUN-05,CIRC-05,municipal,0,
V004719,MESA-015,PUESTO-015,ZONA-05,MUN-05,CIRC-05,municipal,0,
V004720,MESA-065,PUESTO-015,ZONA-05,MUN-05,CIRC-05,municipal,0,
V004721,MESA-025,PUESTO-025,ZONA-05,MUN-05,CIRC-05,municipal,0,
V004722,MESA-059,PUESTO-009,ZONA-09,MUN-04,CIRC-04,especial,0,
V004723,MESA-079,PUESTO-004,ZONA-04,MUN-04,CIRC-04,nacional,0,
V004724,MESA-006,PUESTO-006,ZONA-06,MUN-01,CIRC-01,especial,0,
V004725,MESA-052,PUESTO-002,ZONA-02,MUN-02,CIRC-02,nacional,0,
V004726,MESA-079,PUESTO-004,ZONA-04,MUN-04,CIRC-04,nacional,0,
V004727,MESA-021,PUESTO-021,ZONA-01,MUN-01,CIRC-01,especial,0,
V004728,MESA-071,PUESTO-021,ZONA-01,MUN-01,CIRC-01,especial,0,
V004729,MESA-032,PUESTO-007,ZONA-07,MUN-02,CIRC-02,nacional,0,
V004730,MESA-053,PUESTO-003,ZONA-03,MUN-03,CIRC-03,municipal,0,
V004731,MESA-059,PUESTO-009,ZONA-09,MUN-04,CIRC-04,nacional,0,
V004732,MESA-069,PUESTO-019,ZONA-09,MUN-04,CIRC-04,nacional,0,
V004733,MESA-062,PUESTO-012,ZONA-02,MUN-02,CIRC-02,nacional,0,
V004734,MESA-004,PUESTO-004,ZONA-04,MUN-04,CIRC-04,nacional,0,
V004735,MESA-018,PUESTO-018,ZONA-08,MUN-03,CIRC-03,municipal,0,
V004736,MESA-056,PUESTO-006,ZONA-06,MUN-01,CIRC-01,especial,0,
V004737,MESA-024,PUESTO-024,ZONA-04,MUN-04,CIRC-04,nacional,0,
V004738,MESA-066,PUESTO-016,ZONA-06,MUN-01,CIRC-01,especial,0,
V004739,MESA-013,PUESTO-013,ZONA-03,MUN-03,CIRC-03,municipal,0,
V004740,MESA-062,PUESTO-012,ZONA-02,MUN-02,CIRC-02,nacional,0,
V004741,MESA-054,PUESTO-004,ZONA-04,MUN-04,CIRC-04,nacional,0,
V004742,MESA-015,PUESTO-015,ZONA-05,MUN-05,CIRC-05,municipal,0,
V004743,MESA-069,PUESTO-019,ZONA-09,MUN-04,CIRC-04,nacional,0,
V004744,MESA-003,PUESTO-003,ZONA-03,MUN-03,CIRC-03,municipal,0,
V004745,MESA-037,PUESTO-012,ZONA-02,MUN-02,CIRC-02,nacional,0,
V004746,MESA-037,PUESTO-012,ZONA-02,MUN-02,CIRC-02,nacional,0,
V004747,MESA-003,PUESTO-003,ZONA-03,MUN-03,CIRC-03,municipal,0,
V004748,MESA-063,PUESTO-013,ZONA-03,MUN-03,CIRC-03,municipal,0,
V004749,MESA-035,PUESTO-010,ZONA-10,MUN-05,CIRC-05,municipal,0,
V004750,MESA-052,PUESTO-002,ZONA-02,MUN-02,CIRC-02,nacional,0,
V004751,MESA-028,PUESTO-003,ZONA-03,MUN-03,CIRC-03,municipal,0,
V004752,MESA-018,PUESTO-018,ZONA-08,MUN-03,CIRC-03,municipal,0,
V004753,MESA-036,PUESTO-011,ZONA-01,MUN-01,CIRC-01,especial,0,
V004754,MESA-033,PUESTO-008,ZONA-08,MUN-03,CIRC-03,municipal,0,
V004755,MESA-064,PUESTO-014,ZONA-04,MUN-04,CIRC-04,nacional,0,
V004756,MESA-026,PUESTO-001,ZONA-01,MUN-01,CIRC-01,especial,0,
V004757,MESA-048,PUESTO-023,ZONA-03,MUN-03,CIRC-03,municipal,0,
V004758,MESA-040,PUESTO-015,ZONA-05,MUN-05,CIRC-05,municipal,0,
V004759,MESA-017,PUESTO-017,ZONA-07,MUN-02,CIRC-02,nacional,0,
V004760,MESA-040,PUESTO-015,ZONA-05,MUN-05,CIRC-05,municipal,0,
V004761,MESA-007,PUESTO-007,ZONA-07,MUN-02,CIRC-02,nacional,0,
V004762,MESA-057,PUESTO-007,ZONA-07,MUN-02,CIRC-02,nacional,0,
V004763,MESA-008,PUESTO-008,ZONA-08,MUN-03,CIRC-03,municipal,0,
V004764,MESA-056,PUESTO-006,ZONA-06,MUN-01,CIRC-03,especial,0,
V004765,MESA-031,PUESTO-006,ZONA-06,MUN-01,CIRC-01,especial,0,
V004766,MESA-059,PUESTO-009,ZONA-09,MUN-04,CIRC-04,nacional,0,
V004767,MESA-058,PUESTO-008,ZONA-08,MUN-03,CIRC-03,municipal,0,
V004768,MESA-012,PUESTO-012,ZONA-02,MUN-02,CIRC-02,nacional,0,
V004769,MESA-048,PUESTO-023,ZONA-03,MUN-03,CIRC-03,municipal,0,
V004770,MESA-031,PUESTO-006,ZONA-06,MUN-01,CIRC-01,especial,0,
V004771,MESA-063,PUESTO-013,ZONA-03,MUN-03,CIRC-02,municipal,0,
V004772,MESA-074,PUESTO-024,ZONA-04,MUN-04,CIRC-04,especial,0,
V004773,MESA-039,PUESTO-014,ZONA-04,MUN-04,CIRC-04,nacional,0,
V004774,MESA-076,PUESTO-001,ZONA-01,MUN-01,CIRC-01,especial,0,
V004775,MESA-020,PUESTO-020,ZONA-10,MUN-05,CIRC-05,municipal,0,
V004776,MESA-048,PUESTO-023,ZONA-03,MUN-03,CIRC-03,municipal,0,
V004777,MESA-071,PUESTO-021,ZONA-01,MUN-01,CIRC-01,especial,0,
V004778,MESA-054,PUESTO-004,ZONA-04,MUN-04,CIRC-04,nacional,0,
V004779,MESA-078,PUESTO-003,ZONA-03,MUN-03,CIRC-03,municipal,0,
V004780,MESA-075,PUESTO-025,ZONA-05,MUN-05,CIRC-05,municipal,0,
V004781,MESA-071,PUESTO-021,ZONA-01,MUN-01,CIRC-01,especial,0,
V004782,MESA-029,PUESTO-004,ZONA-04,MUN-04,CIRC-04,nacional,0,
V004783,MESA-074,PUESTO-024,ZONA-04,MUN-04,CIRC-04,nacional,0,
V004784,MESA-073,PUESTO-023,ZONA-03,MUN-03,CIRC-03,municipal,0,
V004785,MESA-048,PUESTO-023,ZONA-03,MUN-03,CIRC-03,municipal,0,
V004786,MESA-074,PUESTO-024,ZONA-04,MUN-04,CIRC-04,nacional,0,
V004787,MESA-056,PUESTO-006,ZONA-06,MUN-01,CIRC-01,especial,0,
V004788,MESA-017,PUESTO-017,ZONA-07,MUN-02,CIRC-02,nacional,0,
V004789,MESA-009,PUESTO-009,ZONA-09,MUN-04,CIRC-04,nacional,0,
V004790,MESA-034,PUESTO-009,ZONA-09,MUN-04,CIRC-04,nacional,0,
V004791,MESA-045,PUESTO-020,ZONA-10,MUN-05,CIRC-05,municipal,0,
V004792,MESA-009,PUESTO-009,ZONA-09,MUN-04,CIRC-04,nacional,0,
V004793,MESA-007,PUESTO-007,ZONA-07,MUN-02,CIRC-02,nacional,0,
V004794,MESA-016,PUESTO-016,ZONA-06,MUN-01,CIRC-01,especial,0,
V004795,MESA-019,PUESTO-019,ZONA-09,MUN-04,CIRC-04,nacional,0,
V004796,MESA-006,PUESTO-006,ZONA-06,MUN-01,CIRC-01,especial,0,
V004797,MESA-011,PUESTO-011,ZONA-01,MUN-01,CIRC-01,especial,0,
V004798,MESA-076,PUESTO-001,ZONA-01,MUN-01,CIRC-01,especial,0,
V004799,MESA-061,PUESTO-011,ZONA-01,MUN-01,CIRC-01,especial,0,
V004800,MESA-042,PUESTO-017,ZONA-07,MUN-02,CIRC-02,nacional,0,
V004801,MESA-013,PUESTO-013,ZONA-03,MUN-03,CIRC-03,municipal,0,
V004802,MESA-012,PUESTO-012,ZONA-02,MUN-02,CIRC-02,nacional,0,
V004803,MESA-074,PUESTO-024,ZONA-04,MUN-04,CIRC-04,nacional,0,
V004804,MESA-020,PUESTO-020,ZONA-10,MUN-05,CIRC-05,municipal,0,
V004805,MESA-050,PUESTO-025,ZONA-05,MUN-05,CIRC-05,municipal,0,
V004806,MESA-036,PUESTO-011,ZONA-01,MUN-01,CIRC-01,especial,0,
V004807,MESA-069,PUESTO-019,ZONA-09,MUN-04,CIRC-04,nacional,0,
V004808,MESA-037,PUESTO-012,ZONA-02,MUN-02,CIRC-02,nacional,0,
V004809,MESA-012,PUESTO-012,ZONA-02,MUN-02,CIRC-02,nacional,0,
V004810,MESA-040,PUESTO-015,ZONA-05,MUN-05,CIRC-05,municipal,0,
V004811,MESA-054,PUESTO-004,ZONA-04,MUN-04,CIRC-04,nacional,0,
V004812,MESA-002,PUESTO-002,ZONA-02,MUN-02,CIRC-02,nacional,0,
V004813,MESA-050,PUESTO-025,ZONA-05,MUN-05,CIRC-05,municipal,0,
V004814,MESA-041,PUESTO-016,ZONA-06,MUN-01,CIRC-01,especial,0,
V004815,MESA-045,PUESTO-020,ZONA-10,MUN-05,CIRC-05,municipal,0,
V004816,MESA-009,PUESTO-009,ZONA-09,MUN-04,CIRC-04,nacional,0,
V004817,MESA-062,PUESTO-012,ZONA-02,MUN-02,CIRC-02,nacional,0,
V004818,MESA-047,PUESTO-022,ZONA-02,MUN-02,CIRC-02,nacional,0,
V004819,MESA-005,PUESTO-005,ZONA-05,MUN-05,CIRC-05,municipal,0,
V004820,MESA-076,PUESTO-001,ZONA-01,MUN-01,CIRC-01,especial,0,
V004821,MESA-001,PUESTO-001,ZONA-01,MUN-01,CIRC-01,especial,0,
V004822,MESA-044,PUESTO-019,ZONA-09,MUN-04,CIRC-04,nacional,0,
V004823,MESA-022,PUESTO-022,ZONA-02,MUN-02,CIRC-02,nacional,0,
V004824,MESA-038,PUESTO-013,ZONA-03,MUN-03,CIRC-03,municipal,0,
V004825,MESA-019,PUESTO-019,ZONA-09,MUN-04,CIRC-04,nacional,0,
V004826,MESA-080,PUESTO-005,ZONA-05,MUN-05,CIRC-05,municipal,0,
V004827,MESA-031,PUESTO-006,ZONA-06,MUN-01,CIRC-01,especial,0,
V004828,MESA-067,PUESTO-017,ZONA-07,MUN-02,CIRC-02,nacional,0,
V004829,MESA-042,PUESTO-017,ZONA-07,MUN-02,CIRC-02,nacional,0,
V004830,MESA-026,PUESTO-001,ZONA-01,MUN-01,CIRC-01,especial,0,
V004831,MESA-013,PUESTO-013,ZONA-03,MUN-03,CIRC-03,municipal,0,
V004832,MESA-058,PUESTO-008,ZONA-08,MUN-03,CIRC-03,municipal,0,
V004833,MESA-018,PUESTO-018,ZONA-08,MUN-03,CIRC-03,municipal,0,
V004834,MESA-067,PUESTO-017,ZONA-07,MUN-02,CIRC-02,nacional,0,
V004835,MESA-003,PUESTO-003,ZONA-03,MUN-03,CIRC-03,municipal,0,
V004836,MESA-055,PUESTO-005,ZONA-05,MUN-05,CIRC-05,municipal,0,
V004837,MESA-058,PUESTO-008,ZONA-08,MUN-03,CIRC-03,municipal,0,
V004838,MESA-063,PUESTO-013,ZONA-03,MUN-03,CIRC-03,municipal,0,
V004839,MESA-052,PUESTO-002,ZONA-02,MUN-02,CIRC-02,nacional,0,
V004840,MESA-024,PUESTO-024,ZONA-04,MUN-04,CIRC-04,nacional,0,
V004841,MESA-072,PUESTO-022,ZONA-02,MUN-02,CIRC-02,nacional,0,
V004842,MESA-009,PUESTO-009,ZONA-09,MUN-04,CIRC-04,nacional,0,
V004843,MESA-037,PUESTO-012,ZONA-02,MUN-02,CIRC-02,nacional,0,
V004844,MESA-053,PUESTO-003,ZONA-03,MUN-03,CIRC-03,municipal,0,
V004845,MESA-080,PUESTO-005,ZONA-05,MUN-05,CIRC-05,municipal,0,
V004846,MESA-024,PUESTO-024,ZONA-04,MUN-04,CIRC-04,nacional,0,
V004847,MESA-021,PUESTO-021,ZONA-01,MUN-01,CIRC-01,especial,0,
V004848,MESA-040,PUESTO-015,ZONA-05,MUN-05,CIRC-05,municipal,0,
V004849,MESA-062,PUESTO-012,ZONA-02,MUN-02,CIRC-02,nacional,0,
V004850,MESA-070,PUESTO-020,ZONA-10,MUN-05,CIRC-05,municipal,0,
V004851,MESA-069,PUESTO-019,ZONA-09,MUN-04,CIRC-04,nacional,0,
V004852,MESA-014,PUESTO-014,ZONA-04,MUN-04,CIRC-04,nacional,0,
V004853,MESA-042,PUESTO-017,ZONA-07,MUN-02,CIRC-02,nacional,0,
V004854,MESA-050,PUESTO-025,ZONA-05,MUN-05,CIRC-05,municipal,0,
V004855,MESA-061,PUESTO-011,ZONA-01,MUN-01,CIRC-01,especial,0,
V004856,MESA-004,PUESTO-004,ZONA-04,MUN-04,CIRC-04,nacional,0,
V004857,MESA-072,PUESTO-022,ZONA-02,MUN-02,CIRC-02,nacional,0,
V004858,MESA-075,PUESTO-025,ZONA-05,MUN-05,CIRC-05,municipal,0,
V004859,MESA-017,PUESTO-017,ZONA-07,MUN-02,CIRC-02,nacional,0,
V004860,MESA-057,PUESTO-007,ZONA-07,MUN-02,CIRC-02,nacional,0,
V004861,MESA-048,PUESTO-023,ZONA-03,MUN-03,CIRC-03,municipal,0,
V004862,MESA-044,PUESTO-019,ZONA-09,MUN-04,CIRC-04,nacional,0,
V004863,MESA-045,PUESTO-020,ZONA-10,MUN-05,CIRC-05,municipal,0,
V004864,MESA-080,PUESTO-005,ZONA-05,MUN-05,CIRC-05,municipal,0,
V004865,MESA-033,PUESTO-008,ZONA-08,MUN-03,CIRC-03,municipal,0,
V004866,MESA-031,PUESTO-006,ZONA-06,MUN-01,CIRC-01,especial,0,
V004867,MESA-047,PUESTO-022,ZONA-02,MUN-02,CIRC-02,nacional,0,
V004868,MESA-006,PUESTO-006,ZONA-06,MUN-01,CIRC-01,especial,0,
V004869,MESA-072,PUESTO-022,ZONA-02,MUN-02,CIRC-02,nacional,0,
V004870,MESA-071,PUESTO-021,ZONA-01,MUN-01,CIRC-01,especial,0,
V004871,MESA-034,PUESTO-009,ZONA-09,MUN-04,CIRC-04,nacional,0,
V004872,MESA-053,PUESTO-003,ZONA-03,MUN-03,CIRC-03,nacional,0,
V004873,MESA-014,PUESTO-014,ZONA-04,MUN-04,CIRC-04,nacional,0,
V004874,MESA-016,PUESTO-016,ZONA-06,MUN-01,CIRC-01,especial,0,
V004875,MESA-043,PUESTO-018,ZONA-08,MUN-03,CIRC-03,municipal,0,
V004876,MESA-073,PUESTO-023,ZONA-03,MUN-03,CIRC-03,municipal,0,
V004877,MESA-074,PUESTO-024,ZONA-04,MUN-04,CIRC-04,nacional,0,
V004878,MESA-012,PUESTO-012,ZONA-02,MUN-02,CIRC-02,nacional,0,
V004879,MESA-070,PUESTO-020,ZONA-10,MUN-05,CIRC-05,municipal,0,
V004880,MESA-019,PUESTO-019,ZONA-09,MUN-04,CIRC-04,nacional,0,
V004881,MESA-041,PUESTO-016,ZONA-06,MUN-01,CIRC-01,especial,0,
V004882,MESA-053,PUESTO-003,ZONA-03,MUN-03,CIRC-03,municipal,0,
V004883,MESA-029,PUESTO-004,ZONA-04,MUN-04,CIRC-04,nacional,0,
V004884,MESA-070,PUESTO-020,ZONA-10,MUN-05,CIRC-05,municipal,0,
V004885,MESA-059,PUESTO-009,ZONA-09,MUN-04,CIRC-01,nacional,0,
V004886,MESA-064,PUESTO-014,ZONA-04,MUN-04,CIRC-04,nacional,0,
V004887,MESA-024,PUESTO-024,ZONA-04,MUN-04,CIRC-04,nacional,0,
V004888,MESA-016,PUESTO-016,ZONA-06,MUN-01,CIRC-01,especial,0,
V004889,MESA-052,PUESTO-002,ZONA-02,MUN-02,CIRC-02,nacional,0,
V004890,MESA-080,PUESTO-005,ZONA-05,MUN-05,CIRC-05,municipal,0,
V004891,MESA-006,PUESTO-006,ZONA-06,MUN-01,CIRC-01,especial,0,
V004892,MESA-037,PUESTO-012,ZONA-02,MUN-02,CIRC-02,nacional,0,
V004893,MESA-004,PUESTO-004,ZONA-04,MUN-04,CIRC-04,nacional,0,
V004894,MESA-038,PUESTO-013,ZONA-03,MUN-03,CIRC-03,municipal,0,
V004895,MESA-041,PUESTO-016,ZONA-06,MUN-01,CIRC-01,especial,0,
V004896,MESA-014,PUESTO-014,ZONA-04,MUN-04,CIRC-04,nacional,0,
V004897,MESA-071,PUESTO-021,ZONA-01,MUN-01,CIRC-01,especial,0,
V004898,MESA-051,PUESTO-001,ZONA-01,MUN-01,CIRC-01,especial,0,
V004899,MESA-065,PUESTO-015,ZONA-05,MUN-05,CIRC-05,municipal,0,
V004900,MESA-052,PUESTO-002,ZONA-02,MUN-02,CIRC-02,nacional,0,
V004901,MESA-030,PUESTO-005,ZONA-05,MUN-05,CIRC-05,especial,0,
V004902,MESA-057,PUESTO-007,ZONA-07,MUN-02,CIRC-02,nacional,0,
V004903,MESA-079,PUESTO-004,ZONA-04,MUN-04,CIRC-04,nacional,0,
V004904,MESA-030,PUESTO-005,ZONA-05,MUN-05,CIRC-05,municipal,0,
V004905,MESA-042,PUESTO-017,ZONA-07,MUN-02,CIRC-02,nacional,0,
V004906,MESA-011,PUESTO-011,ZONA-01,MUN-01,CIRC-01,especial,0,
V004907,MESA-028,PUESTO-003,ZONA-03,MUN-03,CIRC-02,nacional,0,inconsistencia_simulada_mesa
V004908,MESA-024,PUESTO-024,ZONA-04,MUN-04,CIRC-04,nacional,0,
V004909,MESA-039,PUESTO-014,ZONA-04,MUN-04,CIRC-04,nacional,0,
V004910,MESA-072,PUESTO-022,ZONA-02,MUN-02,CIRC-02,nacional,0,
V004911,MESA-018,PUESTO-018,ZONA-08,MUN-03,CIRC-03,municipal,0,
V004912,MESA-077,PUESTO-002,ZONA-02,MUN-02,CIRC-02,nacional,0,
V004913,MESA-045,PUESTO-020,ZONA-10,MUN-05,CIRC-05,municipal,0,
V004914,MESA-012,PUESTO-012,ZONA-02,MUN-02,CIRC-02,nacional,0,
V004915,MESA-049,PUESTO-024,ZONA-04,MUN-04,CIRC-04,nacional,0,
V004916,MESA-031,PUESTO-006,ZONA-06,MUN-01,CIRC-03,especial,0,
V004917,MESA-022,PUESTO-022,ZONA-02,MUN-02,CIRC-02,nacional,0,
V004918,MESA-044,PUESTO-019,ZONA-09,MUN-04,CIRC-04,nacional,0,
V004919,MESA-064,PUESTO-014,ZONA-04,MUN-04,CIRC-04,nacional,0,
V004920,MESA-077,PUESTO-002,ZONA-02,MUN-02,CIRC-02,nacional,0,
V004921,MESA-025,PUESTO-025,ZONA-05,MUN-05,CIRC-05,municipal,0,
V004922,MESA-051,PUESTO-001,ZONA-01,MUN-01,CIRC-01,especial,0,
V004923,MESA-007,PUESTO-007,ZONA-07,MUN-02,CIRC-02,nacional,0,
V004924,MESA-006,PUESTO-006,ZONA-06,MUN-01,CIRC-01,especial,0,
V004925,MESA-024,PUESTO-024,ZONA-04,MUN-04,CIRC-04,nacional,0,
V004926,MESA-019,PUESTO-019,ZONA-09,MUN-04,CIRC-04,nacional,0,
V004927,MESA-009,PUESTO-009,ZONA-09,MUN-04,CIRC-04,nacional,0,
V004928,MESA-036,PUESTO-011,ZONA-01,MUN-01,CIRC-01,especial,0,
V004929,MESA-040,PUESTO-015,ZONA-05,MUN-05,CIRC-05,municipal,0,
V004930,MESA-024,PUESTO-024,ZONA-04,MUN-04,CIRC-04,nacional,0,
V004931,MESA-048,PUESTO-023,ZONA-03,MUN-03,CIRC-03,municipal,0,
V004932,MESA-063,PUESTO-013,ZONA-03,MUN-03,CIRC-03,municipal,0,
V004933,MESA-069,PUESTO-019,ZONA-09,MUN-04,CIRC-04,nacional,0,
V004934,MESA-053,PUESTO-003,ZONA-03,MUN-03,CIRC-03,municipal,0,
V004935,MESA-054,PUESTO-004,ZONA-04,MUN-04,CIRC-04,nacional,0,
V004936,MESA-042,PUESTO-017,ZONA-07,MUN-02,CIRC-02,nacional,0,
V004937,MESA-045,PUESTO-020,ZONA-10,MUN-05,CIRC-05,municipal,0,
V004938,MESA-014,PUESTO-014,ZONA-04,MUN-04,CIRC-04,nacional,0,
V004939,MESA-029,PUESTO-004,ZONA-04,MUN-04,CIRC-04,nacional,0,
V004940,MESA-006,PUESTO-006,ZONA-06,MUN-01,CIRC-01,municipal,0,
V004941,MESA-007,PUESTO-007,ZONA-07,MUN-02,CIRC-02,nacional,0,
V004942,MESA-037,PUESTO-012,ZONA-02,MUN-02,CIRC-02,nacional,0,
V004943,MESA-053,PUESTO-003,ZONA-03,MUN-03,CIRC-03,municipal,0,
V004944,MESA-018,PUESTO-018,ZONA-08,MUN-03,CIRC-03,municipal,0,
V004945,MESA-038,PUESTO-013,ZONA-03,MUN-03,CIRC-03,municipal,0,
V004946,MESA-059,PUESTO-009,ZONA-09,MUN-04,CIRC-04,nacional,0,
V004947,MESA-001,PUESTO-001,ZONA-01,MUN-01,CIRC-01,especial,0,
V004948,MESA-068,PUESTO-018,ZONA-08,MUN-03,CIRC-03,municipal,0,
V004949,MESA-044,PUESTO-019,ZONA-09,MUN-04,CIRC-04,nacional,0,
V004950,MESA-047,PUESTO-022,ZONA-02,MUN-02,CIRC-02,nacional,0,
V004951,MESA-035,PUESTO-010,ZONA-10,MUN-05,CIRC-05,municipal,0,
V004952,MESA-060,PUESTO-010,ZONA-10,MUN-05,CIRC-05,municipal,0,
V004953,MESA-052,PUESTO-002,ZONA-02,MUN-02,CIRC-02,nacional,0,
V004954,MESA-008,PUESTO-008,ZONA-08,MUN-03,CIRC-03,municipal,0,
V004955,MESA-080,PUESTO-005,ZONA-05,MUN-05,CIRC-05,municipal,0,
V004956,MESA-041,PUESTO-016,ZONA-06,MUN-01,CIRC-01,especial,0,
V004957,MESA-003,PUESTO-003,ZONA-03,MUN-03,CIRC-03,municipal,0,
V004958,MESA-069,PUESTO-019,ZONA-09,MUN-04,CIRC-04,nacional,0,
V004959,MESA-014,PUESTO-014,ZONA-04,MUN-04,CIRC-04,nacional,0,
V004960,MESA-026,PUESTO-001,ZONA-01,MUN-01,CIRC-01,especial,0,
V004961,MESA-070,PUESTO-020,ZONA-10,MUN-05,CIRC-05,municipal,0,
V004962,MESA-058,PUESTO-008,ZONA-08,MUN-03,CIRC-03,municipal,0,
V004963,MESA-004,PUESTO-004,ZONA-04,MUN-04,CIRC-05,municipal,0,inconsistencia_simulada_mesa
V004964,MESA-051,PUESTO-001,ZONA-01,MUN-01,CIRC-01,especial,0,
V004965,MESA-005,PUESTO-005,ZONA-05,MUN-05,CIRC-05,municipal,0,
V004966,MESA-077,PUESTO-002,ZONA-02,MUN-02,CIRC-02,nacional,0,
V004967,MESA-032,PUESTO-007,ZONA-07,MUN-02,CIRC-02,nacional,0,
V004968,MESA-080,PUESTO-005,ZONA-05,MUN-05,CIRC-05,municipal,0,
V004969,MESA-001,PUESTO-001,ZONA-01,MUN-01,CIRC-01,especial,0,
V004970,MESA-077,PUESTO-002,ZONA-02,MUN-02,CIRC-02,nacional,0,
V004971,MESA-054,PUESTO-004,ZONA-04,MUN-04,CIRC-04,nacional,0,
V004972,MESA-011,PUESTO-011,ZONA-01,MUN-01,CIRC-01,especial,0,
V004973,MESA-053,PUESTO-003,ZONA-03,MUN-03,CIRC-03,municipal,0,
V004974,MESA-008,PUESTO-008,ZONA-08,MUN-03,CIRC-03,municipal,0,
V004975,MESA-025,PUESTO-025,ZONA-05,MUN-05,CIRC-05,municipal,0,
V004976,MESA-040,PUESTO-015,ZONA-05,MUN-05,CIRC-05,municipal,0,
V004977,MESA-032,PUESTO-007,ZONA-07,MUN-02,CIRC-02,nacional,0,
V004978,MESA-028,PUESTO-003,ZONA-03,MUN-03,CIRC-03,municipal,0,
V004979,MESA-078,PUESTO-003,ZONA-03,MUN-03,CIRC-03,municipal,0,
V004980,MESA-003,PUESTO-003,ZONA-03,MUN-03,CIRC-03,municipal,0,
V004981,MESA-079,PUESTO-004,ZONA-04,MUN-04,CIRC-04,nacional,0,
V004982,MESA-062,PUESTO-012,ZONA-02,MUN-02,CIRC-02,nacional,0,
V004983,MESA-027,PUESTO-002,ZONA-02,MUN-02,CIRC-02,nacional,0,
V004984,MESA-045,PUESTO-020,ZONA-10,MUN-05,CIRC-05,municipal,0,
V004985,MESA-025,PUESTO-025,ZONA-05,MUN-05,CIRC-05,municipal,0,
V004986,MESA-061,PUESTO-011,ZONA-01,MUN-01,CIRC-01,especial,0,
V004987,MESA-044,PUESTO-019,ZONA-09,MUN-04,CIRC-04,nacional,0,
V004988,MESA-046,PUESTO-021,ZONA-01,MUN-01,CIRC-01,especial,0,
V004989,MESA-053,PUESTO-003,ZONA-03,MUN-03,CIRC-04,nacional,0,inconsistencia_simulada_mesa
V004990,MESA-008,PUESTO-008,ZONA-08,MUN-03,CIRC-03,municipal,0,
V004991,MESA-048,PUESTO-023,ZONA-03,MUN-03,CIRC-03,municipal,0,
V004992,MESA-014,PUESTO-014,ZONA-04,MUN-04,CIRC-04,nacional,0,
V004993,MESA-065,PUESTO-015,ZONA-05,MUN-05,CIRC-05,municipal,0,
V004994,MESA-080,PUESTO-005,ZONA-05,MUN-05,CIRC-05,municipal,0,
V004995,MESA-007,PUESTO-007,ZONA-07,MUN-02,CIRC-02,nacional,0,
V004996,MESA-079,PUESTO-004,ZONA-04,MUN-04,CIRC-04,nacional,0,
V004997,MESA-049,PUESTO-024,ZONA-04,MUN-04,CIRC-04,nacional,0,
V004998,MESA-055,PUESTO-005,ZONA-05,MUN-05,CIRC-05,municipal,0,
V004999,MESA-013,PUESTO-013,ZONA-03,MUN-03,CIRC-03,municipal,0,
V005000,MESA-073,PUESTO-023,ZONA-03,MUN-03,CIRC-03,municipal,0,
