suffrage_id,voter_id,fecha_eleccion,voto_registrado,mesa_voto,puesto_voto,zona_voto,municipio_voto,circunscripcion_voto,hora_checkin,metodo_checkin,operador_checkin
SUF-0000001,V001127,2026-06-03,1,MESA-018,PUESTO-018,ZONA-08,MUN-03,CIRC-03,08:30:06,electronico,USR-0022
SUF-0000002,V004819,2026-06-03,1,MESA-005,PUESTO-005,ZONA-05,MUN-05,CIRC-05,15:16:54,electronico,USR-0024
SUF-0000003,V002803,2026-06-03,1,MESA-045,PUESTO-020,ZONA-10,MUN-05,CIRC-05,13:45:37,electronico,USR-0023
SUF-0000004,V002313,2026-06-03,1,MESA-069,PUESTO-019,ZONA-09,MUN-04,CIRC-04,10:09:21,electronico,USR-0007
SUF-0000005,V001106,2026-06-03,1,MESA-017,PUESTO-017,ZONA-07,MUN-02,CIRC-02,14:26:30,electronico,USR-0003
SUF-0000006,V001995,2026-06-03,1,MESA-017,PUESTO-017,ZONA-07,MUN-02,CIRC-02,14:11:05,manual,USR-0025
SUF-0000007,V001157,2026-06-03,1,MESA-027,PUESTO-002,ZONA-02,MUN-02,CIRC-02,13:23:12,electronico,USR-0019
SUF-0000008,V000278,2026-06-03,1,MESA-022,PUESTO-022,ZONA-02,MUN-02,CIRC-02,10:12:14,electronico,USR-0015
SUF-0000009,V000714,2026-06-03,1,MESA-042,PUESTO-017,ZONA-07,MUN-02,CIRC-02,10:16:48,electronico,USR-0010
SUF-0000010,V002444,2026-06-03,1,MESA-023,PUESTO-023,ZONA-03,MUN-03,CIRC-03,12:58:34,electronico,USR-0021
SUF-0000011,V003924,2026-06-03,1,MESA-080,PUESTO-005,ZONA-05,MUN-05,CIRC-05,12:39:22,electronico,USR-0015
SUF-0000012,V002548,2026-06-03,1,MESA-031,PUESTO-006,ZONA-06,MUN-01,CIRC-01,09:11:42,electronico,USR-0010
SUF-0000013,V003951,2026-06-03,1,MESA-080,PUESTO-005,ZONA-05,MUN-05,CIRC-05,10:30:37,electronico,USR-0025
SUF-0000014,V000586,2026-06-03,1,MESA-049,PUESTO-024,ZONA-04,MUN-04,CIRC-04,08:11:13,manual,USR-0013
SUF-0000015,V004772,2026-06-03,1,MESA-074,PUESTO-024,ZONA-04,MUN-04,CIRC-04,08:34:17,electronico,USR-0012
SUF-0000016,V000023,2026-06-03,1,MESA-050,PUESTO-025,ZONA-05,MUN-05,CIRC-05,12:45:21,electronico,USR-0006
SUF-0000017,V000103,2026-06-03,1,MESA-079,PUESTO-004,ZONA-04,MUN-04,CIRC-04,09:42:27,electronico,USR-0008
SUF-0000018,V000711,2026-06-03,1,MESA-001,PUESTO-001,ZONA-01,MUN-01,CIRC-01,15:11:34,manual,USR-0022
SUF-0000019,V001802,2026-06-03,1,MESA-070,PUESTO-020,ZONA-10,MUN-05,CIRC-05,15:49:21,manual,USR-0022
SUF-0000020,V002954,2026-06-03,1,MESA-022,PUESTO-022,ZONA-02,MUN-02,CIRC-02,13:08:51,electronico,USR-0006
SUF-0000021,V002863,2026-06-03,1,MESA-009,PUESTO-009,ZONA-09,MUN-04,CIRC-04,09:52:13,electronico,USR-0011
SUF-0000022,V001913,2026-06-03,1,MESA-037,PUESTO-012,ZONA-02,MUN-02,CIRC-02,13:01:24,electronico,USR-0003
SUF-0000023,V004364,2026-06-03,1,MESA-024,PUESTO-024,ZONA-04,MUN-04,CIRC-04,14:59:35,manual,USR-0012
SUF-0000024,V003549,2026-06-03,1,MESA-056,PUESTO-006,ZONA-06,MUN-01,CIRC-01,15:29:58,electronico,USR-0006
SUF-0000025,V004283,2026-06-03,1,MESA-007,PUESTO-007,ZONA-07,MUN-02,CIRC-02,08:33:11,electronico,USR-0019
SUF-0000026,V004357,2026-06-03,1,MESA-019,PUESTO-019,ZONA-09,MUN-04,CIRC-04,14:10:22,manual,USR-0009
SUF-0000027,V004653,2026-06-03,1,MESA-028,PUESTO-003,ZONA-03,MUN-03,CIRC-03,08:27:26,electronico,USR-0024
SUF-0000028,V001206,2026-06-03,1,MESA-079,PUESTO-004,ZONA-04,MUN-04,CIRC-04,13:45:03,electronico,USR-0017
SUF-0000029,V000718,2026-06-03,1,MESA-019,PUESTO-019,ZONA-09,MUN-04,CIRC-01,08:14:02,manual,USR-0007
SUF-0000030,V000523,2026-06-03,1,MESA-063,PUESTO-013,ZONA-03,MUN-03,CIRC-03,14:45:42,electronico,USR-0004
SUF-0000031,V004306,2026-06-03,1,MESA-052,PUESTO-002,ZONA-02,MUN-02,CIRC-03,12:56:51,electronico,USR-0006
SUF-0000032,V002527,2026-06-03,1,MESA-071,PUESTO-021,ZONA-01,MUN-01,CIRC-01,11:42:20,manual,USR-0013
SUF-0000033,V001524,2026-06-03,1,MESA-065,PUESTO-015,ZONA-05,MUN-05,CIRC-05,15:33:04,electronico,USR-0025
SUF-0000034,V004639,2026-06-03,1,MESA-043,PUESTO-018,ZONA-08,MUN-03,CIRC-03,09:33:29,electronico,USR-0010
SUF-0000035,V003276,2026-06-03,1,MESA-014,PUESTO-014,ZONA-04,MUN-04,CIRC-04,11:16:52,electronico,USR-0013
SUF-0000036,V000067,2026-06-03,1,MESA-054,PUESTO-004,ZONA-04,MUN-04,CIRC-04,08:37:50,manual,USR-0014
SUF-0000037,V004315,2026-06-03,1,MESA-015,PUESTO-015,ZONA-05,MUN-05,CIRC-05,12:43:05,electronico,USR-0003
SUF-0000038,V001294,2026-06-03,1,MESA-011,PUESTO-011,ZONA-01,MUN-01,CIRC-01,08:51:17,electronico,USR-0013
SUF-0000039,V003825,2026-06-03,1,MESA-069,PUESTO-019,ZONA-09,MUN-04,CIRC-04,15:04:10,electronico,USR-0023
SUF-0000040,V003271,2026-06-03,1,MESA-012,PUESTO-012,ZONA-02,MUN-02,CIRC-01,09:28:19,manual,USR-0015
SUF-0000041,V002418,2026-06-03,1,MESA-060,PUESTO-010,ZONA-10,MUN-05,CIRC-05,08:12:13,electronico,USR-0012
SUF-0000042,V002828,2026-06-03,1,MESA-020,PUESTO-020,ZONA-10,MUN-05,CIRC-05,09:17:42,electronico,USR-0021
SUF-0000043,V001392,2026-06-03,1,MESA-063,PUESTO-013,ZONA-03,MUN-03,CIRC-03,08:04:21,electronico,USR-0023
SUF-0000044,V001001,2026-06-03,1,MESA-077,PUESTO-002,ZONA-02,MUN-02,CIRC-02,12:13:28,electronico,USR-0004
SUF-0000045,V004509,2026-06-03,1,MESA-008,PUESTO-008,ZONA-08,MUN-03,CIRC-03,12:08:31,electronico,USR-0022
SUF-0000046,V000332,2026-06-03,1,MESA-077,PUESTO-002,ZONA-02,MUN-02,CIRC-02,12:58:43,manual,USR-0010
SUF-0000047,V003268,2026-06-03,1,MESA-003,PUESTO-003,ZONA-03,MUN-03,CIRC-03,11:25:55,electronico,USR-0011
SUF-0000048,V001877,2026-06-03,1,MESA-029,PUESTO-004,ZONA-04,MUN-04,CIRC-04,08:26:40,electronico,USR-0015
SUF-0000049,V002622,2026-06-03,1,MESA-039,PUESTO-014,ZONA-04,MUN-04,CIRC-04,12:46:24,manual,USR-0014
SUF-0000050,V003765,2026-06-03,1,MESA-067,PUESTO-017,ZONA-07,MUN-02,CIRC-02,11:16:26,manual,USR-0016
SUF-0000051,V000922,2026-06-03,1,MESA-036,PUESTO-011,ZONA-01,MUN-01,CIRC-01,14:17:11,manual,USR-0011
SUF-0000052,V002716,2026-06-03,1,MESA-010,PUESTO-010,ZONA-10,MUN-05,CIRC-05,13:53:18,electronico,USR-0022
SUF-0000053,V004652,2026-06-03,1,MESA-068,PUESTO-018,ZONA-08,MUN-03,CIRC-03,10:12:46,electronico,USR-0010
SUF-0000054,V001795,2026-06-03,1,MESA-041,PUESTO-016,ZONA-06,MUN-01,CIRC-01,13:39:05,manual,USR-0020
SUF-0000055,V002663,2026-06-03,1,MESA-027,PUESTO-002,ZONA-02,MUN-02,CIRC-02,10:14:24,manual,USR-0004
SUF-0000056,V000876,2026-06-03,1,MESA-058,PUESTO-008,ZONA-08,MUN-03,CIRC-03,14:13:12,manual,USR-0015
SUF-0000057,V003196,2026-06-03,1,MESA-075,PUESTO-025,ZONA-05,MUN-05,CIRC-05,08:37:01,manual,USR-0011
SUF-0000058,V001333,2026-06-03,1,MESA-018,PUESTO-018,ZONA-08,MUN-03,CIRC-03,09:58:41,manual,USR-0022
SUF-0000059,V001146,2026-06-03,1,MESA-020,PUESTO-020,ZONA-10,MUN-05,CIRC-05,11:29:55,electronico,USR-0008
SUF-0000060,V002864,2026-06-03,1,MESA-060,PUESTO-010,ZONA-10,MUN-05,CIRC-05,08:09:15,manual,USR-0010
SUF-0000061,V004788,2026-06-03,1,MESA-017,PUESTO-017,ZONA-07,MUN-02,CIRC-02,14:15:32,manual,USR-0022
SUF-0000062,V001406,2026-06-03,1,MESA-009,PUESTO-009,ZONA-09,MUN-04,CIRC-04,09:35:45,electronico,USR-0011
SUF-0000063,V002346,2026-06-03,1,MESA-031,PUESTO-006,ZONA-06,MUN-01,CIRC-01,14:15:15,manual,USR-0025
SUF-0000064,V002300,2026-06-03,1,MESA-034,PUESTO-009,ZONA-09,MUN-04,CIRC-04,13:33:19,manual,USR-0009
SUF-0000065,V004454,2026-06-03,1,MESA-002,PUESTO-002,ZONA-02,MUN-02,CIRC-02,10:12:11,electronico,USR-0024
SUF-0000066,V004099,2026-06-03,1,MESA-051,PUESTO-001,ZONA-01,MUN-01,CIRC-05,11:35:58,electronico,USR-0004
SUF-0000067,V002154,2026-06-03,1,MESA-002,PUESTO-002,ZONA-02,MUN-02,CIRC-02,13:12:34,electronico,USR-0016
SUF-0000068,V002686,2026-06-03,1,MESA-042,PUESTO-017,ZONA-07,MUN-02,CIRC-02,14:19:01,manual,USR-0024
SUF-0000069,V000824,2026-06-03,1,MESA-053,PUESTO-003,ZONA-03,MUN-03,CIRC-03,13:51:32,electronico,USR-0023
SUF-0000070,V001626,2026-06-03,1,MESA-043,PUESTO-018,ZONA-08,MUN-03,CIRC-03,10:35:05,electronico,USR-0006
SUF-0000071,V000698,2026-06-03,1,MESA-035,PUESTO-010,ZONA-10,MUN-05,CIRC-05,15:42:34,electronico,USR-0013
SUF-0000072,V003982,2026-06-03,1,MESA-074,PUESTO-024,ZONA-04,MUN-04,CIRC-05,14:18:02,electronico,USR-0003
SUF-0000073,V001296,2026-06-03,1,MESA-056,PUESTO-006,ZONA-06,MUN-01,CIRC-01,11:13:16,manual,USR-0010
SUF-0000074,V003008,2026-06-03,1,MESA-019,PUESTO-019,ZONA-09,MUN-04,CIRC-04,14:33:47,electronico,USR-0020
SUF-0000075,V001162,2026-06-03,1,MESA-072,PUESTO-022,ZONA-02,MUN-02,CIRC-02,15:44:37,electronico,USR-0024
SUF-0000076,V004280,2026-06-03,1,MESA-018,PUESTO-018,ZONA-08,MUN-03,CIRC-03,10:57:17,electronico,USR-0025
SUF-0000077,V004782,2026-06-03,1,MESA-029,PUESTO-004,ZONA-04,MUN-04,CIRC-04,09:49:04,electronico,USR-0006
SUF-0000078,V003831,2026-06-03,1,MESA-004,PUESTO-004,ZONA-04,MUN-04,CIRC-04,15:14:57,electronico,USR-0015
SUF-0000079,V003608,2026-06-03,1,MESA-031,PUESTO-006,ZONA-06,MUN-01,CIRC-01,09:08:12,electronico,USR-0006
SUF-0000080,V000232,2026-06-03,1,MESA-048,PUESTO-023,ZONA-03,MUN-03,CIRC-03,12:50:12,electronico,USR-0021
SUF-0000081,V000881,2026-06-03,1,MESA-068,PUESTO-018,ZONA-08,MUN-03,CIRC-03,10:46:51,manual,USR-0017
SUF-0000082,V003467,2026-06-03,1,MESA-043,PUESTO-018,ZONA-08,MUN-03,CIRC-03,18:15:00,electronico,USR-0003
SUF-0000083,V002889,2026-06-03,1,MESA-042,PUESTO-017,ZONA-07,MUN-02,CIRC-02,14:26:45,electronico,USR-0019
SUF-0000084,V002777,2026-06-03,1,MESA-003,PUESTO-003,ZONA-03,MUN-03,CIRC-03,13:44:03,manual,USR-0012
SUF-0000085,V001090,2026-06-03,1,MESA-066,PUESTO-016,ZONA-06,MUN-01,CIRC-01,13:52:40,manual,USR-0016
SUF-0000086,V002701,2026-06-03,1,MESA-031,PUESTO-006,ZONA-06,MUN-01,CIRC-01,10:30:04,electronico,USR-0016
SUF-0000087,V004116,2026-06-03,1,MESA-014,PUESTO-014,ZONA-04,MUN-04,CIRC-04,15:39:46,electronico,USR-0010
SUF-0000088,V004215,2026-06-03,1,MESA-060,PUESTO-010,ZONA-10,MUN-05,CIRC-05,12:55:31,electronico,USR-0006
SUF-0000089,V003406,2026-06-03,1,MESA-045,PUESTO-020,ZONA-10,MUN-05,CIRC-05,12:58:41,manual,USR-0013
SUF-0000090,V002586,2026-06-03,1,MESA-071,PUESTO-021,ZONA-01,MUN-01,CIRC-01,08:29:42,manual,USR-0010
SUF-0000091,V002742,2026-06-03,1,MESA-020,PUESTO-020,ZONA-10,MUN-05,CIRC-05,09:37:53,manual,USR-0021
SUF-0000092,V001740,2026-06-03,1,MESA-073,PUESTO-023,ZONA-03,MUN-03,CIRC-03,14:17:36,electronico,USR-0015
SUF-0000093,V003335,2026-06-03,1,MESA-067,PUESTO-017,ZONA-07,MUN-02,CIRC-02,10:59:00,electronico,USR-0020
SUF-0000094,V001301,2026-06-03,1,MESA-031,PUESTO-006,ZONA-06,MUN-01,CIRC-01,14:32:15,manual,USR-0010
SUF-0000095,V004596,2026-06-03,1,MESA-063,PUESTO-013,ZONA-03,MUN-03,CIRC-03,10:15:27,electronico,USR-0017
SUF-0000096,V002471,2026-06-03,1,MESA-056,PUESTO-006,ZONA-06,MUN-01,CIRC-01,15:16:02,electronico,USR-0024
SUF-0000097,V003537,2026-06-03,1,MESA-026,PUESTO-001,ZONA-01,MUN-01,CIRC-01,13:40:04,manual,USR-0012
SUF-0000098,V004399,2026-06-03,1,MESA-030,PUESTO-005,ZONA-05,MUN-05,CIRC-05,11:20:12,manual,USR-0008
SUF-0000099,V004419,2026-06-03,1,MESA-064,PUESTO-014,ZONA-04,MUN-04,CIRC-04,09:16:47,manual,USR-0010
SUF-0000100,V003690,2026-06-03,1,MESA-006,PUESTO-006,ZONA-06,MUN-01,CIRC-01,12:20:32,manual,USR-0013
SUF-0000101,V002353,2026-06-03,1,MESA-056,PUESTO-006,ZONA-06,MUN-01,CIRC-01,13:21:43,electronico,USR-0013
SUF-0000102,V000387,2026-06-03,1,MESA-030,PUESTO-005,ZONA-05,MUN-05,CIRC-05,13:19:32,manual,USR-0014
SUF-0000103,V003562,2026-06-03,1,MESA-029,PUESTO-004,ZONA-04,MUN-04,CIRC-04,15:32:05,electronico,USR-0020
SUF-0000104,V002629,2026-06-03,1,MESA-066,PUESTO-016,ZONA-06,MUN-01,CIRC-01,14:50:35,electronico,USR-0021
SUF-0000105,V003522,2026-06-03,1,MESA-032,PUESTO-007,ZONA-07,MUN-02,CIRC-02,15:19:30,manual,USR-0015
SUF-0000106,V001912,2026-06-03,1,MESA-046,PUESTO-021,ZONA-01,MUN-01,CIRC-01,09:19:29,electronico,USR-0010
SUF-0000107,V001186,2026-06-03,1,MESA-022,PUESTO-022,ZONA-02,MUN-02,CIRC-02,13:16:20,electronico,USR-0010
SUF-0000108,V002812,2026-06-03,1,MESA-006,PUESTO-006,ZONA-06,MUN-01,CIRC-01,12:14:26,manual,USR-0020
SUF-0000109,V000758,2026-06-03,1,MESA-038,PUESTO-013,ZONA-03,MUN-03,CIRC-03,11:46:25,electronico,USR-0005
SUF-0000110,V000955,2026-06-03,1,MESA-023,PUESTO-023,ZONA-03,MUN-03,CIRC-03,11:02:39,electronico,USR-0020
SUF-0000111,V000097,2026-06-03,1,MESA-016,PUESTO-016,ZONA-06,MUN-01,CIRC-01,15:25:12,electronico,USR-0011
SUF-0000112,V002326,2026-06-03,1,MESA-012,PUESTO-012,ZONA-02,MUN-02,CIRC-02,10:13:43,manual,USR-0005
SUF-0000113,V001188,2026-06-03,1,MESA-023,PUESTO-023,ZONA-03,MUN-03,CIRC-03,14:24:58,electronico,USR-0010
SUF-0000114,V001391,2026-06-03,1,MESA-065,PUESTO-015,ZONA-05,MUN-05,CIRC-05,14:37:19,electronico,USR-0025
SUF-0000115,V002566,2026-06-03,1,MESA-008,PUESTO-008,ZONA-08,MUN-03,CIRC-03,10:32:12,manual,USR-0021
SUF-0000116,V000249,2026-06-03,1,MESA-015,PUESTO-015,ZONA-05,MUN-05,CIRC-05,12:33:15,manual,USR-0023
SUF-0000117,V002992,2026-06-03,1,MESA-077,PUESTO-002,ZONA-02,MUN-02,CIRC-02,10:50:59,electronico,USR-0025
SUF-0000118,V002507,2026-06-03,1,MESA-072,PUESTO-022,ZONA-02,MUN-02,CIRC-02,11:55:59,electronico,USR-0015
SUF-0000119,V003846,2026-06-03,1,MESA-073,PUESTO-023,ZONA-03,MUN-03,CIRC-03,12:10:40,manual,USR-0024
SUF-0000120,V004527,2026-06-03,1,MESA-034,PUESTO-009,ZONA-09,MUN-04,CIRC-04,09:50:55,manual,USR-0007
SUF-0000121,V004169,2026-06-03,1,MESA-071,PUESTO-021,ZONA-01,MUN-01,CIRC-01,12:59:54,manual,USR-0024
SUF-0000122,V000986,2026-06-03,1,MESA-056,PUESTO-006,ZONA-06,MUN-01,CIRC-01,14:09:12,electronico,USR-0016
SUF-0000123,V000166,2026-06-03,1,MESA-072,PUESTO-022,ZONA-02,MUN-02,CIRC-02,09:12:10,electronico,USR-0021
SUF-0000124,V001879,2026-06-03,1,MESA-078,PUESTO-003,ZONA-03,MUN-03,CIRC-03,12:24:21,electronico,USR-0010
SUF-0000125,V002314,2026-06-03,1,MESA-010,PUESTO-010,ZONA-10,MUN-05,CIRC-05,12:28:05,electronico,USR-0009
SUF-0000126,V002608,2026-06-03,1,MESA-002,PUESTO-002,ZONA-02,MUN-02,CIRC-02,11:31:37,manual,USR-0016
SUF-0000127,V000025,2026-06-03,1,MESA-006,PUESTO-006,ZONA-06,MUN-01,CIRC-01,11:32:29,manual,USR-0005
SUF-0000128,V002690,2026-06-03,1,MESA-036,PUESTO-011,ZONA-01,MUN-01,CIRC-01,09:06:30,electronico,USR-0010
SUF-0000129,V001948,2026-06-03,1,MESA-022,PUESTO-022,ZONA-02,MUN-02,CIRC-02,10:43:11,electronico,USR-0005
SUF-0000130,V001746,2026-06-03,1,MESA-079,PUESTO-004,ZONA-04,MUN-04,CIRC-04,10:02:22,manual,USR-0004
SUF-0000131,V000505,2026-06-03,1,MESA-056,PUESTO-006,ZONA-06,MUN-01,CIRC-01,10:35:20,manual,USR-0014
SUF-0000132,V003509,2026-06-03,1,MESA-070,PUESTO-020,ZONA-10,MUN-05,CIRC-05,12:27:14,electronico,USR-0010
SUF-0000133,V003494,2026-06-03,1,MESA-004,PUESTO-004,ZONA-04,MUN-04,CIRC-04,12:52:40,electronico,USR-0003
SUF-0000134,V003638,2026-06-03,1,MESA-045,PUESTO-020,ZONA-10,MUN-05,CIRC-05,09:03:58,manual,USR-0023
SUF-0000135,V002080,2026-06-03,1,MESA-054,PUESTO-004,ZONA-04,MUN-04,CIRC-04,12:24:16,manual,USR-0019
SUF-0000136,V001689,2026-06-03,1,MESA-013,PUESTO-013,ZONA-03,MUN-03,CIRC-03,08:12:21,manual,USR-0010
SUF-0000137,V003580,2026-06-03,1,MESA-050,PUESTO-025,ZONA-05,MUN-05,CIRC-05,12:17:03,manual,USR-0022
SUF-0000138,V001853,2026-06-03,1,MESA-048,PUESTO-023,ZONA-03,MUN-03,CIRC-03,12:04:56,electronico,USR-0021
SUF-0000139,V004076,2026-06-03,1,MESA-078,PUESTO-003,ZONA-03,MUN-03,CIRC-03,09:01:20,electronico,USR-0006
SUF-0000140,V001839,2026-06-03,1,MESA-067,PUESTO-017,ZONA-07,MUN-02,CIRC-02,13:40:31,electronico,USR-0014
SUF-0000141,V001347,2026-06-03,1,MESA-013,PUESTO-013,ZONA-03,MUN-03,CIRC-03,10:50:20,manual,USR-0014
SUF-0000142,V000999,2026-06-03,1,MESA-017,PUESTO-017,ZONA-07,MUN-02,CIRC-02,10:50:17,electronico,USR-0010
SUF-0000143,V003392,2026-06-03,1,MESA-053,PUESTO-003,ZONA-03,MUN-03,CIRC-03,12:23:32,electronico,USR-0024
SUF-0000144,V002687,2026-06-03,1,MESA-039,PUESTO-014,ZONA-04,MUN-04,CIRC-04,10:50:00,electronico,USR-0008
SUF-0000145,V000836,2026-06-03,1,MESA-076,PUESTO-001,ZONA-01,MUN-01,CIRC-01,13:29:58,electronico,USR-0012
SUF-0000146,V002010,2026-06-03,1,MESA-073,PUESTO-023,ZONA-03,MUN-03,CIRC-03,12:25:07,electronico,USR-0022
SUF-0000147,V000987,2026-06-03,1,MESA-068,PUESTO-018,ZONA-08,MUN-03,CIRC-03,12:14:48,electronico,USR-0012
SUF-0000148,V001140,2026-06-03,1,MESA-028,PUESTO-003,ZONA-03,MUN-03,CIRC-03,13:58:04,manual,USR-0020
SUF-0000149,V001488,2026-06-03,1,MESA-058,PUESTO-008,ZONA-08,MUN-03,CIRC-03,12:42:33,manual,USR-0009
SUF-0000150,V004134,2026-06-03,1,MESA-038,PUESTO-013,ZONA-03,MUN-03,CIRC-03,10:04:28,manual,USR-0015
SUF-0000151,V000980,2026-06-03,1,MESA-030,PUESTO-005,ZONA-05,MUN-05,CIRC-05,08:15:33,manual,USR-0025
SUF-0000152,V004950,2026-06-03,1,MESA-047,PUESTO-022,ZONA-02,MUN-02,CIRC-02,11:37:12,electronico,USR-0005
SUF-0000153,V003834,2026-06-03,1,MESA-033,PUESTO-008,ZONA-08,MUN-03,CIRC-03,11:27:14,electronico,USR-0007
SUF-0000154,V003124,2026-06-03,1,MESA-030,PUESTO-005,ZONA-05,MUN-05,CIRC-05,08:59:35,electronico,USR-0017
SUF-0000155,V001932,2026-06-03,1,MESA-026,PUESTO-001,ZONA-01,MUN-01,CIRC-01,14:07:29,electronico,USR-0007
SUF-0000156,V003075,2026-06-03,1,MESA-009,PUESTO-009,ZONA-09,MUN-04,CIRC-04,12:49:55,manual,USR-0010
SUF-0000157,V003113,2026-06-03,1,MESA-028,PUESTO-003,ZONA-03,MUN-03,CIRC-03,11:36:23,manual,USR-0012
SUF-0000158,V000921,2026-06-03,1,MESA-080,PUESTO-005,ZONA-05,MUN-05,CIRC-05,09:05:53,manual,USR-0011
SUF-0000159,V000886,2026-06-03,1,MESA-044,PUESTO-019,ZONA-09,MUN-04,CIRC-04,11:47:45,electronico,USR-0023
SUF-0000160,V002798,2026-06-03,1,MESA-049,PUESTO-024,ZONA-04,MUN-04,CIRC-04,14:28:07,manual,USR-0004
SUF-0000161,V000596,2026-06-03,1,MESA-047,PUESTO-022,ZONA-02,MUN-02,CIRC-02,12:57:17,manual,USR-0024
SUF-0000162,V001827,2026-06-03,1,MESA-034,PUESTO-009,ZONA-09,MUN-04,CIRC-04,13:19:28,electronico,USR-0014
SUF-0000163,V003905,2026-06-03,1,MESA-064,PUESTO-014,ZONA-04,MUN-04,CIRC-04,11:10:27,manual,USR-0009
SUF-0000164,V003515,2026-06-03,1,MESA-037,PUESTO-012,ZONA-02,MUN-02,CIRC-02,13:08:01,manual,USR-0012
SUF-0000165,V002692,2026-06-03,1,MESA-031,PUESTO-006,ZONA-06,MUN-01,CIRC-01,14:38:01,manual,USR-0014
SUF-0000166,V003350,2026-06-03,1,MESA-058,PUESTO-008,ZONA-08,MUN-03,CIRC-03,09:07:21,manual,USR-0014
SUF-0000167,V003192,2026-06-03,1,MESA-049,PUESTO-024,ZONA-04,MUN-04,CIRC-04,07:13:00,manual,USR-0013
SUF-0000168,V001420,2026-06-03,1,MESA-005,PUESTO-005,ZONA-05,MUN-05,CIRC-05,09:58:09,manual,USR-0025
SUF-0000169,V004879,2026-06-03,1,MESA-070,PUESTO-020,ZONA-10,MUN-05,CIRC-05,11:48:49,manual,USR-0003
SUF-0000170,V002667,2026-06-03,1,MESA-065,PUESTO-015,ZONA-05,MUN-05,CIRC-05,12:46:32,electronico,USR-0019
SUF-0000171,V002104,2026-06-03,1,MESA-028,PUESTO-003,ZONA-03,MUN-03,CIRC-03,10:25:35,electronico,USR-0019
SUF-0000172,V003318,2026-06-03,1,MESA-076,PUESTO-001,ZONA-01,MUN-01,CIRC-01,12:26:04,electronico,USR-0012
SUF-0000173,V002171,2026-06-03,1,MESA-079,PUESTO-004,ZONA-04,MUN-04,CIRC-04,09:44:42,manual,USR-0021
SUF-0000174,V002707,2026-06-03,1,MESA-003,PUESTO-003,ZONA-03,MUN-03,CIRC-03,11:27:39,electronico,USR-0006
SUF-0000175,V002452,2026-06-03,1,MESA-064,PUESTO-014,ZONA-04,MUN-04,CIRC-04,10:02:25,manual,USR-0015
SUF-0000176,V004378,2026-06-03,1,MESA-050,PUESTO-025,ZONA-05,MUN-05,CIRC-01,15:13:35,electronico,USR-0023
SUF-0000177,V002140,2026-06-03,1,MESA-072,PUESTO-022,ZONA-02,MUN-02,CIRC-02,14:56:24,electronico,USR-0023
SUF-0000178,V001561,2026-06-03,1,MESA-032,PUESTO-007,ZONA-07,MUN-02,CIRC-02,13:51:46,electronico,USR-0014
SUF-0000179,V004490,2026-06-03,1,MESA-024,PUESTO-024,ZONA-04,MUN-04,CIRC-04,08:40:53,manual,USR-0022
SUF-0000180,V003524,2026-06-03,1,MESA-071,PUESTO-021,ZONA-01,MUN-01,CIRC-01,11:19:29,electronico,USR-0010
SUF-0000181,V001760,2026-06-03,1,MESA-016,PUESTO-016,ZONA-06,MUN-01,CIRC-01,10:45:47,electronico,USR-0015
SUF-0000182,V004330,2026-06-03,1,MESA-011,PUESTO-011,ZONA-01,MUN-01,CIRC-01,10:28:56,electronico,USR-0021
SUF-0000183,V000880,2026-06-03,1,MESA-061,PUESTO-011,ZONA-01,MUN-01,CIRC-01,14:10:43,manual,USR-0014
SUF-0000184,V003862,2026-06-03,1,MESA-075,PUESTO-025,ZONA-05,MUN-05,CIRC-05,12:55:04,manual,USR-0008
SUF-0000185,V000082,2026-06-03,1,MESA-039,PUESTO-014,ZONA-04,MUN-04,CIRC-04,08:07:52,manual,USR-0015
SUF-0000186,V002034,2026-06-03,1,MESA-050,PUESTO-025,ZONA-05,MUN-05,CIRC-05,12:36:59,electronico,USR-0010
SUF-0000187,V002423,2026-06-03,1,MESA-039,PUESTO-014,ZONA-04,MUN-04,CIRC-04,13:45:12,manual,USR-0010
SUF-0000188,V004982,2026-06-03,1,MESA-062,PUESTO-012,ZONA-02,MUN-02,CIRC-02,09:45:33,electronico,USR-0010
SUF-0000189,V002320,2026-06-03,1,MESA-046,PUESTO-021,ZONA-01,MUN-01,CIRC-01,10:18:50,manual,USR-0004
SUF-0000190,V003740,2026-06-03,1,MESA-058,PUESTO-008,ZONA-08,MUN-03,CIRC-03,12:21:51,electronico,USR-0024
SUF-0000191,V003370,2026-06-03,1,MESA-035,PUESTO-010,ZONA-10,MUN-05,CIRC-05,13:05:36,electronico,USR-0008
SUF-0000192,V002157,2026-06-03,1,MESA-029,PUESTO-004,ZONA-04,MUN-04,CIRC-04,17:57:00,electronico,USR-0003
SUF-0000193,V000948,2026-06-03,1,MESA-035,PUESTO-010,ZONA-10,MUN-05,CIRC-05,08:11:23,electronico,USR-0023
SUF-0000194,V004627,2026-06-03,1,MESA-059,PUESTO-009,ZONA-09,MUN-04,CIRC-04,12:21:18,manual,USR-0010
SUF-0000195,V000547,2026-06-03,1,MESA-029,PUESTO-004,ZONA-04,MUN-04,CIRC-04,15:51:09,electronico,USR-0010
SUF-0000196,V003321,2026-06-03,1,MESA-044,PUESTO-019,ZONA-09,MUN-04,CIRC-04,08:01:00,electronico,USR-0010
SUF-0000197,V002030,2026-06-03,1,MESA-040,PUESTO-015,ZONA-05,MUN-05,CIRC-05,14:57:37,electronico,USR-0016
SUF-0000198,V002627,2026-06-03,1,MESA-003,PUESTO-003,ZONA-03,MUN-03,CIRC-04,12:21:33,electronico,USR-0010
SUF-0000199,V003364,2026-06-03,1,MESA-031,PUESTO-006,ZONA-06,MUN-01,CIRC-01,09:40:01,manual,USR-0006
SUF-0000200,V004442,2026-06-03,1,MESA-030,PUESTO-005,ZONA-05,MUN-05,CIRC-05,14:42:09,electronico,USR-0006
SUF-0000201,V002412,2026-06-03,1,MESA-008,PUESTO-008,ZONA-08,MUN-03,CIRC-03,11:27:07,electronico,USR-0012
SUF-0000202,V001533,2026-06-03,1,MESA-054,PUESTO-004,ZONA-04,MUN-04,CIRC-04,15:21:46,electronico,USR-0009
SUF-0000203,V004140,2026-06-03,1,MESA-018,PUESTO-018,ZONA-08,MUN-03,CIRC-03,15:38:04,electronico,USR-0011
SUF-0000204,V000101,2026-06-03,1,MESA-005,PUESTO-005,ZONA-05,MUN-05,CIRC-05,15:43:51,electronico,USR-0005
SUF-0000205,V000843,2026-06-03,1,MESA-007,PUESTO-007,ZONA-07,MUN-02,CIRC-02,09:54:39,manual,USR-0015
SUF-0000206,V002891,2026-06-03,1,MESA-010,PUESTO-010,ZONA-10,MUN-05,CIRC-05,10:25:33,electronico,USR-0008
SUF-0000207,V001019,2026-06-03,1,MESA-070,PUESTO-020,ZONA-10,MUN-05,CIRC-05,12:54:09,electronico,USR-0023
SUF-0000208,V002242,2026-06-03,1,MESA-078,PUESTO-003,ZONA-03,MUN-03,CIRC-03,12:49:20,electronico,USR-0007
SUF-0000209,V000995,2026-06-03,1,MESA-016,PUESTO-016,ZONA-06,MUN-01,CIRC-01,12:11:52,manual,USR-0010
SUF-0000210,V004956,2026-06-03,1,MESA-041,PUESTO-016,ZONA-06,MUN-01,CIRC-01,15:38:52,electronico,USR-0011
SUF-0000211,V000601,2026-06-03,1,MESA-025,PUESTO-025,ZONA-05,MUN-05,CIRC-05,08:30:17,electronico,USR-0011
SUF-0000212,V003418,2026-06-03,1,MESA-049,PUESTO-024,ZONA-04,MUN-04,CIRC-04,14:06:38,manual,USR-0016
SUF-0000213,V001537,2026-06-03,1,MESA-011,PUESTO-011,ZONA-01,MUN-01,CIRC-01,10:00:28,manual,USR-0006
SUF-0000214,V002437,2026-06-03,1,MESA-031,PUESTO-006,ZONA-06,MUN-01,CIRC-01,14:37:08,electronico,USR-0013
SUF-0000215,V002463,2026-06-03,1,MESA-031,PUESTO-006,ZONA-06,MUN-01,CIRC-01,08:32:20,manual,USR-0010
SUF-0000216,V004698,2026-06-03,1,MESA-063,PUESTO-013,ZONA-03,MUN-03,CIRC-03,12:51:27,manual,USR-0004
SUF-0000217,V001495,2026-06-03,1,MESA-074,PUESTO-024,ZONA-04,MUN-04,CIRC-04,10:40:01,electronico,USR-0007
SUF-0000218,V001919,2026-06-03,1,MESA-002,PUESTO-002,ZONA-02,MUN-02,CIRC-02,13:53:08,manual,USR-0019
SUF-0000219,V004310,2026-06-03,1,MESA-045,PUESTO-020,ZONA-10,MUN-05,CIRC-05,15:08:46,electronico,USR-0007
SUF-0000220,V004669,2026-06-03,1,MESA-012,PUESTO-012,ZONA-02,MUN-02,CIRC-02,10:17:48,electronico,USR-0010
SUF-0000221,V002522,2026-06-03,1,MESA-037,PUESTO-012,ZONA-02,MUN-02,CIRC-02,08:17:31,electronico,USR-0013
SUF-0000222,V000892,2026-06-03,1,MESA-054,PUESTO-004,ZONA-04,MUN-04,CIRC-04,13:50:46,electronico,USR-0025
SUF-0000223,V003430,2026-06-03,1,MESA-037,PUESTO-012,ZONA-02,MUN-02,CIRC-02,11:32:06,electronico,USR-0012
SUF-0000224,V000680,2026-06-03,1,MESA-064,PUESTO-014,ZONA-04,MUN-04,CIRC-04,15:25:56,manual,USR-0004
SUF-0000225,V003888,2026-06-03,1,MESA-071,PUESTO-021,ZONA-01,MUN-01,CIRC-01,15:28:11,electronico,USR-0017
SUF-0000226,V000264,2026-06-03,1,MESA-079,PUESTO-004,ZONA-04,MUN-04,CIRC-04,08:17:55,electronico,USR-0010
SUF-0000227,V004821,2026-06-03,1,MESA-001,PUESTO-001,ZONA-01,MUN-01,CIRC-01,10:02:10,manual,USR-0008
SUF-0000228,V004779,2026-06-03,1,MESA-078,PUESTO-003,ZONA-03,MUN-03,CIRC-03,13:58:45,manual,USR-0015
SUF-0000229,V001691,2026-06-03,1,MESA-035,PUESTO-010,ZONA-10,MUN-05,CIRC-05,13:37:26,electronico,USR-0016
SUF-0000230,V002585,2026-06-03,1,MESA-030,PUESTO-005,ZONA-05,MUN-05,CIRC-05,10:59:20,electronico,USR-0007
SUF-0000231,V003554,2026-06-03,1,MESA-065,PUESTO-015,ZONA-05,MUN-05,CIRC-05,12:26:28,manual,USR-0023
SUF-0000232,V002919,2026-06-03,1,MESA-014,PUESTO-014,ZONA-04,MUN-04,CIRC-04,09:16:21,manual,USR-0019
SUF-0000233,V002543,2026-06-03,1,MESA-071,PUESTO-021,ZONA-01,MUN-01,CIRC-01,10:07:45,manual,USR-0010
SUF-0000234,V004780,2026-06-03,1,MESA-075,PUESTO-025,ZONA-05,MUN-05,CIRC-05,14:20:57,electronico,USR-0010
SUF-0000235,V000905,2026-06-03,1,MESA-071,PUESTO-021,ZONA-01,MUN-01,CIRC-01,09:14:41,manual,USR-0010
SUF-0000236,V001349,2026-06-03,1,MESA-080,PUESTO-005,ZONA-05,MUN-05,CIRC-05,14:16:40,electronico,USR-0024
SUF-0000237,V000383,2026-06-03,1,MESA-041,PUESTO-016,ZONA-06,MUN-01,CIRC-01,15:55:30,electronico,USR-0004
SUF-0000238,V001277,2026-06-03,1,MESA-012,PUESTO-012,ZONA-02,MUN-02,CIRC-02,12:24:19,manual,USR-0024
SUF-0000239,V001418,2026-06-03,1,MESA-003,PUESTO-003,ZONA-03,MUN-03,CIRC-03,15:40:08,manual,USR-0014
SUF-0000240,V002900,2026-06-03,1,MESA-061,PUESTO-011,ZONA-01,MUN-01,CIRC-01,09:42:25,electronico,USR-0021
SUF-0000241,V001856,2026-06-03,1,MESA-011,PUESTO-011,ZONA-01,MUN-01,CIRC-01,09:27:11,electronico,USR-0021
SUF-0000242,V002969,2026-06-03,1,MESA-008,PUESTO-008,ZONA-08,MUN-03,CIRC-03,11:54:21,electronico,USR-0014
SUF-0000243,V000849,2026-06-03,1,MESA-060,PUESTO-010,ZONA-10,MUN-05,CIRC-05,08:28:20,manual,USR-0010
SUF-0000244,V000228,2026-06-03,1,MESA-037,PUESTO-012,ZONA-02,MUN-02,CIRC-02,14:07:25,electronico,USR-0012
SUF-0000245,V001255,2026-06-03,1,MESA-056,PUESTO-006,ZONA-06,MUN-01,CIRC-01,08:44:00,manual,USR-0006
SUF-0000246,V001803,2026-06-03,1,MESA-078,PUESTO-003,ZONA-03,MUN-03,CIRC-03,14:26:42,electronico,USR-0010
SUF-0000247,V001832,2026-06-03,1,MESA-048,PUESTO-023,ZONA-03,MUN-03,CIRC-03,11:49:27,electronico,USR-0019
SUF-0000248,V003818,2026-06-03,1,MESA-007,PUESTO-007,ZONA-07,MUN-02,CIRC-02,12:07:27,electronico,USR-0006
SUF-0000249,V002237,2026-06-03,1,MESA-074,PUESTO-024,ZONA-04,MUN-04,CIRC-04,07:29:00,manual,USR-0005
SUF-0000250,V002857,2026-06-03,1,MESA-056,PUESTO-006,ZONA-06,MUN-01,CIRC-01,13:28:43,electronico,USR-0024
SUF-0000251,V004654,2026-06-03,1,MESA-018,PUESTO-018,ZONA-08,MUN-03,CIRC-03,13:30:57,electronico,USR-0010
SUF-0000252,V003826,2026-06-03,1,MESA-012,PUESTO-012,ZONA-02,MUN-02,CIRC-05,12:05:00,electronico,USR-0010
SUF-0000253,V003414,2026-06-03,1,MESA-074,PUESTO-024,ZONA-04,MUN-04,CIRC-04,11:04:49,electronico,USR-0014
SUF-0000254,V003142,2026-06-03,1,MESA-049,PUESTO-024,ZONA-04,MUN-04,CIRC-04,09:22:38,electronico,USR-0014
SUF-0000255,V003502,2026-06-03,1,MESA-036,PUESTO-011,ZONA-01,MUN-01,CIRC-01,13:40:40,electronico,USR-0022
SUF-0000256,V004696,2026-06-03,1,MESA-064,PUESTO-014,ZONA-04,MUN-04,CIRC-04,11:41:46,electronico,USR-0022
SUF-0000257,V000139,2026-06-03,1,MESA-020,PUESTO-020,ZONA-10,MUN-05,CIRC-05,15:23:22,manual,USR-0025
SUF-0000258,V001716,2026-06-03,1,MESA-003,PUESTO-003,ZONA-03,MUN-03,CIRC-03,15:25:22,manual,USR-0021
SUF-0000259,V004866,2026-06-03,1,MESA-031,PUESTO-006,ZONA-06,MUN-01,CIRC-01,08:46:50,manual,USR-0011
SUF-0000260,V002519,2026-06-03,1,MESA-049,PUESTO-024,ZONA-04,MUN-04,CIRC-04,10:43:04,manual,USR-0010
SUF-0000261,V000011,2026-06-03,1,MESA-018,PUESTO-018,ZONA-08,MUN-03,CIRC-03,09:33:23,electronico,USR-0022
SUF-0000262,V003954,2026-06-03,1,MESA-007,PUESTO-007,ZONA-07,MUN-02,CIRC-02,14:50:37,manual,USR-0025
SUF-0000263,V000757,2026-06-03,1,MESA-051,PUESTO-001,ZONA-01,MUN-01,CIRC-01,13:32:22,manual,USR-0024
SUF-0000264,V001765,2026-06-03,1,MESA-072,PUESTO-022,ZONA-02,MUN-02,CIRC-02,08:08:34,electronico,USR-0011
SUF-0000265,V000575,2026-06-03,1,MESA-003,PUESTO-003,ZONA-03,MUN-03,CIRC-03,14:51:14,manual,USR-0023
SUF-0000266,V003799,2026-06-03,1,MESA-052,PUESTO-002,ZONA-02,MUN-02,CIRC-02,09:32:16,manual,USR-0005
SUF-0000267,V001656,2026-06-03,1,MESA-020,PUESTO-020,ZONA-10,MUN-05,CIRC-05,09:10:41,electronico,USR-0017
SUF-0000268,V000583,2026-06-03,1,MESA-056,PUESTO-006,ZONA-06,MUN-01,CIRC-01,14:08:34,manual,USR-0024
SUF-0000269,V003431,2026-06-03,1,MESA-051,PUESTO-001,ZONA-01,MUN-01,CIRC-01,08:32:11,electronico,USR-0013
SUF-0000270,V004006,2026-06-03,1,MESA-043,PUESTO-018,ZONA-08,MUN-03,CIRC-03,08:07:18,electronico,USR-0011
SUF-0000271,V002961,2026-06-03,1,MESA-001,PUESTO-001,ZONA-01,MUN-01,CIRC-01,09:38:46,electronico,USR-0021
SUF-0000272,V003607,2026-06-03,1,MESA-046,PUESTO-021,ZONA-01,MUN-01,CIRC-01,13:44:58,manual,USR-0009
SUF-0000273,V003964,2026-06-03,1,MESA-016,PUESTO-016,ZONA-06,MUN-01,CIRC-01,12:04:33,electronico,USR-0017
SUF-0000274,V001644,2026-06-03,1,MESA-004,PUESTO-004,ZONA-04,MUN-04,CIRC-04,12:49:33,electronico,USR-0005
SUF-0000275,V001833,2026-06-03,1,MESA-064,PUESTO-014,ZONA-04,MUN-04,CIRC-04,08:05:01,electronico,USR-0019
SUF-0000276,V004092,2026-06-03,1,MESA-040,PUESTO-015,ZONA-05,MUN-05,CIRC-05,08:22:38,manual,USR-0024
SUF-0000277,V000674,2026-06-03,1,MESA-048,PUESTO-023,ZONA-03,MUN-03,CIRC-03,14:48:35,electronico,USR-0025
SUF-0000278,V001858,2026-06-03,1,MESA-056,PUESTO-006,ZONA-06,MUN-01,CIRC-01,09:52:41,manual,USR-0005
SUF-0000279,V000399,2026-06-03,1,MESA-044,PUESTO-019,ZONA-09,MUN-04,CIRC-04,10:41:47,electronico,USR-0022
SUF-0000280,V002813,2026-06-03,1,MESA-048,PUESTO-023,ZONA-03,MUN-03,CIRC-03,10:23:48,manual,USR-0009
SUF-0000281,V002022,2026-06-03,1,MESA-074,PUESTO-024,ZONA-04,MUN-04,CIRC-04,14:35:59,electronico,USR-0003
SUF-0000282,V002359,2026-06-03,1,MESA-062,PUESTO-012,ZONA-02,MUN-02,CIRC-02,08:13:44,manual,USR-0004
SUF-0000283,V004648,2026-06-03,1,MESA-019,PUESTO-019,ZONA-09,MUN-04,CIRC-04,10:21:35,electronico,USR-0004
SUF-0000284,V001199,2026-06-03,1,MESA-005,PUESTO-005,ZONA-05,MUN-05,CIRC-05,12:00:55,manual,USR-0021
SUF-0000285,V002554,2026-06-03,1,MESA-068,PUESTO-018,ZONA-08,MUN-03,CIRC-01,14:21:20,electronico,USR-0005
SUF-0000286,V001817,2026-06-03,1,MESA-036,PUESTO-011,ZONA-01,MUN-01,CIRC-05,11:41:45,electronico,USR-0004
SUF-0000287,V002040,2026-06-03,1,MESA-027,PUESTO-002,ZONA-02,MUN-02,CIRC-02,08:17:29,electronico,USR-0010
SUF-0000288,V004662,2026-06-03,1,MESA-051,PUESTO-001,ZONA-01,MUN-01,CIRC-01,13:54:09,electronico,USR-0010
SUF-0000289,V001096,2026-06-03,1,MESA-059,PUESTO-009,ZONA-09,MUN-04,CIRC-04,11:55:00,electronico,USR-0004
SUF-0000290,V001960,2026-06-03,1,MESA-016,PUESTO-016,ZONA-06,MUN-01,CIRC-01,13:59:30,electronico,USR-0022
SUF-0000291,V002741,2026-06-03,1,MESA-022,PUESTO-022,ZONA-02,MUN-02,CIRC-02,15:24:15,electronico,USR-0015
SUF-0000292,V003680,2026-06-03,1,MESA-011,PUESTO-011,ZONA-01,MUN-01,CIRC-01,12:07:47,electronico,USR-0015
SUF-0000293,V001018,2026-06-03,1,MESA-055,PUESTO-005,ZONA-05,MUN-05,CIRC-05,12:52:40,electronico,USR-0023
SUF-0000294,V003845,2026-06-03,1,MESA-065,PUESTO-015,ZONA-05,MUN-05,CIRC-05,12:54:17,electronico,USR-0015
SUF-0000295,V001584,2026-06-03,1,MESA-068,PUESTO-018,ZONA-08,MUN-03,CIRC-03,11:46:37,electronico,USR-0021
SUF-0000296,V001216,2026-06-03,1,MESA-051,PUESTO-001,ZONA-01,MUN-01,CIRC-01,08:52:22,electronico,USR-0014
SUF-0000297,V004291,2026-06-03,1,MESA-066,PUESTO-016,ZONA-06,MUN-01,CIRC-01,13:29:58,electronico,USR-0014
SUF-0000298,V000593,2026-06-03,1,MESA-046,PUESTO-021,ZONA-01,MUN-01,CIRC-01,09:18:46,manual,USR-0003
SUF-0000299,V004178,2026-06-03,1,MESA-025,PUESTO-025,ZONA-05,MUN-05,CIRC-05,12:10:28,electronico,USR-0025
SUF-0000300,V004868,2026-06-03,1,MESA-006,PUESTO-006,ZONA-06,MUN-01,CIRC-01,09:16:11,electronico,USR-0010
SUF-0000301,V002581,2026-06-03,1,MESA-070,PUESTO-020,ZONA-10,MUN-05,CIRC-05,15:04:46,electronico,USR-0020
SUF-0000302,V003673,2026-06-03,1,MESA-002,PUESTO-002,ZONA-02,MUN-02,CIRC-02,11:57:39,electronico,USR-0017
SUF-0000303,V004964,2026-06-03,1,MESA-051,PUESTO-001,ZONA-01,MUN-01,CIRC-01,12:22:30,electronico,USR-0009
SUF-0000304,V002815,2026-06-03,1,MESA-080,PUESTO-005,ZONA-05,MUN-05,CIRC-05,14:41:07,electronico,USR-0021
SUF-0000305,V002848,2026-06-03,1,MESA-009,PUESTO-009,ZONA-09,MUN-04,CIRC-04,15:59:35,electronico,USR-0010
SUF-0000306,V001770,2026-06-03,1,MESA-005,PUESTO-005,ZONA-05,MUN-05,CIRC-05,09:35:13,manual,USR-0004
SUF-0000307,V001532,2026-06-03,1,MESA-059,PUESTO-009,ZONA-09,MUN-04,CIRC-04,10:56:45,electronico,USR-0022
SUF-0000308,V000972,2026-06-03,1,MESA-080,PUESTO-005,ZONA-05,MUN-05,CIRC-05,11:28:27,electronico,USR-0025
SUF-0000309,V002705,2026-06-03,1,MESA-002,PUESTO-002,ZONA-02,MUN-02,CIRC-02,10:48:03,electronico,USR-0005
SUF-0000310,V000884,2026-06-03,1,MESA-053,PUESTO-003,ZONA-03,MUN-03,CIRC-03,09:04:23,manual,USR-0007
SUF-0000311,V004727,2026-06-03,1,MESA-021,PUESTO-021,ZONA-01,MUN-01,CIRC-01,13:04:44,electronico,USR-0009
SUF-0000312,V000866,2026-06-03,1,MESA-017,PUESTO-017,ZONA-07,MUN-02,CIRC-04,09:15:03,electronico,USR-0011
SUF-0000313,V004589,2026-06-03,1,MESA-025,PUESTO-025,ZONA-05,MUN-05,CIRC-05,14:14:09,electronico,USR-0008
SUF-0000314,V000417,2026-06-03,1,MESA-074,PUESTO-024,ZONA-04,MUN-04,CIRC-04,14:08:51,manual,USR-0017
SUF-0000315,V002722,2026-06-03,1,MESA-015,PUESTO-015,ZONA-05,MUN-05,CIRC-05,11:12:34,electronico,USR-0006
SUF-0000316,V000934,2026-06-03,1,MESA-078,PUESTO-003,ZONA-03,MUN-03,CIRC-03,14:40:14,electronico,USR-0020
SUF-0000317,V002307,2026-06-03,1,MESA-009,PUESTO-009,ZONA-09,MUN-04,CIRC-04,08:41:50,manual,USR-0005
SUF-0000318,V003875,2026-06-03,1,MESA-017,PUESTO-017,ZONA-07,MUN-02,CIRC-02,09:48:06,manual,USR-0012
SUF-0000319,V002639,2026-06-03,1,MESA-078,PUESTO-003,ZONA-03,MUN-03,CIRC-03,14:30:48,electronico,USR-0022
SUF-0000320,V001248,2026-06-03,1,MESA-059,PUESTO-009,ZONA-09,MUN-04,CIRC-04,15:08:07,electronico,USR-0008
SUF-0000321,V003339,2026-06-03,1,MESA-056,PUESTO-006,ZONA-06,MUN-01,CIRC-01,13:38:27,electronico,USR-0008
SUF-0000322,V001506,2026-06-03,1,MESA-058,PUESTO-008,ZONA-08,MUN-03,CIRC-03,11:15:23,electronico,USR-0009
SUF-0000323,V001403,2026-06-03,1,MESA-064,PUESTO-014,ZONA-04,MUN-04,CIRC-04,13:10:16,electronico,USR-0019
SUF-0000324,V004087,2026-06-03,1,MESA-077,PUESTO-002,ZONA-02,MUN-02,CIRC-02,08:17:11,electronico,USR-0023
SUF-0000325,V003150,2026-06-03,1,MESA-078,PUESTO-003,ZONA-03,MUN-03,CIRC-03,09:04:27,electronico,USR-0006
SUF-0000326,V004355,2026-06-03,1,MESA-033,PUESTO-008,ZONA-08,MUN-03,CIRC-03,12:15:53,electronico,USR-0008
SUF-0000327,V000157,2026-06-03,1,MESA-035,PUESTO-010,ZONA-10,MUN-05,CIRC-05,09:21:30,electronico,USR-0013
SUF-0000328,V004733,2026-06-03,1,MESA-062,PUESTO-012,ZONA-02,MUN-02,CIRC-02,11:43:31,electronico,USR-0014
SUF-0000329,V002842,2026-06-03,1,MESA-073,PUESTO-023,ZONA-03,MUN-03,CIRC-05,14:02:52,electronico,USR-0013
SUF-0000330,V002505,2026-06-03,1,MESA-006,PUESTO-006,ZONA-06,MUN-01,CIRC-01,13:46:48,electronico,USR-0010
SUF-0000331,V004369,2026-06-03,1,MESA-049,PUESTO-024,ZONA-04,MUN-04,CIRC-04,08:40:17,manual,USR-0006
SUF-0000332,V004655,2026-06-03,1,MESA-026,PUESTO-001,ZONA-01,MUN-01,CIRC-01,13:47:36,electronico,USR-0009
SUF-0000333,V001979,2026-06-03,1,MESA-049,PUESTO-024,ZONA-04,MUN-04,CIRC-04,13:18:57,electronico,USR-0025
SUF-0000334,V000150,2026-06-03,1,MESA-080,PUESTO-005,ZONA-05,MUN-05,CIRC-03,13:46:52,electronico,USR-0025
SUF-0000335,V004952,2026-06-03,1,MESA-060,PUESTO-010,ZONA-10,MUN-05,CIRC-05,14:15:03,electronico,USR-0006
SUF-0000336,V002521,2026-06-03,1,MESA-021,PUESTO-021,ZONA-01,MUN-01,CIRC-01,10:45:26,electronico,USR-0025
SUF-0000337,V002124,2026-06-03,1,MESA-075,PUESTO-025,ZONA-05,MUN-05,CIRC-05,09:42:41,manual,USR-0006
SUF-0000338,V004610,2026-06-03,1,MESA-068,PUESTO-018,ZONA-08,MUN-03,CIRC-03,15:12:52,electronico,USR-0022
SUF-0000339,V002329,2026-06-03,1,MESA-049,PUESTO-024,ZONA-04,MUN-04,CIRC-04,14:49:47,manual,USR-0004
SUF-0000340,V003629,2026-06-03,1,MESA-027,PUESTO-002,ZONA-02,MUN-02,CIRC-02,10:54:58,manual,USR-0009
SUF-0000341,V002283,2026-06-03,1,MESA-055,PUESTO-005,ZONA-05,MUN-05,CIRC-05,07:18:00,electronico,USR-0016
SUF-0000342,V000869,2026-06-03,1,MESA-065,PUESTO-015,ZONA-05,MUN-05,CIRC-05,13:10:53,manual,USR-0010
SUF-0000343,V004923,2026-06-03,1,MESA-007,PUESTO-007,ZONA-07,MUN-02,CIRC-02,09:43:03,electronico,USR-0007
SUF-0000344,V002915,2026-06-03,1,MESA-028,PUESTO-003,ZONA-03,MUN-03,CIRC-03,10:45:46,manual,USR-0019
SUF-0000345,V002143,2026-06-03,1,MESA-021,PUESTO-021,ZONA-01,MUN-01,CIRC-01,09:16:57,electronico,USR-0025
SUF-0000346,V000710,2026-06-03,1,MESA-062,PUESTO-012,ZONA-02,MUN-02,CIRC-02,08:28:18,electronico,USR-0012
SUF-0000347,V000322,2026-06-03,1,MESA-060,PUESTO-010,ZONA-10,MUN-05,CIRC-05,14:06:02,electronico,USR-0021
SUF-0000348,V002240,2026-06-03,1,MESA-019,PUESTO-019,ZONA-09,MUN-04,CIRC-04,14:22:19,electronico,USR-0003
SUF-0000349,V001086,2026-06-03,1,MESA-055,PUESTO-005,ZONA-05,MUN-05,CIRC-05,09:47:47,manual,USR-0008
SUF-0000350,V003928,2026-06-03,1,MESA-076,PUESTO-001,ZONA-01,MUN-01,CIRC-01,13:43:33,electronico,USR-0022
SUF-0000351,V001668,2026-06-03,1,MESA-031,PUESTO-006,ZONA-06,MUN-01,CIRC-01,08:53:04,manual,USR-0020
SUF-0000352,V002654,2026-06-03,1,MESA-043,PUESTO-018,ZONA-08,MUN-03,CIRC-05,09:48:50,electronico,USR-0006
SUF-0000353,V001340,2026-06-03,1,MESA-048,PUESTO-023,ZONA-03,MUN-03,CIRC-03,13:42:46,electronico,USR-0021
SUF-0000354,V004848,2026-06-03,1,MESA-040,PUESTO-015,ZONA-05,MUN-05,CIRC-05,15:39:08,electronico,USR-0017
SUF-0000355,V000928,2026-06-03,1,MESA-061,PUESTO-011,ZONA-01,MUN-01,CIRC-01,13:20:44,electronico,USR-0011
SUF-0000356,V002996,2026-06-03,1,MESA-051,PUESTO-001,ZONA-01,MUN-01,CIRC-01,09:29:18,electronico,USR-0010
SUF-0000357,V003286,2026-06-03,1,MESA-023,PUESTO-023,ZONA-03,MUN-03,CIRC-03,13:56:53,manual,USR-0016
SUF-0000358,V002559,2026-06-03,1,MESA-039,PUESTO-014,ZONA-04,MUN-04,CIRC-04,13:19:01,electronico,USR-0011
SUF-0000359,V003281,2026-06-03,1,MESA-034,PUESTO-009,ZONA-09,MUN-04,CIRC-04,14:36:24,electronico,USR-0015
SUF-0000360,V003260,2026-06-03,1,MESA-005,PUESTO-005,ZONA-05,MUN-05,CIRC-05,13:08:28,electronico,USR-0025
SUF-0000361,V004476,2026-06-03,1,MESA-072,PUESTO-022,ZONA-02,MUN-02,CIRC-02,12:33:56,manual,USR-0006
SUF-0000362,V002546,2026-06-03,1,MESA-062,PUESTO-012,ZONA-02,MUN-02,CIRC-02,08:28:54,electronico,USR-0013
SUF-0000363,V004621,2026-06-03,1,MESA-005,PUESTO-005,ZONA-05,MUN-05,CIRC-05,11:34:42,electronico,USR-0016
SUF-0000364,V004909,2026-06-03,1,MESA-039,PUESTO-014,ZONA-04,MUN-04,CIRC-04,15:56:32,electronico,USR-0016
SUF-0000365,V004494,2026-06-03,1,MESA-047,PUESTO-022,ZONA-02,MUN-02,CIRC-02,10:40:38,electronico,USR-0010
SUF-0000366,V002158,2026-06-03,1,MESA-007,PUESTO-007,ZONA-07,MUN-02,CIRC-02,08:05:39,electronico,USR-0010
SUF-0000367,V004756,2026-06-03,1,MESA-026,PUESTO-001,ZONA-01,MUN-01,CIRC-01,09:46:40,electronico,USR-0014
SUF-0000368,V004242,2026-06-03,1,MESA-001,PUESTO-001,ZONA-01,MUN-01,CIRC-01,11:57:13,manual,USR-0017
SUF-0000369,V004487,2026-06-03,1,MESA-017,PUESTO-017,ZONA-07,MUN-02,CIRC-02,08:39:15,electronico,USR-0017
SUF-0000370,V002377,2026-06-03,1,MESA-042,PUESTO-017,ZONA-07,MUN-02,CIRC-02,10:44:23,electronico,USR-0025
SUF-0000371,V000534,2026-06-03,1,MESA-057,PUESTO-007,ZONA-07,MUN-02,CIRC-02,13:15:22,electronico,USR-0014
SUF-0000372,V002292,2026-06-03,1,MESA-035,PUESTO-010,ZONA-10,MUN-05,CIRC-05,13:53:06,electronico,USR-0010
SUF-0000373,V003929,2026-06-03,1,MESA-006,PUESTO-006,ZONA-06,MUN-01,CIRC-01,09:29:10,electronico,USR-0020
SUF-0000374,V002797,2026-06-03,1,MESA-034,PUESTO-009,ZONA-09,MUN-04,CIRC-04,11:59:11,manual,USR-0015
SUF-0000375,V004311,2026-06-03,1,MESA-035,PUESTO-010,ZONA-10,MUN-05,CIRC-05,09:28:35,electronico,USR-0022
SUF-0000376,V002738,2026-06-03,1,MESA-021,PUESTO-021,ZONA-01,MUN-01,CIRC-01,14:48:06,manual,USR-0006
SUF-0000377,V002573,2026-06-03,1,MESA-026,PUESTO-001,ZONA-01,MUN-01,CIRC-01,12:18:06,manual,USR-0021
SUF-0000378,V003590,2026-06-03,1,MESA-020,PUESTO-020,ZONA-10,MUN-05,CIRC-05,13:21:19,electronico,USR-0019
SUF-0000379,V001068,2026-06-03,1,MESA-005,PUESTO-005,ZONA-05,MUN-05,CIRC-05,15:29:25,electronico,USR-0025
SUF-0000380,V001836,2026-06-03,1,MESA-073,PUESTO-023,ZONA-03,MUN-03,CIRC-03,08:49:02,electronico,USR-0011
SUF-0000381,V003694,2026-06-03,1,MESA-012,PUESTO-012,ZONA-02,MUN-02,CIRC-02,13:29:37,electronico,USR-0024
SUF-0000382,V000903,2026-06-03,1,MESA-053,PUESTO-003,ZONA-03,MUN-03,CIRC-03,12:24:56,manual,USR-0016
SUF-0000383,V001276,2026-06-03,1,MESA-058,PUESTO-008,ZONA-08,MUN-03,CIRC-03,15:56:58,electronico,USR-0006
SUF-0000384,V003480,2026-06-03,1,MESA-015,PUESTO-015,ZONA-05,MUN-05,CIRC-05,08:23:31,manual,USR-0025
SUF-0000385,V001102,2026-06-03,1,MESA-015,PUESTO-015,ZONA-05,MUN-05,CIRC-05,09:09:10,manual,USR-0010
SUF-0000386,V001067,2026-06-03,1,MESA-028,PUESTO-003,ZONA-03,MUN-03,CIRC-03,09:54:58,electronico,USR-0003
SUF-0000387,V002086,2026-06-03,1,MESA-049,PUESTO-024,ZONA-04,MUN-04,CIRC-04,12:28:45,electronico,USR-0024
SUF-0000388,V003787,2026-06-03,1,MESA-031,PUESTO-006,ZONA-06,MUN-01,CIRC-01,10:06:10,electronico,USR-0023
SUF-0000389,V000099,2026-06-03,1,MESA-009,PUESTO-009,ZONA-09,MUN-04,CIRC-04,07:09:00,electronico,USR-0003
SUF-0000390,V004499,2026-06-03,1,MESA-025,PUESTO-025,ZONA-05,MUN-05,CIRC-05,15:27:04,electronico,USR-0003
SUF-0000391,V003438,2026-06-03,1,MESA-078,PUESTO-003,ZONA-03,MUN-03,CIRC-03,12:35:51,electronico,USR-0020
SUF-0000392,V004467,2026-06-03,1,MESA-003,PUESTO-003,ZONA-03,MUN-03,CIRC-03,10:38:30,electronico,USR-0007
SUF-0000393,V004710,2026-06-03,1,MESA-012,PUESTO-012,ZONA-02,MUN-02,CIRC-02,12:12:28,manual,USR-0015
SUF-0000394,V001709,2026-06-03,1,MESA-034,PUESTO-009,ZONA-09,MUN-04,CIRC-04,14:20:43,electronico,USR-0008
SUF-0000395,V000763,2026-06-03,1,MESA-021,PUESTO-021,ZONA-01,MUN-01,CIRC-01,12:34:54,electronico,USR-0010
SUF-0000396,V000087,2026-06-03,1,MESA-032,PUESTO-007,ZONA-07,MUN-02,CIRC-02,12:13:44,electronico,USR-0007
SUF-0000397,V002810,2026-06-03,1,MESA-053,PUESTO-003,ZONA-03,MUN-03,CIRC-03,10:41:11,electronico,USR-0013
SUF-0000398,V000379,2026-06-03,1,MESA-030,PUESTO-005,ZONA-05,MUN-05,CIRC-05,15:39:24,electronico,USR-0010
SUF-0000399,V001916,2026-06-03,1,MESA-011,PUESTO-011,ZONA-01,MUN-01,CIRC-01,10:17:51,manual,USR-0024
SUF-0000400,V001874,2026-06-03,1,MESA-038,PUESTO-013,ZONA-03,MUN-03,CIRC-03,11:48:49,manual,USR-0019
SUF-0000401,V004854,2026-06-03,1,MESA-050,PUESTO-025,ZONA-05,MUN-05,CIRC-05,08:14:55,electronico,USR-0023
SUF-0000402,V000875,2026-06-03,1,MESA-023,PUESTO-023,ZONA-03,MUN-03,CIRC-03,13:38:00,electronico,USR-0023
SUF-0000403,V001944,2026-06-03,1,MESA-057,PUESTO-007,ZONA-07,MUN-02,CIRC-02,13:24:38,electronico,USR-0019
SUF-0000404,V004200,2026-06-03,1,MESA-057,PUESTO-007,ZONA-07,MUN-02,CIRC-02,12:19:49,electronico,USR-0022
SUF-0000405,V001155,2026-06-03,1,MESA-046,PUESTO-021,ZONA-01,MUN-01,CIRC-01,12:11:09,manual,USR-0009
SUF-0000406,V002640,2026-06-03,1,MESA-024,PUESTO-024,ZONA-04,MUN-04,CIRC-04,12:56:07,electronico,USR-0020
SUF-0000407,V004706,2026-06-03,1,MESA-012,PUESTO-012,ZONA-02,MUN-02,CIRC-02,08:39:55,manual,USR-0023
SUF-0000408,V003619,2026-06-03,1,MESA-031,PUESTO-006,ZONA-06,MUN-01,CIRC-01,11:44:23,electronico,USR-0021
SUF-0000409,V002213,2026-06-03,1,MESA-022,PUESTO-022,ZONA-02,MUN-02,CIRC-02,08:52:41,electronico,USR-0021
SUF-0000410,V001212,2026-06-03,1,MESA-034,PUESTO-009,ZONA-09,MUN-04,CIRC-04,14:11:04,electronico,USR-0004
SUF-0000411,V000266,2026-06-03,1,MESA-071,PUESTO-021,ZONA-01,MUN-01,CIRC-01,09:29:42,manual,USR-0012
SUF-0000412,V004898,2026-06-03,1,MESA-051,PUESTO-001,ZONA-01,MUN-01,CIRC-01,13:12:48,manual,USR-0024
SUF-0000413,V002854,2026-06-03,1,MESA-064,PUESTO-014,ZONA-04,MUN-04,CIRC-04,15:48:52,electronico,USR-0023
SUF-0000414,V004340,2026-06-03,1,MESA-045,PUESTO-020,ZONA-10,MUN-05,CIRC-05,15:11:17,electronico,USR-0021
SUF-0000415,V004650,2026-06-03,1,MESA-059,PUESTO-009,ZONA-09,MUN-04,CIRC-04,15:00:13,electronico,USR-0025
SUF-0000416,V003652,2026-06-03,1,MESA-061,PUESTO-011,ZONA-01,MUN-01,CIRC-01,08:15:18,electronico,USR-0011
SUF-0000417,V002446,2026-06-03,1,MESA-058,PUESTO-008,ZONA-08,MUN-03,CIRC-03,15:37:19,electronico,USR-0022
SUF-0000418,V004572,2026-06-03,1,MESA-057,PUESTO-007,ZONA-07,MUN-02,CIRC-02,08:07:52,electronico,USR-0003
SUF-0000419,V004412,2026-06-03,1,MESA-074,PUESTO-024,ZONA-04,MUN-04,CIRC-02,14:45:13,electronico,USR-0009
SUF-0000420,V002161,2026-06-03,1,MESA-044,PUESTO-019,ZONA-09,MUN-04,CIRC-04,11:14:31,electronico,USR-0014
SUF-0000421,V001957,2026-06-03,1,MESA-033,PUESTO-008,ZONA-08,MUN-03,CIRC-03,15:50:40,electronico,USR-0020
SUF-0000422,V000655,2026-06-03,1,MESA-066,PUESTO-016,ZONA-06,MUN-01,CIRC-01,13:23:15,electronico,USR-0004
SUF-0000423,V001235,2026-06-03,1,MESA-004,PUESTO-004,ZONA-04,MUN-04,CIRC-01,12:51:21,electronico,USR-0012
SUF-0000424,V000598,2026-06-03,1,MESA-062,PUESTO-012,ZONA-02,MUN-02,CIRC-02,11:27:54,manual,USR-0012
SUF-0000425,V004681,2026-06-03,1,MESA-062,PUESTO-012,ZONA-02,MUN-02,CIRC-02,12:28:26,electronico,USR-0012
SUF-0000426,V003932,2026-06-03,1,MESA-005,PUESTO-005,ZONA-05,MUN-05,CIRC-05,11:14:15,electronico,USR-0022
SUF-0000427,V002343,2026-06-03,1,MESA-035,PUESTO-010,ZONA-10,MUN-05,CIRC-05,13:42:30,electronico,USR-0014
SUF-0000428,V004720,2026-06-03,1,MESA-065,PUESTO-015,ZONA-05,MUN-05,CIRC-05,12:57:24,electronico,USR-0010
SUF-0000429,V003275,2026-06-03,1,MESA-080,PUESTO-005,ZONA-05,MUN-05,CIRC-05,10:39:32,electronico,USR-0011
SUF-0000430,V001298,2026-06-03,1,MESA-034,PUESTO-009,ZONA-09,MUN-04,CIRC-04,14:18:02,electronico,USR-0020
SUF-0000431,V004500,2026-06-03,1,MESA-057,PUESTO-007,ZONA-07,MUN-02,CIRC-02,12:26:26,manual,USR-0010
SUF-0000432,V000143,2026-06-03,1,MESA-013,PUESTO-013,ZONA-03,MUN-03,CIRC-03,15:36:24,electronico,USR-0017
SUF-0000433,V002984,2026-06-03,1,MESA-030,PUESTO-005,ZONA-05,MUN-05,CIRC-05,15:09:26,electronico,USR-0019
SUF-0000434,V001991,2026-06-03,1,MESA-049,PUESTO-024,ZONA-04,MUN-04,CIRC-04,11:16:23,manual,USR-0012
SUF-0000435,V004858,2026-06-03,1,MESA-075,PUESTO-025,ZONA-05,MUN-05,CIRC-05,07:05:00,electronico,USR-0022
SUF-0000436,V002233,2026-06-03,1,MESA-039,PUESTO-014,ZONA-04,MUN-04,CIRC-04,15:45:00,electronico,USR-0003
SUF-0000437,V003948,2026-06-03,1,MESA-018,PUESTO-018,ZONA-08,MUN-03,CIRC-03,13:21:13,electronico,USR-0003
SUF-0000438,V004130,2026-06-03,1,MESA-036,PUESTO-011,ZONA-01,MUN-01,CIRC-01,11:35:07,electronico,USR-0013
SUF-0000439,V000437,2026-06-03,1,MESA-010,PUESTO-010,ZONA-10,MUN-05,CIRC-05,13:36:25,electronico,USR-0004
SUF-0000440,V003536,2026-06-03,1,MESA-025,PUESTO-025,ZONA-05,MUN-05,CIRC-05,08:05:44,manual,USR-0010
SUF-0000441,V002498,2026-06-03,1,MESA-076,PUESTO-001,ZONA-01,MUN-01,CIRC-01,09:20:12,manual,USR-0014
SUF-0000442,V001008,2026-06-03,1,MESA-036,PUESTO-011,ZONA-01,MUN-01,CIRC-01,11:09:51,electronico,USR-0021
SUF-0000443,V002778,2026-06-03,1,MESA-010,PUESTO-010,ZONA-10,MUN-05,CIRC-05,08:26:30,electronico,USR-0006
SUF-0000444,V000619,2026-06-03,1,MESA-026,PUESTO-001,ZONA-01,MUN-01,CIRC-01,08:51:29,electronico,USR-0005
SUF-0000445,V004348,2026-06-03,1,MESA-001,PUESTO-001,ZONA-01,MUN-01,CIRC-01,11:34:37,manual,USR-0005
SUF-0000446,V000340,2026-06-03,1,MESA-054,PUESTO-004,ZONA-04,MUN-04,CIRC-04,15:54:39,electronico,USR-0023
SUF-0000447,V004986,2026-06-03,1,MESA-061,PUESTO-011,ZONA-01,MUN-01,CIRC-01,12:07:44,electronico,USR-0003
SUF-0000448,V000302,2026-06-03,1,MESA-009,PUESTO-009,ZONA-09,MUN-04,CIRC-04,15:12:07,manual,USR-0010
SUF-0000449,V003102,2026-06-03,1,MESA-073,PUESTO-023,ZONA-03,MUN-03,CIRC-03,15:56:03,electronico,USR-0015
SUF-0000450,V004760,2026-06-03,1,MESA-040,PUESTO-015,ZONA-05,MUN-05,CIRC-05,09:52:03,electronico,USR-0008
SUF-0000451,V004590,2026-06-03,1,MESA-018,PUESTO-018,ZONA-08,MUN-03,CIRC-03,10:24:14,electronico,USR-0023
SUF-0000452,V004328,2026-06-03,1,MESA-056,PUESTO-006,ZONA-06,MUN-01,CIRC-01,15:06:36,electronico,USR-0010
SUF-0000453,V001028,2026-06-03,1,MESA-021,PUESTO-021,ZONA-01,MUN-01,CIRC-01,10:09:03,manual,USR-0003
SUF-0000454,V000315,2026-06-03,1,MESA-027,PUESTO-002,ZONA-02,MUN-02,CIRC-02,13:33:27,electronico,USR-0016
SUF-0000455,V004248,2026-06-03,1,MESA-062,PUESTO-012,ZONA-02,MUN-02,CIRC-02,09:31:35,manual,USR-0016
SUF-0000456,V002453,2026-06-03,1,MESA-008,PUESTO-008,ZONA-08,MUN-03,CIRC-03,12:21:45,manual,USR-0016
SUF-0000457,V002225,2026-06-03,1,MESA-048,PUESTO-023,ZONA-03,MUN-03,CIRC-03,14:04:34,manual,USR-0014
SUF-0000458,V004392,2026-06-03,1,MESA-071,PUESTO-021,ZONA-01,MUN-01,CIRC-01,15:56:42,electronico,USR-0010
SUF-0000459,V003512,2026-06-03,1,MESA-077,PUESTO-002,ZONA-02,MUN-02,CIRC-02,10:59:11,electronico,USR-0025
SUF-0000460,V003217,2026-06-03,1,MESA-027,PUESTO-002,ZONA-02,MUN-02,CIRC-02,12:29:53,electronico,USR-0021
SUF-0000461,V004005,2026-06-03,1,MESA-050,PUESTO-025,ZONA-05,MUN-05,CIRC-05,06:46:00,electronico,USR-0019
SUF-0000462,V000994,2026-06-03,1,MESA-028,PUESTO-003,ZONA-03,MUN-03,CIRC-03,08:26:55,electronico,USR-0012
SUF-0000463,V003188,2026-06-03,1,MESA-014,PUESTO-014,ZONA-04,MUN-04,CIRC-05,14:52:54,electronico,USR-0019
SUF-0000464,V002914,2026-06-03,1,MESA-071,PUESTO-021,ZONA-01,MUN-01,CIRC-01,15:27:22,electronico,USR-0019
SUF-0000465,V003632,2026-06-03,1,MESA-035,PUESTO-010,ZONA-10,MUN-05,CIRC-05,14:18:55,electronico,USR-0024
SUF-0000466,V004811,2026-06-03,1,MESA-054,PUESTO-004,ZONA-04,MUN-04,CIRC-04,13:08:34,manual,USR-0004
SUF-0000467,V000487,2026-06-03,1,MESA-043,PUESTO-018,ZONA-08,MUN-03,CIRC-03,13:54:10,manual,USR-0004
SUF-0000468,V004768,2026-06-03,1,MESA-012,PUESTO-012,ZONA-02,MUN-02,CIRC-02,08:45:12,manual,USR-0017
SUF-0000469,V003643,2026-06-03,1,MESA-028,PUESTO-003,ZONA-03,MUN-03,CIRC-03,11:28:17,manual,USR-0021
SUF-0000470,V002013,2026-06-03,1,MESA-029,PUESTO-004,ZONA-04,MUN-04,CIRC-03,13:33:58,electronico,USR-0011
SUF-0000471,V004243,2026-06-03,1,MESA-003,PUESTO-003,ZONA-03,MUN-03,CIRC-03,11:48:13,manual,USR-0003
SUF-0000472,V003809,2026-06-03,1,MESA-024,PUESTO-024,ZONA-04,MUN-04,CIRC-04,08:33:05,electronico,USR-0008
SUF-0000473,V000494,2026-06-03,1,MESA-010,PUESTO-010,ZONA-10,MUN-05,CIRC-05,15:24:46,electronico,USR-0022
SUF-0000474,V002440,2026-06-03,1,MESA-076,PUESTO-001,ZONA-01,MUN-01,CIRC-01,08:42:47,electronico,USR-0024
SUF-0000475,V000286,2026-06-03,1,MESA-002,PUESTO-002,ZONA-02,MUN-02,CIRC-02,13:04:55,manual,USR-0006
SUF-0000476,V001962,2026-06-03,1,MESA-077,PUESTO-002,ZONA-02,MUN-02,CIRC-02,12:55:24,manual,USR-0007
SUF-0000477,V003093,2026-06-03,1,MESA-044,PUESTO-019,ZONA-09,MUN-04,CIRC-04,11:29:32,manual,USR-0020
SUF-0000478,V002338,2026-06-03,1,MESA-001,PUESTO-001,ZONA-01,MUN-01,CIRC-01,11:26:42,electronico,USR-0014
SUF-0000479,V003301,2026-06-03,1,MESA-059,PUESTO-009,ZONA-09,MUN-04,CIRC-04,14:30:21,manual,USR-0021
SUF-0000480,V003733,2026-06-03,1,MESA-047,PUESTO-022,ZONA-02,MUN-02,CIRC-02,14:55:06,electronico,USR-0011
SUF-0000481,V004699,2026-06-03,1,MESA-034,PUESTO-009,ZONA-09,MUN-04,CIRC-04,14:46:47,manual,USR-0011
SUF-0000482,V001466,2026-06-03,1,MESA-046,PUESTO-021,ZONA-01,MUN-01,CIRC-02,10:04:16,manual,USR-0003
SUF-0000483,V000939,2026-06-03,1,MESA-034,PUESTO-009,ZONA-09,MUN-04,CIRC-04,13:01:27,electronico,USR-0005
SUF-0000484,V000606,2026-06-03,1,MESA-072,PUESTO-022,ZONA-02,MUN-02,CIRC-02,11:44:12,electronico,USR-0015
SUF-0000485,V002695,2026-06-03,1,MESA-018,PUESTO-018,ZONA-08,MUN-03,CIRC-03,11:53:24,manual,USR-0014
SUF-0000486,V001894,2026-06-03,1,MESA-028,PUESTO-003,ZONA-03,MUN-03,CIRC-03,10:10:15,electronico,USR-0012
SUF-0000487,V002190,2026-06-03,1,MESA-053,PUESTO-003,ZONA-03,MUN-03,CIRC-03,10:17:03,electronico,USR-0009
SUF-0000488,V004936,2026-06-03,1,MESA-042,PUESTO-017,ZONA-07,MUN-02,CIRC-02,12:20:57,electronico,USR-0009
SUF-0000489,V001507,2026-06-03,1,MESA-002,PUESTO-002,ZONA-02,MUN-02,CIRC-02,14:08:41,manual,USR-0023
SUF-0000490,V004906,2026-06-03,1,MESA-011,PUESTO-011,ZONA-01,MUN-01,CIRC-01,15:58:08,electronico,USR-0023
SUF-0000491,V004384,2026-06-03,1,MESA-079,PUESTO-004,ZONA-04,MUN-04,CIRC-04,14:15:30,manual,USR-0006
SUF-0000492,V004984,2026-06-03,1,MESA-045,PUESTO-020,ZONA-10,MUN-05,CIRC-05,13:44:06,electronico,USR-0020
SUF-0000493,V002041,2026-06-03,1,MESA-020,PUESTO-020,ZONA-10,MUN-05,CIRC-05,15:58:18,manual,USR-0005
SUF-0000494,V004216,2026-06-03,1,MESA-018,PUESTO-018,ZONA-08,MUN-03,CIRC-03,14:26:20,manual,USR-0021
SUF-0000495,V001094,2026-06-03,1,MESA-042,PUESTO-017,ZONA-07,MUN-02,CIRC-02,12:11:30,electronico,USR-0019
SUF-0000496,V001984,2026-06-03,1,MESA-060,PUESTO-010,ZONA-10,MUN-05,CIRC-05,15:06:55,manual,USR-0003
SUF-0000497,V003428,2026-06-03,1,MESA-068,PUESTO-018,ZONA-08,MUN-03,CIRC-03,12:54:50,electronico,USR-0017
SUF-0000498,V002569,2026-06-03,1,MESA-041,PUESTO-016,ZONA-06,MUN-01,CIRC-01,11:28:35,electronico,USR-0013
SUF-0000499,V003726,2026-06-03,1,MESA-051,PUESTO-001,ZONA-01,MUN-01,CIRC-01,11:21:21,electronico,USR-0020
SUF-0000500,V001264,2026-06-03,1,MESA-017,PUESTO-017,ZONA-07,MUN-02,CIRC-02,12:32:40,electronico,USR-0016
SUF-0000501,V003927,2026-06-03,1,MESA-001,PUESTO-001,ZONA-01,MUN-01,CIRC-01,08:52:11,electronico,USR-0023
SUF-0000502,V002231,2026-06-03,1,MESA-025,PUESTO-025,ZONA-05,MUN-05,CIRC-05,14:35:01,manual,USR-0024
SUF-0000503,V003322,2026-06-03,1,MESA-074,PUESTO-024,ZONA-04,MUN-04,CIRC-04,12:01:47,electronico,USR-0010
SUF-0000504,V004145,2026-06-03,1,MESA-072,PUESTO-022,ZONA-02,MUN-02,CIRC-02,08:08:08,electronico,USR-0007
SUF-0000505,V000356,2026-06-03,1,MESA-078,PUESTO-003,ZONA-03,MUN-03,CIRC-03,15:35:07,electronico,USR-0023
SUF-0000506,V004914,2026-06-03,1,MESA-012,PUESTO-012,ZONA-02,MUN-02,CIRC-02,10:28:17,manual,USR-0010
SUF-0000507,V003945,2026-06-03,1,MESA-040,PUESTO-015,ZONA-05,MUN-05,CIRC-05,10:14:56,electronico,USR-0006
SUF-0000508,V003016,2026-06-03,1,MESA-066,PUESTO-016,ZONA-06,MUN-01,CIRC-01,14:00:45,electronico,USR-0006
SUF-0000509,V001826,2026-06-03,1,MESA-058,PUESTO-008,ZONA-08,MUN-03,CIRC-03,08:44:53,manual,USR-0015
SUF-0000510,V000621,2026-06-03,1,MESA-063,PUESTO-013,ZONA-03,MUN-03,CIRC-03,10:08:37,manual,USR-0010
SUF-0000511,V000542,2026-06-03,1,MESA-058,PUESTO-008,ZONA-08,MUN-03,CIRC-03,13:50:15,electronico,USR-0009
SUF-0000512,V002665,2026-06-03,1,MESA-037,PUESTO-012,ZONA-02,MUN-02,CIRC-02,08:54:53,manual,USR-0010
SUF-0000513,V004204,2026-06-03,1,MESA-041,PUESTO-016,ZONA-06,MUN-01,CIRC-01,13:51:20,electronico,USR-0007
SUF-0000514,V000182,2026-06-03,1,MESA-006,PUESTO-006,ZONA-06,MUN-01,CIRC-01,11:03:31,manual,USR-0011
SUF-0000515,V001015,2026-06-03,1,MESA-034,PUESTO-009,ZONA-09,MUN-04,CIRC-04,09:21:58,manual,USR-0014
SUF-0000516,V001261,2026-06-03,1,MESA-013,PUESTO-013,ZONA-03,MUN-03,CIRC-03,12:17:22,manual,USR-0017
SUF-0000517,V001305,2026-06-03,1,MESA-070,PUESTO-020,ZONA-10,MUN-05,CIRC-05,12:06:20,manual,USR-0010
SUF-0000518,V004915,2026-06-03,1,MESA-049,PUESTO-024,ZONA-04,MUN-04,CIRC-04,10:52:33,electronico,USR-0006
SUF-0000519,V000879,2026-06-03,1,MESA-016,PUESTO-016,ZONA-06,MUN-01,CIRC-01,10:43:31,electronico,USR-0015
SUF-0000520,V003895,2026-06-03,1,MESA-032,PUESTO-007,ZONA-07,MUN-02,CIRC-02,11:52:03,electronico,USR-0021
SUF-0000521,V001786,2026-06-03,1,MESA-054,PUESTO-004,ZONA-04,MUN-04,CIRC-05,09:54:13,electronico,USR-0021
SUF-0000522,V004287,2026-06-03,1,MESA-041,PUESTO-016,ZONA-06,MUN-01,CIRC-01,13:24:02,manual,USR-0017
SUF-0000523,V003689,2026-06-03,1,MESA-019,PUESTO-019,ZONA-09,MUN-04,CIRC-04,15:51:30,electronico,USR-0013
SUF-0000524,V003140,2026-06-03,1,MESA-063,PUESTO-013,ZONA-03,MUN-03,CIRC-03,10:10:53,electronico,USR-0012
SUF-0000525,V003238,2026-06-03,1,MESA-062,PUESTO-012,ZONA-02,MUN-02,CIRC-04,07:50:00,electronico,USR-0013
SUF-0000526,V004019,2026-06-03,1,MESA-073,PUESTO-023,ZONA-03,MUN-03,CIRC-03,11:31:19,electronico,USR-0023
SUF-0000527,V001242,2026-06-03,1,MESA-009,PUESTO-009,ZONA-09,MUN-04,CIRC-04,15:54:51,manual,USR-0019
SUF-0000528,V003836,2026-06-03,1,MESA-072,PUESTO-022,ZONA-02,MUN-02,CIRC-02,13:58:07,manual,USR-0025
SUF-0000529,V000641,2026-06-03,1,MESA-066,PUESTO-016,ZONA-06,MUN-01,CIRC-01,14:36:54,electronico,USR-0004
SUF-0000530,V000058,2026-06-03,1,MESA-001,PUESTO-001,ZONA-01,MUN-01,CIRC-01,15:20:08,electronico,USR-0016
SUF-0000531,V003544,2026-06-03,1,MESA-049,PUESTO-024,ZONA-04,MUN-04,CIRC-04,10:10:51,electronico,USR-0020
SUF-0000532,V002175,2026-06-03,1,MESA-018,PUESTO-018,ZONA-08,MUN-03,CIRC-03,12:50:52,manual,USR-0015
SUF-0000533,V002058,2026-06-03,1,MESA-054,PUESTO-004,ZONA-04,MUN-04,CIRC-04,13:41:26,electronico,USR-0017
SUF-0000534,V003853,2026-06-03,1,MESA-024,PUESTO-024,ZONA-04,MUN-04,CIRC-04,11:24:07,manual,USR-0007
SUF-0000535,V000240,2026-06-03,1,MESA-017,PUESTO-017,ZONA-07,MUN-02,CIRC-02,09:31:19,manual,USR-0010
SUF-0000536,V001659,2026-06-03,1,MESA-077,PUESTO-002,ZONA-02,MUN-02,CIRC-02,13:58:30,electronico,USR-0013
SUF-0000537,V001249,2026-06-03,1,MESA-043,PUESTO-018,ZONA-08,MUN-03,CIRC-03,08:06:35,manual,USR-0022
SUF-0000538,V001302,2026-06-03,1,MESA-075,PUESTO-025,ZONA-05,MUN-05,CIRC-05,08:21:47,manual,USR-0008
SUF-0000539,V003570,2026-06-03,1,MESA-061,PUESTO-011,ZONA-01,MUN-01,CIRC-01,08:45:57,manual,USR-0024
SUF-0000540,V002557,2026-06-03,1,MESA-066,PUESTO-016,ZONA-06,MUN-01,CIRC-01,09:23:20,electronico,USR-0021
SUF-0000541,V004379,2026-06-03,1,MESA-002,PUESTO-002,ZONA-02,MUN-02,CIRC-02,15:49:29,manual,USR-0021
SUF-0000542,V001989,2026-06-03,1,MESA-014,PUESTO-014,ZONA-04,MUN-04,CIRC-04,10:53:41,electronico,USR-0010
SUF-0000543,V004363,2026-06-03,1,MESA-080,PUESTO-005,ZONA-05,MUN-05,CIRC-05,08:49:35,electronico,USR-0008
SUF-0000544,V001895,2026-06-03,1,MESA-045,PUESTO-020,ZONA-10,MUN-05,CIRC-05,15:14:26,manual,USR-0013
SUF-0000545,V004081,2026-06-03,1,MESA-037,PUESTO-012,ZONA-02,MUN-02,CIRC-02,10:59:45,manual,USR-0007
SUF-0000546,V002458,2026-06-03,1,MESA-037,PUESTO-012,ZONA-02,MUN-02,CIRC-02,10:09:52,electronico,USR-0010
SUF-0000547,V000008,2026-06-03,1,MESA-023,PUESTO-023,ZONA-03,MUN-03,CIRC-03,11:56:57,electronico,USR-0010
SUF-0000548,V002945,2026-06-03,1,MESA-054,PUESTO-004,ZONA-04,MUN-04,CIRC-04,12:35:21,electronico,USR-0016
SUF-0000549,V003143,2026-06-03,1,MESA-051,PUESTO-001,ZONA-01,MUN-01,CIRC-01,09:54:38,manual,USR-0012
SUF-0000550,V004163,2026-06-03,1,MESA-065,PUESTO-015,ZONA-05,MUN-05,CIRC-05,09:51:15,electronico,USR-0007
SUF-0000551,V000247,2026-06-03,1,MESA-070,PUESTO-020,ZONA-10,MUN-05,CIRC-05,09:40:29,manual,USR-0007
SUF-0000552,V001191,2026-06-03,1,MESA-038,PUESTO-013,ZONA-03,MUN-03,CIRC-03,15:44:05,electronico,USR-0017
SUF-0000553,V003061,2026-06-03,1,MESA-031,PUESTO-006,ZONA-06,MUN-01,CIRC-01,12:14:29,electronico,USR-0010
SUF-0000554,V003833,2026-06-03,1,MESA-054,PUESTO-004,ZONA-04,MUN-04,CIRC-04,12:36:03,electronico,USR-0010
SUF-0000555,V002549,2026-06-03,1,MESA-002,PUESTO-002,ZONA-02,MUN-02,CIRC-02,08:00:07,electronico,USR-0025
SUF-0000556,V004965,2026-06-03,1,MESA-005,PUESTO-005,ZONA-05,MUN-05,CIRC-05,14:09:20,electronico,USR-0021
SUF-0000557,V003701,2026-06-03,1,MESA-058,PUESTO-008,ZONA-08,MUN-03,CIRC-03,14:25:33,manual,USR-0014
SUF-0000558,V000898,2026-06-03,1,MESA-078,PUESTO-003,ZONA-03,MUN-03,CIRC-03,12:49:16,electronico,USR-0012
SUF-0000559,V003258,2026-06-03,1,MESA-072,PUESTO-022,ZONA-02,MUN-02,CIRC-02,14:00:59,manual,USR-0014
SUF-0000560,V000565,2026-06-03,1,MESA-027,PUESTO-002,ZONA-02,MUN-02,CIRC-02,15:51:58,electronico,USR-0017
SUF-0000561,V001844,2026-06-03,1,MESA-063,PUESTO-013,ZONA-03,MUN-03,CIRC-03,09:34:12,electronico,USR-0019
SUF-0000562,V003398,2026-06-03,1,MESA-013,PUESTO-013,ZONA-03,MUN-03,CIRC-03,13:56:26,electronico,USR-0011
SUF-0000563,V001679,2026-06-03,1,MESA-030,PUESTO-005,ZONA-05,MUN-05,CIRC-05,12:22:25,electronico,USR-0015
SUF-0000564,V000458,2026-06-03,1,MESA-050,PUESTO-025,ZONA-05,MUN-05,CIRC-04,14:12:23,manual,USR-0020
SUF-0000565,V004907,2026-06-03,1,MESA-028,PUESTO-003,ZONA-03,MUN-03,CIRC-02,13:44:55,electronico,USR-0019
SUF-0000566,V000612,2026-06-03,1,MESA-071,PUESTO-021,ZONA-01,MUN-01,CIRC-01,14:02:33,electronico,USR-0008
SUF-0000567,V001824,2026-06-03,1,MESA-013,PUESTO-013,ZONA-03,MUN-03,CIRC-03,12:51:23,electronico,USR-0013
SUF-0000568,V000307,2026-06-03,1,MESA-029,PUESTO-004,ZONA-04,MUN-04,CIRC-04,12:06:41,manual,USR-0020
SUF-0000569,V002055,2026-06-03,1,MESA-079,PUESTO-004,ZONA-04,MUN-04,CIRC-04,15:36:16,electronico,USR-0006
SUF-0000570,V002312,2026-06-03,1,MESA-058,PUESTO-008,ZONA-08,MUN-03,CIRC-03,10:42:45,electronico,USR-0017
SUF-0000571,V002280,2026-06-03,1,MESA-025,PUESTO-025,ZONA-05,MUN-05,CIRC-05,14:54:02,manual,USR-0004
SUF-0000572,V000712,2026-06-03,1,MESA-012,PUESTO-012,ZONA-02,MUN-02,CIRC-02,13:16:28,electronico,USR-0008
SUF-0000573,V001175,2026-06-03,1,MESA-005,PUESTO-005,ZONA-05,MUN-05,CIRC-05,13:50:34,electronico,USR-0009
SUF-0000574,V003752,2026-06-03,1,MESA-022,PUESTO-022,ZONA-02,MUN-02,CIRC-02,10:54:55,electronico,USR-0020
SUF-0000575,V002991,2026-06-03,1,MESA-070,PUESTO-020,ZONA-10,MUN-05,CIRC-05,11:21:48,electronico,USR-0011
SUF-0000576,V002897,2026-06-03,1,MESA-015,PUESTO-015,ZONA-05,MUN-05,CIRC-05,09:27:40,electronico,USR-0003
SUF-0000577,V000835,2026-06-03,1,MESA-058,PUESTO-008,ZONA-08,MUN-03,CIRC-03,12:31:28,electronico,USR-0021
SUF-0000578,V000950,2026-06-03,1,MESA-042,PUESTO-017,ZONA-07,MUN-02,CIRC-02,13:07:59,electronico,USR-0008
SUF-0000579,V003224,2026-06-03,1,MESA-063,PUESTO-013,ZONA-03,MUN-03,CIRC-03,09:51:53,electronico,USR-0003
SUF-0000580,V001399,2026-06-03,1,MESA-067,PUESTO-017,ZONA-07,MUN-02,CIRC-02,14:27:54,manual,USR-0012
SUF-0000581,V000704,2026-06-03,1,MESA-034,PUESTO-009,ZONA-09,MUN-04,CIRC-04,13:27:45,manual,USR-0010
SUF-0000582,V001118,2026-06-03,1,MESA-076,PUESTO-001,ZONA-01,MUN-01,CIRC-01,10:34:16,manual,USR-0007
SUF-0000583,V002298,2026-06-03,1,MESA-006,PUESTO-006,ZONA-06,MUN-01,CIRC-01,11:18:45,electronico,USR-0010
SUF-0000584,V003457,2026-06-03,1,MESA-071,PUESTO-021,ZONA-01,MUN-01,CIRC-01,13:46:41,electronico,USR-0004
SUF-0000585,V000122,2026-06-03,1,MESA-074,PUESTO-024,ZONA-04,MUN-04,CIRC-04,11:26:41,electronico,USR-0006
SUF-0000586,V002309,2026-06-03,1,MESA-060,PUESTO-010,ZONA-10,MUN-05,CIRC-05,18:21:00,manual,USR-0003
SUF-0000587,V000561,2026-06-03,1,MESA-047,PUESTO-022,ZONA-02,MUN-02,CIRC-02,10:06:59,electronico,USR-0022
SUF-0000588,V001801,2026-06-03,1,MESA-058,PUESTO-008,ZONA-08,MUN-03,CIRC-03,10:33:45,electronico,USR-0011
SUF-0000589,V002267,2026-06-03,1,MESA-040,PUESTO-015,ZONA-05,MUN-05,CIRC-05,14:02:05,manual,USR-0010
SUF-0000590,V001165,2026-06-03,1,MESA-067,PUESTO-017,ZONA-07,MUN-02,CIRC-02,13:46:40,electronico,USR-0022
SUF-0000591,V002053,2026-06-03,1,MESA-045,PUESTO-020,ZONA-10,MUN-05,CIRC-05,08:48:46,manual,USR-0016
SUF-0000592,V000126,2026-06-03,1,MESA-002,PUESTO-002,ZONA-02,MUN-02,CIRC-02,09:34:22,manual,USR-0010
SUF-0000593,V002091,2026-06-03,1,MESA-043,PUESTO-018,ZONA-08,MUN-03,CIRC-03,10:38:08,electronico,USR-0020
SUF-0000594,V001461,2026-06-03,1,MESA-010,PUESTO-010,ZONA-10,MUN-05,CIRC-05,08:07:51,manual,USR-0010
SUF-0000595,V000803,2026-06-03,1,MESA-049,PUESTO-024,ZONA-04,MUN-04,CIRC-04,09:22:54,electronico,USR-0013
SUF-0000596,V003926,2026-06-03,1,MESA-033,PUESTO-008,ZONA-08,MUN-03,CIRC-03,13:52:07,manual,USR-0010
SUF-0000597,V003659,2026-06-03,1,MESA-002,PUESTO-002,ZONA-02,MUN-02,CIRC-02,10:59:46,electronico,USR-0024
SUF-0000598,V000722,2026-06-03,1,MESA-006,PUESTO-006,ZONA-06,MUN-01,CIRC-01,08:53:56,electronico,USR-0007
SUF-0000599,V003987,2026-06-03,1,MESA-069,PUESTO-019,ZONA-09,MUN-04,CIRC-04,13:45:52,electronico,USR-0010
SUF-0000600,V004556,2026-06-03,1,MESA-026,PUESTO-001,ZONA-01,MUN-01,CIRC-01,08:35:44,electronico,USR-0011
SUF-0000601,V002602,2026-06-03,1,MESA-055,PUESTO-005,ZONA-05,MUN-05,CIRC-05,08:18:04,electronico,USR-0010
SUF-0000602,V000525,2026-06-03,1,MESA-074,PUESTO-024,ZONA-04,MUN-04,CIRC-04,12:49:05,manual,USR-0010
SUF-0000603,V000579,2026-06-03,1,MESA-017,PUESTO-017,ZONA-07,MUN-02,CIRC-02,08:11:21,electronico,USR-0010
SUF-0000604,V003720,2026-06-03,1,MESA-064,PUESTO-014,ZONA-04,MUN-04,CIRC-04,12:45:33,electronico,USR-0012
SUF-0000605,V000292,2026-06-03,1,MESA-020,PUESTO-020,ZONA-10,MUN-05,CIRC-05,15:03:58,electronico,USR-0005
SUF-0000606,V001669,2026-06-03,1,MESA-045,PUESTO-020,ZONA-10,MUN-05,CIRC-05,11:04:08,electronico,USR-0007
SUF-0000607,V003591,2026-06-03,1,MESA-024,PUESTO-024,ZONA-04,MUN-04,CIRC-04,14:46:56,manual,USR-0024
SUF-0000608,V004139,2026-06-03,1,MESA-061,PUESTO-011,ZONA-01,MUN-01,CIRC-01,08:07:59,electronico,USR-0004
SUF-0000609,V001891,2026-06-03,1,MESA-027,PUESTO-002,ZONA-02,MUN-02,CIRC-02,09:51:04,electronico,USR-0012
SUF-0000610,V002185,2026-06-03,1,MESA-042,PUESTO-017,ZONA-07,MUN-02,CIRC-02,13:50:03,electronico,USR-0021
SUF-0000611,V000957,2026-06-03,1,MESA-004,PUESTO-004,ZONA-04,MUN-04,CIRC-04,08:24:54,electronico,USR-0013
SUF-0000612,V002856,2026-06-03,1,MESA-071,PUESTO-021,ZONA-01,MUN-01,CIRC-01,09:05:37,electronico,USR-0012
SUF-0000613,V003118,2026-06-03,1,MESA-073,PUESTO-023,ZONA-03,MUN-03,CIRC-03,09:55:05,electronico,USR-0015
SUF-0000614,V004582,2026-06-03,1,MESA-019,PUESTO-019,ZONA-09,MUN-04,CIRC-04,14:44:56,electronico,USR-0005
SUF-0000615,V002362,2026-06-03,1,MESA-055,PUESTO-005,ZONA-05,MUN-05,CIRC-05,11:46:06,manual,USR-0023
SUF-0000616,V001867,2026-06-03,1,MESA-049,PUESTO-024,ZONA-04,MUN-04,CIRC-04,18:00:00,electronico,USR-0007
SUF-0000617,V001038,2026-06-03,1,MESA-057,PUESTO-007,ZONA-07,MUN-02,CIRC-02,12:02:29,manual,USR-0020
SUF-0000618,V000825,2026-06-03,1,MESA-008,PUESTO-008,ZONA-08,MUN-03,CIRC-03,11:05:40,electronico,USR-0006
SUF-0000619,V002447,2026-06-03,1,MESA-059,PUESTO-009,ZONA-09,MUN-04,CIRC-04,15:52:39,manual,USR-0010
SUF-0000620,V002528,2026-06-03,1,MESA-071,PUESTO-021,ZONA-01,MUN-01,CIRC-01,09:41:19,electronico,USR-0021
SUF-0000621,V000831,2026-06-03,1,MESA-054,PUESTO-004,ZONA-04,MUN-04,CIRC-04,11:52:27,electronico,USR-0007
SUF-0000622,V004294,2026-06-03,1,MESA-022,PUESTO-022,ZONA-02,MUN-02,CIRC-02,18:37:00,electronico,USR-0010
SUF-0000623,V001606,2026-06-03,1,MESA-049,PUESTO-024,ZONA-04,MUN-04,CIRC-04,09:15:44,electronico,USR-0019
SUF-0000624,V001616,2026-06-03,1,MESA-016,PUESTO-016,ZONA-06,MUN-01,CIRC-01,13:59:18,electronico,USR-0013
SUF-0000625,V001540,2026-06-03,1,MESA-056,PUESTO-006,ZONA-06,MUN-01,CIRC-03,11:16:56,electronico,USR-0023
SUF-0000626,V002784,2026-06-03,1,MESA-032,PUESTO-007,ZONA-07,MUN-02,CIRC-02,11:40:58,electronico,USR-0009
SUF-0000627,V000035,2026-06-03,1,MESA-017,PUESTO-017,ZONA-07,MUN-02,CIRC-02,14:24:20,manual,USR-0007
SUF-0000628,V002684,2026-06-03,1,MESA-011,PUESTO-011,ZONA-01,MUN-01,CIRC-01,11:45:26,electronico,USR-0021
SUF-0000629,V001148,2026-06-03,1,MESA-007,PUESTO-007,ZONA-07,MUN-02,CIRC-04,12:21:43,manual,USR-0017
SUF-0000630,V003001,2026-06-03,1,MESA-030,PUESTO-005,ZONA-05,MUN-05,CIRC-05,13:14:19,manual,USR-0021
SUF-0000631,V001304,2026-06-03,1,MESA-066,PUESTO-016,ZONA-06,MUN-01,CIRC-01,14:24:05,manual,USR-0013
SUF-0000632,V004625,2026-06-03,1,MESA-059,PUESTO-009,ZONA-09,MUN-04,CIRC-04,13:12:24,manual,USR-0008
SUF-0000633,V003340,2026-06-03,1,MESA-076,PUESTO-001,ZONA-01,MUN-01,CIRC-01,09:00:48,electronico,USR-0019
SUF-0000634,V001380,2026-06-03,1,MESA-029,PUESTO-004,ZONA-04,MUN-04,CIRC-04,08:29:47,electronico,USR-0008
SUF-0000635,V002060,2026-06-03,1,MESA-046,PUESTO-021,ZONA-01,MUN-01,CIRC-01,09:33:54,manual,USR-0010
SUF-0000636,V002430,2026-06-03,1,MESA-043,PUESTO-018,ZONA-08,MUN-03,CIRC-03,13:08:05,manual,USR-0017
SUF-0000637,V002974,2026-06-03,1,MESA-038,PUESTO-013,ZONA-03,MUN-03,CIRC-03,09:54:29,electronico,USR-0006
SUF-0000638,V003226,2026-06-03,1,MESA-009,PUESTO-009,ZONA-09,MUN-04,CIRC-04,08:00:23,manual,USR-0010
SUF-0000639,V003692,2026-06-03,1,MESA-073,PUESTO-023,ZONA-03,MUN-03,CIRC-03,13:38:46,manual,USR-0010
SUF-0000640,V004929,2026-06-03,1,MESA-040,PUESTO-015,ZONA-05,MUN-05,CIRC-05,13:14:27,electronico,USR-0010
SUF-0000641,V003383,2026-06-03,1,MESA-078,PUESTO-003,ZONA-03,MUN-03,CIRC-03,07:45:00,electronico,USR-0021
SUF-0000642,V000811,2026-06-03,1,MESA-040,PUESTO-015,ZONA-05,MUN-05,CIRC-05,15:37:10,electronico,USR-0023
SUF-0000643,V002069,2026-06-03,1,MESA-063,PUESTO-013,ZONA-03,MUN-03,CIRC-03,08:38:11,electronico,USR-0020
SUF-0000644,V004221,2026-06-03,1,MESA-039,PUESTO-014,ZONA-04,MUN-04,CIRC-04,13:33:54,manual,USR-0015
SUF-0000645,V002881,2026-06-03,1,MESA-048,PUESTO-023,ZONA-03,MUN-03,CIRC-03,08:46:19,electronico,USR-0016
SUF-0000646,V004975,2026-06-03,1,MESA-025,PUESTO-025,ZONA-05,MUN-05,CIRC-05,13:33:19,manual,USR-0020
SUF-0000647,V001687,2026-06-03,1,MESA-011,PUESTO-011,ZONA-01,MUN-01,CIRC-01,11:10:37,electronico,USR-0006
SUF-0000648,V001135,2026-06-03,1,MESA-001,PUESTO-001,ZONA-01,MUN-01,CIRC-01,14:14:53,electronico,USR-0016
SUF-0000649,V004707,2026-06-03,1,MESA-017,PUESTO-017,ZONA-07,MUN-02,CIRC-02,08:06:51,manual,USR-0016
SUF-0000650,V000213,2026-06-03,1,MESA-068,PUESTO-018,ZONA-08,MUN-03,CIRC-03,14:04:20,electronico,USR-0010
SUF-0000651,V002645,2026-06-03,1,MESA-078,PUESTO-003,ZONA-03,MUN-03,CIRC-03,10:08:56,manual,USR-0012
SUF-0000652,V000611,2026-06-03,1,MESA-080,PUESTO-005,ZONA-05,MUN-05,CIRC-05,12:24:49,manual,USR-0016
SUF-0000653,V001048,2026-06-03,1,MESA-033,PUESTO-008,ZONA-08,MUN-03,CIRC-03,08:40:35,electronico,USR-0016
SUF-0000654,V003947,2026-06-03,1,MESA-033,PUESTO-008,ZONA-08,MUN-03,CIRC-03,14:20:35,manual,USR-0024
SUF-0000655,V004567,2026-06-03,1,MESA-072,PUESTO-022,ZONA-02,MUN-02,CIRC-02,10:58:04,electronico,USR-0005
SUF-0000656,V004944,2026-06-03,1,MESA-018,PUESTO-018,ZONA-08,MUN-03,CIRC-03,09:04:30,electronico,USR-0014
SUF-0000657,V000883,2026-06-03,1,MESA-031,PUESTO-006,ZONA-06,MUN-01,CIRC-01,08:15:05,manual,USR-0014
SUF-0000658,V000548,2026-06-03,1,MESA-024,PUESTO-024,ZONA-04,MUN-04,CIRC-04,10:47:19,manual,USR-0022
SUF-0000659,V000441,2026-06-03,1,MESA-022,PUESTO-022,ZONA-02,MUN-02,CIRC-02,13:46:56,electronico,USR-0013
SUF-0000660,V002536,2026-06-03,1,MESA-057,PUESTO-007,ZONA-07,MUN-02,CIRC-02,10:25:08,electronico,USR-0006
SUF-0000661,V000418,2026-06-03,1,MESA-064,PUESTO-014,ZONA-04,MUN-04,CIRC-04,13:10:04,electronico,USR-0016
SUF-0000662,V002971,2026-06-03,1,MESA-046,PUESTO-021,ZONA-01,MUN-01,CIRC-01,10:48:20,manual,USR-0011
SUF-0000663,V000093,2026-06-03,1,MESA-009,PUESTO-009,ZONA-09,MUN-04,CIRC-03,13:12:26,electronico,USR-0010
SUF-0000664,V001177,2026-06-03,1,MESA-015,PUESTO-015,ZONA-05,MUN-05,CIRC-03,08:00:47,electronico,USR-0008
SUF-0000665,V002547,2026-06-03,1,MESA-013,PUESTO-013,ZONA-03,MUN-03,CIRC-03,09:32:13,manual,USR-0022
SUF-0000666,V002516,2026-06-03,1,MESA-071,PUESTO-021,ZONA-01,MUN-01,CIRC-01,08:22:42,electronico,USR-0024
SUF-0000667,V001941,2026-06-03,1,MESA-012,PUESTO-012,ZONA-02,MUN-02,CIRC-02,08:00:07,manual,USR-0007
SUF-0000668,V000716,2026-06-03,1,MESA-004,PUESTO-004,ZONA-04,MUN-04,CIRC-04,13:19:03,electronico,USR-0019
SUF-0000669,V003990,2026-06-03,1,MESA-023,PUESTO-023,ZONA-03,MUN-03,CIRC-03,13:54:19,manual,USR-0013
SUF-0000670,V000783,2026-06-03,1,MESA-023,PUESTO-023,ZONA-03,MUN-03,CIRC-03,13:12:49,electronico,USR-0021
SUF-0000671,V002726,2026-06-03,1,MESA-026,PUESTO-001,ZONA-01,MUN-01,CIRC-01,15:40:13,electronico,USR-0005
SUF-0000672,V001065,2026-06-03,1,MESA-054,PUESTO-004,ZONA-04,MUN-04,CIRC-04,15:58:20,electronico,USR-0017
SUF-0000673,V000516,2026-06-03,1,MESA-002,PUESTO-002,ZONA-02,MUN-02,CIRC-02,11:07:48,manual,USR-0007
SUF-0000674,V003421,2026-06-03,1,MESA-072,PUESTO-022,ZONA-02,MUN-02,CIRC-02,10:35:00,electronico,USR-0009
SUF-0000675,V000478,2026-06-03,1,MESA-034,PUESTO-009,ZONA-09,MUN-04,CIRC-04,08:18:41,electronico,USR-0016
SUF-0000676,V003341,2026-06-03,1,MESA-068,PUESTO-018,ZONA-08,MUN-03,CIRC-03,12:55:20,manual,USR-0008
SUF-0000677,V002923,2026-06-03,1,MESA-061,PUESTO-011,ZONA-01,MUN-01,CIRC-01,12:43:48,electronico,USR-0025
SUF-0000678,V003202,2026-06-03,1,MESA-030,PUESTO-005,ZONA-05,MUN-05,CIRC-05,13:19:54,electronico,USR-0023
SUF-0000679,V003300,2026-06-03,1,MESA-011,PUESTO-011,ZONA-01,MUN-01,CIRC-01,10:32:36,electronico,USR-0010
SUF-0000680,V004269,2026-06-03,1,MESA-037,PUESTO-012,ZONA-02,MUN-02,CIRC-02,11:03:25,electronico,USR-0004
SUF-0000681,V002628,2026-06-03,1,MESA-019,PUESTO-019,ZONA-09,MUN-04,CIRC-04,08:03:31,electronico,USR-0004
SUF-0000682,V000312,2026-06-03,1,MESA-001,PUESTO-001,ZONA-01,MUN-01,CIRC-01,15:44:47,manual,USR-0006
SUF-0000683,V004736,2026-06-03,1,MESA-056,PUESTO-006,ZONA-06,MUN-01,CIRC-01,08:29:14,electronico,USR-0016
SUF-0000684,V001327,2026-06-03,1,MESA-037,PUESTO-012,ZONA-02,MUN-02,CIRC-02,08:14:36,electronico,USR-0006
SUF-0000685,V002747,2026-06-03,1,MESA-036,PUESTO-011,ZONA-01,MUN-01,CIRC-01,15:16:16,manual,USR-0014
SUF-0000686,V001183,2026-06-03,1,MESA-076,PUESTO-001,ZONA-01,MUN-01,CIRC-01,14:07:30,electronico,USR-0016
SUF-0000687,V003774,2026-06-03,1,MESA-014,PUESTO-014,ZONA-04,MUN-04,CIRC-04,11:43:32,electronico,USR-0016
SUF-0000688,V000198,2026-06-03,1,MESA-021,PUESTO-021,ZONA-01,MUN-01,CIRC-01,08:25:30,electronico,USR-0004
SUF-0000689,V000333,2026-06-03,1,MESA-043,PUESTO-018,ZONA-08,MUN-03,CIRC-03,12:52:27,manual,USR-0023
SUF-0000690,V004438,2026-06-03,1,MESA-080,PUESTO-005,ZONA-05,MUN-05,CIRC-05,11:35:11,manual,USR-0004
SUF-0000691,V002824,2026-06-03,1,MESA-061,PUESTO-011,ZONA-01,MUN-01,CIRC-01,10:08:05,electronico,USR-0009
SUF-0000692,V002092,2026-06-03,1,MESA-037,PUESTO-012,ZONA-02,MUN-02,CIRC-02,13:05:24,manual,USR-0008
SUF-0000693,V001774,2026-06-03,1,MESA-028,PUESTO-003,ZONA-03,MUN-03,CIRC-03,09:56:56,electronico,USR-0010
SUF-0000694,V001952,2026-06-03,1,MESA-054,PUESTO-004,ZONA-04,MUN-04,CIRC-04,10:39:06,manual,USR-0019
SUF-0000695,V000353,2026-06-03,1,MESA-052,PUESTO-002,ZONA-02,MUN-02,CIRC-02,15:25:06,manual,USR-0016
SUF-0000696,V003567,2026-06-03,1,MESA-017,PUESTO-017,ZONA-07,MUN-02,CIRC-02,08:54:27,electronico,USR-0023
SUF-0000697,V000314,2026-06-03,1,MESA-004,PUESTO-004,ZONA-04,MUN-04,CIRC-04,12:02:22,electronico,USR-0005
SUF-0000698,V002545,2026-06-03,1,MESA-031,PUESTO-006,ZONA-06,MUN-01,CIRC-01,13:51:50,electronico,USR-0010
SUF-0000699,V002636,2026-06-03,1,MESA-005,PUESTO-005,ZONA-05,MUN-05,CIRC-05,15:15:54,manual,USR-0014
SUF-0000700,V000681,2026-06-03,1,MESA-003,PUESTO-003,ZONA-03,MUN-03,CIRC-03,10:11:31,manual,USR-0016
SUF-0000701,V004115,2026-06-03,1,MESA-072,PUESTO-022,ZONA-02,MUN-02,CIRC-02,12:11:13,electronico,USR-0025
SUF-0000702,V004947,2026-06-03,1,MESA-001,PUESTO-001,ZONA-01,MUN-01,CIRC-01,12:04:08,electronico,USR-0025
SUF-0000703,V003443,2026-06-03,1,MESA-071,PUESTO-021,ZONA-01,MUN-01,CIRC-01,14:23:07,electronico,USR-0025
SUF-0000704,V002927,2026-06-03,1,MESA-010,PUESTO-010,ZONA-10,MUN-05,CIRC-05,11:15:30,electronico,USR-0020
SUF-0000705,V000354,2026-06-03,1,MESA-029,PUESTO-004,ZONA-04,MUN-04,CIRC-04,10:20:00,electronico,USR-0020
SUF-0000706,V001364,2026-06-03,1,MESA-059,PUESTO-009,ZONA-09,MUN-04,CIRC-04,15:56:04,electronico,USR-0010
SUF-0000707,V003257,2026-06-03,1,MESA-059,PUESTO-009,ZONA-09,MUN-04,CIRC-04,10:57:57,manual,USR-0010
SUF-0000708,V000536,2026-06-03,1,MESA-062,PUESTO-012,ZONA-02,MUN-02,CIRC-02,17:33:00,manual,USR-0010
SUF-0000709,V003584,2026-06-03,1,MESA-046,PUESTO-021,ZONA-01,MUN-01,CIRC-01,15:08:13,manual,USR-0010
SUF-0000710,V001922,2026-06-03,1,MESA-005,PUESTO-005,ZONA-05,MUN-05,CIRC-05,14:52:20,manual,USR-0006
SUF-0000711,V000477,2026-06-03,1,MESA-029,PUESTO-004,ZONA-04,MUN-04,CIRC-04,15:31:22,electronico,USR-0019
SUF-0000712,V000904,2026-06-03,1,MESA-033,PUESTO-008,ZONA-08,MUN-03,CIRC-03,09:24:53,electronico,USR-0023
SUF-0000713,V004750,2026-06-03,1,MESA-052,PUESTO-002,ZONA-02,MUN-02,CIRC-02,13:19:05,electronico,USR-0017
SUF-0000714,V002781,2026-06-03,1,MESA-076,PUESTO-001,ZONA-01,MUN-01,CIRC-01,08:06:46,electronico,USR-0021
SUF-0000715,V000223,2026-06-03,1,MESA-075,PUESTO-025,ZONA-05,MUN-05,CIRC-05,14:23:02,manual,USR-0011
SUF-0000716,V000176,2026-06-03,1,MESA-034,PUESTO-009,ZONA-09,MUN-04,CIRC-04,11:38:29,electronico,USR-0013
SUF-0000717,V000769,2026-06-03,1,MESA-018,PUESTO-018,ZONA-08,MUN-03,CIRC-03,12:57:16,electronico,USR-0021
SUF-0000718,V002057,2026-06-03,1,MESA-014,PUESTO-014,ZONA-04,MUN-04,CIRC-04,08:49:47,manual,USR-0011
SUF-0000719,V004424,2026-06-03,1,MESA-061,PUESTO-011,ZONA-01,MUN-01,CIRC-01,10:10:25,electronico,USR-0010
SUF-0000720,V004972,2026-06-03,1,MESA-011,PUESTO-011,ZONA-01,MUN-01,CIRC-01,08:46:00,manual,USR-0004
SUF-0000721,V003753,2026-06-03,1,MESA-048,PUESTO-023,ZONA-03,MUN-03,CIRC-03,14:07:16,manual,USR-0004
SUF-0000722,V001450,2026-06-03,1,MESA-072,PUESTO-022,ZONA-02,MUN-02,CIRC-02,15:29:56,manual,USR-0017
SUF-0000723,V001845,2026-06-03,1,MESA-029,PUESTO-004,ZONA-04,MUN-04,CIRC-04,15:10:30,electronico,USR-0009
SUF-0000724,V001993,2026-06-03,1,MESA-025,PUESTO-025,ZONA-05,MUN-05,CIRC-01,09:26:28,manual,USR-0025
SUF-0000725,V000255,2026-06-03,1,MESA-062,PUESTO-012,ZONA-02,MUN-02,CIRC-02,12:32:22,electronico,USR-0004
SUF-0000726,V002904,2026-06-03,1,MESA-048,PUESTO-023,ZONA-03,MUN-03,CIRC-03,11:03:52,manual,USR-0011
SUF-0000727,V002027,2026-06-03,1,MESA-007,PUESTO-007,ZONA-07,MUN-02,CIRC-02,10:27:45,electronico,USR-0017
SUF-0000728,V004934,2026-06-03,1,MESA-053,PUESTO-003,ZONA-03,MUN-03,CIRC-03,09:14:31,electronico,USR-0014
SUF-0000729,V003667,2026-06-03,1,MESA-013,PUESTO-013,ZONA-03,MUN-03,CIRC-03,09:03:56,manual,USR-0017
SUF-0000730,V001794,2026-06-03,1,MESA-027,PUESTO-002,ZONA-02,MUN-02,CIRC-02,10:36:21,electronico,USR-0012
SUF-0000731,V004904,2026-06-03,1,MESA-030,PUESTO-005,ZONA-05,MUN-05,CIRC-05,09:00:24,electronico,USR-0025
SUF-0000732,V000409,2026-06-03,1,MESA-053,PUESTO-003,ZONA-03,MUN-03,CIRC-03,15:27:02,electronico,USR-0012
SUF-0000733,V001613,2026-06-03,1,MESA-039,PUESTO-014,ZONA-04,MUN-04,CIRC-01,08:43:22,electronico,USR-0010
SUF-0000734,V002138,2026-06-03,1,MESA-004,PUESTO-004,ZONA-04,MUN-04,CIRC-04,11:20:57,manual,USR-0014
SUF-0000735,V002169,2026-06-03,1,MESA-040,PUESTO-015,ZONA-05,MUN-05,CIRC-05,13:48:07,electronico,USR-0021
SUF-0000736,V000889,2026-06-03,1,MESA-012,PUESTO-012,ZONA-02,MUN-02,CIRC-02,12:44:29,manual,USR-0019
SUF-0000737,V001996,2026-06-03,1,MESA-023,PUESTO-023,ZONA-03,MUN-03,CIRC-03,13:59:53,manual,USR-0015
SUF-0000738,V003072,2026-06-03,1,MESA-067,PUESTO-017,ZONA-07,MUN-02,CIRC-02,12:47:33,manual,USR-0014
SUF-0000739,V003033,2026-06-03,1,MESA-040,PUESTO-015,ZONA-05,MUN-05,CIRC-05,08:15:04,electronico,USR-0009
SUF-0000740,V002212,2026-06-03,1,MESA-069,PUESTO-019,ZONA-09,MUN-04,CIRC-04,08:20:42,electronico,USR-0017
SUF-0000741,V004493,2026-06-03,1,MESA-062,PUESTO-012,ZONA-02,MUN-02,CIRC-02,11:02:57,manual,USR-0024
SUF-0000742,V003779,2026-06-03,1,MESA-055,PUESTO-005,ZONA-05,MUN-05,CIRC-05,15:32:16,electronico,USR-0013
SUF-0000743,V001837,2026-06-03,1,MESA-076,PUESTO-001,ZONA-01,MUN-01,CIRC-01,15:48:18,electronico,USR-0014
SUF-0000744,V000085,2026-06-03,1,MESA-030,PUESTO-005,ZONA-05,MUN-05,CIRC-05,10:05:25,manual,USR-0020
SUF-0000745,V003850,2026-06-03,1,MESA-016,PUESTO-016,ZONA-06,MUN-01,CIRC-01,09:19:44,electronico,USR-0003
SUF-0000746,V001480,2026-06-03,1,MESA-043,PUESTO-018,ZONA-08,MUN-03,CIRC-03,14:22:54,electronico,USR-0020
SUF-0000747,V002779,2026-06-03,1,MESA-059,PUESTO-009,ZONA-09,MUN-04,CIRC-04,09:53:14,manual,USR-0012
SUF-0000748,V004689,2026-06-03,1,MESA-006,PUESTO-006,ZONA-06,MUN-01,CIRC-01,09:34:57,electronico,USR-0019
SUF-0000749,V001981,2026-06-03,1,MESA-007,PUESTO-007,ZONA-07,MUN-02,CIRC-02,14:19:38,manual,USR-0009
SUF-0000750,V001604,2026-06-03,1,MESA-073,PUESTO-023,ZONA-03,MUN-03,CIRC-03,14:36:44,manual,USR-0011
SUF-0000751,V001306,2026-06-03,1,MESA-041,PUESTO-016,ZONA-06,MUN-01,CIRC-01,06:14:00,electronico,USR-0003
SUF-0000752,V003785,2026-06-03,1,MESA-069,PUESTO-019,ZONA-09,MUN-04,CIRC-04,10:54:18,electronico,USR-0019
SUF-0000753,V003583,2026-06-03,1,MESA-037,PUESTO-012,ZONA-02,MUN-02,CIRC-02,09:54:15,electronico,USR-0011
SUF-0000754,V003677,2026-06-03,1,MESA-033,PUESTO-008,ZONA-08,MUN-03,CIRC-03,15:06:49,manual,USR-0003
SUF-0000755,V003528,2026-06-03,1,MESA-030,PUESTO-005,ZONA-05,MUN-05,CIRC-05,11:40:18,manual,USR-0019
SUF-0000756,V003393,2026-06-03,1,MESA-056,PUESTO-006,ZONA-06,MUN-01,CIRC-01,14:37:59,electronico,USR-0005
SUF-0000757,V002457,2026-06-03,1,MESA-039,PUESTO-014,ZONA-04,MUN-04,CIRC-04,11:43:33,electronico,USR-0020
SUF-0000758,V003391,2026-06-03,1,MESA-073,PUESTO-023,ZONA-03,MUN-03,CIRC-03,13:03:22,manual,USR-0024
SUF-0000759,V004483,2026-06-03,1,MESA-010,PUESTO-010,ZONA-10,MUN-05,CIRC-05,12:14:18,manual,USR-0014
SUF-0000760,V003042,2026-06-03,1,MESA-054,PUESTO-004,ZONA-04,MUN-04,CIRC-03,15:24:11,manual,USR-0017
SUF-0000761,V002206,2026-06-03,1,MESA-078,PUESTO-003,ZONA-03,MUN-03,CIRC-03,14:59:48,electronico,USR-0021
SUF-0000762,V002985,2026-06-03,1,MESA-073,PUESTO-023,ZONA-03,MUN-03,CIRC-03,12:17:04,manual,USR-0021
SUF-0000763,V001319,2026-06-03,1,MESA-011,PUESTO-011,ZONA-01,MUN-01,CIRC-01,11:58:54,manual,USR-0019
SUF-0000764,V004418,2026-06-03,1,MESA-032,PUESTO-007,ZONA-07,MUN-02,CIRC-02,10:29:09,electronico,USR-0021
SUF-0000765,V001452,2026-06-03,1,MESA-064,PUESTO-014,ZONA-04,MUN-04,CIRC-04,13:58:55,electronico,USR-0013
SUF-0000766,V001493,2026-06-03,1,MESA-036,PUESTO-011,ZONA-01,MUN-01,CIRC-01,08:51:05,electronico,USR-0004
SUF-0000767,V001783,2026-06-03,1,MESA-033,PUESTO-008,ZONA-08,MUN-03,CIRC-03,09:58:26,electronico,USR-0003
SUF-0000768,V002488,2026-06-03,1,MESA-021,PUESTO-021,ZONA-01,MUN-01,CIRC-05,09:30:22,electronico,USR-0006
SUF-0000769,V000234,2026-06-03,1,MESA-047,PUESTO-022,ZONA-02,MUN-02,CIRC-02,15:11:59,electronico,USR-0024
SUF-0000770,V002670,2026-06-03,1,MESA-022,PUESTO-022,ZONA-02,MUN-02,CIRC-02,10:51:23,manual,USR-0008
SUF-0000771,V000917,2026-06-03,1,MESA-010,PUESTO-010,ZONA-10,MUN-05,CIRC-05,10:30:48,electronico,USR-0004
SUF-0000772,V003757,2026-06-03,1,MESA-021,PUESTO-021,ZONA-01,MUN-01,CIRC-01,15:42:26,manual,USR-0010
SUF-0000773,V004927,2026-06-03,1,MESA-009,PUESTO-009,ZONA-09,MUN-04,CIRC-04,15:06:09,manual,USR-0016
SUF-0000774,V004609,2026-06-03,1,MESA-059,PUESTO-009,ZONA-09,MUN-04,CIRC-04,09:44:50,electronico,USR-0008
SUF-0000775,V002988,2026-06-03,1,MESA-047,PUESTO-022,ZONA-02,MUN-02,CIRC-02,15:15:43,electronico,USR-0014
SUF-0000776,V000128,2026-06-03,1,MESA-060,PUESTO-010,ZONA-10,MUN-05,CIRC-05,09:32:41,manual,USR-0010
SUF-0000777,V000271,2026-06-03,1,MESA-014,PUESTO-014,ZONA-04,MUN-04,CIRC-04,10:18:53,electronico,USR-0021
SUF-0000778,V004823,2026-06-03,1,MESA-022,PUESTO-022,ZONA-02,MUN-02,CIRC-02,14:37:40,electronico,USR-0012
SUF-0000779,V000042,2026-06-03,1,MESA-006,PUESTO-006,ZONA-06,MUN-01,CIRC-01,09:04:35,electronico,USR-0007
SUF-0000780,V000643,2026-06-03,1,MESA-079,PUESTO-004,ZONA-04,MUN-04,CIRC-04,09:57:59,electronico,USR-0008
SUF-0000781,V001950,2026-06-03,1,MESA-057,PUESTO-007,ZONA-07,MUN-02,CIRC-02,14:53:03,electronico,USR-0011
SUF-0000782,V000882,2026-06-03,1,MESA-080,PUESTO-005,ZONA-05,MUN-05,CIRC-05,11:18:02,manual,USR-0016
SUF-0000783,V001046,2026-06-03,1,MESA-019,PUESTO-019,ZONA-09,MUN-04,CIRC-04,11:21:40,manual,USR-0008
SUF-0000784,V002693,2026-06-03,1,MESA-033,PUESTO-008,ZONA-08,MUN-03,CIRC-03,12:43:44,electronico,USR-0011
SUF-0000785,V003342,2026-06-03,1,MESA-009,PUESTO-009,ZONA-09,MUN-04,CIRC-04,13:26:51,electronico,USR-0008
SUF-0000786,V000448,2026-06-03,1,MESA-006,PUESTO-006,ZONA-06,MUN-01,CIRC-01,12:00:51,manual,USR-0006
SUF-0000787,V004830,2026-06-03,1,MESA-026,PUESTO-001,ZONA-01,MUN-01,CIRC-01,09:42:17,manual,USR-0014
SUF-0000788,V000378,2026-06-03,1,MESA-062,PUESTO-012,ZONA-02,MUN-02,CIRC-04,10:39:53,electronico,USR-0019
SUF-0000789,V002333,2026-06-03,1,MESA-036,PUESTO-011,ZONA-01,MUN-01,CIRC-01,15:47:18,electronico,USR-0005
SUF-0000790,V004394,2026-06-03,1,MESA-039,PUESTO-014,ZONA-04,MUN-04,CIRC-04,09:23:24,electronico,USR-0011
SUF-0000791,V001898,2026-06-03,1,MESA-003,PUESTO-003,ZONA-03,MUN-03,CIRC-03,11:58:02,electronico,USR-0017
SUF-0000792,V000855,2026-06-03,1,MESA-075,PUESTO-025,ZONA-05,MUN-05,CIRC-05,11:21:36,electronico,USR-0003
SUF-0000793,V002407,2026-06-03,1,MESA-020,PUESTO-020,ZONA-10,MUN-05,CIRC-05,08:33:50,manual,USR-0016
SUF-0000794,V004347,2026-06-03,1,MESA-067,PUESTO-017,ZONA-07,MUN-02,CIRC-02,11:40:15,electronico,USR-0003
SUF-0000795,V003355,2026-06-03,1,MESA-062,PUESTO-012,ZONA-02,MUN-02,CIRC-02,11:29:50,electronico,USR-0025
SUF-0000796,V001025,2026-06-03,1,MESA-010,PUESTO-010,ZONA-10,MUN-05,CIRC-05,13:56:47,electronico,USR-0010
SUF-0000797,V004903,2026-06-03,1,MESA-079,PUESTO-004,ZONA-04,MUN-04,CIRC-04,08:35:26,electronico,USR-0022
SUF-0000798,V002949,2026-06-03,1,MESA-076,PUESTO-001,ZONA-01,MUN-01,CIRC-01,12:30:48,manual,USR-0021
SUF-0000799,V002509,2026-06-03,1,MESA-052,PUESTO-002,ZONA-02,MUN-02,CIRC-02,10:07:58,electronico,USR-0010
SUF-0000800,V001779,2026-06-03,1,MESA-026,PUESTO-001,ZONA-01,MUN-01,CIRC-01,15:33:19,electronico,USR-0006
SUF-0000801,V002205,2026-06-03,1,MESA-062,PUESTO-012,ZONA-02,MUN-02,CIRC-02,11:46:57,manual,USR-0019
SUF-0000802,V001101,2026-06-03,1,MESA-047,PUESTO-022,ZONA-02,MUN-02,CIRC-02,11:57:49,electronico,USR-0015
SUF-0000803,V001161,2026-06-03,1,MESA-044,PUESTO-019,ZONA-09,MUN-04,CIRC-04,11:12:55,electronico,USR-0015
SUF-0000804,V002493,2026-06-03,1,MESA-062,PUESTO-012,ZONA-02,MUN-02,CIRC-02,11:21:41,electronico,USR-0008
SUF-0000805,V000200,2026-06-03,1,MESA-056,PUESTO-006,ZONA-06,MUN-01,CIRC-01,11:32:42,electronico,USR-0022
SUF-0000806,V004988,2026-06-03,1,MESA-046,PUESTO-021,ZONA-01,MUN-01,CIRC-01,13:36:48,electronico,USR-0003
SUF-0000807,V003925,2026-06-03,1,MESA-018,PUESTO-018,ZONA-08,MUN-03,CIRC-03,09:43:43,electronico,USR-0010
SUF-0000808,V004335,2026-06-03,1,MESA-001,PUESTO-001,ZONA-01,MUN-01,CIRC-01,14:48:17,electronico,USR-0010
SUF-0000809,V003345,2026-06-03,1,MESA-061,PUESTO-011,ZONA-01,MUN-01,CIRC-01,12:09:21,electronico,USR-0025
SUF-0000810,V001447,2026-06-03,1,MESA-071,PUESTO-021,ZONA-01,MUN-01,CIRC-01,13:50:20,manual,USR-0012
SUF-0000811,V002574,2026-06-03,1,MESA-071,PUESTO-021,ZONA-01,MUN-01,CIRC-01,15:46:02,electronico,USR-0022
SUF-0000812,V000273,2026-06-03,1,MESA-007,PUESTO-007,ZONA-07,MUN-02,CIRC-04,09:36:31,electronico,USR-0020
SUF-0000813,V001655,2026-06-03,1,MESA-058,PUESTO-008,ZONA-08,MUN-03,CIRC-03,11:47:43,electronico,USR-0009
SUF-0000814,V000857,2026-06-03,1,MESA-052,PUESTO-002,ZONA-02,MUN-02,CIRC-02,15:18:39,electronico,USR-0010
SUF-0000815,V000724,2026-06-03,1,MESA-051,PUESTO-001,ZONA-01,MUN-01,CIRC-01,09:06:08,electronico,USR-0025
SUF-0000816,V002042,2026-06-03,1,MESA-025,PUESTO-025,ZONA-05,MUN-05,CIRC-05,15:45:37,electronico,USR-0010
SUF-0000817,V001499,2026-06-03,1,MESA-054,PUESTO-004,ZONA-04,MUN-04,CIRC-04,10:01:55,electronico,USR-0010
SUF-0000818,V004313,2026-06-03,1,MESA-009,PUESTO-009,ZONA-09,MUN-04,CIRC-04,09:44:57,manual,USR-0023
SUF-0000819,V000762,2026-06-03,1,MESA-072,PUESTO-022,ZONA-02,MUN-02,CIRC-05,14:03:36,electronico,USR-0020
SUF-0000820,V003582,2026-06-03,1,MESA-050,PUESTO-025,ZONA-05,MUN-05,CIRC-05,08:48:24,electronico,USR-0005
SUF-0000821,V003343,2026-06-03,1,MESA-023,PUESTO-023,ZONA-03,MUN-03,CIRC-03,15:19:51,manual,USR-0012
SUF-0000822,V004164,2026-06-03,1,MESA-075,PUESTO-025,ZONA-05,MUN-05,CIRC-04,15:37:07,electronico,USR-0015
SUF-0000823,V002489,2026-06-03,1,MESA-032,PUESTO-007,ZONA-07,MUN-02,CIRC-02,11:48:32,electronico,USR-0022
SUF-0000824,V004171,2026-06-03,1,MESA-035,PUESTO-010,ZONA-10,MUN-05,CIRC-05,12:42:57,electronico,USR-0021
SUF-0000825,V000239,2026-06-03,1,MESA-031,PUESTO-006,ZONA-06,MUN-01,CIRC-01,12:56:47,electronico,USR-0020
SUF-0000826,V000514,2026-06-03,1,MESA-059,PUESTO-009,ZONA-09,MUN-04,CIRC-04,09:57:05,electronico,USR-0016
SUF-0000827,V002689,2026-06-03,1,MESA-011,PUESTO-011,ZONA-01,MUN-01,CIRC-01,12:57:20,electronico,USR-0020
SUF-0000828,V001269,2026-06-03,1,MESA-066,PUESTO-016,ZONA-06,MUN-01,CIRC-01,13:35:16,electronico,USR-0008
SUF-0000829,V001004,2026-06-03,1,MESA-045,PUESTO-020,ZONA-10,MUN-05,CIRC-05,12:51:02,manual,USR-0014
SUF-0000830,V003698,2026-06-03,1,MESA-059,PUESTO-009,ZONA-09,MUN-04,CIRC-04,17:38:00,electronico,USR-0009
SUF-0000831,V001739,2026-06-03,1,MESA-057,PUESTO-007,ZONA-07,MUN-02,CIRC-04,09:31:35,electronico,USR-0007
SUF-0000832,V003376,2026-06-03,1,MESA-015,PUESTO-015,ZONA-05,MUN-05,CIRC-05,15:22:24,electronico,USR-0022
SUF-0000833,V002575,2026-06-03,1,MESA-070,PUESTO-020,ZONA-10,MUN-05,CIRC-05,13:47:15,manual,USR-0020
SUF-0000834,V004349,2026-06-03,1,MESA-027,PUESTO-002,ZONA-02,MUN-02,CIRC-02,15:26:54,electronico,USR-0025
SUF-0000835,V002012,2026-06-03,1,MESA-032,PUESTO-007,ZONA-07,MUN-02,CIRC-02,13:52:24,electronico,USR-0005
SUF-0000836,V004541,2026-06-03,1,MESA-009,PUESTO-009,ZONA-09,MUN-04,CIRC-04,08:49:59,electronico,USR-0009
SUF-0000837,V003081,2026-06-03,1,MESA-062,PUESTO-012,ZONA-02,MUN-02,CIRC-05,15:58:02,manual,USR-0005
SUF-0000838,V001314,2026-06-03,1,MESA-012,PUESTO-012,ZONA-02,MUN-02,CIRC-02,12:47:44,manual,USR-0023
SUF-0000839,V001914,2026-06-03,1,MESA-060,PUESTO-010,ZONA-10,MUN-05,CIRC-05,14:45:34,electronico,USR-0021
SUF-0000840,V003972,2026-06-03,1,MESA-012,PUESTO-012,ZONA-02,MUN-02,CIRC-02,15:15:12,electronico,USR-0012
SUF-0000841,V001295,2026-06-03,1,MESA-071,PUESTO-021,ZONA-01,MUN-01,CIRC-01,09:23:56,manual,USR-0022
SUF-0000842,V002677,2026-06-03,1,MESA-065,PUESTO-015,ZONA-05,MUN-05,CIRC-05,15:04:21,electronico,USR-0021
SUF-0000843,V004536,2026-06-03,1,MESA-015,PUESTO-015,ZONA-05,MUN-05,CIRC-05,15:37:12,manual,USR-0023
SUF-0000844,V000809,2026-06-03,1,MESA-047,PUESTO-022,ZONA-02,MUN-02,CIRC-02,08:02:03,manual,USR-0016
SUF-0000845,V000640,2026-06-03,1,MESA-040,PUESTO-015,ZONA-05,MUN-05,CIRC-05,08:23:25,electronico,USR-0012
SUF-0000846,V003373,2026-06-03,1,MESA-030,PUESTO-005,ZONA-05,MUN-05,CIRC-01,11:05:21,manual,USR-0020
SUF-0000847,V001861,2026-06-03,1,MESA-015,PUESTO-015,ZONA-05,MUN-05,CIRC-05,14:24:57,manual,USR-0021
SUF-0000848,V001686,2026-06-03,1,MESA-068,PUESTO-018,ZONA-08,MUN-03,CIRC-03,12:40:52,manual,USR-0013
SUF-0000849,V004477,2026-06-03,1,MESA-071,PUESTO-021,ZONA-01,MUN-01,CIRC-01,09:23:41,electronico,USR-0022
SUF-0000850,V004804,2026-06-03,1,MESA-020,PUESTO-020,ZONA-10,MUN-05,CIRC-05,14:37:27,electronico,USR-0005
SUF-0000851,V003499,2026-06-03,1,MESA-074,PUESTO-024,ZONA-04,MUN-04,CIRC-04,13:59:31,manual,USR-0025
SUF-0000852,V002952,2026-06-03,1,MESA-043,PUESTO-018,ZONA-08,MUN-03,CIRC-03,14:09:39,manual,USR-0009
SUF-0000853,V001211,2026-06-03,1,MESA-041,PUESTO-016,ZONA-06,MUN-01,CIRC-01,09:57:16,electronico,USR-0023
SUF-0000854,V001621,2026-06-03,1,MESA-014,PUESTO-014,ZONA-04,MUN-04,CIRC-04,11:16:40,manual,USR-0020
SUF-0000855,V000755,2026-06-03,1,MESA-006,PUESTO-006,ZONA-06,MUN-01,CIRC-01,15:14:44,manual,USR-0012
SUF-0000856,V003705,2026-06-03,1,MESA-039,PUESTO-014,ZONA-04,MUN-04,CIRC-04,13:44:11,manual,USR-0009
SUF-0000857,V001230,2026-06-03,1,MESA-048,PUESTO-023,ZONA-03,MUN-03,CIRC-03,06:39:00,electronico,USR-0016
SUF-0000858,V003637,2026-06-03,1,MESA-077,PUESTO-002,ZONA-02,MUN-02,CIRC-02,15:23:23,electronico,USR-0007
SUF-0000859,V003615,2026-06-03,1,MESA-080,PUESTO-005,ZONA-05,MUN-05,CIRC-05,12:04:06,electronico,USR-0023
SUF-0000860,V003382,2026-06-03,1,MESA-079,PUESTO-004,ZONA-04,MUN-04,CIRC-04,08:09:27,electronico,USR-0015
SUF-0000861,V001061,2026-06-03,1,MESA-021,PUESTO-021,ZONA-01,MUN-01,CIRC-01,09:36:47,electronico,USR-0016
SUF-0000862,V004801,2026-06-03,1,MESA-013,PUESTO-013,ZONA-03,MUN-03,CIRC-03,11:04:04,manual,USR-0016
SUF-0000863,V000162,2026-06-03,1,MESA-030,PUESTO-005,ZONA-05,MUN-05,CIRC-05,13:19:27,electronico,USR-0015
SUF-0000864,V002131,2026-06-03,1,MESA-048,PUESTO-023,ZONA-03,MUN-03,CIRC-03,09:42:08,electronico,USR-0021
SUF-0000865,V001326,2026-06-03,1,MESA-072,PUESTO-022,ZONA-02,MUN-02,CIRC-02,08:11:00,manual,USR-0021
SUF-0000866,V000599,2026-06-03,1,MESA-001,PUESTO-001,ZONA-01,MUN-01,CIRC-01,10:33:42,manual,USR-0022
SUF-0000867,V003334,2026-06-03,1,MESA-037,PUESTO-012,ZONA-02,MUN-02,CIRC-02,09:31:01,electronico,USR-0010
SUF-0000868,V000401,2026-06-03,1,MESA-001,PUESTO-001,ZONA-01,MUN-01,CIRC-01,08:28:44,manual,USR-0008
SUF-0000869,V000435,2026-06-03,1,MESA-019,PUESTO-019,ZONA-09,MUN-04,CIRC-04,08:38:51,electronico,USR-0010
SUF-0000870,V003668,2026-06-03,1,MESA-019,PUESTO-019,ZONA-09,MUN-04,CIRC-04,09:03:49,manual,USR-0010
SUF-0000871,V000860,2026-06-03,1,MESA-053,PUESTO-003,ZONA-03,MUN-03,CIRC-03,15:08:18,electronico,USR-0016
SUF-0000872,V001307,2026-06-03,1,MESA-063,PUESTO-013,ZONA-03,MUN-03,CIRC-03,08:53:37,electronico,USR-0004
SUF-0000873,V001181,2026-06-03,1,MESA-025,PUESTO-025,ZONA-05,MUN-05,CIRC-05,14:13:22,electronico,USR-0019
SUF-0000874,V003009,2026-06-03,1,MESA-031,PUESTO-006,ZONA-06,MUN-01,CIRC-01,11:51:28,electronico,USR-0020
SUF-0000875,V003313,2026-06-03,1,MESA-010,PUESTO-010,ZONA-10,MUN-05,CIRC-05,13:24:34,electronico,USR-0019
SUF-0000876,V000923,2026-06-03,1,MESA-025,PUESTO-025,ZONA-05,MUN-05,CIRC-05,11:09:43,manual,USR-0022
SUF-0000877,V001657,2026-06-03,1,MESA-058,PUESTO-008,ZONA-08,MUN-03,CIRC-03,14:46:56,electronico,USR-0010
SUF-0000878,V003311,2026-06-03,1,MESA-017,PUESTO-017,ZONA-07,MUN-02,CIRC-02,08:27:09,electronico,USR-0007
SUF-0000879,V002241,2026-06-03,1,MESA-028,PUESTO-003,ZONA-03,MUN-03,CIRC-03,15:44:29,manual,USR-0009
SUF-0000880,V000172,2026-06-03,1,MESA-077,PUESTO-002,ZONA-02,MUN-02,CIRC-02,15:27:34,electronico,USR-0025
SUF-0000881,V001375,2026-06-03,1,MESA-051,PUESTO-001,ZONA-01,MUN-01,CIRC-01,12:51:56,electronico,USR-0022
SUF-0000882,V004640,2026-06-03,1,MESA-016,PUESTO-016,ZONA-06,MUN-01,CIRC-01,09:18:30,electronico,USR-0022
SUF-0000883,V002392,2026-06-03,1,MESA-071,PUESTO-021,ZONA-01,MUN-01,CIRC-01,08:08:59,manual,USR-0010
SUF-0000884,V004889,2026-06-03,1,MESA-052,PUESTO-002,ZONA-02,MUN-02,CIRC-02,12:16:07,manual,USR-0011
SUF-0000885,V003014,2026-06-03,1,MESA-047,PUESTO-022,ZONA-02,MUN-02,CIRC-02,13:15:24,manual,USR-0015
SUF-0000886,V003170,2026-06-03,1,MESA-033,PUESTO-008,ZONA-08,MUN-03,CIRC-03,13:20:33,electronico,USR-0023
SUF-0000887,V003775,2026-06-03,1,MESA-053,PUESTO-003,ZONA-03,MUN-03,CIRC-04,10:11:33,manual,USR-0008
SUF-0000888,V001315,2026-06-03,1,MESA-071,PUESTO-021,ZONA-01,MUN-01,CIRC-01,09:33:18,electronico,USR-0024
SUF-0000889,V004535,2026-06-03,1,MESA-010,PUESTO-010,ZONA-10,MUN-05,CIRC-05,11:03:15,manual,USR-0024
SUF-0000890,V002827,2026-06-03,1,MESA-030,PUESTO-005,ZONA-05,MUN-05,CIRC-05,14:09:38,electronico,USR-0021
SUF-0000891,V002390,2026-06-03,1,MESA-043,PUESTO-018,ZONA-08,MUN-03,CIRC-03,15:47:02,electronico,USR-0010
SUF-0000892,V000003,2026-06-03,1,MESA-065,PUESTO-015,ZONA-05,MUN-05,CIRC-05,09:53:44,electronico,USR-0022
SUF-0000893,V000463,2026-06-03,1,MESA-026,PUESTO-001,ZONA-01,MUN-01,CIRC-01,06:46:00,manual,USR-0011
SUF-0000894,V003189,2026-06-03,1,MESA-036,PUESTO-011,ZONA-01,MUN-01,CIRC-01,14:22:52,electronico,USR-0016
SUF-0000895,V004150,2026-06-03,1,MESA-071,PUESTO-021,ZONA-01,MUN-01,CIRC-01,11:44:13,electronico,USR-0023
SUF-0000896,V000349,2026-06-03,1,MESA-070,PUESTO-020,ZONA-10,MUN-05,CIRC-05,11:09:30,electronico,USR-0012
SUF-0000897,V004403,2026-06-03,1,MESA-037,PUESTO-012,ZONA-02,MUN-02,CIRC-02,08:53:52,electronico,USR-0012
SUF-0000898,V001738,2026-06-03,1,MESA-008,PUESTO-008,ZONA-08,MUN-03,CIRC-03,13:51:45,electronico,USR-0022
SUF-0000899,V000521,2026-06-03,1,MESA-060,PUESTO-010,ZONA-10,MUN-05,CIRC-05,13:39:15,electronico,USR-0006
SUF-0000900,V004645,2026-06-03,1,MESA-047,PUESTO-022,ZONA-02,MUN-02,CIRC-02,11:04:37,manual,USR-0004
SUF-0000901,V002836,2026-06-03,1,MESA-077,PUESTO-002,ZONA-02,MUN-02,CIRC-02,09:00:48,electronico,USR-0006
SUF-0000902,V003894,2026-06-03,1,MESA-072,PUESTO-022,ZONA-02,MUN-02,CIRC-02,08:07:00,electronico,USR-0015
SUF-0000903,V000402,2026-06-03,1,MESA-052,PUESTO-002,ZONA-02,MUN-02,CIRC-02,15:28:58,electronico,USR-0013
SUF-0000904,V001415,2026-06-03,1,MESA-049,PUESTO-024,ZONA-04,MUN-04,CIRC-05,13:14:30,electronico,USR-0003
SUF-0000905,V001806,2026-06-03,1,MESA-026,PUESTO-001,ZONA-01,MUN-01,CIRC-01,14:02:19,electronico,USR-0006
SUF-0000906,V001287,2026-06-03,1,MESA-057,PUESTO-007,ZONA-07,MUN-02,CIRC-02,15:04:26,manual,USR-0010
SUF-0000907,V002008,2026-06-03,1,MESA-033,PUESTO-008,ZONA-08,MUN-03,CIRC-03,10:40:13,manual,USR-0010
SUF-0000908,V000149,2026-06-03,1,MESA-069,PUESTO-019,ZONA-09,MUN-04,CIRC-04,14:18:09,manual,USR-0025
SUF-0000909,V002235,2026-06-03,1,MESA-080,PUESTO-005,ZONA-05,MUN-05,CIRC-05,09:13:09,manual,USR-0003
SUF-0000910,V002582,2026-06-03,1,MESA-057,PUESTO-007,ZONA-07,MUN-02,CIRC-02,15:29:29,manual,USR-0024
SUF-0000911,V002061,2026-06-03,1,MESA-031,PUESTO-006,ZONA-06,MUN-01,CIRC-01,14:39:27,manual,USR-0006
SUF-0000912,V003642,2026-06-03,1,MESA-011,PUESTO-011,ZONA-01,MUN-01,CIRC-05,12:50:23,manual,USR-0004
SUF-0000913,V001552,2026-06-03,1,MESA-076,PUESTO-001,ZONA-01,MUN-01,CIRC-01,14:47:51,manual,USR-0009
SUF-0000914,V001265,2026-06-03,1,MESA-036,PUESTO-011,ZONA-01,MUN-01,CIRC-01,12:49:03,electronico,USR-0010
SUF-0000915,V004123,2026-06-03,1,MESA-002,PUESTO-002,ZONA-02,MUN-02,CIRC-02,12:33:22,electronico,USR-0013
SUF-0000916,V001292,2026-06-03,1,MESA-003,PUESTO-003,ZONA-03,MUN-03,CIRC-03,14:20:23,electronico,USR-0020
SUF-0000917,V002780,2026-06-03,1,MESA-020,PUESTO-020,ZONA-10,MUN-05,CIRC-05,13:13:20,manual,USR-0022
SUF-0000918,V000408,2026-06-03,1,MESA-021,PUESTO-021,ZONA-01,MUN-01,CIRC-01,12:39:19,electronico,USR-0006
SUF-0000919,V000968,2026-06-03,1,MESA-051,PUESTO-001,ZONA-01,MUN-01,CIRC-01,14:19:03,electronico,USR-0003
SUF-0000920,V004172,2026-06-03,1,MESA-045,PUESTO-020,ZONA-10,MUN-05,CIRC-05,10:38:19,electronico,USR-0010
SUF-0000921,V000552,2026-06-03,1,MESA-042,PUESTO-017,ZONA-07,MUN-02,CIRC-02,15:07:03,manual,USR-0004
SUF-0000922,V003022,2026-06-03,1,MESA-035,PUESTO-010,ZONA-10,MUN-05,CIRC-05,10:31:50,electronico,USR-0016
SUF-0000923,V001281,2026-06-03,1,MESA-041,PUESTO-016,ZONA-06,MUN-01,CIRC-01,13:12:29,electronico,USR-0006
SUF-0000924,V004820,2026-06-03,1,MESA-076,PUESTO-001,ZONA-01,MUN-01,CIRC-01,11:45:23,manual,USR-0009
SUF-0000925,V001441,2026-06-03,1,MESA-058,PUESTO-008,ZONA-08,MUN-03,CIRC-03,08:25:36,manual,USR-0010
SUF-0000926,V003878,2026-06-03,1,MESA-051,PUESTO-001,ZONA-01,MUN-01,CIRC-01,13:03:18,electronico,USR-0009
SUF-0000927,V000300,2026-06-03,1,MESA-057,PUESTO-007,ZONA-07,MUN-02,CIRC-02,11:30:57,electronico,USR-0011
SUF-0000928,V001469,2026-06-03,1,MESA-049,PUESTO-024,ZONA-04,MUN-04,CIRC-01,13:43:18,electronico,USR-0010
SUF-0000929,V004331,2026-06-03,1,MESA-067,PUESTO-017,ZONA-07,MUN-02,CIRC-02,15:02:21,electronico,USR-0015
SUF-0000930,V000084,2026-06-03,1,MESA-010,PUESTO-010,ZONA-10,MUN-05,CIRC-05,10:44:13,manual,USR-0022
SUF-0000931,V004432,2026-06-03,1,MESA-011,PUESTO-011,ZONA-01,MUN-01,CIRC-01,08:18:07,manual,USR-0014
SUF-0000932,V001413,2026-06-03,1,MESA-076,PUESTO-001,ZONA-01,MUN-01,CIRC-01,08:58:09,manual,USR-0014
SUF-0000933,V002817,2026-06-03,1,MESA-016,PUESTO-016,ZONA-06,MUN-01,CIRC-01,08:43:20,electronico,USR-0005
SUF-0000934,V002352,2026-06-03,1,MESA-075,PUESTO-025,ZONA-05,MUN-05,CIRC-05,12:04:50,electronico,USR-0019
SUF-0000935,V000604,2026-06-03,1,MESA-016,PUESTO-016,ZONA-06,MUN-01,CIRC-01,11:41:25,electronico,USR-0015
SUF-0000936,V000746,2026-06-03,1,MESA-001,PUESTO-001,ZONA-01,MUN-01,CIRC-01,10:00:57,electronico,USR-0010
SUF-0000937,V001245,2026-06-03,1,MESA-024,PUESTO-024,ZONA-04,MUN-04,CIRC-04,08:24:38,electronico,USR-0003
SUF-0000938,V001713,2026-06-03,1,MESA-055,PUESTO-005,ZONA-05,MUN-05,CIRC-05,08:40:21,manual,USR-0013
SUF-0000939,V003803,2026-06-03,1,MESA-013,PUESTO-013,ZONA-03,MUN-03,CIRC-03,12:56:29,manual,USR-0009
SUF-0000940,V002506,2026-06-03,1,MESA-016,PUESTO-016,ZONA-06,MUN-01,CIRC-01,14:52:34,manual,USR-0010
SUF-0000941,V001368,2026-06-03,1,MESA-015,PUESTO-015,ZONA-05,MUN-05,CIRC-05,10:25:42,electronico,USR-0013
SUF-0000942,V000032,2026-06-03,1,MESA-077,PUESTO-002,ZONA-02,MUN-02,CIRC-02,14:03:36,manual,USR-0010
SUF-0000943,V003374,2026-06-03,1,MESA-034,PUESTO-009,ZONA-09,MUN-04,CIRC-04,09:34:13,manual,USR-0010
SUF-0000944,V003797,2026-06-03,1,MESA-003,PUESTO-003,ZONA-03,MUN-03,CIRC-03,14:52:56,manual,USR-0005
SUF-0000945,V002526,2026-06-03,1,MESA-007,PUESTO-007,ZONA-07,MUN-02,CIRC-02,09:14:00,manual,USR-0010
SUF-0000946,V000034,2026-06-03,1,MESA-020,PUESTO-020,ZONA-10,MUN-05,CIRC-05,10:26:52,electronico,USR-0011
SUF-0000947,V000684,2026-06-03,1,MESA-053,PUESTO-003,ZONA-03,MUN-03,CIRC-03,14:24:28,electronico,USR-0015
SUF-0000948,V003353,2026-06-03,1,MESA-022,PUESTO-022,ZONA-02,MUN-02,CIRC-02,12:07:38,manual,USR-0006
SUF-0000949,V003250,2026-06-03,1,MESA-073,PUESTO-023,ZONA-03,MUN-03,CIRC-03,08:10:04,electronico,USR-0005
SUF-0000950,V002745,2026-06-03,1,MESA-024,PUESTO-024,ZONA-04,MUN-04,CIRC-04,11:29:05,electronico,USR-0016
SUF-0000951,V002261,2026-06-03,1,MESA-060,PUESTO-010,ZONA-10,MUN-05,CIRC-05,09:47:27,electronico,USR-0010
SUF-0000952,V001731,2026-06-03,1,MESA-052,PUESTO-002,ZONA-02,MUN-02,CIRC-02,14:09:03,electronico,USR-0022
SUF-0000953,V001337,2026-06-03,1,MESA-010,PUESTO-010,ZONA-10,MUN-05,CIRC-05,06:32:00,electronico,USR-0010
SUF-0000954,V000343,2026-06-03,1,MESA-044,PUESTO-019,ZONA-09,MUN-04,CIRC-01,13:39:40,manual,USR-0025
SUF-0000955,V004917,2026-06-03,1,MESA-022,PUESTO-022,ZONA-02,MUN-02,CIRC-02,13:44:14,electronico,USR-0009
SUF-0000956,V003328,2026-06-03,1,MESA-058,PUESTO-008,ZONA-08,MUN-03,CIRC-03,08:14:56,manual,USR-0025
SUF-0000957,V000329,2026-06-03,1,MESA-056,PUESTO-006,ZONA-06,MUN-01,CIRC-01,10:30:16,electronico,USR-0011
SUF-0000958,V000109,2026-06-03,1,MESA-074,PUESTO-024,ZONA-04,MUN-04,CIRC-04,08:11:37,electronico,USR-0014
SUF-0000959,V003899,2026-06-03,1,MESA-019,PUESTO-019,ZONA-09,MUN-04,CIRC-04,14:51:56,manual,USR-0019
SUF-0000960,V002637,2026-06-03,1,MESA-077,PUESTO-002,ZONA-02,MUN-02,CIRC-02,11:11:59,electronico,USR-0012
SUF-0000961,V002374,2026-06-03,1,MESA-079,PUESTO-004,ZONA-04,MUN-04,CIRC-04,14:32:19,electronico,USR-0017
SUF-0000962,V004341,2026-06-03,1,MESA-071,PUESTO-021,ZONA-01,MUN-01,CIRC-01,11:56:18,electronico,USR-0019
SUF-0000963,V002611,2026-06-03,1,MESA-036,PUESTO-011,ZONA-01,MUN-01,CIRC-01,13:50:14,electronico,USR-0005
SUF-0000964,V002764,2026-06-03,1,MESA-075,PUESTO-025,ZONA-05,MUN-05,CIRC-05,10:21:36,manual,USR-0019
SUF-0000965,V003423,2026-06-03,1,MESA-018,PUESTO-018,ZONA-08,MUN-03,CIRC-03,12:54:55,electronico,USR-0007
SUF-0000966,V003517,2026-06-03,1,MESA-078,PUESTO-003,ZONA-03,MUN-03,CIRC-03,15:58:28,electronico,USR-0010
SUF-0000967,V002975,2026-06-03,1,MESA-011,PUESTO-011,ZONA-01,MUN-01,CIRC-01,09:50:31,electronico,USR-0006
SUF-0000968,V000969,2026-06-03,1,MESA-043,PUESTO-018,ZONA-08,MUN-03,CIRC-03,13:23:36,manual,USR-0010
SUF-0000969,V001703,2026-06-03,1,MESA-069,PUESTO-019,ZONA-09,MUN-04,CIRC-04,15:28:00,electronico,USR-0010
SUF-0000970,V000553,2026-06-03,1,MESA-045,PUESTO-020,ZONA-10,MUN-05,CIRC-05,12:09:50,electronico,USR-0017
SUF-0000971,V004575,2026-06-03,1,MESA-014,PUESTO-014,ZONA-04,MUN-04,CIRC-04,11:47:39,electronico,USR-0022
SUF-0000972,V003287,2026-06-03,1,MESA-013,PUESTO-013,ZONA-03,MUN-03,CIRC-03,12:37:51,electronico,USR-0016
SUF-0000973,V001238,2026-06-03,1,MESA-052,PUESTO-002,ZONA-02,MUN-02,CIRC-02,08:27:14,manual,USR-0010
SUF-0000974,V000380,2026-06-03,1,MESA-022,PUESTO-022,ZONA-02,MUN-02,CIRC-02,15:16:11,manual,USR-0011
SUF-0000975,V002662,2026-06-03,1,MESA-023,PUESTO-023,ZONA-03,MUN-03,CIRC-03,11:24:51,manual,USR-0003
SUF-0000976,V004352,2026-06-03,1,MESA-069,PUESTO-019,ZONA-09,MUN-04,CIRC-04,11:37:49,electronico,USR-0003
SUF-0000977,V003778,2026-06-03,1,MESA-012,PUESTO-012,ZONA-02,MUN-02,CIRC-02,14:01:07,electronico,USR-0019
SUF-0000978,V003263,2026-06-03,1,MESA-009,PUESTO-009,ZONA-09,MUN-04,CIRC-04,12:58:57,electronico,USR-0024
SUF-0000979,V001536,2026-06-03,1,MESA-015,PUESTO-015,ZONA-05,MUN-05,CIRC-05,08:59:30,electronico,USR-0023
SUF-0000980,V001345,2026-06-03,1,MESA-028,PUESTO-003,ZONA-03,MUN-03,CIRC-03,12:49:08,manual,USR-0007
SUF-0000981,V002805,2026-06-03,1,MESA-009,PUESTO-009,ZONA-09,MUN-04,CIRC-04,12:31:35,manual,USR-0025
SUF-0000982,V000064,2026-06-03,1,MESA-023,PUESTO-023,ZONA-03,MUN-03,CIRC-03,11:56:05,electronico,USR-0003
SUF-0000983,V004067,2026-06-03,1,MESA-078,PUESTO-003,ZONA-03,MUN-03,CIRC-03,09:22:46,manual,USR-0010
SUF-0000984,V001435,2026-06-03,1,MESA-055,PUESTO-005,ZONA-05,MUN-05,CIRC-05,10:20:20,manual,USR-0007
SUF-0000985,V000524,2026-06-03,1,MESA-075,PUESTO-025,ZONA-05,MUN-05,CIRC-05,14:01:14,electronico,USR-0004
SUF-0000986,V002515,2026-06-03,1,MESA-010,PUESTO-010,ZONA-10,MUN-05,CIRC-05,08:55:57,manual,USR-0023
SUF-0000987,V002340,2026-06-03,1,MESA-004,PUESTO-004,ZONA-04,MUN-04,CIRC-04,12:30:28,electronico,USR-0011
SUF-0000988,V000175,2026-06-03,1,MESA-010,PUESTO-010,ZONA-10,MUN-05,CIRC-05,08:25:46,manual,USR-0012
SUF-0000989,V000868,2026-06-03,1,MESA-070,PUESTO-020,ZONA-10,MUN-05,CIRC-05,09:25:07,manual,USR-0003
SUF-0000990,V001742,2026-06-03,1,MESA-025,PUESTO-025,ZONA-05,MUN-05,CIRC-05,09:16:52,manual,USR-0025
SUF-0000991,V000471,2026-06-03,1,MESA-078,PUESTO-003,ZONA-03,MUN-03,CIRC-03,08:09:15,electronico,USR-0012
SUF-0000992,V003046,2026-06-03,1,MESA-045,PUESTO-020,ZONA-10,MUN-05,CIRC-05,13:37:27,electronico,USR-0014
SUF-0000993,V001857,2026-06-03,1,MESA-058,PUESTO-008,ZONA-08,MUN-03,CIRC-03,09:02:41,manual,USR-0010
SUF-0000994,V002757,2026-06-03,1,MESA-024,PUESTO-024,ZONA-04,MUN-04,CIRC-04,11:46:32,manual,USR-0016
SUF-0000995,V004029,2026-06-03,1,MESA-077,PUESTO-002,ZONA-02,MUN-02,CIRC-02,09:35:03,electronico,USR-0006
SUF-0000996,V002084,2026-06-03,1,MESA-011,PUESTO-011,ZONA-01,MUN-01,CIRC-01,08:50:00,electronico,USR-0014
SUF-0000997,V004212,2026-06-03,1,MESA-044,PUESTO-019,ZONA-09,MUN-04,CIRC-04,13:10:09,electronico,USR-0010
SUF-0000998,V004748,2026-06-03,1,MESA-063,PUESTO-013,ZONA-03,MUN-03,CIRC-03,11:31:59,electronico,USR-0019
SUF-0000999,V000272,2026-06-03,1,MESA-008,PUESTO-008,ZONA-08,MUN-03,CIRC-03,09:21:02,electronico,USR-0020
SUF-0001000,V004190,2026-06-03,1,MESA-019,PUESTO-019,ZONA-09,MUN-04,CIRC-04,11:35:54,manual,USR-0008
SUF-0001001,V004565,2026-06-03,1,MESA-076,PUESTO-001,ZONA-01,MUN-01,CIRC-01,08:17:54,manual,USR-0013
SUF-0001002,V001842,2026-06-03,1,MESA-069,PUESTO-019,ZONA-09,MUN-04,CIRC-04,11:01:35,electronico,USR-0010
SUF-0001003,V004240,2026-06-03,1,MESA-063,PUESTO-013,ZONA-03,MUN-03,CIRC-03,10:52:04,manual,USR-0003
SUF-0001004,V001823,2026-06-03,1,MESA-025,PUESTO-025,ZONA-05,MUN-05,CIRC-05,10:51:09,electronico,USR-0016
SUF-0001005,V003714,2026-06-03,1,MESA-043,PUESTO-018,ZONA-08,MUN-03,CIRC-03,11:38:35,manual,USR-0006
SUF-0001006,V000685,2026-06-03,1,MESA-037,PUESTO-012,ZONA-02,MUN-02,CIRC-02,08:37:04,manual,USR-0025
SUF-0001007,V002183,2026-06-03,1,MESA-011,PUESTO-011,ZONA-01,MUN-01,CIRC-01,12:10:23,electronico,USR-0010
SUF-0001008,V003613,2026-06-03,1,MESA-046,PUESTO-021,ZONA-01,MUN-01,CIRC-01,15:16:32,electronico,USR-0005
SUF-0001009,V004949,2026-06-03,1,MESA-044,PUESTO-019,ZONA-09,MUN-04,CIRC-04,07:51:00,electronico,USR-0007
SUF-0001010,V004938,2026-06-03,1,MESA-014,PUESTO-014,ZONA-04,MUN-04,CIRC-04,08:41:23,electronico,USR-0012
SUF-0001011,V003219,2026-06-03,1,MESA-064,PUESTO-014,ZONA-04,MUN-04,CIRC-04,10:47:28,electronico,USR-0023
SUF-0001012,V001961,2026-06-03,1,MESA-076,PUESTO-001,ZONA-01,MUN-01,CIRC-01,09:54:56,electronico,USR-0009
SUF-0001013,V002187,2026-06-03,1,MESA-078,PUESTO-003,ZONA-03,MUN-03,CIRC-03,08:39:24,electronico,USR-0012
SUF-0001014,V004017,2026-06-03,1,MESA-069,PUESTO-019,ZONA-09,MUN-04,CIRC-04,09:54:06,electronico,USR-0005
SUF-0001015,V001388,2026-06-03,1,MESA-066,PUESTO-016,ZONA-06,MUN-01,CIRC-01,11:39:06,manual,USR-0008
SUF-0001016,V003169,2026-06-03,1,MESA-020,PUESTO-020,ZONA-10,MUN-05,CIRC-05,09:55:13,manual,USR-0008
SUF-0001017,V003504,2026-06-03,1,MESA-021,PUESTO-021,ZONA-01,MUN-01,CIRC-01,14:16:26,electronico,USR-0010
SUF-0001018,V003946,2026-06-03,1,MESA-050,PUESTO-025,ZONA-05,MUN-05,CIRC-05,10:10:56,electronico,USR-0010
SUF-0001019,V004918,2026-06-03,1,MESA-044,PUESTO-019,ZONA-09,MUN-04,CIRC-04,08:22:00,manual,USR-0010
SUF-0001020,V003180,2026-06-03,1,MESA-016,PUESTO-016,ZONA-06,MUN-01,CIRC-01,10:45:47,electronico,USR-0006
SUF-0001021,V000194,2026-06-03,1,MESA-061,PUESTO-011,ZONA-01,MUN-01,CIRC-01,11:38:55,electronico,USR-0019
SUF-0001022,V001202,2026-06-03,1,MESA-012,PUESTO-012,ZONA-02,MUN-02,CIRC-02,14:11:32,manual,USR-0024
SUF-0001023,V001523,2026-06-03,1,MESA-077,PUESTO-002,ZONA-02,MUN-02,CIRC-02,14:19:06,manual,USR-0024
SUF-0001024,V003634,2026-06-03,1,MESA-080,PUESTO-005,ZONA-05,MUN-05,CIRC-05,09:03:30,electronico,USR-0006
SUF-0001025,V001006,2026-06-03,1,MESA-078,PUESTO-003,ZONA-03,MUN-03,CIRC-03,10:21:21,electronico,USR-0008
SUF-0001026,V004327,2026-06-03,1,MESA-080,PUESTO-005,ZONA-05,MUN-05,CIRC-05,10:27:25,manual,USR-0007
SUF-0001027,V004008,2026-06-03,1,MESA-008,PUESTO-008,ZONA-08,MUN-03,CIRC-03,13:35:53,manual,USR-0023
SUF-0001028,V000775,2026-06-03,1,MESA-027,PUESTO-002,ZONA-02,MUN-02,CIRC-02,11:53:56,manual,USR-0014
SUF-0001029,V004883,2026-06-03,1,MESA-029,PUESTO-004,ZONA-04,MUN-04,CIRC-04,15:43:52,electronico,USR-0024
SUF-0001030,V001449,2026-06-03,1,MESA-021,PUESTO-021,ZONA-01,MUN-01,CIRC-01,10:49:19,electronico,USR-0007
SUF-0001031,V003361,2026-06-03,1,MESA-032,PUESTO-007,ZONA-07,MUN-02,CIRC-02,12:04:11,electronico,USR-0015
SUF-0001032,V003205,2026-06-03,1,MESA-003,PUESTO-003,ZONA-03,MUN-03,CIRC-03,13:06:50,manual,USR-0009
SUF-0001033,V003887,2026-06-03,1,MESA-037,PUESTO-012,ZONA-02,MUN-02,CIRC-02,15:11:07,manual,USR-0008
SUF-0001034,V000420,2026-06-03,1,MESA-017,PUESTO-017,ZONA-07,MUN-02,CIRC-02,14:57:44,manual,USR-0014
SUF-0001035,V000137,2026-06-03,1,MESA-031,PUESTO-006,ZONA-06,MUN-01,CIRC-01,12:19:11,manual,USR-0019
SUF-0001036,V002754,2026-06-03,1,MESA-080,PUESTO-005,ZONA-05,MUN-05,CIRC-05,08:05:55,manual,USR-0019
SUF-0001037,V004455,2026-06-03,1,MESA-078,PUESTO-003,ZONA-03,MUN-03,CIRC-03,15:49:26,manual,USR-0015
SUF-0001038,V003788,2026-06-03,1,MESA-080,PUESTO-005,ZONA-05,MUN-05,CIRC-05,11:59:50,manual,USR-0003
SUF-0001039,V003054,2026-06-03,1,MESA-029,PUESTO-004,ZONA-04,MUN-04,CIRC-04,09:19:26,manual,USR-0008
SUF-0001040,V002782,2026-06-03,1,MESA-047,PUESTO-022,ZONA-02,MUN-02,CIRC-02,15:46:09,manual,USR-0021
SUF-0001041,V002366,2026-06-03,1,MESA-017,PUESTO-017,ZONA-07,MUN-02,CIRC-02,14:47:51,electronico,USR-0025
SUF-0001042,V001520,2026-06-03,1,MESA-064,PUESTO-014,ZONA-04,MUN-04,CIRC-04,10:44:34,manual,USR-0009
SUF-0001043,V000691,2026-06-03,1,MESA-026,PUESTO-001,ZONA-01,MUN-01,CIRC-01,09:59:48,electronico,USR-0019
SUF-0001044,V003110,2026-06-03,1,MESA-077,PUESTO-002,ZONA-02,MUN-02,CIRC-02,08:42:17,electronico,USR-0010
SUF-0001045,V002649,2026-06-03,1,MESA-043,PUESTO-018,ZONA-08,MUN-03,CIRC-03,13:35:21,electronico,USR-0006
SUF-0001046,V002650,2026-06-03,1,MESA-017,PUESTO-017,ZONA-07,MUN-02,CIRC-02,11:32:41,electronico,USR-0010
SUF-0001047,V004102,2026-06-03,1,MESA-051,PUESTO-001,ZONA-01,MUN-01,CIRC-01,11:47:15,electronico,USR-0010
SUF-0001048,V001762,2026-06-03,1,MESA-007,PUESTO-007,ZONA-07,MUN-02,CIRC-02,14:31:39,electronico,USR-0019
SUF-0001049,V003165,2026-06-03,1,MESA-054,PUESTO-004,ZONA-04,MUN-04,CIRC-04,08:28:55,electronico,USR-0015
SUF-0001050,V003052,2026-06-03,1,MESA-041,PUESTO-016,ZONA-06,MUN-01,CIRC-01,09:41:33,electronico,USR-0011
SUF-0001051,V002635,2026-06-03,1,MESA-033,PUESTO-008,ZONA-08,MUN-03,CIRC-03,12:14:44,electronico,USR-0014
SUF-0001052,V000864,2026-06-03,1,MESA-040,PUESTO-015,ZONA-05,MUN-05,CIRC-05,10:38:23,electronico,USR-0022
SUF-0001053,V004165,2026-06-03,1,MESA-048,PUESTO-023,ZONA-03,MUN-03,CIRC-03,15:26:16,manual,USR-0015
SUF-0001054,V003738,2026-06-03,1,MESA-035,PUESTO-010,ZONA-10,MUN-05,CIRC-05,13:56:44,manual,USR-0006
SUF-0001055,V001171,2026-06-03,1,MESA-001,PUESTO-001,ZONA-01,MUN-01,CIRC-01,14:27:31,manual,USR-0010
SUF-0001056,V002119,2026-06-03,1,MESA-053,PUESTO-003,ZONA-03,MUN-03,CIRC-03,09:43:22,manual,USR-0008
SUF-0001057,V002344,2026-06-03,1,MESA-077,PUESTO-002,ZONA-02,MUN-02,CIRC-02,13:35:26,electronico,USR-0012
SUF-0001058,V003324,2026-06-03,1,MESA-020,PUESTO-020,ZONA-10,MUN-05,CIRC-05,09:04:56,manual,USR-0010
SUF-0001059,V001904,2026-06-03,1,MESA-069,PUESTO-019,ZONA-09,MUN-04,CIRC-04,13:57:46,electronico,USR-0021
SUF-0001060,V000846,2026-06-03,1,MESA-016,PUESTO-016,ZONA-06,MUN-01,CIRC-01,15:00:10,electronico,USR-0006
SUF-0001061,V001022,2026-06-03,1,MESA-077,PUESTO-002,ZONA-02,MUN-02,CIRC-02,13:46:01,electronico,USR-0012
SUF-0001062,V002247,2026-06-03,1,MESA-003,PUESTO-003,ZONA-03,MUN-03,CIRC-03,13:21:47,electronico,USR-0019
SUF-0001063,V004834,2026-06-03,1,MESA-067,PUESTO-017,ZONA-07,MUN-02,CIRC-02,12:55:12,electronico,USR-0010
SUF-0001064,V003070,2026-06-03,1,MESA-008,PUESTO-008,ZONA-08,MUN-03,CIRC-03,08:23:53,electronico,USR-0003
SUF-0001065,V002947,2026-06-03,1,MESA-003,PUESTO-003,ZONA-03,MUN-03,CIRC-03,12:58:36,electronico,USR-0008
SUF-0001066,V003988,2026-06-03,1,MESA-014,PUESTO-014,ZONA-04,MUN-04,CIRC-04,10:47:42,electronico,USR-0006
SUF-0001067,V000469,2026-06-03,1,MESA-038,PUESTO-013,ZONA-03,MUN-03,CIRC-03,15:27:56,manual,USR-0010
SUF-0001068,V001300,2026-06-03,1,MESA-072,PUESTO-022,ZONA-02,MUN-02,CIRC-02,15:06:54,electronico,USR-0013
SUF-0001069,V004044,2026-06-03,1,MESA-071,PUESTO-021,ZONA-01,MUN-01,CIRC-01,14:41:48,electronico,USR-0010
SUF-0001070,V000874,2026-06-03,1,MESA-037,PUESTO-012,ZONA-02,MUN-02,CIRC-02,11:23:07,electronico,USR-0012
SUF-0001071,V002348,2026-06-03,1,MESA-052,PUESTO-002,ZONA-02,MUN-02,CIRC-02,15:13:38,electronico,USR-0023
SUF-0001072,V000747,2026-06-03,1,MESA-026,PUESTO-001,ZONA-01,MUN-01,CIRC-01,09:24:40,electronico,USR-0003
SUF-0001073,V002994,2026-06-03,1,MESA-017,PUESTO-017,ZONA-07,MUN-02,CIRC-02,15:55:07,electronico,USR-0015
SUF-0001074,V004434,2026-06-03,1,MESA-050,PUESTO-025,ZONA-05,MUN-05,CIRC-05,15:05:31,electronico,USR-0025
SUF-0001075,V003594,2026-06-03,1,MESA-065,PUESTO-015,ZONA-05,MUN-05,CIRC-05,12:37:48,electronico,USR-0010
SUF-0001076,V002480,2026-06-03,1,MESA-059,PUESTO-009,ZONA-09,MUN-04,CIRC-04,08:19:22,manual,USR-0022
SUF-0001077,V003025,2026-06-03,1,MESA-031,PUESTO-006,ZONA-06,MUN-01,CIRC-01,10:40:29,manual,USR-0011
SUF-0001078,V000594,2026-06-03,1,MESA-016,PUESTO-016,ZONA-06,MUN-01,CIRC-01,13:52:06,manual,USR-0008
SUF-0001079,V001710,2026-06-03,1,MESA-030,PUESTO-005,ZONA-05,MUN-05,CIRC-05,10:53:57,electronico,USR-0020
SUF-0001080,V000929,2026-06-03,1,MESA-053,PUESTO-003,ZONA-03,MUN-03,CIRC-03,14:42:22,manual,USR-0020
SUF-0001081,V001964,2026-06-03,1,MESA-046,PUESTO-021,ZONA-01,MUN-01,CIRC-01,11:28:31,manual,USR-0007
SUF-0001082,V004532,2026-06-03,1,MESA-041,PUESTO-016,ZONA-06,MUN-01,CIRC-01,13:27:30,electronico,USR-0004
SUF-0001083,V000696,2026-06-03,1,MESA-038,PUESTO-013,ZONA-03,MUN-03,CIRC-03,13:06:59,electronico,USR-0022
SUF-0001084,V003709,2026-06-03,1,MESA-076,PUESTO-001,ZONA-01,MUN-01,CIRC-01,12:23:12,electronico,USR-0010
SUF-0001085,V002098,2026-06-03,1,MESA-004,PUESTO-004,ZONA-04,MUN-04,CIRC-04,12:55:36,electronico,USR-0006
SUF-0001086,V003347,2026-06-03,1,MESA-044,PUESTO-019,ZONA-09,MUN-04,CIRC-04,13:42:44,electronico,USR-0017
SUF-0001087,V000075,2026-06-03,1,MESA-018,PUESTO-018,ZONA-08,MUN-03,CIRC-03,10:23:23,electronico,USR-0011
SUF-0001088,V003265,2026-06-03,1,MESA-016,PUESTO-016,ZONA-06,MUN-01,CIRC-01,11:50:53,electronico,USR-0014
SUF-0001089,V000151,2026-06-03,1,MESA-060,PUESTO-010,ZONA-10,MUN-05,CIRC-05,14:46:04,electronico,USR-0016
SUF-0001090,V001751,2026-06-03,1,MESA-027,PUESTO-002,ZONA-02,MUN-02,CIRC-02,11:01:29,manual,USR-0016
SUF-0001091,V002820,2026-06-03,1,MESA-037,PUESTO-012,ZONA-02,MUN-02,CIRC-02,14:07:44,electronico,USR-0005
SUF-0001092,V003485,2026-06-03,1,MESA-071,PUESTO-021,ZONA-01,MUN-01,CIRC-01,10:52:19,manual,USR-0015
SUF-0001093,V001170,2026-06-03,1,MESA-009,PUESTO-009,ZONA-09,MUN-04,CIRC-04,11:37:53,manual,USR-0011
SUF-0001094,V000362,2026-06-03,1,MESA-056,PUESTO-006,ZONA-06,MUN-01,CIRC-01,11:33:13,manual,USR-0010
SUF-0001095,V001473,2026-06-03,1,MESA-031,PUESTO-006,ZONA-06,MUN-01,CIRC-01,12:39:30,manual,USR-0010
SUF-0001096,V001428,2026-06-03,1,MESA-016,PUESTO-016,ZONA-06,MUN-01,CIRC-01,14:31:52,electronico,USR-0010
SUF-0001097,V000500,2026-06-03,1,MESA-063,PUESTO-013,ZONA-03,MUN-03,CIRC-03,15:33:23,manual,USR-0021
SUF-0001098,V002729,2026-06-03,1,MESA-042,PUESTO-017,ZONA-07,MUN-02,CIRC-02,12:52:07,electronico,USR-0007
SUF-0001099,V000739,2026-06-03,1,MESA-054,PUESTO-004,ZONA-04,MUN-04,CIRC-04,14:52:04,electronico,USR-0010
SUF-0001100,V000226,2026-06-03,1,MESA-050,PUESTO-025,ZONA-05,MUN-05,CIRC-05,10:26:01,manual,USR-0010
SUF-0001101,V003913,2026-06-03,1,MESA-019,PUESTO-019,ZONA-09,MUN-04,CIRC-04,11:02:28,electronico,USR-0010
SUF-0001102,V003247,2026-06-03,1,MESA-025,PUESTO-025,ZONA-05,MUN-05,CIRC-05,14:04:48,electronico,USR-0019
SUF-0001103,V004501,2026-06-03,1,MESA-032,PUESTO-007,ZONA-07,MUN-02,CIRC-02,10:28:23,manual,USR-0017
SUF-0001104,V002905,2026-06-03,1,MESA-013,PUESTO-013,ZONA-03,MUN-03,CIRC-03,12:32:10,electronico,USR-0009
SUF-0001105,V003724,2026-06-03,1,MESA-028,PUESTO-003,ZONA-03,MUN-03,CIRC-03,09:31:43,electronico,USR-0005
SUF-0001106,V002873,2026-06-03,1,MESA-030,PUESTO-005,ZONA-05,MUN-05,CIRC-03,15:24:14,electronico,USR-0006
SUF-0001107,V001421,2026-06-03,1,MESA-061,PUESTO-011,ZONA-01,MUN-01,CIRC-01,08:21:54,electronico,USR-0010
SUF-0001108,V003739,2026-06-03,1,MESA-064,PUESTO-014,ZONA-04,MUN-04,CIRC-04,10:15:21,electronico,USR-0024
SUF-0001109,V001880,2026-06-03,1,MESA-025,PUESTO-025,ZONA-05,MUN-05,CIRC-05,15:37:42,electronico,USR-0021
SUF-0001110,V003558,2026-06-03,1,MESA-003,PUESTO-003,ZONA-03,MUN-03,CIRC-03,10:11:25,manual,USR-0025
SUF-0001111,V001455,2026-06-03,1,MESA-058,PUESTO-008,ZONA-08,MUN-03,CIRC-03,10:22:42,electronico,USR-0022
SUF-0001112,V002052,2026-06-03,1,MESA-070,PUESTO-020,ZONA-10,MUN-05,CIRC-05,14:16:51,electronico,USR-0009
SUF-0001113,V003395,2026-06-03,1,MESA-070,PUESTO-020,ZONA-10,MUN-05,CIRC-05,09:22:58,electronico,USR-0009
SUF-0001114,V002381,2026-06-03,1,MESA-072,PUESTO-022,ZONA-02,MUN-02,CIRC-02,12:38:03,manual,USR-0010
SUF-0001115,V001047,2026-06-03,1,MESA-050,PUESTO-025,ZONA-05,MUN-05,CIRC-03,09:12:08,manual,USR-0024
SUF-0001116,V000759,2026-06-03,1,MESA-024,PUESTO-024,ZONA-04,MUN-04,CIRC-04,12:57:19,manual,USR-0009
SUF-0001117,V004428,2026-06-03,1,MESA-041,PUESTO-016,ZONA-06,MUN-01,CIRC-01,15:59:49,electronico,USR-0011
SUF-0001118,V000479,2026-06-03,1,MESA-041,PUESTO-016,ZONA-06,MUN-01,CIRC-01,14:25:47,electronico,USR-0012
SUF-0001119,V004592,2026-06-03,1,MESA-011,PUESTO-011,ZONA-01,MUN-01,CIRC-01,12:44:57,manual,USR-0009
SUF-0001120,V002305,2026-06-03,1,MESA-052,PUESTO-002,ZONA-02,MUN-02,CIRC-02,09:30:36,electronico,USR-0012
SUF-0001121,V004795,2026-06-03,1,MESA-019,PUESTO-019,ZONA-09,MUN-04,CIRC-04,08:13:35,manual,USR-0003
SUF-0001122,V001429,2026-06-03,1,MESA-037,PUESTO-012,ZONA-02,MUN-02,CIRC-02,10:36:10,electronico,USR-0022
SUF-0001123,V000391,2026-06-03,1,MESA-014,PUESTO-014,ZONA-04,MUN-04,CIRC-04,13:36:17,manual,USR-0017
SUF-0001124,V001945,2026-06-03,1,MESA-035,PUESTO-010,ZONA-10,MUN-05,CIRC-05,15:28:27,electronico,USR-0005
SUF-0001125,V002037,2026-06-03,1,MESA-032,PUESTO-007,ZONA-07,MUN-02,CIRC-02,09:48:25,manual,USR-0010
SUF-0001126,V004457,2026-06-03,1,MESA-013,PUESTO-013,ZONA-03,MUN-03,CIRC-03,10:20:48,manual,USR-0006
SUF-0001127,V000393,2026-06-03,1,MESA-056,PUESTO-006,ZONA-06,MUN-01,CIRC-01,13:02:12,electronico,USR-0023
SUF-0001128,V003601,2026-06-03,1,MESA-027,PUESTO-002,ZONA-02,MUN-02,CIRC-02,13:46:38,manual,USR-0023
SUF-0001129,V001715,2026-06-03,1,MESA-013,PUESTO-013,ZONA-03,MUN-03,CIRC-03,10:30:04,manual,USR-0023
SUF-0001130,V001745,2026-06-03,1,MESA-075,PUESTO-025,ZONA-05,MUN-05,CIRC-05,10:24:49,electronico,USR-0010
SUF-0001131,V004273,2026-06-03,1,MESA-080,PUESTO-005,ZONA-05,MUN-05,CIRC-05,10:19:03,electronico,USR-0008
SUF-0001132,V001753,2026-06-03,1,MESA-050,PUESTO-025,ZONA-05,MUN-05,CIRC-05,12:51:49,electronico,USR-0020
SUF-0001133,V004299,2026-06-03,1,MESA-011,PUESTO-011,ZONA-01,MUN-01,CIRC-01,10:09:20,electronico,USR-0010
SUF-0001134,V000183,2026-06-03,1,MESA-029,PUESTO-004,ZONA-04,MUN-04,CIRC-04,15:56:03,electronico,USR-0011
SUF-0001135,V001138,2026-06-03,1,MESA-009,PUESTO-009,ZONA-09,MUN-04,CIRC-04,08:28:46,electronico,USR-0022
SUF-0001136,V002892,2026-06-03,1,MESA-039,PUESTO-014,ZONA-04,MUN-04,CIRC-04,09:27:08,manual,USR-0008
SUF-0001137,V002379,2026-06-03,1,MESA-073,PUESTO-023,ZONA-03,MUN-03,CIRC-03,09:29:46,electronico,USR-0019
SUF-0001138,V001975,2026-06-03,1,MESA-080,PUESTO-005,ZONA-05,MUN-05,CIRC-05,13:44:56,electronico,USR-0021
SUF-0001139,V003044,2026-06-03,1,MESA-038,PUESTO-013,ZONA-03,MUN-03,CIRC-03,12:15:20,electronico,USR-0014
SUF-0001140,V003063,2026-06-03,1,MESA-042,PUESTO-017,ZONA-07,MUN-02,CIRC-02,12:18:53,electronico,USR-0023
SUF-0001141,V003011,2026-06-03,1,MESA-042,PUESTO-017,ZONA-07,MUN-02,CIRC-02,15:35:08,electronico,USR-0005
SUF-0001142,V001474,2026-06-03,1,MESA-014,PUESTO-014,ZONA-04,MUN-04,CIRC-04,08:27:25,electronico,USR-0022
SUF-0001143,V003663,2026-06-03,1,MESA-077,PUESTO-002,ZONA-02,MUN-02,CIRC-02,13:08:16,electronico,USR-0012
SUF-0001144,V003131,2026-06-03,1,MESA-043,PUESTO-018,ZONA-08,MUN-03,CIRC-03,14:00:51,electronico,USR-0013
SUF-0001145,V003868,2026-06-03,1,MESA-042,PUESTO-017,ZONA-07,MUN-02,CIRC-02,10:36:52,electronico,USR-0013
SUF-0001146,V001125,2026-06-03,1,MESA-014,PUESTO-014,ZONA-04,MUN-04,CIRC-04,12:45:37,manual,USR-0015
SUF-0001147,V001479,2026-06-03,1,MESA-049,PUESTO-024,ZONA-04,MUN-04,CIRC-04,11:27:18,electronico,USR-0003
SUF-0001148,V001596,2026-06-03,1,MESA-047,PUESTO-022,ZONA-02,MUN-02,CIRC-02,08:56:11,electronico,USR-0005
SUF-0001149,V000744,2026-06-03,1,MESA-007,PUESTO-007,ZONA-07,MUN-02,CIRC-02,12:05:54,manual,USR-0006
SUF-0001150,V004194,2026-06-03,1,MESA-003,PUESTO-003,ZONA-03,MUN-03,CIRC-03,12:11:37,electronico,USR-0013
SUF-0001151,V003776,2026-06-03,1,MESA-016,PUESTO-016,ZONA-06,MUN-01,CIRC-01,11:59:27,manual,USR-0022
SUF-0001152,V000026,2026-06-03,1,MESA-009,PUESTO-009,ZONA-09,MUN-04,CIRC-04,15:19:07,electronico,USR-0020
SUF-0001153,V004464,2026-06-03,1,MESA-021,PUESTO-021,ZONA-01,MUN-01,CIRC-01,10:52:34,electronico,USR-0008
SUF-0001154,V002308,2026-06-03,1,MESA-033,PUESTO-008,ZONA-08,MUN-03,CIRC-03,14:46:23,manual,USR-0025
SUF-0001155,V002771,2026-06-03,1,MESA-054,PUESTO-004,ZONA-04,MUN-04,CIRC-04,08:14:03,manual,USR-0016
SUF-0001156,V002028,2026-06-03,1,MESA-016,PUESTO-016,ZONA-06,MUN-01,CIRC-01,15:56:58,electronico,USR-0020
SUF-0001157,V000410,2026-06-03,1,MESA-016,PUESTO-016,ZONA-06,MUN-01,CIRC-01,14:07:49,electronico,USR-0006
SUF-0001158,V003717,2026-06-03,1,MESA-044,PUESTO-019,ZONA-09,MUN-04,CIRC-04,08:26:01,electronico,USR-0013
SUF-0001159,V004094,2026-06-03,1,MESA-022,PUESTO-022,ZONA-02,MUN-02,CIRC-02,11:47:03,manual,USR-0019
SUF-0001160,V002711,2026-06-03,1,MESA-067,PUESTO-017,ZONA-07,MUN-02,CIRC-02,14:14:23,electronico,USR-0010
SUF-0001161,V000386,2026-06-03,1,MESA-029,PUESTO-004,ZONA-04,MUN-04,CIRC-01,15:39:57,electronico,USR-0010
SUF-0001162,V001282,2026-06-03,1,MESA-057,PUESTO-007,ZONA-07,MUN-02,CIRC-02,10:25:25,electronico,USR-0017
SUF-0001163,V000127,2026-06-03,1,MESA-056,PUESTO-006,ZONA-06,MUN-01,CIRC-01,12:19:23,electronico,USR-0011
SUF-0001164,V002539,2026-06-03,1,MESA-039,PUESTO-014,ZONA-04,MUN-04,CIRC-04,12:16:53,electronico,USR-0025
SUF-0001165,V000570,2026-06-03,1,MESA-026,PUESTO-001,ZONA-01,MUN-01,CIRC-01,11:22:20,manual,USR-0022
SUF-0001166,V001012,2026-06-03,1,MESA-007,PUESTO-007,ZONA-07,MUN-02,CIRC-02,13:44:59,electronico,USR-0013
SUF-0001167,V003641,2026-06-03,1,MESA-058,PUESTO-008,ZONA-08,MUN-03,CIRC-03,08:24:36,electronico,USR-0005
SUF-0001168,V003648,2026-06-03,1,MESA-066,PUESTO-016,ZONA-06,MUN-01,CIRC-01,08:55:24,manual,USR-0024
SUF-0001169,V000533,2026-06-03,1,MESA-055,PUESTO-005,ZONA-05,MUN-05,CIRC-05,11:52:41,electronico,USR-0013
SUF-0001170,V003921,2026-06-03,1,MESA-044,PUESTO-019,ZONA-09,MUN-04,CIRC-04,08:08:50,manual,USR-0015
SUF-0001171,V003991,2026-06-03,1,MESA-061,PUESTO-011,ZONA-01,MUN-01,CIRC-01,13:18:06,electronico,USR-0022
SUF-0001172,V002560,2026-06-03,1,MESA-077,PUESTO-002,ZONA-02,MUN-02,CIRC-02,08:14:06,electronico,USR-0025
SUF-0001173,V003396,2026-06-03,1,MESA-078,PUESTO-003,ZONA-03,MUN-03,CIRC-03,15:20:16,manual,USR-0020
SUF-0001174,V002956,2026-06-03,1,MESA-002,PUESTO-002,ZONA-02,MUN-02,CIRC-02,13:04:14,manual,USR-0025
SUF-0001175,V002180,2026-06-03,1,MESA-071,PUESTO-021,ZONA-01,MUN-01,CIRC-01,15:22:18,electronico,USR-0022
SUF-0001176,V001280,2026-06-03,1,MESA-013,PUESTO-013,ZONA-03,MUN-03,CIRC-03,10:30:50,electronico,USR-0012
SUF-0001177,V004829,2026-06-03,1,MESA-042,PUESTO-017,ZONA-07,MUN-02,CIRC-02,10:17:21,electronico,USR-0005
SUF-0001178,V002162,2026-06-03,1,MESA-030,PUESTO-005,ZONA-05,MUN-05,CIRC-05,12:05:34,manual,USR-0014
SUF-0001179,V000445,2026-06-03,1,MESA-058,PUESTO-008,ZONA-08,MUN-03,CIRC-03,08:44:32,manual,USR-0025
SUF-0001180,V000870,2026-06-03,1,MESA-004,PUESTO-004,ZONA-04,MUN-04,CIRC-04,12:39:36,manual,USR-0005
SUF-0001181,V000731,2026-06-03,1,MESA-008,PUESTO-008,ZONA-08,MUN-03,CIRC-03,15:07:49,electronico,USR-0010
SUF-0001182,V003746,2026-06-03,1,MESA-029,PUESTO-004,ZONA-04,MUN-04,CIRC-04,10:24:35,electronico,USR-0010
SUF-0001183,V001747,2026-06-03,1,MESA-072,PUESTO-022,ZONA-02,MUN-02,CIRC-02,15:26:39,electronico,USR-0007
SUF-0001184,V001545,2026-06-03,1,MESA-075,PUESTO-025,ZONA-05,MUN-05,CIRC-05,08:27:23,manual,USR-0003
SUF-0001185,V004181,2026-06-03,1,MESA-047,PUESTO-022,ZONA-02,MUN-02,CIRC-02,08:37:09,manual,USR-0007
SUF-0001186,V004274,2026-06-03,1,MESA-056,PUESTO-006,ZONA-06,MUN-01,CIRC-01,08:37:28,electronico,USR-0011
SUF-0001187,V000222,2026-06-03,1,MESA-041,PUESTO-016,ZONA-06,MUN-01,CIRC-01,08:39:43,manual,USR-0024
SUF-0001188,V003092,2026-06-03,1,MESA-047,PUESTO-022,ZONA-02,MUN-02,CIRC-02,14:35:00,electronico,USR-0010
SUF-0001189,V004860,2026-06-03,1,MESA-057,PUESTO-007,ZONA-07,MUN-02,CIRC-02,11:58:43,electronico,USR-0009
SUF-0001190,V001209,2026-06-03,1,MESA-071,PUESTO-021,ZONA-01,MUN-01,CIRC-01,13:39:51,electronico,USR-0010
SUF-0001191,V000174,2026-06-03,1,MESA-027,PUESTO-002,ZONA-02,MUN-02,CIRC-02,12:14:29,electronico,USR-0007
SUF-0001192,V000117,2026-06-03,1,MESA-013,PUESTO-013,ZONA-03,MUN-03,CIRC-03,14:56:21,electronico,USR-0006
SUF-0001193,V002928,2026-06-03,1,MESA-008,PUESTO-008,ZONA-08,MUN-03,CIRC-03,15:16:03,electronico,USR-0003
SUF-0001194,V000152,2026-06-03,1,MESA-062,PUESTO-012,ZONA-02,MUN-02,CIRC-02,11:30:26,electronico,USR-0021
SUF-0001195,V000963,2026-06-03,1,MESA-002,PUESTO-002,ZONA-02,MUN-02,CIRC-02,10:11:13,electronico,USR-0015
SUF-0001196,V004671,2026-06-03,1,MESA-071,PUESTO-021,ZONA-01,MUN-01,CIRC-01,15:02:51,electronico,USR-0019
SUF-0001197,V000036,2026-06-03,1,MESA-028,PUESTO-003,ZONA-03,MUN-03,CIRC-03,13:21:28,electronico,USR-0005
SUF-0001198,V001092,2026-06-03,1,MESA-007,PUESTO-007,ZONA-07,MUN-02,CIRC-02,15:50:57,electronico,USR-0010
SUF-0001199,V004794,2026-06-03,1,MESA-016,PUESTO-016,ZONA-06,MUN-01,CIRC-01,08:13:06,electronico,USR-0023
SUF-0001200,V002260,2026-06-03,1,MESA-072,PUESTO-022,ZONA-02,MUN-02,CIRC-02,12:13:15,manual,USR-0010
SUF-0001201,V002443,2026-06-03,1,MESA-005,PUESTO-005,ZONA-05,MUN-05,CIRC-05,08:29:33,manual,USR-0004
SUF-0001202,V003123,2026-06-03,1,MESA-024,PUESTO-024,ZONA-04,MUN-04,CIRC-04,11:16:04,electronico,USR-0003
SUF-0001203,V000806,2026-06-03,1,MESA-058,PUESTO-008,ZONA-08,MUN-03,CIRC-03,13:43:46,manual,USR-0016
SUF-0001204,V000946,2026-06-03,1,MESA-039,PUESTO-014,ZONA-04,MUN-04,CIRC-04,15:52:08,electronico,USR-0016
SUF-0001205,V002755,2026-06-03,1,MESA-024,PUESTO-024,ZONA-04,MUN-04,CIRC-04,15:09:07,electronico,USR-0006
SUF-0001206,V000375,2026-06-03,1,MESA-057,PUESTO-007,ZONA-07,MUN-02,CIRC-02,09:09:12,electronico,USR-0017
SUF-0001207,V001881,2026-06-03,1,MESA-048,PUESTO-023,ZONA-03,MUN-03,CIRC-03,11:09:10,electronico,USR-0015
SUF-0001208,V002083,2026-06-03,1,MESA-063,PUESTO-013,ZONA-03,MUN-03,CIRC-03,14:08:24,electronico,USR-0010
SUF-0001209,V001172,2026-06-03,1,MESA-072,PUESTO-022,ZONA-02,MUN-02,CIRC-02,10:49:49,electronico,USR-0017
SUF-0001210,V004593,2026-06-03,1,MESA-039,PUESTO-014,ZONA-04,MUN-04,CIRC-04,10:15:09,electronico,USR-0004
SUF-0001211,V001198,2026-06-03,1,MESA-012,PUESTO-012,ZONA-02,MUN-02,CIRC-02,15:02:59,manual,USR-0014
SUF-0001212,V004295,2026-06-03,1,MESA-004,PUESTO-004,ZONA-04,MUN-04,CIRC-04,14:21:00,manual,USR-0021
SUF-0001213,V002793,2026-06-03,1,MESA-071,PUESTO-021,ZONA-01,MUN-01,CIRC-01,14:57:20,manual,USR-0009
SUF-0001214,V000299,2026-06-03,1,MESA-042,PUESTO-017,ZONA-07,MUN-02,CIRC-02,15:40:11,electronico,USR-0016
SUF-0001215,V001465,2026-06-03,1,MESA-037,PUESTO-012,ZONA-02,MUN-02,CIRC-02,10:22:28,manual,USR-0024
SUF-0001216,V002146,2026-06-03,1,MESA-072,PUESTO-022,ZONA-02,MUN-02,CIRC-02,14:22:49,electronico,USR-0010
SUF-0001217,V004474,2026-06-03,1,MESA-034,PUESTO-009,ZONA-09,MUN-04,CIRC-04,15:38:16,manual,USR-0010
SUF-0001218,V003375,2026-06-03,1,MESA-035,PUESTO-010,ZONA-10,MUN-05,CIRC-05,10:19:51,manual,USR-0022
SUF-0001219,V000425,2026-06-03,1,MESA-051,PUESTO-001,ZONA-01,MUN-01,CIRC-01,12:57:07,electronico,USR-0010
SUF-0001220,V002697,2026-06-03,1,MESA-058,PUESTO-008,ZONA-08,MUN-03,CIRC-03,11:55:02,manual,USR-0017
SUF-0001221,V002476,2026-06-03,1,MESA-034,PUESTO-009,ZONA-09,MUN-04,CIRC-04,11:48:17,electronico,USR-0008
SUF-0001222,V000415,2026-06-03,1,MESA-080,PUESTO-005,ZONA-05,MUN-05,CIRC-05,09:15:17,electronico,USR-0021
SUF-0001223,V003610,2026-06-03,1,MESA-032,PUESTO-007,ZONA-07,MUN-02,CIRC-02,10:32:57,electronico,USR-0003
SUF-0001224,V001973,2026-06-03,1,MESA-063,PUESTO-013,ZONA-03,MUN-03,CIRC-03,09:34:12,electronico,USR-0010
SUF-0001225,V003585,2026-06-03,1,MESA-042,PUESTO-017,ZONA-07,MUN-02,CIRC-02,08:37:45,electronico,USR-0020
SUF-0001226,V000669,2026-06-03,1,MESA-048,PUESTO-023,ZONA-03,MUN-03,CIRC-03,10:24:17,electronico,USR-0006
SUF-0001227,V003315,2026-06-03,1,MESA-047,PUESTO-022,ZONA-02,MUN-02,CIRC-02,09:34:21,electronico,USR-0007
SUF-0001228,V002148,2026-06-03,1,MESA-006,PUESTO-006,ZONA-06,MUN-01,CIRC-01,09:41:51,electronico,USR-0017
SUF-0001229,V001699,2026-06-03,1,MESA-031,PUESTO-006,ZONA-06,MUN-01,CIRC-01,15:25:02,electronico,USR-0005
SUF-0001230,V004762,2026-06-03,1,MESA-057,PUESTO-007,ZONA-07,MUN-02,CIRC-02,12:02:50,electronico,USR-0016
SUF-0001231,V004900,2026-06-03,1,MESA-052,PUESTO-002,ZONA-02,MUN-02,CIRC-02,14:17:53,manual,USR-0008
SUF-0001232,V000298,2026-06-03,1,MESA-069,PUESTO-019,ZONA-09,MUN-04,CIRC-04,11:48:26,electronico,USR-0024
SUF-0001233,V002248,2026-06-03,1,MESA-075,PUESTO-025,ZONA-05,MUN-05,CIRC-05,11:23:57,manual,USR-0010
SUF-0001234,V000515,2026-06-03,1,MESA-058,PUESTO-008,ZONA-08,MUN-03,CIRC-03,08:00:46,manual,USR-0011
SUF-0001235,V000491,2026-06-03,1,MESA-014,PUESTO-014,ZONA-04,MUN-04,CIRC-04,14:44:34,electronico,USR-0020
SUF-0001236,V004009,2026-06-03,1,MESA-059,PUESTO-009,ZONA-09,MUN-04,CIRC-04,13:18:05,electronico,USR-0010
SUF-0001237,V003542,2026-06-03,1,MESA-076,PUESTO-001,ZONA-01,MUN-01,CIRC-05,11:53:22,manual,USR-0010
SUF-0001238,V004638,2026-06-03,1,MESA-070,PUESTO-020,ZONA-10,MUN-05,CIRC-05,09:30:52,electronico,USR-0003
SUF-0001239,V001712,2026-06-03,1,MESA-070,PUESTO-020,ZONA-10,MUN-05,CIRC-05,14:28:52,electronico,USR-0010
SUF-0001240,V003934,2026-06-03,1,MESA-080,PUESTO-005,ZONA-05,MUN-05,CIRC-05,13:32:08,manual,USR-0010
SUF-0001241,V003538,2026-06-03,1,MESA-077,PUESTO-002,ZONA-02,MUN-02,CIRC-02,12:02:39,electronico,USR-0009
SUF-0001242,V002962,2026-06-03,1,MESA-072,PUESTO-022,ZONA-02,MUN-02,CIRC-02,09:13:03,manual,USR-0023
SUF-0001243,V004832,2026-06-03,1,MESA-058,PUESTO-008,ZONA-08,MUN-03,CIRC-03,08:03:05,manual,USR-0003
SUF-0001244,V004745,2026-06-03,1,MESA-037,PUESTO-012,ZONA-02,MUN-02,CIRC-02,12:45:30,electronico,USR-0010
SUF-0001245,V004993,2026-06-03,1,MESA-065,PUESTO-015,ZONA-05,MUN-05,CIRC-05,14:30:40,electronico,USR-0014
SUF-0001246,V003306,2026-06-03,1,MESA-060,PUESTO-010,ZONA-10,MUN-05,CIRC-05,13:43:13,electronico,USR-0025
SUF-0001247,V004812,2026-06-03,1,MESA-002,PUESTO-002,ZONA-02,MUN-02,CIRC-02,15:08:40,electronico,USR-0019
SUF-0001248,V001486,2026-06-03,1,MESA-036,PUESTO-011,ZONA-01,MUN-01,CIRC-01,14:43:19,manual,USR-0006
SUF-0001249,V004921,2026-06-03,1,MESA-025,PUESTO-025,ZONA-05,MUN-05,CIRC-05,11:08:36,manual,USR-0017
SUF-0001250,V001365,2026-06-03,1,MESA-038,PUESTO-013,ZONA-03,MUN-03,CIRC-01,08:24:44,manual,USR-0008
SUF-0001251,V002286,2026-06-03,1,MESA-046,PUESTO-021,ZONA-01,MUN-01,CIRC-01,10:47:51,manual,USR-0015
SUF-0001252,V002976,2026-06-03,1,MESA-043,PUESTO-018,ZONA-08,MUN-03,CIRC-03,15:27:16,electronico,USR-0025
SUF-0001253,V001344,2026-06-03,1,MESA-035,PUESTO-010,ZONA-10,MUN-05,CIRC-05,13:08:44,electronico,USR-0014
SUF-0001254,V000468,2026-06-03,1,MESA-080,PUESTO-005,ZONA-05,MUN-05,CIRC-05,13:58:01,electronico,USR-0022
SUF-0001255,V004935,2026-06-03,1,MESA-054,PUESTO-004,ZONA-04,MUN-04,CIRC-04,14:49:34,electronico,USR-0006
SUF-0001256,V000197,2026-06-03,1,MESA-048,PUESTO-023,ZONA-03,MUN-03,CIRC-03,11:47:00,manual,USR-0003
SUF-0001257,V002822,2026-06-03,1,MESA-062,PUESTO-012,ZONA-02,MUN-02,CIRC-02,15:12:59,manual,USR-0013
SUF-0001258,V002537,2026-06-03,1,MESA-013,PUESTO-013,ZONA-03,MUN-03,CIRC-03,08:05:18,manual,USR-0010
SUF-0001259,V001978,2026-06-03,1,MESA-024,PUESTO-024,ZONA-04,MUN-04,CIRC-04,12:22:59,electronico,USR-0021
SUF-0001260,V000406,2026-06-03,1,MESA-051,PUESTO-001,ZONA-01,MUN-01,CIRC-01,11:49:47,manual,USR-0006
SUF-0001261,V004594,2026-06-03,1,MESA-068,PUESTO-018,ZONA-08,MUN-03,CIRC-03,09:58:09,manual,USR-0007
SUF-0001262,V001031,2026-06-03,1,MESA-078,PUESTO-003,ZONA-03,MUN-03,CIRC-03,12:32:05,electronico,USR-0022
SUF-0001263,V002871,2026-06-03,1,MESA-041,PUESTO-016,ZONA-06,MUN-01,CIRC-01,14:44:36,electronico,USR-0011
SUF-0001264,V001846,2026-06-03,1,MESA-012,PUESTO-012,ZONA-02,MUN-02,CIRC-02,10:37:51,manual,USR-0008
SUF-0001265,V002500,2026-06-03,1,MESA-019,PUESTO-019,ZONA-09,MUN-04,CIRC-04,14:01:02,electronico,USR-0008
SUF-0001266,V001289,2026-06-03,1,MESA-080,PUESTO-005,ZONA-05,MUN-05,CIRC-05,15:42:22,electronico,USR-0025
SUF-0001267,V000002,2026-06-03,1,MESA-025,PUESTO-025,ZONA-05,MUN-05,CIRC-05,13:36:53,electronico,USR-0010
SUF-0001268,V003177,2026-06-03,1,MESA-055,PUESTO-005,ZONA-05,MUN-05,CIRC-05,14:20:59,manual,USR-0009
SUF-0001269,V004960,2026-06-03,1,MESA-026,PUESTO-001,ZONA-01,MUN-01,CIRC-01,13:43:43,electronico,USR-0024
SUF-0001270,V002265,2026-06-03,1,MESA-001,PUESTO-001,ZONA-01,MUN-01,CIRC-01,13:06:11,electronico,USR-0020
SUF-0001271,V001997,2026-06-03,1,MESA-057,PUESTO-007,ZONA-07,MUN-02,CIRC-02,10:46:51,electronico,USR-0010
SUF-0001272,V000545,2026-06-03,1,MESA-018,PUESTO-018,ZONA-08,MUN-03,CIRC-03,10:51:51,electronico,USR-0010
SUF-0001273,V004246,2026-06-03,1,MESA-017,PUESTO-017,ZONA-07,MUN-02,CIRC-02,15:21:17,electronico,USR-0022
SUF-0001274,V000449,2026-06-03,1,MESA-045,PUESTO-020,ZONA-10,MUN-05,CIRC-05,14:13:17,manual,USR-0020
SUF-0001275,V002383,2026-06-03,1,MESA-025,PUESTO-025,ZONA-05,MUN-05,CIRC-05,14:41:08,electronico,USR-0021
SUF-0001276,V003743,2026-06-03,1,MESA-003,PUESTO-003,ZONA-03,MUN-03,CIRC-03,15:17:10,electronico,USR-0010
SUF-0001277,V003297,2026-06-03,1,MESA-066,PUESTO-016,ZONA-06,MUN-01,CIRC-01,14:10:59,manual,USR-0010
SUF-0001278,V004406,2026-06-03,1,MESA-003,PUESTO-003,ZONA-03,MUN-03,CIRC-03,08:06:08,electronico,USR-0023
SUF-0001279,V002806,2026-06-03,1,MESA-022,PUESTO-022,ZONA-02,MUN-02,CIRC-02,08:56:00,electronico,USR-0010
SUF-0001280,V002454,2026-06-03,1,MESA-020,PUESTO-020,ZONA-10,MUN-05,CIRC-03,12:55:32,manual,USR-0009
SUF-0001281,V003445,2026-06-03,1,MESA-052,PUESTO-002,ZONA-02,MUN-02,CIRC-02,11:30:11,electronico,USR-0010
SUF-0001282,V004344,2026-06-03,1,MESA-020,PUESTO-020,ZONA-10,MUN-05,CIRC-05,14:57:05,manual,USR-0007
SUF-0001283,V003304,2026-06-03,1,MESA-041,PUESTO-016,ZONA-06,MUN-01,CIRC-01,11:47:03,electronico,USR-0003
SUF-0001284,V000978,2026-06-03,1,MESA-080,PUESTO-005,ZONA-05,MUN-05,CIRC-05,15:16:54,electronico,USR-0003
SUF-0001285,V002572,2026-06-03,1,MESA-061,PUESTO-011,ZONA-01,MUN-01,CIRC-01,12:14:40,manual,USR-0011
SUF-0001286,V003573,2026-06-03,1,MESA-076,PUESTO-001,ZONA-01,MUN-01,CIRC-01,15:46:01,electronico,USR-0020
SUF-0001287,V000644,2026-06-03,1,MESA-077,PUESTO-002,ZONA-02,MUN-02,CIRC-02,13:19:44,electronico,USR-0019
SUF-0001288,V001985,2026-06-03,1,MESA-055,PUESTO-005,ZONA-05,MUN-05,CIRC-05,11:49:09,electronico,USR-0007
SUF-0001289,V002341,2026-06-03,1,MESA-030,PUESTO-005,ZONA-05,MUN-05,CIRC-05,09:24:17,electronico,USR-0015
SUF-0001290,V004065,2026-06-03,1,MESA-033,PUESTO-008,ZONA-08,MUN-03,CIRC-03,08:52:10,manual,USR-0021
SUF-0001291,V003091,2026-06-03,1,MESA-040,PUESTO-015,ZONA-05,MUN-05,CIRC-05,13:49:11,electronico,USR-0025
SUF-0001292,V001901,2026-06-03,1,MESA-066,PUESTO-016,ZONA-06,MUN-01,CIRC-01,08:56:20,manual,USR-0006
SUF-0001293,V003279,2026-06-03,1,MESA-015,PUESTO-015,ZONA-05,MUN-05,CIRC-05,12:45:08,electronico,USR-0004
SUF-0001294,V004875,2026-06-03,1,MESA-043,PUESTO-018,ZONA-08,MUN-03,CIRC-03,08:14:50,electronico,USR-0019
SUF-0001295,V002482,2026-06-03,1,MESA-061,PUESTO-011,ZONA-01,MUN-01,CIRC-01,15:06:42,electronico,USR-0006
SUF-0001296,V002411,2026-06-03,1,MESA-019,PUESTO-019,ZONA-09,MUN-04,CIRC-04,13:17:24,electronico,USR-0010
SUF-0001297,V002967,2026-06-03,1,MESA-053,PUESTO-003,ZONA-03,MUN-03,CIRC-03,11:06:37,manual,USR-0008
SUF-0001298,V003930,2026-06-03,1,MESA-041,PUESTO-016,ZONA-06,MUN-01,CIRC-01,15:00:51,electronico,USR-0009
SUF-0001299,V004356,2026-06-03,1,MESA-055,PUESTO-005,ZONA-05,MUN-05,CIRC-05,13:47:43,electronico,USR-0012
SUF-0001300,V004767,2026-06-03,1,MESA-058,PUESTO-008,ZONA-08,MUN-03,CIRC-03,15:32:42,manual,USR-0022
SUF-0001301,V002394,2026-06-03,1,MESA-067,PUESTO-017,ZONA-07,MUN-02,CIRC-02,14:02:58,electronico,USR-0004
SUF-0001302,V004132,2026-06-03,1,MESA-009,PUESTO-009,ZONA-09,MUN-04,CIRC-04,08:10:00,electronico,USR-0014
SUF-0001303,V001226,2026-06-03,1,MESA-074,PUESTO-024,ZONA-04,MUN-04,CIRC-04,09:22:37,manual,USR-0003
SUF-0001304,V001021,2026-06-03,1,MESA-041,PUESTO-016,ZONA-06,MUN-01,CIRC-01,11:19:42,electronico,USR-0022
SUF-0001305,V004372,2026-06-03,1,MESA-030,PUESTO-005,ZONA-05,MUN-05,CIRC-05,14:17:27,electronico,USR-0010
SUF-0001306,V000991,2026-06-03,1,MESA-053,PUESTO-003,ZONA-03,MUN-03,CIRC-03,14:24:01,electronico,USR-0009
SUF-0001307,V003365,2026-06-03,1,MESA-071,PUESTO-021,ZONA-01,MUN-01,CIRC-01,09:11:26,electronico,USR-0008
SUF-0001308,V004485,2026-06-03,1,MESA-012,PUESTO-012,ZONA-02,MUN-02,CIRC-05,15:17:15,electronico,USR-0003
SUF-0001309,V002674,2026-06-03,1,MESA-051,PUESTO-001,ZONA-01,MUN-01,CIRC-01,11:45:34,manual,USR-0010
SUF-0001310,V004604,2026-06-03,1,MESA-005,PUESTO-005,ZONA-05,MUN-05,CIRC-05,15:08:12,electronico,USR-0012
SUF-0001311,V000319,2026-06-03,1,MESA-033,PUESTO-008,ZONA-08,MUN-03,CIRC-03,15:58:15,electronico,USR-0010
SUF-0001312,V000756,2026-06-03,1,MESA-017,PUESTO-017,ZONA-07,MUN-02,CIRC-02,11:46:27,electronico,USR-0016
SUF-0001313,V000070,2026-06-03,1,MESA-042,PUESTO-017,ZONA-07,MUN-02,CIRC-02,15:31:01,manual,USR-0011
SUF-0001314,V004409,2026-06-03,1,MESA-049,PUESTO-024,ZONA-04,MUN-04,CIRC-04,10:52:03,manual,USR-0010
SUF-0001315,V004473,2026-06-03,1,MESA-046,PUESTO-021,ZONA-01,MUN-01,CIRC-01,11:39:43,manual,USR-0013
SUF-0001316,V000261,2026-06-03,1,MESA-012,PUESTO-012,ZONA-02,MUN-02,CIRC-05,11:17:39,electronico,USR-0022
SUF-0001317,V001882,2026-06-03,1,MESA-065,PUESTO-015,ZONA-05,MUN-05,CIRC-05,14:55:10,electronico,USR-0004
SUF-0001318,V004667,2026-06-03,1,MESA-010,PUESTO-010,ZONA-10,MUN-05,CIRC-05,08:28:44,electronico,USR-0010
SUF-0001319,V001087,2026-06-03,1,MESA-070,PUESTO-020,ZONA-10,MUN-05,CIRC-05,12:18:51,electronico,USR-0022
SUF-0001320,V004222,2026-06-03,1,MESA-061,PUESTO-011,ZONA-01,MUN-01,CIRC-01,13:33:44,electronico,USR-0017
SUF-0001321,V003800,2026-06-03,1,MESA-034,PUESTO-009,ZONA-09,MUN-04,CIRC-04,09:11:37,electronico,USR-0015
SUF-0001322,V002179,2026-06-03,1,MESA-028,PUESTO-003,ZONA-03,MUN-03,CIRC-03,15:14:23,electronico,USR-0003
SUF-0001323,V004218,2026-06-03,1,MESA-031,PUESTO-006,ZONA-06,MUN-01,CIRC-01,14:38:40,electronico,USR-0025
SUF-0001324,V002170,2026-06-03,1,MESA-047,PUESTO-022,ZONA-02,MUN-02,CIRC-02,09:33:10,manual,USR-0022
SUF-0001325,V004626,2026-06-03,1,MESA-063,PUESTO-013,ZONA-03,MUN-03,CIRC-03,11:24:25,electronico,USR-0013
SUF-0001326,V000413,2026-06-03,1,MESA-040,PUESTO-015,ZONA-05,MUN-05,CIRC-05,15:13:02,manual,USR-0023
SUF-0001327,V001670,2026-06-03,1,MESA-009,PUESTO-009,ZONA-09,MUN-04,CIRC-04,12:45:08,electronico,USR-0007
SUF-0001328,V001907,2026-06-03,1,MESA-069,PUESTO-019,ZONA-09,MUN-04,CIRC-04,11:50:30,electronico,USR-0009
SUF-0001329,V003386,2026-06-03,1,MESA-006,PUESTO-006,ZONA-06,MUN-01,CIRC-01,14:56:20,electronico,USR-0007
SUF-0001330,V000702,2026-06-03,1,MESA-012,PUESTO-012,ZONA-02,MUN-02,CIRC-02,13:12:58,electronico,USR-0014
SUF-0001331,V002150,2026-06-03,1,MESA-067,PUESTO-017,ZONA-07,MUN-02,CIRC-02,10:27:04,electronico,USR-0024
SUF-0001332,V000144,2026-06-03,1,MESA-070,PUESTO-020,ZONA-10,MUN-05,CIRC-05,11:29:01,electronico,USR-0005
SUF-0001333,V001586,2026-06-03,1,MESA-052,PUESTO-002,ZONA-02,MUN-02,CIRC-02,14:38:08,electronico,USR-0011
SUF-0001334,V001797,2026-06-03,1,MESA-074,PUESTO-024,ZONA-04,MUN-04,CIRC-04,09:45:00,electronico,USR-0011
SUF-0001335,V000219,2026-06-03,1,MESA-080,PUESTO-005,ZONA-05,MUN-05,CIRC-05,11:46:57,electronico,USR-0025
SUF-0001336,V004958,2026-06-03,1,MESA-069,PUESTO-019,ZONA-09,MUN-04,CIRC-04,12:37:05,electronico,USR-0023
SUF-0001337,V002349,2026-06-03,1,MESA-080,PUESTO-005,ZONA-05,MUN-05,CIRC-05,14:30:08,electronico,USR-0019
SUF-0001338,V003540,2026-06-03,1,MESA-033,PUESTO-008,ZONA-08,MUN-03,CIRC-03,14:18:56,manual,USR-0009
SUF-0001339,V000582,2026-06-03,1,MESA-049,PUESTO-024,ZONA-04,MUN-04,CIRC-04,11:01:10,electronico,USR-0006
SUF-0001340,V003919,2026-06-03,1,MESA-027,PUESTO-002,ZONA-02,MUN-02,CIRC-02,12:28:26,electronico,USR-0004
SUF-0001341,V003807,2026-06-03,1,MESA-060,PUESTO-010,ZONA-10,MUN-05,CIRC-05,15:02:56,electronico,USR-0008
SUF-0001342,V001026,2026-06-03,1,MESA-060,PUESTO-010,ZONA-10,MUN-05,CIRC-05,12:39:09,manual,USR-0006
SUF-0001343,V002899,2026-06-03,1,MESA-060,PUESTO-010,ZONA-10,MUN-05,CIRC-05,10:02:23,electronico,USR-0007
SUF-0001344,V001706,2026-06-03,1,MESA-074,PUESTO-024,ZONA-04,MUN-04,CIRC-04,10:13:16,electronico,USR-0020
SUF-0001345,V003682,2026-06-03,1,MESA-007,PUESTO-007,ZONA-07,MUN-02,CIRC-02,11:39:25,electronico,USR-0003
SUF-0001346,V004445,2026-06-03,1,MESA-026,PUESTO-001,ZONA-01,MUN-01,CIRC-01,15:57:26,manual,USR-0024
SUF-0001347,V004244,2026-06-03,1,MESA-062,PUESTO-012,ZONA-02,MUN-02,CIRC-02,12:19:14,manual,USR-0004
SUF-0001348,V004897,2026-06-03,1,MESA-071,PUESTO-021,ZONA-01,MUN-01,CIRC-01,09:23:38,electronico,USR-0014
SUF-0001349,V003154,2026-06-03,1,MESA-071,PUESTO-021,ZONA-01,MUN-01,CIRC-01,08:24:13,manual,USR-0011
SUF-0001350,V000381,2026-06-03,1,MESA-075,PUESTO-025,ZONA-05,MUN-05,CIRC-05,10:52:01,electronico,USR-0006
SUF-0001351,V000185,2026-06-03,1,MESA-055,PUESTO-005,ZONA-05,MUN-05,CIRC-05,14:12:50,electronico,USR-0010
SUF-0001352,V004620,2026-06-03,1,MESA-069,PUESTO-019,ZONA-09,MUN-04,CIRC-04,10:20:26,electronico,USR-0022
SUF-0001353,V004463,2026-06-03,1,MESA-010,PUESTO-010,ZONA-10,MUN-05,CIRC-05,11:23:39,electronico,USR-0005
SUF-0001354,V004665,2026-06-03,1,MESA-055,PUESTO-005,ZONA-05,MUN-05,CIRC-05,14:43:11,manual,USR-0006
SUF-0001355,V002291,2026-06-03,1,MESA-039,PUESTO-014,ZONA-04,MUN-04,CIRC-04,12:44:49,manual,USR-0007
SUF-0001356,V002659,2026-06-03,1,MESA-070,PUESTO-020,ZONA-10,MUN-05,CIRC-05,11:28:14,manual,USR-0014
SUF-0001357,V001930,2026-06-03,1,MESA-002,PUESTO-002,ZONA-02,MUN-02,CIRC-02,10:43:11,manual,USR-0008
SUF-0001358,V000913,2026-06-03,1,MESA-015,PUESTO-015,ZONA-05,MUN-05,CIRC-05,12:11:12,electronico,USR-0024
SUF-0001359,V003860,2026-06-03,1,MESA-047,PUESTO-022,ZONA-02,MUN-02,CIRC-02,09:17:11,manual,USR-0013
SUF-0001360,V001108,2026-06-03,1,MESA-039,PUESTO-014,ZONA-04,MUN-04,CIRC-04,15:49:41,electronico,USR-0004
SUF-0001361,V001749,2026-06-03,1,MESA-040,PUESTO-015,ZONA-05,MUN-05,CIRC-05,14:02:32,electronico,USR-0011
SUF-0001362,V004607,2026-06-03,1,MESA-052,PUESTO-002,ZONA-02,MUN-02,CIRC-02,08:07:44,electronico,USR-0004
SUF-0001363,V002517,2026-06-03,1,MESA-055,PUESTO-005,ZONA-05,MUN-05,CIRC-05,08:48:40,manual,USR-0008
SUF-0001364,V001503,2026-06-03,1,MESA-070,PUESTO-020,ZONA-10,MUN-05,CIRC-05,12:39:42,electronico,USR-0006
SUF-0001365,V001998,2026-06-03,1,MESA-058,PUESTO-008,ZONA-08,MUN-03,CIRC-03,10:06:38,electronico,USR-0019
SUF-0001366,V004142,2026-06-03,1,MESA-080,PUESTO-005,ZONA-05,MUN-05,CIRC-05,12:47:49,manual,USR-0009
SUF-0001367,V004741,2026-06-03,1,MESA-054,PUESTO-004,ZONA-04,MUN-04,CIRC-04,11:10:32,electronico,USR-0003
SUF-0001368,V000086,2026-06-03,1,MESA-037,PUESTO-012,ZONA-02,MUN-02,CIRC-04,09:27:39,manual,USR-0021
SUF-0001369,V001638,2026-06-03,1,MESA-025,PUESTO-025,ZONA-05,MUN-05,CIRC-05,13:27:20,electronico,USR-0009
SUF-0001370,V000480,2026-06-03,1,MESA-041,PUESTO-016,ZONA-06,MUN-01,CIRC-01,14:00:30,electronico,USR-0012
SUF-0001371,V002495,2026-06-03,1,MESA-034,PUESTO-009,ZONA-09,MUN-04,CIRC-04,08:43:34,manual,USR-0022
SUF-0001372,V001189,2026-06-03,1,MESA-048,PUESTO-023,ZONA-03,MUN-03,CIRC-03,13:15:58,electronico,USR-0022
SUF-0001373,V000193,2026-06-03,1,MESA-038,PUESTO-013,ZONA-03,MUN-03,CIRC-03,10:12:13,electronico,USR-0016
SUF-0001374,V003109,2026-06-03,1,MESA-019,PUESTO-019,ZONA-09,MUN-04,CIRC-04,08:34:42,electronico,USR-0005
SUF-0001375,V001780,2026-06-03,1,MESA-016,PUESTO-016,ZONA-06,MUN-01,CIRC-01,12:31:27,electronico,USR-0025
SUF-0001376,V001179,2026-06-03,1,MESA-039,PUESTO-014,ZONA-04,MUN-04,CIRC-04,09:55:41,manual,USR-0019
SUF-0001377,V002319,2026-06-03,1,MESA-057,PUESTO-007,ZONA-07,MUN-02,CIRC-02,12:31:25,electronico,USR-0015
SUF-0001378,V003751,2026-06-03,1,MESA-033,PUESTO-008,ZONA-08,MUN-03,CIRC-03,15:45:26,manual,USR-0023
SUF-0001379,V002441,2026-06-03,1,MESA-070,PUESTO-020,ZONA-10,MUN-05,CIRC-05,12:53:22,electronico,USR-0013
SUF-0001380,V000841,2026-06-03,1,MESA-076,PUESTO-001,ZONA-01,MUN-01,CIRC-01,10:37:53,electronico,USR-0010
SUF-0001381,V001771,2026-06-03,1,MESA-022,PUESTO-022,ZONA-02,MUN-02,CIRC-02,12:43:14,manual,USR-0006
SUF-0001382,V001619,2026-06-03,1,MESA-029,PUESTO-004,ZONA-04,MUN-04,CIRC-04,13:57:18,electronico,USR-0010
SUF-0001383,V002253,2026-06-03,1,MESA-006,PUESTO-006,ZONA-06,MUN-01,CIRC-01,15:04:37,electronico,USR-0020
SUF-0001384,V003598,2026-06-03,1,MESA-061,PUESTO-011,ZONA-01,MUN-01,CIRC-01,10:13:56,electronico,USR-0022
SUF-0001385,V002191,2026-06-03,1,MESA-072,PUESTO-022,ZONA-02,MUN-02,CIRC-02,15:48:27,manual,USR-0011
SUF-0001386,V002211,2026-06-03,1,MESA-028,PUESTO-003,ZONA-03,MUN-03,CIRC-03,14:31:46,manual,USR-0006
SUF-0001387,V004358,2026-06-03,1,MESA-077,PUESTO-002,ZONA-02,MUN-02,CIRC-02,09:44:44,manual,USR-0012
SUF-0001388,V002877,2026-06-03,1,MESA-079,PUESTO-004,ZONA-04,MUN-04,CIRC-04,15:19:45,electronico,USR-0009
SUF-0001389,V002986,2026-06-03,1,MESA-031,PUESTO-006,ZONA-06,MUN-01,CIRC-01,11:11:52,electronico,USR-0010
SUF-0001390,V002963,2026-06-03,1,MESA-062,PUESTO-012,ZONA-02,MUN-02,CIRC-01,13:30:06,manual,USR-0020
SUF-0001391,V003633,2026-06-03,1,MESA-004,PUESTO-004,ZONA-04,MUN-04,CIRC-04,13:44:12,manual,USR-0016
SUF-0001392,V002195,2026-06-03,1,MESA-030,PUESTO-005,ZONA-05,MUN-05,CIRC-05,09:10:40,electronico,USR-0003
SUF-0001393,V002876,2026-06-03,1,MESA-036,PUESTO-011,ZONA-01,MUN-01,CIRC-01,15:29:04,electronico,USR-0019
SUF-0001394,V004285,2026-06-03,1,MESA-064,PUESTO-014,ZONA-04,MUN-04,CIRC-04,14:13:33,electronico,USR-0021
SUF-0001395,V004015,2026-06-03,1,MESA-007,PUESTO-007,ZONA-07,MUN-02,CIRC-02,15:42:56,electronico,USR-0007
SUF-0001396,V002318,2026-06-03,1,MESA-020,PUESTO-020,ZONA-10,MUN-05,CIRC-05,14:33:46,electronico,USR-0009
SUF-0001397,V000578,2026-06-03,1,MESA-019,PUESTO-019,ZONA-09,MUN-04,CIRC-04,08:38:04,electronico,USR-0019
SUF-0001398,V003469,2026-06-03,1,MESA-033,PUESTO-008,ZONA-08,MUN-03,CIRC-03,15:17:12,electronico,USR-0017
SUF-0001399,V001330,2026-06-03,1,MESA-033,PUESTO-008,ZONA-08,MUN-03,CIRC-03,13:31:42,electronico,USR-0025
SUF-0001400,V002936,2026-06-03,1,MESA-017,PUESTO-017,ZONA-07,MUN-02,CIRC-02,10:32:23,electronico,USR-0020
SUF-0001401,V002661,2026-06-03,1,MESA-043,PUESTO-018,ZONA-08,MUN-03,CIRC-02,10:19:06,electronico,USR-0005
SUF-0001402,V001351,2026-06-03,1,MESA-069,PUESTO-019,ZONA-09,MUN-04,CIRC-04,12:19:46,electronico,USR-0016
SUF-0001403,V003812,2026-06-03,1,MESA-023,PUESTO-023,ZONA-03,MUN-03,CIRC-03,08:50:44,electronico,USR-0019
SUF-0001404,V003030,2026-06-03,1,MESA-041,PUESTO-016,ZONA-06,MUN-01,CIRC-01,13:51:33,electronico,USR-0006
SUF-0001405,V002306,2026-06-03,1,MESA-080,PUESTO-005,ZONA-05,MUN-05,CIRC-05,13:39:17,electronico,USR-0010
SUF-0001406,V001023,2026-06-03,1,MESA-069,PUESTO-019,ZONA-09,MUN-04,CIRC-04,09:45:38,electronico,USR-0016
SUF-0001407,V001393,2026-06-03,1,MESA-035,PUESTO-010,ZONA-10,MUN-05,CIRC-05,09:21:33,electronico,USR-0004
SUF-0001408,V003832,2026-06-03,1,MESA-039,PUESTO-014,ZONA-04,MUN-04,CIRC-04,13:46:23,electronico,USR-0019
SUF-0001409,V002334,2026-06-03,1,MESA-039,PUESTO-014,ZONA-04,MUN-04,CIRC-04,08:30:34,manual,USR-0010
SUF-0001410,V003820,2026-06-03,1,MESA-072,PUESTO-022,ZONA-02,MUN-02,CIRC-02,13:46:24,manual,USR-0014
SUF-0001411,V003627,2026-06-03,1,MESA-022,PUESTO-022,ZONA-02,MUN-02,CIRC-02,12:29:22,electronico,USR-0012
SUF-0001412,V002533,2026-06-03,1,MESA-035,PUESTO-010,ZONA-10,MUN-05,CIRC-05,14:38:39,electronico,USR-0013
SUF-0001413,V004155,2026-06-03,1,MESA-055,PUESTO-005,ZONA-05,MUN-05,CIRC-05,13:30:32,manual,USR-0012
SUF-0001414,V003653,2026-06-03,1,MESA-009,PUESTO-009,ZONA-09,MUN-04,CIRC-01,13:21:18,electronico,USR-0012
SUF-0001415,V004932,2026-06-03,1,MESA-063,PUESTO-013,ZONA-03,MUN-03,CIRC-03,11:14:07,electronico,USR-0011
SUF-0001416,V002097,2026-06-03,1,MESA-015,PUESTO-015,ZONA-05,MUN-05,CIRC-05,14:36:16,electronico,USR-0009
SUF-0001417,V000073,2026-06-03,1,MESA-080,PUESTO-005,ZONA-05,MUN-05,CIRC-05,09:18:45,manual,USR-0024
SUF-0001418,V001987,2026-06-03,1,MESA-029,PUESTO-004,ZONA-04,MUN-04,CIRC-04,13:37:28,manual,USR-0006
SUF-0001419,V002775,2026-06-03,1,MESA-029,PUESTO-004,ZONA-04,MUN-04,CIRC-04,13:04:27,electronico,USR-0022
SUF-0001420,V003676,2026-06-03,1,MESA-031,PUESTO-006,ZONA-06,MUN-01,CIRC-01,13:37:07,manual,USR-0010
SUF-0001421,V002717,2026-06-03,1,MESA-038,PUESTO-013,ZONA-03,MUN-03,CIRC-03,10:16:49,electronico,USR-0015
SUF-0001422,V002766,2026-06-03,1,MESA-035,PUESTO-010,ZONA-10,MUN-05,CIRC-05,10:35:30,electronico,USR-0010
SUF-0001423,V003513,2026-06-03,1,MESA-056,PUESTO-006,ZONA-06,MUN-01,CIRC-01,12:29:38,manual,USR-0017
SUF-0001424,V001091,2026-06-03,1,MESA-019,PUESTO-019,ZONA-09,MUN-04,CIRC-04,10:49:37,electronico,USR-0023
SUF-0001425,V004214,2026-06-03,1,MESA-026,PUESTO-001,ZONA-01,MUN-01,CIRC-01,14:35:22,electronico,USR-0020
SUF-0001426,V004740,2026-06-03,1,MESA-062,PUESTO-012,ZONA-02,MUN-02,CIRC-02,14:17:38,electronico,USR-0025
SUF-0001427,V003646,2026-06-03,1,MESA-043,PUESTO-018,ZONA-08,MUN-03,CIRC-03,09:22:12,electronico,USR-0004
SUF-0001428,V004325,2026-06-03,1,MESA-025,PUESTO-025,ZONA-05,MUN-05,CIRC-05,15:35:31,electronico,USR-0010
SUF-0001429,V000526,2026-06-03,1,MESA-025,PUESTO-025,ZONA-05,MUN-05,CIRC-05,09:11:23,electronico,USR-0017
SUF-0001430,V002644,2026-06-03,1,MESA-063,PUESTO-013,ZONA-03,MUN-03,CIRC-03,08:49:42,electronico,USR-0025
SUF-0001431,V004990,2026-06-03,1,MESA-052,PUESTO-002,ZONA-02,MUN-02,CIRC-02,09:58:17,electronico,USR-0021
SUF-0001432,V002141,2026-06-03,1,MESA-010,PUESTO-010,ZONA-10,MUN-05,CIRC-02,13:54:02,manual,USR-0008
SUF-0001433,V000587,2026-06-03,1,MESA-055,PUESTO-005,ZONA-05,MUN-05,CIRC-05,08:21:57,electronico,USR-0025
SUF-0001434,V001977,2026-06-03,1,MESA-074,PUESTO-024,ZONA-04,MUN-04,CIRC-04,13:32:19,electronico,USR-0003
SUF-0001435,V001990,2026-06-03,1,MESA-079,PUESTO-004,ZONA-04,MUN-04,CIRC-04,15:52:54,electronico,USR-0025
SUF-0001436,V000411,2026-06-03,1,MESA-061,PUESTO-011,ZONA-01,MUN-01,CIRC-01,08:01:44,electronico,USR-0006
SUF-0001437,V003592,2026-06-03,1,MESA-064,PUESTO-014,ZONA-04,MUN-04,CIRC-04,09:26:44,manual,USR-0012
SUF-0001438,V001835,2026-06-03,1,MESA-046,PUESTO-021,ZONA-01,MUN-01,CIRC-02,13:15:56,electronico,USR-0005
SUF-0001439,V004346,2026-06-03,1,MESA-036,PUESTO-011,ZONA-01,MUN-01,CIRC-01,09:48:02,electronico,USR-0025
SUF-0001440,V002196,2026-06-03,1,MESA-072,PUESTO-022,ZONA-02,MUN-02,CIRC-02,09:17:27,electronico,USR-0011
SUF-0001441,V002483,2026-06-03,1,MESA-045,PUESTO-020,ZONA-10,MUN-05,CIRC-05,12:11:50,electronico,USR-0024
SUF-0001442,V000493,2026-06-03,1,MESA-006,PUESTO-006,ZONA-06,MUN-01,CIRC-01,11:40:58,electronico,USR-0017
SUF-0001443,V003550,2026-06-03,1,MESA-065,PUESTO-015,ZONA-05,MUN-05,CIRC-05,10:57:16,electronico,USR-0023
SUF-0001444,V003960,2026-06-03,1,MESA-022,PUESTO-022,ZONA-02,MUN-02,CIRC-02,08:54:17,electronico,USR-0007
SUF-0001445,V000217,2026-06-03,1,MESA-027,PUESTO-002,ZONA-02,MUN-02,CIRC-02,12:39:19,manual,USR-0021
SUF-0001446,V003579,2026-06-03,1,MESA-057,PUESTO-007,ZONA-07,MUN-02,CIRC-04,09:09:23,manual,USR-0016
SUF-0001447,V004068,2026-06-03,1,MESA-014,PUESTO-014,ZONA-04,MUN-04,CIRC-04,14:49:01,electronico,USR-0010
SUF-0001448,V002799,2026-06-03,1,MESA-001,PUESTO-001,ZONA-01,MUN-01,CIRC-01,10:26:48,manual,USR-0009
SUF-0001449,V002303,2026-06-03,1,MESA-033,PUESTO-008,ZONA-08,MUN-03,CIRC-02,10:30:09,electronico,USR-0011
SUF-0001450,V000010,2026-06-03,1,MESA-077,PUESTO-002,ZONA-02,MUN-02,CIRC-02,09:29:46,electronico,USR-0020
SUF-0001451,V003416,2026-06-03,1,MESA-067,PUESTO-017,ZONA-07,MUN-02,CIRC-02,09:27:53,manual,USR-0025
SUF-0001452,V000019,2026-06-03,1,MESA-040,PUESTO-015,ZONA-05,MUN-05,CIRC-05,08:07:30,manual,USR-0021
SUF-0001453,V004538,2026-06-03,1,MESA-057,PUESTO-007,ZONA-07,MUN-02,CIRC-02,10:29:16,electronico,USR-0004
SUF-0001454,V001696,2026-06-03,1,MESA-041,PUESTO-016,ZONA-06,MUN-01,CIRC-01,13:13:11,electronico,USR-0011
SUF-0001455,V004319,2026-06-03,1,MESA-055,PUESTO-005,ZONA-05,MUN-05,CIRC-05,12:34:19,electronico,USR-0024
SUF-0001456,V004924,2026-06-03,1,MESA-006,PUESTO-006,ZONA-06,MUN-01,CIRC-01,08:24:20,electronico,USR-0004
SUF-0001457,V004345,2026-06-03,1,MESA-051,PUESTO-001,ZONA-01,MUN-01,CIRC-01,11:10:40,manual,USR-0011
SUF-0001458,V000837,2026-06-03,1,MESA-002,PUESTO-002,ZONA-02,MUN-02,CIRC-02,12:15:03,electronico,USR-0012
SUF-0001459,V001151,2026-06-03,1,MESA-047,PUESTO-022,ZONA-02,MUN-02,CIRC-02,08:58:14,manual,USR-0015
SUF-0001460,V002658,2026-06-03,1,MESA-074,PUESTO-024,ZONA-04,MUN-04,CIRC-04,09:48:23,electronico,USR-0007
SUF-0001461,V001097,2026-06-03,1,MESA-020,PUESTO-020,ZONA-10,MUN-05,CIRC-05,08:46:12,electronico,USR-0019
SUF-0001462,V003429,2026-06-03,1,MESA-071,PUESTO-021,ZONA-01,MUN-01,CIRC-01,12:02:23,manual,USR-0022
SUF-0001463,V003051,2026-06-03,1,MESA-075,PUESTO-025,ZONA-05,MUN-05,CIRC-05,14:33:54,manual,USR-0007
SUF-0001464,V003937,2026-06-03,1,MESA-065,PUESTO-015,ZONA-05,MUN-05,CIRC-05,14:56:58,manual,USR-0011
SUF-0001465,V000033,2026-06-03,1,MESA-049,PUESTO-024,ZONA-04,MUN-04,CIRC-04,14:23:16,manual,USR-0017
SUF-0001466,V003855,2026-06-03,1,MESA-013,PUESTO-013,ZONA-03,MUN-03,CIRC-03,11:47:32,electronico,USR-0010
SUF-0001467,V002710,2026-06-03,1,MESA-070,PUESTO-020,ZONA-10,MUN-05,CIRC-05,15:12:20,manual,USR-0003
SUF-0001468,V001077,2026-06-03,1,MESA-042,PUESTO-017,ZONA-07,MUN-02,CIRC-02,14:28:41,electronico,USR-0024
SUF-0001469,V003771,2026-06-03,1,MESA-022,PUESTO-022,ZONA-02,MUN-02,CIRC-02,14:32:12,electronico,USR-0014
SUF-0001470,V002732,2026-06-03,1,MESA-065,PUESTO-015,ZONA-05,MUN-05,CIRC-05,11:53:37,electronico,USR-0016
SUF-0001471,V000764,2026-06-03,1,MESA-070,PUESTO-020,ZONA-10,MUN-05,CIRC-05,12:14:41,manual,USR-0005
SUF-0001472,V002673,2026-06-03,1,MESA-072,PUESTO-022,ZONA-02,MUN-02,CIRC-02,11:03:30,electronico,USR-0010
SUF-0001473,V001623,2026-06-03,1,MESA-005,PUESTO-005,ZONA-05,MUN-05,CIRC-05,15:50:04,electronico,USR-0006
SUF-0001474,V004888,2026-06-03,1,MESA-016,PUESTO-016,ZONA-06,MUN-01,CIRC-01,11:20:50,electronico,USR-0022
SUF-0001475,V001059,2026-06-03,1,MESA-071,PUESTO-021,ZONA-01,MUN-01,CIRC-01,08:12:16,electronico,USR-0009
SUF-0001476,V000335,2026-06-03,1,MESA-061,PUESTO-011,ZONA-01,MUN-01,CIRC-01,14:29:22,manual,USR-0012
SUF-0001477,V003830,2026-06-03,1,MESA-001,PUESTO-001,ZONA-01,MUN-01,CIRC-01,12:30:44,electronico,USR-0012
SUF-0001478,V002774,2026-06-03,1,MESA-028,PUESTO-003,ZONA-03,MUN-03,CIRC-03,10:02:28,electronico,USR-0016
SUF-0001479,V000953,2026-06-03,1,MESA-062,PUESTO-012,ZONA-02,MUN-02,CIRC-02,10:45:19,electronico,USR-0004
SUF-0001480,V000625,2026-06-03,1,MESA-026,PUESTO-001,ZONA-01,MUN-01,CIRC-01,10:55:12,electronico,USR-0009
SUF-0001481,V002192,2026-06-03,1,MESA-004,PUESTO-004,ZONA-04,MUN-04,CIRC-04,14:21:02,electronico,USR-0014
SUF-0001482,V003805,2026-06-03,1,MESA-067,PUESTO-017,ZONA-07,MUN-02,CIRC-02,11:22:56,electronico,USR-0010
SUF-0001483,V000196,2026-06-03,1,MESA-051,PUESTO-001,ZONA-01,MUN-01,CIRC-01,12:58:44,manual,USR-0010
SUF-0001484,V004608,2026-06-03,1,MESA-005,PUESTO-005,ZONA-05,MUN-05,CIRC-05,09:59:17,manual,USR-0008
SUF-0001485,V004539,2026-06-03,1,MESA-017,PUESTO-017,ZONA-07,MUN-02,CIRC-02,11:03:45,electronico,USR-0017
SUF-0001486,V003223,2026-06-03,1,MESA-018,PUESTO-018,ZONA-08,MUN-03,CIRC-03,08:05:54,electronico,USR-0020
SUF-0001487,V004874,2026-06-03,1,MESA-016,PUESTO-016,ZONA-06,MUN-01,CIRC-01,08:01:49,electronico,USR-0012
SUF-0001488,V002761,2026-06-03,1,MESA-080,PUESTO-005,ZONA-05,MUN-05,CIRC-05,14:58:58,manual,USR-0023
SUF-0001489,V003474,2026-06-03,1,MESA-028,PUESTO-003,ZONA-03,MUN-03,CIRC-03,14:27:56,electronico,USR-0003
SUF-0001490,V003649,2026-06-03,1,MESA-017,PUESTO-017,ZONA-07,MUN-02,CIRC-02,10:12:32,manual,USR-0020
SUF-0001491,V002065,2026-06-03,1,MESA-014,PUESTO-014,ZONA-04,MUN-04,CIRC-04,11:47:55,electronico,USR-0009
SUF-0001492,V000260,2026-06-03,1,MESA-013,PUESTO-013,ZONA-03,MUN-03,CIRC-03,11:24:32,electronico,USR-0003
SUF-0001493,V002647,2026-06-03,1,MESA-028,PUESTO-003,ZONA-03,MUN-03,CIRC-03,15:04:30,electronico,USR-0012
SUF-0001494,V001485,2026-06-03,1,MESA-003,PUESTO-003,ZONA-03,MUN-03,CIRC-04,11:46:38,electronico,USR-0003
SUF-0001495,V001003,2026-06-03,1,MESA-060,PUESTO-010,ZONA-10,MUN-05,CIRC-05,12:40:10,electronico,USR-0019
SUF-0001496,V000108,2026-06-03,1,MESA-042,PUESTO-017,ZONA-07,MUN-02,CIRC-02,09:39:12,manual,USR-0020
SUF-0001497,V003369,2026-06-03,1,MESA-003,PUESTO-003,ZONA-03,MUN-03,CIRC-03,15:21:22,electronico,USR-0019
SUF-0001498,V003366,2026-06-03,1,MESA-009,PUESTO-009,ZONA-09,MUN-04,CIRC-04,14:12:32,electronico,USR-0024
SUF-0001499,V001197,2026-06-03,1,MESA-057,PUESTO-007,ZONA-07,MUN-02,CIRC-02,14:24:01,manual,USR-0010
SUF-0001500,V003267,2026-06-03,1,MESA-002,PUESTO-002,ZONA-02,MUN-02,CIRC-02,12:20:51,electronico,USR-0017
SUF-0001501,V004070,2026-06-03,1,MESA-047,PUESTO-022,ZONA-02,MUN-02,CIRC-02,09:17:21,electronico,USR-0011
SUF-0001502,V002542,2026-06-03,1,MESA-034,PUESTO-009,ZONA-09,MUN-04,CIRC-04,09:43:03,electronico,USR-0013
SUF-0001503,V000932,2026-06-03,1,MESA-035,PUESTO-010,ZONA-10,MUN-05,CIRC-05,07:47:00,manual,USR-0009
SUF-0001504,V002149,2026-06-03,1,MESA-078,PUESTO-003,ZONA-03,MUN-03,CIRC-03,10:22:42,manual,USR-0014
SUF-0001505,V004276,2026-06-03,1,MESA-057,PUESTO-007,ZONA-07,MUN-02,CIRC-02,13:16:28,manual,USR-0010
SUF-0001506,V001034,2026-06-03,1,MESA-009,PUESTO-009,ZONA-09,MUN-04,CIRC-04,11:10:38,electronico,USR-0016
SUF-0001507,V000910,2026-06-03,1,MESA-043,PUESTO-018,ZONA-08,MUN-03,CIRC-03,11:02:31,manual,USR-0014
SUF-0001508,V002679,2026-06-03,1,MESA-046,PUESTO-021,ZONA-01,MUN-01,CIRC-01,17:44:00,electronico,USR-0009
SUF-0001509,V003213,2026-06-03,1,MESA-016,PUESTO-016,ZONA-06,MUN-01,CIRC-01,14:28:33,manual,USR-0008
SUF-0001510,V001812,2026-06-03,1,MESA-023,PUESTO-023,ZONA-03,MUN-03,CIRC-03,15:18:25,electronico,USR-0022
SUF-0001511,V004839,2026-06-03,1,MESA-052,PUESTO-002,ZONA-02,MUN-02,CIRC-02,10:19:17,manual,USR-0010
SUF-0001512,V003950,2026-06-03,1,MESA-016,PUESTO-016,ZONA-06,MUN-01,CIRC-01,11:28:50,manual,USR-0022
SUF-0001513,V003027,2026-06-03,1,MESA-054,PUESTO-004,ZONA-04,MUN-04,CIRC-04,08:38:25,electronico,USR-0017
SUF-0001514,V004513,2026-06-03,1,MESA-023,PUESTO-023,ZONA-03,MUN-03,CIRC-03,08:18:51,electronico,USR-0015
SUF-0001515,V002929,2026-06-03,1,MESA-021,PUESTO-021,ZONA-01,MUN-01,CIRC-01,08:38:14,electronico,USR-0017
SUF-0001516,V002168,2026-06-03,1,MESA-034,PUESTO-009,ZONA-09,MUN-04,CIRC-04,08:53:37,electronico,USR-0010
SUF-0001517,V003969,2026-06-03,1,MESA-072,PUESTO-022,ZONA-02,MUN-02,CIRC-02,11:34:39,electronico,USR-0005
SUF-0001518,V001121,2026-06-03,1,MESA-073,PUESTO-023,ZONA-03,MUN-03,CIRC-03,09:10:16,electronico,USR-0021
SUF-0001519,V003464,2026-06-03,1,MESA-004,PUESTO-004,ZONA-04,MUN-04,CIRC-04,11:02:03,manual,USR-0005
SUF-0001520,V004579,2026-06-03,1,MESA-042,PUESTO-017,ZONA-07,MUN-02,CIRC-02,14:32:43,electronico,USR-0020
SUF-0001521,V002103,2026-06-03,1,MESA-075,PUESTO-025,ZONA-05,MUN-05,CIRC-05,14:11:55,electronico,USR-0003
SUF-0001522,V003577,2026-06-03,1,MESA-003,PUESTO-003,ZONA-03,MUN-03,CIRC-03,09:12:56,electronico,USR-0017
SUF-0001523,V000751,2026-06-03,1,MESA-044,PUESTO-019,ZONA-09,MUN-04,CIRC-04,06:58:00,electronico,USR-0005
SUF-0001524,V001553,2026-06-03,1,MESA-007,PUESTO-007,ZONA-07,MUN-02,CIRC-02,08:28:28,electronico,USR-0022
SUF-0001525,V000053,2026-06-03,1,MESA-019,PUESTO-019,ZONA-09,MUN-04,CIRC-04,09:06:46,electronico,USR-0017
SUF-0001526,V002396,2026-06-03,1,MESA-039,PUESTO-014,ZONA-04,MUN-04,CIRC-04,12:31:13,electronico,USR-0005
SUF-0001527,V001934,2026-06-03,1,MESA-041,PUESTO-016,ZONA-06,MUN-01,CIRC-01,13:46:04,electronico,USR-0010
SUF-0001528,V004160,2026-06-03,1,MESA-054,PUESTO-004,ZONA-04,MUN-04,CIRC-04,09:43:59,manual,USR-0022
SUF-0001529,V000426,2026-06-03,1,MESA-071,PUESTO-021,ZONA-01,MUN-01,CIRC-01,09:38:19,electronico,USR-0004
SUF-0001530,V004158,2026-06-03,1,MESA-047,PUESTO-022,ZONA-02,MUN-02,CIRC-02,10:59:09,manual,USR-0015
SUF-0001531,V004368,2026-06-03,1,MESA-041,PUESTO-016,ZONA-06,MUN-01,CIRC-01,10:17:32,manual,USR-0004
SUF-0001532,V002108,2026-06-03,1,MESA-011,PUESTO-011,ZONA-01,MUN-01,CIRC-01,15:42:05,electronico,USR-0015
SUF-0001533,V002210,2026-06-03,1,MESA-007,PUESTO-007,ZONA-07,MUN-02,CIRC-02,14:22:00,manual,USR-0011
SUF-0001534,V001645,2026-06-03,1,MESA-057,PUESTO-007,ZONA-07,MUN-02,CIRC-02,09:27:51,electronico,USR-0021
SUF-0001535,V002249,2026-06-03,1,MESA-048,PUESTO-023,ZONA-03,MUN-03,CIRC-03,15:06:37,manual,USR-0021
SUF-0001536,V001598,2026-06-03,1,MESA-029,PUESTO-004,ZONA-04,MUN-04,CIRC-04,13:26:00,electronico,USR-0004
SUF-0001537,V000062,2026-06-03,1,MESA-016,PUESTO-016,ZONA-06,MUN-01,CIRC-01,14:04:20,manual,USR-0019
SUF-0001538,V001615,2026-06-03,1,MESA-041,PUESTO-016,ZONA-06,MUN-01,CIRC-01,09:23:00,manual,USR-0008
SUF-0001539,V001885,2026-06-03,1,MESA-014,PUESTO-014,ZONA-04,MUN-04,CIRC-04,12:47:12,electronico,USR-0010
SUF-0001540,V001639,2026-06-03,1,MESA-015,PUESTO-015,ZONA-05,MUN-05,CIRC-05,10:15:05,electronico,USR-0008
SUF-0001541,V001788,2026-06-03,1,MESA-002,PUESTO-002,ZONA-02,MUN-02,CIRC-02,12:20:46,electronico,USR-0010
SUF-0001542,V003073,2026-06-03,1,MESA-017,PUESTO-017,ZONA-07,MUN-02,CIRC-02,12:19:08,electronico,USR-0012
SUF-0001543,V002878,2026-06-03,1,MESA-027,PUESTO-002,ZONA-02,MUN-02,CIRC-03,08:28:23,manual,USR-0014
SUF-0001544,V002811,2026-06-03,1,MESA-073,PUESTO-023,ZONA-03,MUN-03,CIRC-03,13:30:16,electronico,USR-0025
SUF-0001545,V000338,2026-06-03,1,MESA-018,PUESTO-018,ZONA-08,MUN-03,CIRC-03,11:45:34,electronico,USR-0021
SUF-0001546,V002541,2026-06-03,1,MESA-021,PUESTO-021,ZONA-01,MUN-01,CIRC-02,10:05:14,manual,USR-0023
SUF-0001547,V003654,2026-06-03,1,MESA-077,PUESTO-002,ZONA-02,MUN-02,CIRC-02,08:45:08,electronico,USR-0017
SUF-0001548,V001954,2026-06-03,1,MESA-053,PUESTO-003,ZONA-03,MUN-03,CIRC-03,10:05:09,manual,USR-0016
SUF-0001549,V004559,2026-06-03,1,MESA-052,PUESTO-002,ZONA-02,MUN-02,CIRC-02,09:02:28,electronico,USR-0024
SUF-0001550,V000346,2026-06-03,1,MESA-018,PUESTO-018,ZONA-08,MUN-03,CIRC-03,13:20:54,electronico,USR-0009
SUF-0001551,V001129,2026-06-03,1,MESA-057,PUESTO-007,ZONA-07,MUN-02,CIRC-02,09:05:16,electronico,USR-0006
SUF-0001552,V001653,2026-06-03,1,MESA-064,PUESTO-014,ZONA-04,MUN-04,CIRC-04,15:09:39,electronico,USR-0003
SUF-0001553,V001278,2026-06-03,1,MESA-069,PUESTO-019,ZONA-09,MUN-04,CIRC-04,13:01:27,manual,USR-0022
SUF-0001554,V001620,2026-06-03,1,MESA-007,PUESTO-007,ZONA-07,MUN-02,CIRC-02,14:49:08,electronico,USR-0014
SUF-0001555,V000577,2026-06-03,1,MESA-042,PUESTO-017,ZONA-07,MUN-02,CIRC-02,08:10:05,manual,USR-0014
SUF-0001556,V004153,2026-06-03,1,MESA-032,PUESTO-007,ZONA-07,MUN-02,CIRC-02,13:39:54,manual,USR-0012
SUF-0001557,V001093,2026-06-03,1,MESA-063,PUESTO-013,ZONA-03,MUN-03,CIRC-03,15:24:45,electronico,USR-0004
SUF-0001558,V004398,2026-06-03,1,MESA-055,PUESTO-005,ZONA-05,MUN-05,CIRC-05,09:37:25,electronico,USR-0023
SUF-0001559,V002942,2026-06-03,1,MESA-037,PUESTO-012,ZONA-02,MUN-02,CIRC-02,10:42:45,manual,USR-0017
SUF-0001560,V001232,2026-06-03,1,MESA-007,PUESTO-007,ZONA-07,MUN-02,CIRC-02,09:48:26,electronico,USR-0020
SUF-0001561,V000633,2026-06-03,1,MESA-033,PUESTO-008,ZONA-08,MUN-03,CIRC-03,10:32:31,electronico,USR-0013
SUF-0001562,V000160,2026-06-03,1,MESA-023,PUESTO-023,ZONA-03,MUN-03,CIRC-04,08:38:54,electronico,USR-0016
SUF-0001563,V003307,2026-06-03,1,MESA-073,PUESTO-023,ZONA-03,MUN-03,CIRC-03,11:11:16,manual,USR-0025
SUF-0001564,V003320,2026-06-03,1,MESA-078,PUESTO-003,ZONA-03,MUN-03,CIRC-03,10:19:32,electronico,USR-0005
SUF-0001565,V001445,2026-06-03,1,MESA-072,PUESTO-022,ZONA-02,MUN-02,CIRC-02,12:58:16,electronico,USR-0021
SUF-0001566,V000528,2026-06-03,1,MESA-080,PUESTO-005,ZONA-05,MUN-05,CIRC-02,09:13:13,electronico,USR-0011
SUF-0001567,V002063,2026-06-03,1,MESA-029,PUESTO-004,ZONA-04,MUN-04,CIRC-04,09:23:24,electronico,USR-0012
SUF-0001568,V003977,2026-06-03,1,MESA-056,PUESTO-006,ZONA-06,MUN-01,CIRC-01,09:07:58,electronico,USR-0017
SUF-0001569,V000419,2026-06-03,1,MESA-043,PUESTO-018,ZONA-08,MUN-03,CIRC-03,07:16:00,manual,USR-0024
SUF-0001570,V004225,2026-06-03,1,MESA-052,PUESTO-002,ZONA-02,MUN-02,CIRC-05,08:00:09,electronico,USR-0023
SUF-0001571,V001933,2026-06-03,1,MESA-070,PUESTO-020,ZONA-10,MUN-05,CIRC-05,07:04:00,manual,USR-0013
SUF-0001572,V000736,2026-06-03,1,MESA-036,PUESTO-011,ZONA-01,MUN-01,CIRC-01,12:23:16,electronico,USR-0010
SUF-0001573,V004953,2026-06-03,1,MESA-052,PUESTO-002,ZONA-02,MUN-02,CIRC-02,12:06:20,electronico,USR-0012
SUF-0001574,V000155,2026-06-03,1,MESA-015,PUESTO-015,ZONA-05,MUN-05,CIRC-05,11:45:26,electronico,USR-0019
SUF-0001575,V002725,2026-06-03,1,MESA-043,PUESTO-018,ZONA-08,MUN-03,CIRC-03,09:14:35,electronico,USR-0010
SUF-0001576,V004386,2026-06-03,1,MESA-003,PUESTO-003,ZONA-03,MUN-03,CIRC-03,10:19:16,manual,USR-0010
SUF-0001577,V000021,2026-06-03,1,MESA-042,PUESTO-017,ZONA-07,MUN-02,CIRC-02,15:28:22,electronico,USR-0009
SUF-0001578,V004734,2026-06-03,1,MESA-004,PUESTO-004,ZONA-04,MUN-04,CIRC-04,09:08:34,electronico,USR-0024
SUF-0001579,V003040,2026-06-03,1,MESA-010,PUESTO-010,ZONA-10,MUN-05,CIRC-05,12:21:41,electronico,USR-0008
SUF-0001580,V003843,2026-06-03,1,MESA-042,PUESTO-017,ZONA-07,MUN-02,CIRC-02,12:36:21,electronico,USR-0014
SUF-0001581,V000927,2026-06-03,1,MESA-009,PUESTO-009,ZONA-09,MUN-04,CIRC-04,08:03:13,electronico,USR-0008
SUF-0001582,V000942,2026-06-03,1,MESA-080,PUESTO-005,ZONA-05,MUN-05,CIRC-05,08:12:46,manual,USR-0010
SUF-0001583,V001875,2026-06-03,1,MESA-031,PUESTO-006,ZONA-06,MUN-01,CIRC-01,14:05:43,electronico,USR-0016
SUF-0001584,V003808,2026-06-03,1,MESA-071,PUESTO-021,ZONA-01,MUN-01,CIRC-01,14:42:54,manual,USR-0009
SUF-0001585,V003781,2026-06-03,1,MESA-039,PUESTO-014,ZONA-04,MUN-04,CIRC-04,09:32:37,electronico,USR-0014
SUF-0001586,V003581,2026-06-03,1,MESA-068,PUESTO-018,ZONA-08,MUN-03,CIRC-03,11:13:11,electronico,USR-0005
SUF-0001587,V004871,2026-06-03,1,MESA-034,PUESTO-009,ZONA-09,MUN-04,CIRC-04,09:58:33,electronico,USR-0022
SUF-0001588,V000358,2026-06-03,1,MESA-047,PUESTO-022,ZONA-02,MUN-02,CIRC-02,14:09:47,manual,USR-0016
SUF-0001589,V000361,2026-06-03,1,MESA-051,PUESTO-001,ZONA-01,MUN-01,CIRC-01,11:10:40,manual,USR-0009
SUF-0001590,V004446,2026-06-03,1,MESA-023,PUESTO-023,ZONA-03,MUN-03,CIRC-03,10:44:42,manual,USR-0017
SUF-0001591,V000248,2026-06-03,1,MESA-027,PUESTO-002,ZONA-02,MUN-02,CIRC-02,15:10:43,electronico,USR-0025
SUF-0001592,V000140,2026-06-03,1,MESA-055,PUESTO-005,ZONA-05,MUN-05,CIRC-05,10:34:59,electronico,USR-0025
SUF-0001593,V001366,2026-06-03,1,MESA-069,PUESTO-019,ZONA-09,MUN-04,CIRC-04,15:37:18,electronico,USR-0010
SUF-0001594,V001518,2026-06-03,1,MESA-055,PUESTO-005,ZONA-05,MUN-05,CIRC-05,15:28:40,manual,USR-0023
SUF-0001595,V003368,2026-06-03,1,MESA-058,PUESTO-008,ZONA-08,MUN-03,CIRC-03,13:00:39,electronico,USR-0010
SUF-0001596,V000563,2026-06-03,1,MESA-077,PUESTO-002,ZONA-02,MUN-02,CIRC-02,15:09:11,manual,USR-0023
SUF-0001597,V001521,2026-06-03,1,MESA-045,PUESTO-020,ZONA-10,MUN-05,CIRC-05,09:40:35,electronico,USR-0011
SUF-0001598,V001711,2026-06-03,1,MESA-071,PUESTO-021,ZONA-01,MUN-01,CIRC-01,13:14:15,electronico,USR-0021
SUF-0001599,V004777,2026-06-03,1,MESA-071,PUESTO-021,ZONA-01,MUN-01,CIRC-01,06:11:00,manual,USR-0004
SUF-0001600,V004554,2026-06-03,1,MESA-080,PUESTO-005,ZONA-05,MUN-05,CIRC-05,09:10:58,electronico,USR-0015
SUF-0001601,V001546,2026-06-03,1,MESA-041,PUESTO-016,ZONA-06,MUN-01,CIRC-01,08:08:12,electronico,USR-0007
SUF-0001602,V000325,2026-06-03,1,MESA-080,PUESTO-005,ZONA-05,MUN-05,CIRC-05,10:53:14,electronico,USR-0011
SUF-0001603,V000786,2026-06-03,1,MESA-031,PUESTO-006,ZONA-06,MUN-01,CIRC-01,08:55:30,manual,USR-0010
SUF-0001604,V001318,2026-06-03,1,MESA-045,PUESTO-020,ZONA-10,MUN-05,CIRC-05,11:28:33,electronico,USR-0019
SUF-0001605,V000423,2026-06-03,1,MESA-007,PUESTO-007,ZONA-07,MUN-02,CIRC-02,13:37:32,manual,USR-0012
SUF-0001606,V000752,2026-06-03,1,MESA-044,PUESTO-019,ZONA-09,MUN-04,CIRC-04,10:54:15,electronico,USR-0009
SUF-0001607,V003953,2026-06-03,1,MESA-041,PUESTO-016,ZONA-06,MUN-01,CIRC-01,11:32:00,electronico,USR-0016
SUF-0001608,V002273,2026-06-03,1,MESA-042,PUESTO-017,ZONA-07,MUN-02,CIRC-02,09:07:51,electronico,USR-0013
SUF-0001609,V003120,2026-06-03,1,MESA-015,PUESTO-015,ZONA-05,MUN-05,CIRC-05,12:59:34,manual,USR-0011
SUF-0001610,V001556,2026-06-03,1,MESA-033,PUESTO-008,ZONA-08,MUN-03,CIRC-03,13:48:12,manual,USR-0004
SUF-0001611,V001109,2026-06-03,1,MESA-071,PUESTO-021,ZONA-01,MUN-01,CIRC-01,13:03:54,manual,USR-0023
SUF-0001612,V000072,2026-06-03,1,MESA-034,PUESTO-009,ZONA-09,MUN-04,CIRC-04,08:30:54,electronico,USR-0014
SUF-0001613,V001675,2026-06-03,1,MESA-076,PUESTO-001,ZONA-01,MUN-01,CIRC-01,14:41:25,electronico,USR-0008
SUF-0001614,V000687,2026-06-03,1,MESA-015,PUESTO-015,ZONA-05,MUN-05,CIRC-05,08:43:15,electronico,USR-0007
SUF-0001615,V000227,2026-06-03,1,MESA-063,PUESTO-013,ZONA-03,MUN-03,CIRC-03,14:10:02,electronico,USR-0006
SUF-0001616,V003880,2026-06-03,1,MESA-056,PUESTO-006,ZONA-06,MUN-01,CIRC-01,14:46:11,electronico,USR-0015
SUF-0001617,V003664,2026-06-03,1,MESA-057,PUESTO-007,ZONA-07,MUN-02,CIRC-02,10:30:39,electronico,USR-0021
SUF-0001618,V001723,2026-06-03,1,MESA-060,PUESTO-010,ZONA-10,MUN-05,CIRC-05,12:04:41,electronico,USR-0010
SUF-0001619,V000902,2026-06-03,1,MESA-068,PUESTO-018,ZONA-08,MUN-03,CIRC-03,14:09:29,manual,USR-0013
SUF-0001620,V000214,2026-06-03,1,MESA-035,PUESTO-010,ZONA-10,MUN-05,CIRC-05,09:07:00,manual,USR-0008
SUF-0001621,V003309,2026-06-03,1,MESA-028,PUESTO-003,ZONA-03,MUN-03,CIRC-03,10:39:23,electronico,USR-0022
SUF-0001622,V001569,2026-06-03,1,MESA-060,PUESTO-010,ZONA-10,MUN-05,CIRC-05,11:01:09,manual,USR-0024
SUF-0001623,V000819,2026-06-03,1,MESA-080,PUESTO-005,ZONA-05,MUN-05,CIRC-05,13:09:38,electronico,USR-0019
SUF-0001624,V000310,2026-06-03,1,MESA-071,PUESTO-021,ZONA-01,MUN-01,CIRC-01,12:08:33,manual,USR-0019
SUF-0001625,V003801,2026-06-03,1,MESA-049,PUESTO-024,ZONA-04,MUN-04,CIRC-04,11:55:18,manual,USR-0014
SUF-0001626,V001651,2026-06-03,1,MESA-003,PUESTO-003,ZONA-03,MUN-03,CIRC-03,09:35:58,electronico,USR-0008
SUF-0001627,V001225,2026-06-03,1,MESA-003,PUESTO-003,ZONA-03,MUN-03,CIRC-03,09:58:18,electronico,USR-0020
SUF-0001628,V004405,2026-06-03,1,MESA-030,PUESTO-005,ZONA-05,MUN-05,CIRC-05,15:09:40,manual,USR-0025
SUF-0001629,V004646,2026-06-03,1,MESA-054,PUESTO-004,ZONA-04,MUN-04,CIRC-04,10:23:38,electronico,USR-0023
SUF-0001630,V003007,2026-06-03,1,MESA-022,PUESTO-022,ZONA-02,MUN-02,CIRC-02,14:57:33,manual,USR-0016
SUF-0001631,V001756,2026-06-03,1,MESA-039,PUESTO-014,ZONA-04,MUN-04,CIRC-04,08:44:00,electronico,USR-0004
SUF-0001632,V003243,2026-06-03,1,MESA-063,PUESTO-013,ZONA-03,MUN-03,CIRC-03,15:47:45,electronico,USR-0024
SUF-0001633,V003006,2026-06-03,1,MESA-056,PUESTO-006,ZONA-06,MUN-01,CIRC-01,15:23:48,manual,USR-0019
SUF-0001634,V004713,2026-06-03,1,MESA-061,PUESTO-011,ZONA-01,MUN-01,CIRC-01,08:48:31,electronico,USR-0005
SUF-0001635,V003403,2026-06-03,1,MESA-021,PUESTO-021,ZONA-01,MUN-01,CIRC-01,10:12:09,electronico,USR-0014
SUF-0001636,V000971,2026-06-03,1,MESA-049,PUESTO-024,ZONA-04,MUN-04,CIRC-04,15:23:49,manual,USR-0005
SUF-0001637,V002502,2026-06-03,1,MESA-053,PUESTO-003,ZONA-03,MUN-03,CIRC-03,14:22:02,electronico,USR-0013
SUF-0001638,V001190,2026-06-03,1,MESA-020,PUESTO-020,ZONA-10,MUN-05,CIRC-05,08:35:56,manual,USR-0010
SUF-0001639,V000125,2026-06-03,1,MESA-071,PUESTO-021,ZONA-01,MUN-01,CIRC-01,10:40:25,electronico,USR-0009
SUF-0001640,V001164,2026-06-03,1,MESA-034,PUESTO-009,ZONA-09,MUN-04,CIRC-04,13:19:57,electronico,USR-0014
SUF-0001641,V003856,2026-06-03,1,MESA-002,PUESTO-002,ZONA-02,MUN-02,CIRC-02,12:02:27,electronico,USR-0011
SUF-0001642,V001607,2026-06-03,1,MESA-002,PUESTO-002,ZONA-02,MUN-02,CIRC-02,15:26:50,manual,USR-0008
SUF-0001643,V001389,2026-06-03,1,MESA-036,PUESTO-011,ZONA-01,MUN-01,CIRC-01,09:23:03,electronico,USR-0010
SUF-0001644,V000591,2026-06-03,1,MESA-007,PUESTO-007,ZONA-07,MUN-02,CIRC-02,13:12:33,electronico,USR-0021
SUF-0001645,V000028,2026-06-03,1,MESA-031,PUESTO-006,ZONA-06,MUN-01,CIRC-01,09:09:20,electronico,USR-0006
SUF-0001646,V004553,2026-06-03,1,MESA-077,PUESTO-002,ZONA-02,MUN-02,CIRC-02,14:42:29,electronico,USR-0006
SUF-0001647,V003029,2026-06-03,1,MESA-059,PUESTO-009,ZONA-09,MUN-04,CIRC-04,11:58:50,electronico,USR-0003
SUF-0001648,V000306,2026-06-03,1,MESA-055,PUESTO-005,ZONA-05,MUN-05,CIRC-05,12:11:18,electronico,USR-0017
SUF-0001649,V002375,2026-06-03,1,MESA-033,PUESTO-008,ZONA-08,MUN-03,CIRC-03,09:13:08,manual,USR-0010
SUF-0001650,V004521,2026-06-03,1,MESA-059,PUESTO-009,ZONA-09,MUN-04,CIRC-04,09:37:25,manual,USR-0008
SUF-0001651,V001643,2026-06-03,1,MESA-079,PUESTO-004,ZONA-04,MUN-04,CIRC-04,09:15:25,manual,USR-0019
SUF-0001652,V001208,2026-06-03,1,MESA-068,PUESTO-018,ZONA-08,MUN-03,CIRC-03,09:13:08,electronico,USR-0003
SUF-0001653,V003541,2026-06-03,1,MESA-041,PUESTO-016,ZONA-06,MUN-01,CIRC-01,09:32:12,electronico,USR-0003
SUF-0001654,V003959,2026-06-03,1,MESA-038,PUESTO-013,ZONA-03,MUN-03,CIRC-03,15:04:38,manual,USR-0008
SUF-0001655,V003626,2026-06-03,1,MESA-030,PUESTO-005,ZONA-05,MUN-05,CIRC-05,06:08:00,electronico,USR-0017
SUF-0001656,V001600,2026-06-03,1,MESA-017,PUESTO-017,ZONA-07,MUN-02,CIRC-02,15:49:07,electronico,USR-0019
SUF-0001657,V003904,2026-06-03,1,MESA-080,PUESTO-005,ZONA-05,MUN-05,CIRC-05,12:17:52,manual,USR-0004
SUF-0001658,V000692,2026-06-03,1,MESA-021,PUESTO-021,ZONA-01,MUN-01,CIRC-01,08:13:20,electronico,USR-0004
SUF-0001659,V003273,2026-06-03,1,MESA-047,PUESTO-022,ZONA-02,MUN-02,CIRC-02,12:07:23,manual,USR-0006
SUF-0001660,V003270,2026-06-03,1,MESA-058,PUESTO-008,ZONA-08,MUN-03,CIRC-03,12:24:43,electronico,USR-0012
SUF-0001661,V000943,2026-06-03,1,MESA-076,PUESTO-001,ZONA-01,MUN-01,CIRC-01,13:02:38,manual,USR-0010
SUF-0001662,V003086,2026-06-03,1,MESA-052,PUESTO-002,ZONA-02,MUN-02,CIRC-02,11:06:58,electronico,USR-0004
SUF-0001663,V001787,2026-06-03,1,MESA-038,PUESTO-013,ZONA-03,MUN-03,CIRC-03,13:09:26,electronico,USR-0016
SUF-0001664,V002773,2026-06-03,1,MESA-042,PUESTO-017,ZONA-07,MUN-02,CIRC-02,15:02:45,manual,USR-0025
SUF-0001665,V000637,2026-06-03,1,MESA-021,PUESTO-021,ZONA-01,MUN-01,CIRC-01,10:44:35,electronico,USR-0016
SUF-0001666,V004376,2026-06-03,1,MESA-055,PUESTO-005,ZONA-05,MUN-05,CIRC-05,13:22:10,electronico,USR-0006
SUF-0001667,V000891,2026-06-03,1,MESA-054,PUESTO-004,ZONA-04,MUN-04,CIRC-04,14:04:47,manual,USR-0025
SUF-0001668,V001055,2026-06-03,1,MESA-010,PUESTO-010,ZONA-10,MUN-05,CIRC-05,12:52:57,electronico,USR-0005
SUF-0001669,V001860,2026-06-03,1,MESA-035,PUESTO-010,ZONA-10,MUN-05,CIRC-05,15:53:54,electronico,USR-0017
SUF-0001670,V000885,2026-06-03,1,MESA-025,PUESTO-025,ZONA-05,MUN-05,CIRC-05,12:00:04,manual,USR-0011
SUF-0001671,V004961,2026-06-03,1,MESA-070,PUESTO-020,ZONA-10,MUN-05,CIRC-05,08:41:48,manual,USR-0016
SUF-0001672,V001110,2026-06-03,1,MESA-039,PUESTO-014,ZONA-04,MUN-04,CIRC-04,14:10:38,electronico,USR-0015
SUF-0001673,V004502,2026-06-03,1,MESA-063,PUESTO-013,ZONA-03,MUN-03,CIRC-04,09:10:57,electronico,USR-0019
SUF-0001674,V000405,2026-06-03,1,MESA-065,PUESTO-015,ZONA-05,MUN-05,CIRC-05,09:32:57,electronico,USR-0004
SUF-0001675,V001705,2026-06-03,1,MESA-044,PUESTO-019,ZONA-09,MUN-04,CIRC-04,12:01:28,manual,USR-0014
SUF-0001676,V003811,2026-06-03,1,MESA-061,PUESTO-011,ZONA-01,MUN-01,CIRC-01,10:22:51,manual,USR-0025
SUF-0001677,V000209,2026-06-03,1,MESA-029,PUESTO-004,ZONA-04,MUN-04,CIRC-04,10:14:16,manual,USR-0019
SUF-0001678,V003135,2026-06-03,1,MESA-016,PUESTO-016,ZONA-06,MUN-01,CIRC-01,10:11:13,electronico,USR-0003
SUF-0001679,V000116,2026-06-03,1,MESA-042,PUESTO-017,ZONA-07,MUN-02,CIRC-02,12:42:44,electronico,USR-0005
SUF-0001680,V000695,2026-06-03,1,MESA-011,PUESTO-011,ZONA-01,MUN-01,CIRC-01,14:11:22,electronico,USR-0007
SUF-0001681,V001906,2026-06-03,1,MESA-011,PUESTO-011,ZONA-01,MUN-01,CIRC-01,09:34:03,electronico,USR-0016
SUF-0001682,V000318,2026-06-03,1,MESA-032,PUESTO-007,ZONA-07,MUN-02,CIRC-02,15:11:31,manual,USR-0010
SUF-0001683,V001573,2026-06-03,1,MESA-054,PUESTO-004,ZONA-04,MUN-04,CIRC-04,12:54:39,manual,USR-0019
SUF-0001684,V000518,2026-06-03,1,MESA-071,PUESTO-021,ZONA-01,MUN-01,CIRC-01,15:15:52,manual,USR-0025
SUF-0001685,V004680,2026-06-03,1,MESA-037,PUESTO-012,ZONA-02,MUN-02,CIRC-02,09:43:53,electronico,USR-0011
SUF-0001686,V000962,2026-06-03,1,MESA-071,PUESTO-021,ZONA-01,MUN-01,CIRC-01,08:50:45,electronico,USR-0020
SUF-0001687,V001384,2026-06-03,1,MESA-027,PUESTO-002,ZONA-02,MUN-02,CIRC-02,12:07:21,electronico,USR-0010
SUF-0001688,V004133,2026-06-03,1,MESA-036,PUESTO-011,ZONA-01,MUN-01,CIRC-01,08:24:59,manual,USR-0024
SUF-0001689,V004685,2026-06-03,1,MESA-029,PUESTO-004,ZONA-04,MUN-04,CIRC-04,14:59:22,electronico,USR-0011
SUF-0001690,V001079,2026-06-03,1,MESA-040,PUESTO-015,ZONA-05,MUN-05,CIRC-05,12:06:13,manual,USR-0010
SUF-0001691,V000732,2026-06-03,1,MESA-011,PUESTO-011,ZONA-01,MUN-01,CIRC-01,11:56:16,manual,USR-0003
SUF-0001692,V004239,2026-06-03,1,MESA-038,PUESTO-013,ZONA-03,MUN-03,CIRC-03,09:24:28,electronico,USR-0014
SUF-0001693,V000785,2026-06-03,1,MESA-052,PUESTO-002,ZONA-02,MUN-02,CIRC-02,15:20:57,electronico,USR-0010
SUF-0001694,V000283,2026-06-03,1,MESA-017,PUESTO-017,ZONA-07,MUN-02,CIRC-02,13:51:33,manual,USR-0021
SUF-0001695,V004636,2026-06-03,1,MESA-034,PUESTO-009,ZONA-09,MUN-04,CIRC-04,11:33:15,electronico,USR-0011
SUF-0001696,V000608,2026-06-03,1,MESA-006,PUESTO-006,ZONA-06,MUN-01,CIRC-01,14:47:10,electronico,USR-0022
SUF-0001697,V003106,2026-06-03,1,MESA-077,PUESTO-002,ZONA-02,MUN-02,CIRC-02,10:30:07,electronico,USR-0020
SUF-0001698,V004004,2026-06-03,1,MESA-002,PUESTO-002,ZONA-02,MUN-02,CIRC-02,11:10:52,electronico,USR-0008
SUF-0001699,V000368,2026-06-03,1,MESA-072,PUESTO-022,ZONA-02,MUN-02,CIRC-02,08:04:08,electronico,USR-0017
SUF-0001700,V002278,2026-06-03,1,MESA-053,PUESTO-003,ZONA-03,MUN-03,CIRC-03,13:52:34,electronico,USR-0008
SUF-0001701,V003062,2026-06-03,1,MESA-058,PUESTO-008,ZONA-08,MUN-03,CIRC-03,13:01:23,electronico,USR-0010
SUF-0001702,V002800,2026-06-03,1,MESA-073,PUESTO-023,ZONA-03,MUN-03,CIRC-03,12:33:57,manual,USR-0010
SUF-0001703,V001999,2026-06-03,1,MESA-014,PUESTO-014,ZONA-04,MUN-04,CIRC-04,12:42:49,electronico,USR-0010
SUF-0001704,V004831,2026-06-03,1,MESA-013,PUESTO-013,ZONA-03,MUN-03,CIRC-03,08:05:10,manual,USR-0022
SUF-0001705,V000351,2026-06-03,1,MESA-068,PUESTO-018,ZONA-08,MUN-03,CIRC-03,12:51:46,electronico,USR-0009
SUF-0001706,V002128,2026-06-03,1,MESA-010,PUESTO-010,ZONA-10,MUN-05,CIRC-05,15:52:52,electronico,USR-0011
SUF-0001707,V000861,2026-06-03,1,MESA-050,PUESTO-025,ZONA-05,MUN-05,CIRC-05,09:30:23,electronico,USR-0010
SUF-0001708,V002592,2026-06-03,1,MESA-010,PUESTO-010,ZONA-10,MUN-05,CIRC-05,14:29:39,electronico,USR-0012
SUF-0001709,V002492,2026-06-03,1,MESA-070,PUESTO-020,ZONA-10,MUN-05,CIRC-05,14:15:53,manual,USR-0014
SUF-0001710,V002700,2026-06-03,1,MESA-073,PUESTO-023,ZONA-03,MUN-03,CIRC-03,09:53:04,electronico,USR-0020
SUF-0001711,V004255,2026-06-03,1,MESA-077,PUESTO-002,ZONA-02,MUN-02,CIRC-02,10:18:56,electronico,USR-0014
SUF-0001712,V004365,2026-06-03,1,MESA-023,PUESTO-023,ZONA-03,MUN-03,CIRC-03,10:42:48,manual,USR-0025
SUF-0001713,V000699,2026-06-03,1,MESA-014,PUESTO-014,ZONA-04,MUN-04,CIRC-04,15:10:23,manual,USR-0022
SUF-0001714,V002955,2026-06-03,1,MESA-070,PUESTO-020,ZONA-10,MUN-05,CIRC-05,08:03:29,electronico,USR-0010
SUF-0001715,V002675,2026-06-03,1,MESA-048,PUESTO-023,ZONA-03,MUN-03,CIRC-03,14:19:02,electronico,USR-0010
SUF-0001716,V000865,2026-06-03,1,MESA-028,PUESTO-003,ZONA-03,MUN-03,CIRC-03,14:34:01,electronico,USR-0023
SUF-0001717,V003983,2026-06-03,1,MESA-017,PUESTO-017,ZONA-07,MUN-02,CIRC-02,15:13:44,manual,USR-0008
SUF-0001718,V002552,2026-06-03,1,MESA-075,PUESTO-025,ZONA-05,MUN-05,CIRC-05,10:49:10,electronico,USR-0019
SUF-0001719,V000211,2026-06-03,1,MESA-072,PUESTO-022,ZONA-02,MUN-02,CIRC-02,14:24:49,electronico,USR-0015
SUF-0001720,V002524,2026-06-03,1,MESA-055,PUESTO-005,ZONA-05,MUN-05,CIRC-05,15:15:30,manual,USR-0020
SUF-0001721,V000244,2026-06-03,1,MESA-078,PUESTO-003,ZONA-03,MUN-03,CIRC-03,09:13:14,electronico,USR-0014
SUF-0001722,V000476,2026-06-03,1,MESA-067,PUESTO-017,ZONA-07,MUN-02,CIRC-02,13:37:47,electronico,USR-0003
SUF-0001723,V002490,2026-06-03,1,MESA-010,PUESTO-010,ZONA-10,MUN-05,CIRC-05,14:58:35,manual,USR-0004
SUF-0001724,V003625,2026-06-03,1,MESA-075,PUESTO-025,ZONA-05,MUN-05,CIRC-05,11:58:07,electronico,USR-0004
SUF-0001725,V002831,2026-06-03,1,MESA-024,PUESTO-024,ZONA-04,MUN-04,CIRC-04,12:56:17,electronico,USR-0019
SUF-0001726,V002238,2026-06-03,1,MESA-063,PUESTO-013,ZONA-03,MUN-03,CIRC-03,12:10:59,electronico,USR-0023
SUF-0001727,V003995,2026-06-03,1,MESA-010,PUESTO-010,ZONA-10,MUN-05,CIRC-05,13:28:47,electronico,USR-0007
SUF-0001728,V003101,2026-06-03,1,MESA-076,PUESTO-001,ZONA-01,MUN-01,CIRC-01,12:24:14,electronico,USR-0021
SUF-0001729,V000473,2026-06-03,1,MESA-026,PUESTO-001,ZONA-01,MUN-01,CIRC-01,09:41:19,electronico,USR-0019
SUF-0001730,V002209,2026-06-03,1,MESA-066,PUESTO-016,ZONA-06,MUN-01,CIRC-01,13:26:02,manual,USR-0005
SUF-0001731,V004486,2026-06-03,1,MESA-007,PUESTO-007,ZONA-07,MUN-02,CIRC-02,10:19:30,electronico,USR-0010
SUF-0001732,V000918,2026-06-03,1,MESA-012,PUESTO-012,ZONA-02,MUN-02,CIRC-02,11:53:28,electronico,USR-0005
SUF-0001733,V003923,2026-06-03,1,MESA-008,PUESTO-008,ZONA-08,MUN-03,CIRC-03,10:59:51,electronico,USR-0025
SUF-0001734,V003447,2026-06-03,1,MESA-048,PUESTO-023,ZONA-03,MUN-03,CIRC-03,15:07:30,electronico,USR-0006
SUF-0001735,V001594,2026-06-03,1,MESA-021,PUESTO-021,ZONA-01,MUN-01,CIRC-01,11:36:48,electronico,USR-0010
SUF-0001736,V000859,2026-06-03,1,MESA-041,PUESTO-016,ZONA-06,MUN-01,CIRC-01,09:23:50,electronico,USR-0010
SUF-0001737,V004103,2026-06-03,1,MESA-060,PUESTO-010,ZONA-10,MUN-05,CIRC-05,14:15:04,manual,USR-0020
SUF-0001738,V004000,2026-06-03,1,MESA-061,PUESTO-011,ZONA-01,MUN-01,CIRC-01,10:27:26,electronico,USR-0019
SUF-0001739,V001457,2026-06-03,1,MESA-031,PUESTO-006,ZONA-06,MUN-01,CIRC-01,10:57:09,electronico,USR-0020
SUF-0001740,V002525,2026-06-03,1,MESA-025,PUESTO-025,ZONA-05,MUN-05,CIRC-05,13:46:00,electronico,USR-0016
SUF-0001741,V001632,2026-06-03,1,MESA-018,PUESTO-018,ZONA-08,MUN-03,CIRC-03,13:14:54,manual,USR-0021
SUF-0001742,V001054,2026-06-03,1,MESA-036,PUESTO-011,ZONA-01,MUN-01,CIRC-01,14:37:38,electronico,USR-0023
SUF-0001743,V001884,2026-06-03,1,MESA-067,PUESTO-017,ZONA-07,MUN-02,CIRC-02,08:56:54,electronico,USR-0009
SUF-0001744,V002087,2026-06-03,1,MESA-019,PUESTO-019,ZONA-09,MUN-04,CIRC-04,11:29:15,electronico,USR-0022
SUF-0001745,V003326,2026-06-03,1,MESA-031,PUESTO-006,ZONA-06,MUN-01,CIRC-01,09:46:07,manual,USR-0014
SUF-0001746,V004095,2026-06-03,1,MESA-066,PUESTO-016,ZONA-06,MUN-01,CIRC-01,10:03:28,electronico,USR-0010
SUF-0001747,V003248,2026-06-03,1,MESA-011,PUESTO-011,ZONA-01,MUN-01,CIRC-01,12:25:08,electronico,USR-0020
SUF-0001748,V002676,2026-06-03,1,MESA-070,PUESTO-020,ZONA-10,MUN-05,CIRC-05,09:59:16,electronico,USR-0016
SUF-0001749,V004569,2026-06-03,1,MESA-028,PUESTO-003,ZONA-03,MUN-03,CIRC-03,13:26:14,electronico,USR-0017
SUF-0001750,V004382,2026-06-03,1,MESA-007,PUESTO-007,ZONA-07,MUN-02,CIRC-02,15:51:59,electronico,USR-0006
SUF-0001751,V003782,2026-06-03,1,MESA-033,PUESTO-008,ZONA-08,MUN-03,CIRC-03,15:00:44,electronico,USR-0005
SUF-0001752,V004078,2026-06-03,1,MESA-046,PUESTO-021,ZONA-01,MUN-01,CIRC-01,10:55:49,manual,USR-0019
SUF-0001753,V002865,2026-06-03,1,MESA-049,PUESTO-024,ZONA-04,MUN-04,CIRC-04,13:42:03,electronico,USR-0007
SUF-0001754,V003242,2026-06-03,1,MESA-018,PUESTO-018,ZONA-08,MUN-03,CIRC-03,10:33:19,electronico,USR-0023
SUF-0001755,V004859,2026-06-03,1,MESA-056,PUESTO-006,ZONA-06,MUN-01,CIRC-01,15:44:15,electronico,USR-0014
SUF-0001756,V002696,2026-06-03,1,MESA-041,PUESTO-016,ZONA-06,MUN-01,CIRC-01,14:31:21,electronico,USR-0019
SUF-0001757,V002478,2026-06-03,1,MESA-030,PUESTO-005,ZONA-05,MUN-05,CIRC-05,12:52:13,electronico,USR-0016
SUF-0001758,V001943,2026-06-03,1,MESA-025,PUESTO-025,ZONA-05,MUN-05,CIRC-05,13:33:59,manual,USR-0021
SUF-0001759,V002599,2026-06-03,1,MESA-078,PUESTO-003,ZONA-03,MUN-03,CIRC-03,11:58:43,manual,USR-0019
SUF-0001760,V000504,2026-06-03,1,MESA-076,PUESTO-001,ZONA-01,MUN-01,CIRC-01,18:38:00,electronico,USR-0015
SUF-0001761,V004337,2026-06-03,1,MESA-073,PUESTO-023,ZONA-03,MUN-03,CIRC-03,10:36:05,electronico,USR-0024
SUF-0001762,V002356,2026-06-03,1,MESA-012,PUESTO-012,ZONA-02,MUN-02,CIRC-02,10:09:02,manual,USR-0003
SUF-0001763,V002934,2026-06-03,1,MESA-070,PUESTO-020,ZONA-10,MUN-05,CIRC-05,06:10:00,manual,USR-0003
SUF-0001764,V002749,2026-06-03,1,MESA-075,PUESTO-025,ZONA-05,MUN-05,CIRC-05,09:43:36,electronico,USR-0021
SUF-0001765,V002465,2026-06-03,1,MESA-044,PUESTO-019,ZONA-09,MUN-04,CIRC-04,06:28:00,manual,USR-0013
SUF-0001766,V001897,2026-06-03,1,MESA-040,PUESTO-015,ZONA-05,MUN-05,CIRC-03,15:34:10,manual,USR-0022
SUF-0001767,V000355,2026-06-03,1,MESA-021,PUESTO-021,ZONA-01,MUN-01,CIRC-01,11:54:41,manual,USR-0017
SUF-0001768,V004049,2026-06-03,1,MESA-075,PUESTO-025,ZONA-05,MUN-05,CIRC-05,15:48:08,electronico,USR-0019
SUF-0001769,V004245,2026-06-03,1,MESA-064,PUESTO-014,ZONA-04,MUN-04,CIRC-04,10:12:03,manual,USR-0025
SUF-0001770,V002202,2026-06-03,1,MESA-007,PUESTO-007,ZONA-07,MUN-02,CIRC-02,09:21:06,electronico,USR-0013
SUF-0001771,V002688,2026-06-03,1,MESA-071,PUESTO-021,ZONA-01,MUN-01,CIRC-01,14:44:21,electronico,USR-0007
SUF-0001772,V004154,2026-06-03,1,MESA-022,PUESTO-022,ZONA-02,MUN-02,CIRC-02,08:22:53,electronico,USR-0010
SUF-0001773,V003523,2026-06-03,1,MESA-064,PUESTO-014,ZONA-04,MUN-04,CIRC-04,09:39:12,electronico,USR-0024
SUF-0001774,V004492,2026-06-03,1,MESA-033,PUESTO-008,ZONA-08,MUN-03,CIRC-03,15:24:28,manual,USR-0013
SUF-0001775,V004601,2026-06-03,1,MESA-009,PUESTO-009,ZONA-09,MUN-04,CIRC-04,15:43:47,electronico,USR-0013
SUF-0001776,V001285,2026-06-03,1,MESA-013,PUESTO-013,ZONA-03,MUN-03,CIRC-03,13:22:48,manual,USR-0016
SUF-0001777,V003555,2026-06-03,1,MESA-025,PUESTO-025,ZONA-05,MUN-05,CIRC-05,13:39:27,manual,USR-0017
SUF-0001778,V001908,2026-06-03,1,MESA-066,PUESTO-016,ZONA-06,MUN-01,CIRC-01,12:27:07,manual,USR-0014
SUF-0001779,V002432,2026-06-03,1,MESA-054,PUESTO-004,ZONA-04,MUN-04,CIRC-04,10:30:53,electronico,USR-0021
SUF-0001780,V003704,2026-06-03,1,MESA-017,PUESTO-017,ZONA-07,MUN-02,CIRC-02,12:23:19,electronico,USR-0010
SUF-0001781,V004769,2026-06-03,1,MESA-054,PUESTO-004,ZONA-04,MUN-04,CIRC-04,13:59:20,manual,USR-0005
SUF-0001782,V000365,2026-06-03,1,MESA-020,PUESTO-020,ZONA-10,MUN-05,CIRC-05,10:32:19,manual,USR-0023
SUF-0001783,V000165,2026-06-03,1,MESA-051,PUESTO-001,ZONA-01,MUN-01,CIRC-01,10:28:42,electronico,USR-0004
SUF-0001784,V002029,2026-06-03,1,MESA-016,PUESTO-016,ZONA-06,MUN-01,CIRC-01,09:33:08,manual,USR-0023
SUF-0001785,V003605,2026-06-03,1,MESA-031,PUESTO-006,ZONA-06,MUN-01,CIRC-01,14:12:11,electronico,USR-0006
SUF-0001786,V001921,2026-06-03,1,MESA-058,PUESTO-008,ZONA-08,MUN-03,CIRC-03,16:47:00,electronico,USR-0012
SUF-0001787,V003901,2026-06-03,1,MESA-014,PUESTO-014,ZONA-04,MUN-04,CIRC-04,12:30:43,electronico,USR-0007
SUF-0001788,V002872,2026-06-03,1,MESA-062,PUESTO-012,ZONA-02,MUN-02,CIRC-02,12:11:05,electronico,USR-0019
SUF-0001789,V001574,2026-06-03,1,MESA-030,PUESTO-005,ZONA-05,MUN-05,CIRC-01,08:26:27,electronico,USR-0005
SUF-0001790,V002178,2026-06-03,1,MESA-057,PUESTO-007,ZONA-07,MUN-02,CIRC-02,08:18:32,manual,USR-0007
SUF-0001791,V000661,2026-06-03,1,MESA-080,PUESTO-005,ZONA-05,MUN-05,CIRC-05,13:52:31,electronico,USR-0007
SUF-0001792,V004519,2026-06-03,1,MESA-056,PUESTO-006,ZONA-06,MUN-01,CIRC-01,08:55:18,electronico,USR-0022
SUF-0001793,V004678,2026-06-03,1,MESA-017,PUESTO-017,ZONA-07,MUN-02,CIRC-02,13:13:47,electronico,USR-0025
SUF-0001794,V003390,2026-06-03,1,MESA-051,PUESTO-001,ZONA-01,MUN-01,CIRC-01,14:24:58,manual,USR-0017
SUF-0001795,V001776,2026-06-03,1,MESA-023,PUESTO-023,ZONA-03,MUN-03,CIRC-03,11:50:09,electronico,USR-0020
SUF-0001796,V004481,2026-06-03,1,MESA-021,PUESTO-021,ZONA-01,MUN-01,CIRC-01,11:58:17,electronico,USR-0013
SUF-0001797,V002987,2026-06-03,1,MESA-042,PUESTO-017,ZONA-07,MUN-02,CIRC-02,08:22:35,manual,USR-0020
SUF-0001798,V001236,2026-06-03,1,MESA-010,PUESTO-010,ZONA-10,MUN-05,CIRC-05,08:48:09,manual,USR-0006
SUF-0001799,V000983,2026-06-03,1,MESA-049,PUESTO-024,ZONA-04,MUN-04,CIRC-04,13:49:26,electronico,USR-0020
SUF-0001800,V002136,2026-06-03,1,MESA-013,PUESTO-013,ZONA-03,MUN-03,CIRC-03,08:27:51,electronico,USR-0023
SUF-0001801,V003635,2026-06-03,1,MESA-080,PUESTO-005,ZONA-05,MUN-05,CIRC-05,09:29:59,electronico,USR-0025
SUF-0001802,V004179,2026-06-03,1,MESA-044,PUESTO-019,ZONA-09,MUN-04,CIRC-04,16:03:00,electronico,USR-0016
SUF-0001803,V004635,2026-06-03,1,MESA-074,PUESTO-024,ZONA-04,MUN-04,CIRC-04,11:37:17,electronico,USR-0023
SUF-0001804,V003433,2026-06-03,1,MESA-008,PUESTO-008,ZONA-08,MUN-03,CIRC-03,16:32:00,electronico,USR-0011
SUF-0001805,V003018,2026-06-03,1,MESA-016,PUESTO-016,ZONA-06,MUN-01,CIRC-02,10:20:35,manual,USR-0010
SUF-0001806,V002534,2026-06-03,1,MESA-063,PUESTO-013,ZONA-03,MUN-03,CIRC-03,14:03:59,manual,USR-0008
SUF-0001807,V003564,2026-06-03,1,MESA-002,PUESTO-002,ZONA-02,MUN-02,CIRC-02,08:49:09,manual,USR-0022
SUF-0001808,V000077,2026-06-03,1,MESA-045,PUESTO-020,ZONA-10,MUN-05,CIRC-05,10:18:42,electronico,USR-0016
SUF-0001809,V000671,2026-06-03,1,MESA-006,PUESTO-006,ZONA-06,MUN-01,CIRC-01,14:47:57,electronico,USR-0005
SUF-0001810,V004886,2026-06-03,1,MESA-064,PUESTO-014,ZONA-04,MUN-04,CIRC-04,11:48:20,electronico,USR-0012
SUF-0001811,V004746,2026-06-03,1,MESA-037,PUESTO-012,ZONA-02,MUN-02,CIRC-02,10:23:04,electronico,USR-0011
SUF-0001812,V000184,2026-06-03,1,MESA-025,PUESTO-025,ZONA-05,MUN-05,CIRC-05,11:09:25,electronico,USR-0023
SUF-0001813,V002669,2026-06-03,1,MESA-050,PUESTO-025,ZONA-05,MUN-05,CIRC-05,14:59:32,electronico,USR-0009
SUF-0001814,V002076,2026-06-03,1,MESA-009,PUESTO-009,ZONA-09,MUN-04,CIRC-04,11:07:25,electronico,USR-0020
SUF-0001815,V003918,2026-06-03,1,MESA-073,PUESTO-023,ZONA-03,MUN-03,CIRC-03,10:40:07,electronico,USR-0016
SUF-0001816,V002252,2026-06-03,1,MESA-054,PUESTO-004,ZONA-04,MUN-04,CIRC-02,14:40:08,electronico,USR-0020
SUF-0001817,V000056,2026-06-03,1,MESA-035,PUESTO-010,ZONA-10,MUN-05,CIRC-05,13:23:01,manual,USR-0020
SUF-0001818,V004570,2026-06-03,1,MESA-071,PUESTO-021,ZONA-01,MUN-01,CIRC-01,10:38:42,electronico,USR-0021
SUF-0001819,V002222,2026-06-03,1,MESA-019,PUESTO-019,ZONA-09,MUN-04,CIRC-04,14:19:15,electronico,USR-0019
SUF-0001820,V004388,2026-06-03,1,MESA-066,PUESTO-016,ZONA-06,MUN-01,CIRC-01,15:59:14,manual,USR-0010
SUF-0001821,V000897,2026-06-03,1,MESA-058,PUESTO-008,ZONA-08,MUN-03,CIRC-03,13:25:00,electronico,USR-0017
SUF-0001822,V001841,2026-06-03,1,MESA-068,PUESTO-018,ZONA-08,MUN-03,CIRC-03,12:59:12,electronico,USR-0005
SUF-0001823,V001383,2026-06-03,1,MESA-075,PUESTO-025,ZONA-05,MUN-05,CIRC-05,12:02:07,manual,USR-0007
SUF-0001824,V003748,2026-06-03,1,MESA-061,PUESTO-011,ZONA-01,MUN-01,CIRC-01,15:31:27,manual,USR-0021
SUF-0001825,V002750,2026-06-03,1,MESA-024,PUESTO-024,ZONA-04,MUN-04,CIRC-04,15:43:53,electronico,USR-0005
SUF-0001826,V002770,2026-06-03,1,MESA-058,PUESTO-008,ZONA-08,MUN-03,CIRC-03,13:26:41,electronico,USR-0024
SUF-0001827,V002460,2026-06-03,1,MESA-034,PUESTO-009,ZONA-09,MUN-04,CIRC-04,15:31:12,manual,USR-0015
SUF-0001828,V001313,2026-06-03,1,MESA-025,PUESTO-025,ZONA-05,MUN-05,CIRC-05,08:55:55,electronico,USR-0011
SUF-0001829,V002372,2026-06-03,1,MESA-029,PUESTO-004,ZONA-04,MUN-04,CIRC-02,08:06:16,electronico,USR-0010
SUF-0001830,V004002,2026-06-03,1,MESA-073,PUESTO-023,ZONA-03,MUN-03,CIRC-03,08:30:51,manual,USR-0017
SUF-0001831,V000138,2026-06-03,1,MESA-050,PUESTO-025,ZONA-05,MUN-05,CIRC-05,09:10:09,electronico,USR-0006
SUF-0001832,V001462,2026-06-03,1,MESA-029,PUESTO-004,ZONA-04,MUN-04,CIRC-04,11:55:30,electronico,USR-0008
SUF-0001833,V000221,2026-06-03,1,MESA-044,PUESTO-019,ZONA-09,MUN-04,CIRC-04,11:12:58,electronico,USR-0017
SUF-0001834,V001107,2026-06-03,1,MESA-069,PUESTO-019,ZONA-09,MUN-04,CIRC-04,14:08:46,manual,USR-0016
SUF-0001835,V001554,2026-06-03,1,MESA-049,PUESTO-024,ZONA-04,MUN-04,CIRC-04,11:17:27,electronico,USR-0004
SUF-0001836,V004293,2026-06-03,1,MESA-052,PUESTO-002,ZONA-02,MUN-02,CIRC-02,14:46:38,electronico,USR-0013
SUF-0001837,V004799,2026-06-03,1,MESA-061,PUESTO-011,ZONA-01,MUN-01,CIRC-01,12:10:47,electronico,USR-0010
SUF-0001838,V001427,2026-06-03,1,MESA-001,PUESTO-001,ZONA-01,MUN-01,CIRC-01,09:42:35,manual,USR-0022
SUF-0001839,V000131,2026-06-03,1,MESA-064,PUESTO-014,ZONA-04,MUN-04,CIRC-04,12:25:45,electronico,USR-0022
SUF-0001840,V001215,2026-06-03,1,MESA-058,PUESTO-008,ZONA-08,MUN-03,CIRC-03,08:57:22,electronico,USR-0015
SUF-0001841,V004435,2026-06-03,1,MESA-041,PUESTO-016,ZONA-06,MUN-01,CIRC-01,06:56:00,electronico,USR-0023
SUF-0001842,V001624,2026-06-03,1,MESA-032,PUESTO-007,ZONA-07,MUN-02,CIRC-02,12:32:17,manual,USR-0006
SUF-0001843,V003967,2026-06-03,1,MESA-064,PUESTO-014,ZONA-04,MUN-04,CIRC-04,10:42:08,manual,USR-0014
SUF-0001844,V001677,2026-06-03,1,MESA-003,PUESTO-003,ZONA-03,MUN-03,CIRC-03,12:36:06,electronico,USR-0024
SUF-0001845,V000496,2026-06-03,1,MESA-030,PUESTO-005,ZONA-05,MUN-05,CIRC-05,15:14:06,manual,USR-0006
SUF-0001846,V000334,2026-06-03,1,MESA-039,PUESTO-014,ZONA-04,MUN-04,CIRC-04,08:47:56,electronico,USR-0023
SUF-0001847,V002068,2026-06-03,1,MESA-024,PUESTO-024,ZONA-04,MUN-04,CIRC-04,08:30:22,manual,USR-0020
SUF-0001848,V004147,2026-06-03,1,MESA-043,PUESTO-018,ZONA-08,MUN-03,CIRC-03,09:13:17,manual,USR-0013
SUF-0001849,V000004,2026-06-03,1,MESA-006,PUESTO-006,ZONA-06,MUN-01,CIRC-01,14:25:43,manual,USR-0020
SUF-0001850,V000590,2026-06-03,1,MESA-052,PUESTO-002,ZONA-02,MUN-02,CIRC-02,10:56:51,electronico,USR-0012
SUF-0001851,V002059,2026-06-03,1,MESA-071,PUESTO-021,ZONA-01,MUN-01,CIRC-01,13:07:20,electronico,USR-0005
SUF-0001852,V000926,2026-06-03,1,MESA-067,PUESTO-017,ZONA-07,MUN-02,CIRC-02,12:09:36,electronico,USR-0021
SUF-0001853,V002051,2026-06-03,1,MESA-001,PUESTO-001,ZONA-01,MUN-01,CIRC-01,15:00:23,electronico,USR-0003
SUF-0001854,V000852,2026-06-03,1,MESA-015,PUESTO-015,ZONA-05,MUN-05,CIRC-05,12:30:08,manual,USR-0025
SUF-0001855,V000290,2026-06-03,1,MESA-069,PUESTO-019,ZONA-09,MUN-04,CIRC-04,10:31:37,electronico,USR-0019
SUF-0001856,V001360,2026-06-03,1,MESA-007,PUESTO-007,ZONA-07,MUN-02,CIRC-02,13:32:22,electronico,USR-0011
SUF-0001857,V004258,2026-06-03,1,MESA-016,PUESTO-016,ZONA-06,MUN-01,CIRC-01,08:22:06,electronico,USR-0022
SUF-0001858,V000840,2026-06-03,1,MESA-077,PUESTO-002,ZONA-02,MUN-02,CIRC-02,09:06:52,electronico,USR-0003
SUF-0001859,V001512,2026-06-03,1,MESA-062,PUESTO-012,ZONA-02,MUN-02,CIRC-04,15:24:47,manual,USR-0017
SUF-0001860,V000359,2026-06-03,1,MESA-076,PUESTO-001,ZONA-01,MUN-01,CIRC-01,09:32:17,manual,USR-0019
SUF-0001861,V002699,2026-06-03,1,MESA-024,PUESTO-024,ZONA-04,MUN-04,CIRC-04,14:10:29,manual,USR-0008
SUF-0001862,V004135,2026-06-03,1,MESA-033,PUESTO-008,ZONA-08,MUN-03,CIRC-03,15:55:54,electronico,USR-0006
SUF-0001863,V004227,2026-06-03,1,MESA-071,PUESTO-021,ZONA-01,MUN-01,CIRC-01,13:17:36,electronico,USR-0008
SUF-0001864,V001239,2026-06-03,1,MESA-006,PUESTO-006,ZONA-06,MUN-01,CIRC-01,09:15:51,electronico,USR-0006
SUF-0001865,V000677,2026-06-03,1,MESA-069,PUESTO-019,ZONA-09,MUN-04,CIRC-04,10:08:47,electronico,USR-0019
SUF-0001866,V000738,2026-06-03,1,MESA-014,PUESTO-014,ZONA-04,MUN-04,CIRC-04,08:44:17,electronico,USR-0015
SUF-0001867,V004989,2026-06-03,1,MESA-053,PUESTO-003,ZONA-03,MUN-03,CIRC-04,11:02:26,electronico,USR-0024
SUF-0001868,V000296,2026-06-03,1,MESA-037,PUESTO-012,ZONA-02,MUN-02,CIRC-02,09:38:49,manual,USR-0021
SUF-0001869,V002576,2026-06-03,1,MESA-029,PUESTO-004,ZONA-04,MUN-04,CIRC-04,06:43:00,electronico,USR-0003
SUF-0001870,V003600,2026-06-03,1,MESA-051,PUESTO-001,ZONA-01,MUN-01,CIRC-01,12:12:06,electronico,USR-0005
SUF-0001871,V000074,2026-06-03,1,MESA-055,PUESTO-005,ZONA-05,MUN-05,CIRC-05,08:46:34,manual,USR-0009
SUF-0001872,V001401,2026-06-03,1,MESA-051,PUESTO-001,ZONA-01,MUN-01,CIRC-01,15:35:51,electronico,USR-0017
SUF-0001873,V001726,2026-06-03,1,MESA-042,PUESTO-017,ZONA-07,MUN-02,CIRC-02,09:46:57,electronico,USR-0006
SUF-0001874,V000360,2026-06-03,1,MESA-042,PUESTO-017,ZONA-07,MUN-02,CIRC-02,12:22:24,electronico,USR-0011
SUF-0001875,V002868,2026-06-03,1,MESA-070,PUESTO-020,ZONA-10,MUN-05,CIRC-05,14:46:54,electronico,USR-0016
SUF-0001876,V002796,2026-06-03,1,MESA-022,PUESTO-022,ZONA-02,MUN-02,CIRC-02,08:33:44,electronico,USR-0015
SUF-0001877,V001387,2026-06-03,1,MESA-046,PUESTO-021,ZONA-01,MUN-01,CIRC-04,11:57:39,manual,USR-0014
SUF-0001878,V002417,2026-06-03,1,MESA-044,PUESTO-019,ZONA-09,MUN-04,CIRC-04,12:02:17,manual,USR-0007
SUF-0001879,V004605,2026-06-03,1,MESA-062,PUESTO-012,ZONA-02,MUN-02,CIRC-02,10:52:39,electronico,USR-0003
SUF-0001880,V000177,2026-06-03,1,MESA-036,PUESTO-011,ZONA-01,MUN-01,CIRC-01,14:46:46,manual,USR-0021
SUF-0001881,V003168,2026-06-03,1,MESA-022,PUESTO-022,ZONA-02,MUN-02,CIRC-02,11:56:49,electronico,USR-0025
SUF-0001882,V003647,2026-06-03,1,MESA-037,PUESTO-012,ZONA-02,MUN-02,CIRC-02,13:32:42,electronico,USR-0009
SUF-0001883,V004090,2026-06-03,1,MESA-019,PUESTO-019,ZONA-09,MUN-04,CIRC-04,10:43:13,manual,USR-0020
SUF-0001884,V004668,2026-06-03,1,MESA-056,PUESTO-006,ZONA-06,MUN-01,CIRC-01,08:36:48,electronico,USR-0010
SUF-0001885,V000907,2026-06-03,1,MESA-072,PUESTO-022,ZONA-02,MUN-02,CIRC-02,08:08:53,manual,USR-0015
SUF-0001886,V004342,2026-06-03,1,MESA-012,PUESTO-012,ZONA-02,MUN-02,CIRC-02,12:06:05,electronico,USR-0021
SUF-0001887,V002816,2026-06-03,1,MESA-069,PUESTO-019,ZONA-09,MUN-04,CIRC-04,08:15:29,electronico,USR-0010
SUF-0001888,V003037,2026-06-03,1,MESA-074,PUESTO-024,ZONA-04,MUN-04,CIRC-04,09:55:20,manual,USR-0024
SUF-0001889,V000171,2026-06-03,1,MESA-045,PUESTO-020,ZONA-10,MUN-05,CIRC-05,08:47:20,electronico,USR-0017
SUF-0001890,V001662,2026-06-03,1,MESA-052,PUESTO-002,ZONA-02,MUN-02,CIRC-02,14:07:02,electronico,USR-0010
SUF-0001891,V000543,2026-06-03,1,MESA-075,PUESTO-025,ZONA-05,MUN-05,CIRC-05,13:53:06,manual,USR-0020
SUF-0001892,V004557,2026-06-03,1,MESA-075,PUESTO-025,ZONA-05,MUN-05,CIRC-05,15:05:36,electronico,USR-0020
SUF-0001893,V002790,2026-06-03,1,MESA-056,PUESTO-006,ZONA-06,MUN-01,CIRC-01,10:01:29,electronico,USR-0025
SUF-0001894,V001290,2026-06-03,1,MESA-045,PUESTO-020,ZONA-10,MUN-05,CIRC-05,08:17:51,manual,USR-0015
SUF-0001895,V004901,2026-06-03,1,MESA-030,PUESTO-005,ZONA-05,MUN-05,CIRC-05,13:04:12,electronico,USR-0005
SUF-0001896,V001750,2026-06-03,1,MESA-026,PUESTO-001,ZONA-01,MUN-01,CIRC-01,08:16:27,manual,USR-0023
SUF-0001897,V003132,2026-06-03,1,MESA-008,PUESTO-008,ZONA-08,MUN-03,CIRC-03,08:17:03,electronico,USR-0023
SUF-0001898,V001642,2026-06-03,1,MESA-029,PUESTO-004,ZONA-04,MUN-04,CIRC-04,11:53:46,electronico,USR-0019
SUF-0001899,V004581,2026-06-03,1,MESA-068,PUESTO-018,ZONA-08,MUN-03,CIRC-03,10:51:17,electronico,USR-0021
SUF-0001900,V004995,2026-06-03,1,MESA-007,PUESTO-007,ZONA-07,MUN-02,CIRC-02,10:05:31,electronico,USR-0019
SUF-0001901,V002666,2026-06-03,1,MESA-006,PUESTO-006,ZONA-06,MUN-01,CIRC-01,11:33:17,electronico,USR-0013
SUF-0001902,V004462,2026-06-03,1,MESA-031,PUESTO-006,ZONA-06,MUN-01,CIRC-01,14:50:29,electronico,USR-0015
SUF-0001903,V002486,2026-06-03,1,MESA-059,PUESTO-009,ZONA-09,MUN-04,CIRC-04,06:15:00,manual,USR-0021
SUF-0001904,V003589,2026-06-03,1,MESA-011,PUESTO-011,ZONA-01,MUN-01,CIRC-01,10:09:42,manual,USR-0025
SUF-0001905,V002105,2026-06-03,1,MESA-066,PUESTO-016,ZONA-06,MUN-01,CIRC-01,13:18:12,manual,USR-0010
SUF-0001906,V003911,2026-06-03,1,MESA-048,PUESTO-023,ZONA-03,MUN-03,CIRC-05,08:27:34,manual,USR-0008
SUF-0001907,V000799,2026-06-03,1,MESA-044,PUESTO-019,ZONA-09,MUN-04,CIRC-04,14:06:36,electronico,USR-0025
SUF-0001908,V000120,2026-06-03,1,MESA-012,PUESTO-012,ZONA-02,MUN-02,CIRC-02,15:24:50,manual,USR-0011
SUF-0001909,V001220,2026-06-03,1,MESA-078,PUESTO-003,ZONA-03,MUN-03,CIRC-03,15:34:40,electronico,USR-0021
SUF-0001910,V002578,2026-06-03,1,MESA-019,PUESTO-019,ZONA-09,MUN-04,CIRC-04,10:37:07,electronico,USR-0015
SUF-0001911,V002067,2026-06-03,1,MESA-058,PUESTO-008,ZONA-08,MUN-03,CIRC-03,11:45:02,electronico,USR-0015
SUF-0001912,V001772,2026-06-03,1,MESA-079,PUESTO-004,ZONA-04,MUN-04,CIRC-04,08:34:24,electronico,USR-0005
SUF-0001913,V004223,2026-06-03,1,MESA-063,PUESTO-013,ZONA-03,MUN-03,CIRC-03,08:16:56,electronico,USR-0004
SUF-0001914,V000133,2026-06-03,1,MESA-029,PUESTO-004,ZONA-04,MUN-04,CIRC-04,09:34:50,electronico,USR-0010
SUF-0001915,V003088,2026-06-03,1,MESA-004,PUESTO-004,ZONA-04,MUN-04,CIRC-04,15:58:21,electronico,USR-0022
SUF-0001916,V004549,2026-06-03,1,MESA-074,PUESTO-024,ZONA-04,MUN-04,CIRC-04,15:04:55,manual,USR-0023
SUF-0001917,V000559,2026-06-03,1,MESA-004,PUESTO-004,ZONA-04,MUN-04,CIRC-04,13:42:33,electronico,USR-0017
SUF-0001918,V004855,2026-06-03,1,MESA-061,PUESTO-011,ZONA-01,MUN-01,CIRC-01,11:19:34,manual,USR-0023
SUF-0001919,V000964,2026-06-03,1,MESA-049,PUESTO-024,ZONA-04,MUN-04,CIRC-04,08:37:32,electronico,USR-0011
SUF-0001920,V001196,2026-06-03,1,MESA-007,PUESTO-007,ZONA-07,MUN-02,CIRC-02,08:33:10,electronico,USR-0003
SUF-0001921,V002445,2026-06-03,1,MESA-009,PUESTO-009,ZONA-09,MUN-04,CIRC-04,13:08:31,electronico,USR-0016
SUF-0001922,V003435,2026-06-03,1,MESA-056,PUESTO-006,ZONA-06,MUN-01,CIRC-01,13:09:17,electronico,USR-0025
SUF-0001923,V001605,2026-06-03,1,MESA-078,PUESTO-003,ZONA-03,MUN-03,CIRC-03,09:11:53,electronico,USR-0014
SUF-0001924,V002332,2026-06-03,1,MESA-062,PUESTO-012,ZONA-02,MUN-02,CIRC-02,13:52:21,electronico,USR-0012
SUF-0001925,V003291,2026-06-03,1,MESA-068,PUESTO-018,ZONA-08,MUN-03,CIRC-03,08:26:27,electronico,USR-0015
SUF-0001926,V002464,2026-06-03,1,MESA-054,PUESTO-004,ZONA-04,MUN-04,CIRC-04,14:27:11,manual,USR-0010
SUF-0001927,V004690,2026-06-03,1,MESA-035,PUESTO-010,ZONA-10,MUN-05,CIRC-05,14:01:03,manual,USR-0022
SUF-0001928,V003640,2026-06-03,1,MESA-022,PUESTO-022,ZONA-02,MUN-02,CIRC-02,15:44:22,electronico,USR-0023
SUF-0001929,V004479,2026-06-03,1,MESA-011,PUESTO-011,ZONA-01,MUN-01,CIRC-01,11:53:47,electronico,USR-0022
SUF-0001930,V003255,2026-06-03,1,MESA-001,PUESTO-001,ZONA-01,MUN-01,CIRC-01,11:36:15,electronico,USR-0004
SUF-0001931,V002297,2026-06-03,1,MESA-044,PUESTO-019,ZONA-09,MUN-04,CIRC-04,12:39:05,electronico,USR-0022
SUF-0001932,V001963,2026-06-03,1,MESA-039,PUESTO-014,ZONA-04,MUN-04,CIRC-04,15:42:11,electronico,USR-0005
SUF-0001933,V001784,2026-06-03,1,MESA-026,PUESTO-001,ZONA-01,MUN-01,CIRC-01,08:34:24,manual,USR-0006
SUF-0001934,V002145,2026-06-03,1,MESA-018,PUESTO-018,ZONA-08,MUN-03,CIRC-03,08:33:36,electronico,USR-0003
SUF-0001935,V003218,2026-06-03,1,MESA-051,PUESTO-001,ZONA-01,MUN-01,CIRC-01,12:17:44,electronico,USR-0010
SUF-0001936,V000098,2026-06-03,1,MESA-015,PUESTO-015,ZONA-05,MUN-05,CIRC-05,13:05:11,electronico,USR-0003
SUF-0001937,V002880,2026-06-03,1,MESA-036,PUESTO-011,ZONA-01,MUN-01,CIRC-01,07:06:00,manual,USR-0007
SUF-0001938,V004112,2026-06-03,1,MESA-059,PUESTO-009,ZONA-09,MUN-04,CIRC-04,13:07:43,electronico,USR-0012
SUF-0001939,V002623,2026-06-03,1,MESA-016,PUESTO-016,ZONA-06,MUN-01,CIRC-01,15:40:29,electronico,USR-0011
SUF-0001940,V004850,2026-06-03,1,MESA-070,PUESTO-020,ZONA-10,MUN-05,CIRC-05,13:19:07,electronico,USR-0011
SUF-0001941,V004818,2026-06-03,1,MESA-047,PUESTO-022,ZONA-02,MUN-02,CIRC-02,15:29:53,manual,USR-0020
SUF-0001942,V001935,2026-06-03,1,MESA-067,PUESTO-017,ZONA-07,MUN-02,CIRC-02,12:37:21,electronico,USR-0009
SUF-0001943,V001871,2026-06-03,1,MESA-002,PUESTO-002,ZONA-02,MUN-02,CIRC-02,13:52:05,electronico,USR-0010
SUF-0001944,V000727,2026-06-03,1,MESA-032,PUESTO-007,ZONA-07,MUN-02,CIRC-05,13:55:15,manual,USR-0006
SUF-0001945,V001542,2026-06-03,1,MESA-069,PUESTO-019,ZONA-09,MUN-04,CIRC-04,12:09:43,manual,USR-0020
SUF-0001946,V002263,2026-06-03,1,MESA-019,PUESTO-019,ZONA-09,MUN-04,CIRC-04,16:29:00,electronico,USR-0010
SUF-0001947,V004948,2026-06-03,1,MESA-068,PUESTO-018,ZONA-08,MUN-03,CIRC-03,12:39:21,electronico,USR-0013
SUF-0001948,V000178,2026-06-03,1,MESA-025,PUESTO-025,ZONA-05,MUN-05,CIRC-05,14:16:30,manual,USR-0014
SUF-0001949,V002802,2026-06-03,1,MESA-040,PUESTO-015,ZONA-05,MUN-05,CIRC-05,08:56:51,manual,USR-0020
SUF-0001950,V002389,2026-06-03,1,MESA-028,PUESTO-003,ZONA-03,MUN-03,CIRC-03,09:58:11,manual,USR-0011
SUF-0001951,V003384,2026-06-03,1,MESA-019,PUESTO-019,ZONA-09,MUN-04,CIRC-04,10:34:57,electronico,USR-0016
SUF-0001952,V001732,2026-06-03,1,MESA-046,PUESTO-021,ZONA-01,MUN-01,CIRC-01,17:33:00,electronico,USR-0012
SUF-0001953,V000440,2026-06-03,1,MESA-070,PUESTO-020,ZONA-10,MUN-05,CIRC-05,11:44:28,electronico,USR-0011
SUF-0001954,V001438,2026-06-03,1,MESA-054,PUESTO-004,ZONA-04,MUN-04,CIRC-04,10:08:27,electronico,USR-0007
SUF-0001955,V003560,2026-06-03,1,MESA-019,PUESTO-019,ZONA-09,MUN-04,CIRC-04,14:47:43,manual,USR-0020
SUF-0001956,V004001,2026-06-03,1,MESA-049,PUESTO-024,ZONA-04,MUN-04,CIRC-04,12:48:00,electronico,USR-0014
SUF-0001957,V000509,2026-06-03,1,MESA-015,PUESTO-015,ZONA-05,MUN-05,CIRC-05,14:54:11,manual,USR-0017
SUF-0001958,V003736,2026-06-03,1,MESA-071,PUESTO-021,ZONA-01,MUN-01,CIRC-02,08:50:48,electronico,USR-0010
SUF-0001959,V004835,2026-06-03,1,MESA-003,PUESTO-003,ZONA-03,MUN-03,CIRC-03,10:51:42,manual,USR-0005
SUF-0001960,V004027,2026-06-03,1,MESA-079,PUESTO-004,ZONA-04,MUN-04,CIRC-04,10:35:31,manual,USR-0025
SUF-0001961,V004563,2026-06-03,1,MESA-065,PUESTO-015,ZONA-05,MUN-05,CIRC-05,11:49:35,electronico,USR-0012
SUF-0001962,V001694,2026-06-03,1,MESA-002,PUESTO-002,ZONA-02,MUN-02,CIRC-02,08:44:25,electronico,USR-0012
SUF-0001963,V003859,2026-06-03,1,MESA-019,PUESTO-019,ZONA-09,MUN-04,CIRC-04,11:13:19,manual,USR-0021
SUF-0001964,V002966,2026-06-03,1,MESA-015,PUESTO-015,ZONA-05,MUN-05,CIRC-05,12:11:15,electronico,USR-0007
SUF-0001965,V004444,2026-06-03,1,MESA-017,PUESTO-017,ZONA-07,MUN-02,CIRC-02,13:07:39,manual,USR-0017
SUF-0001966,V004670,2026-06-03,1,MESA-033,PUESTO-008,ZONA-08,MUN-03,CIRC-03,14:52:38,electronico,USR-0021
SUF-0001967,V000395,2026-06-03,1,MESA-067,PUESTO-017,ZONA-07,MUN-02,CIRC-02,12:07:41,electronico,USR-0008
SUF-0001968,V003201,2026-06-03,1,MESA-076,PUESTO-001,ZONA-01,MUN-01,CIRC-01,10:31:17,electronico,USR-0023
SUF-0001969,V003303,2026-06-03,1,MESA-010,PUESTO-010,ZONA-10,MUN-05,CIRC-05,08:16:34,electronico,USR-0006
SUF-0001970,V002347,2026-06-03,1,MESA-068,PUESTO-018,ZONA-08,MUN-03,CIRC-03,14:04:34,electronico,USR-0013
SUF-0001971,V000616,2026-06-03,1,MESA-078,PUESTO-003,ZONA-03,MUN-03,CIRC-03,15:12:10,electronico,USR-0020
SUF-0001972,V002287,2026-06-03,1,MESA-022,PUESTO-022,ZONA-02,MUN-02,CIRC-02,14:06:59,manual,USR-0014
SUF-0001973,V003359,2026-06-03,1,MESA-030,PUESTO-005,ZONA-05,MUN-05,CIRC-05,10:12:00,manual,USR-0010
SUF-0001974,V003036,2026-06-03,1,MESA-065,PUESTO-015,ZONA-05,MUN-05,CIRC-05,12:36:52,manual,USR-0025
SUF-0001975,V000316,2026-06-03,1,MESA-043,PUESTO-018,ZONA-08,MUN-03,CIRC-03,09:49:45,manual,USR-0007
SUF-0001976,V000519,2026-06-03,1,MESA-004,PUESTO-004,ZONA-04,MUN-04,CIRC-03,14:07:51,electronico,USR-0010
SUF-0001977,V003404,2026-06-03,1,MESA-024,PUESTO-024,ZONA-04,MUN-04,CIRC-04,13:17:03,electronico,USR-0004
SUF-0001978,V001014,2026-06-03,1,MESA-068,PUESTO-018,ZONA-08,MUN-03,CIRC-03,12:58:52,manual,USR-0019
SUF-0001979,V004334,2026-06-03,1,MESA-007,PUESTO-007,ZONA-07,MUN-02,CIRC-02,13:31:12,manual,USR-0010
SUF-0001980,V003181,2026-06-03,1,MESA-048,PUESTO-023,ZONA-03,MUN-03,CIRC-03,11:07:27,electronico,USR-0024
SUF-0001981,V004177,2026-06-03,1,MESA-072,PUESTO-022,ZONA-02,MUN-02,CIRC-02,08:50:09,electronico,USR-0025
SUF-0001982,V000388,2026-06-03,1,MESA-018,PUESTO-018,ZONA-08,MUN-03,CIRC-03,18:42:00,electronico,USR-0008
SUF-0001983,V004562,2026-06-03,1,MESA-063,PUESTO-013,ZONA-03,MUN-03,CIRC-03,14:44:55,manual,USR-0006
SUF-0001984,V000076,2026-06-03,1,MESA-034,PUESTO-009,ZONA-09,MUN-04,CIRC-04,09:25:52,electronico,USR-0010
SUF-0001985,V003897,2026-06-03,1,MESA-038,PUESTO-013,ZONA-03,MUN-03,CIRC-03,09:49:48,electronico,USR-0021
SUF-0001986,V004876,2026-06-03,1,MESA-073,PUESTO-023,ZONA-03,MUN-03,CIRC-03,12:31:50,manual,USR-0013
SUF-0001987,V002835,2026-06-03,1,MESA-077,PUESTO-002,ZONA-02,MUN-02,CIRC-02,13:51:57,manual,USR-0023
SUF-0001988,V002350,2026-06-03,1,MESA-007,PUESTO-007,ZONA-07,MUN-02,CIRC-02,10:07:37,electronico,USR-0009
SUF-0001989,V000301,2026-06-03,1,MESA-066,PUESTO-016,ZONA-06,MUN-01,CIRC-01,10:57:58,electronico,USR-0010
SUF-0001990,V000985,2026-06-03,1,MESA-055,PUESTO-005,ZONA-05,MUN-05,CIRC-05,12:36:32,electronico,USR-0013
SUF-0001991,V004096,2026-06-03,1,MESA-040,PUESTO-015,ZONA-05,MUN-05,CIRC-05,08:53:26,electronico,USR-0010
SUF-0001992,V002596,2026-06-03,1,MESA-065,PUESTO-015,ZONA-05,MUN-05,CIRC-05,12:37:36,manual,USR-0016
SUF-0001993,V001286,2026-06-03,1,MESA-074,PUESTO-024,ZONA-04,MUN-04,CIRC-04,07:58:00,manual,USR-0011
SUF-0001994,V000313,2026-06-03,1,MESA-004,PUESTO-004,ZONA-04,MUN-04,CIRC-04,10:47:45,electronico,USR-0019
SUF-0001995,V002221,2026-06-03,1,MESA-034,PUESTO-009,ZONA-09,MUN-04,CIRC-04,11:55:28,manual,USR-0022
SUF-0001996,V001443,2026-06-03,1,MESA-046,PUESTO-021,ZONA-01,MUN-01,CIRC-01,12:03:54,electronico,USR-0009
SUF-0001997,V003024,2026-06-03,1,MESA-077,PUESTO-002,ZONA-02,MUN-02,CIRC-02,10:16:40,manual,USR-0004
SUF-0001998,V003475,2026-06-03,1,MESA-060,PUESTO-010,ZONA-10,MUN-05,CIRC-05,11:14:43,electronico,USR-0024
SUF-0001999,V002788,2026-06-03,1,MESA-026,PUESTO-001,ZONA-01,MUN-01,CIRC-01,09:16:27,electronico,USR-0014
SUF-0002000,V002081,2026-06-03,1,MESA-030,PUESTO-005,ZONA-05,MUN-05,CIRC-05,14:31:35,electronico,USR-0007
SUF-0002001,V003707,2026-06-03,1,MESA-055,PUESTO-005,ZONA-05,MUN-05,CIRC-05,08:46:12,manual,USR-0005
SUF-0002002,V000242,2026-06-03,1,MESA-004,PUESTO-004,ZONA-04,MUN-04,CIRC-03,08:08:18,electronico,USR-0024
SUF-0002003,V004301,2026-06-03,1,MESA-073,PUESTO-023,ZONA-03,MUN-03,CIRC-03,08:30:54,electronico,USR-0016
SUF-0002004,V003377,2026-06-03,1,MESA-006,PUESTO-006,ZONA-06,MUN-01,CIRC-01,13:44:20,electronico,USR-0004
SUF-0002005,V003842,2026-06-03,1,MESA-031,PUESTO-006,ZONA-06,MUN-01,CIRC-01,15:41:19,electronico,USR-0017
SUF-0002006,V003076,2026-06-03,1,MESA-062,PUESTO-012,ZONA-02,MUN-02,CIRC-02,12:46:52,electronico,USR-0010
SUF-0002007,V003602,2026-06-03,1,MESA-074,PUESTO-024,ZONA-04,MUN-04,CIRC-04,13:01:10,manual,USR-0006
SUF-0002008,V004503,2026-06-03,1,MESA-012,PUESTO-012,ZONA-02,MUN-02,CIRC-02,10:40:36,manual,USR-0006
SUF-0002009,V000105,2026-06-03,1,MESA-002,PUESTO-002,ZONA-02,MUN-02,CIRC-02,15:46:44,electronico,USR-0003
SUF-0002010,V003278,2026-06-03,1,MESA-055,PUESTO-005,ZONA-05,MUN-05,CIRC-05,11:21:36,manual,USR-0011
SUF-0002011,V003770,2026-06-03,1,MESA-049,PUESTO-024,ZONA-04,MUN-04,CIRC-04,13:49:48,manual,USR-0015
SUF-0002012,V001893,2026-06-03,1,MESA-044,PUESTO-019,ZONA-09,MUN-04,CIRC-04,09:09:50,electronico,USR-0015
SUF-0002013,V004083,2026-06-03,1,MESA-027,PUESTO-002,ZONA-02,MUN-02,CIRC-02,13:22:33,electronico,USR-0010
SUF-0002014,V003963,2026-06-03,1,MESA-029,PUESTO-004,ZONA-04,MUN-04,CIRC-04,13:47:19,manual,USR-0007
SUF-0002015,V000454,2026-06-03,1,MESA-060,PUESTO-010,ZONA-10,MUN-05,CIRC-05,13:05:27,manual,USR-0005
SUF-0002016,V004427,2026-06-03,1,MESA-029,PUESTO-004,ZONA-04,MUN-04,CIRC-04,09:06:29,manual,USR-0008
SUF-0002017,V003107,2026-06-03,1,MESA-039,PUESTO-014,ZONA-04,MUN-04,CIRC-04,15:11:02,electronico,USR-0023
SUF-0002018,V004813,2026-06-03,1,MESA-050,PUESTO-025,ZONA-05,MUN-05,CIRC-05,10:52:23,manual,USR-0004
SUF-0002019,V001357,2026-06-03,1,MESA-058,PUESTO-008,ZONA-08,MUN-03,CIRC-03,10:53:02,electronico,USR-0017
SUF-0002020,V003661,2026-06-03,1,MESA-043,PUESTO-018,ZONA-08,MUN-03,CIRC-03,10:59:45,electronico,USR-0007
SUF-0002021,V000145,2026-06-03,1,MESA-067,PUESTO-017,ZONA-07,MUN-02,CIRC-02,12:46:47,manual,USR-0024
SUF-0002022,V001241,2026-06-03,1,MESA-074,PUESTO-024,ZONA-04,MUN-04,CIRC-04,12:28:29,electronico,USR-0012
SUF-0002023,V003023,2026-06-03,1,MESA-041,PUESTO-016,ZONA-06,MUN-01,CIRC-01,15:58:33,electronico,USR-0008
SUF-0002024,V001103,2026-06-03,1,MESA-063,PUESTO-013,ZONA-03,MUN-03,CIRC-03,13:49:39,manual,USR-0016
SUF-0002025,V000749,2026-06-03,1,MESA-038,PUESTO-013,ZONA-03,MUN-03,CIRC-03,15:30:48,manual,USR-0024
SUF-0002026,V000984,2026-06-03,1,MESA-076,PUESTO-001,ZONA-01,MUN-01,CIRC-01,12:12:04,manual,USR-0017
SUF-0002027,V000925,2026-06-03,1,MESA-003,PUESTO-003,ZONA-03,MUN-03,CIRC-03,08:07:43,manual,USR-0023
SUF-0002028,V003333,2026-06-03,1,MESA-030,PUESTO-005,ZONA-05,MUN-05,CIRC-05,10:53:52,manual,USR-0005
SUF-0002029,V001903,2026-06-03,1,MESA-030,PUESTO-005,ZONA-05,MUN-05,CIRC-05,14:43:28,electronico,USR-0023
SUF-0002030,V004173,2026-06-03,1,MESA-013,PUESTO-013,ZONA-03,MUN-03,CIRC-03,08:29:55,manual,USR-0015
SUF-0002031,V001648,2026-06-03,1,MESA-080,PUESTO-005,ZONA-05,MUN-05,CIRC-05,12:46:18,electronico,USR-0023
SUF-0002032,V001777,2026-06-03,1,MESA-018,PUESTO-018,ZONA-08,MUN-03,CIRC-03,15:59:39,electronico,USR-0008
SUF-0002033,V000522,2026-06-03,1,MESA-022,PUESTO-022,ZONA-02,MUN-02,CIRC-02,12:24:49,electronico,USR-0024
SUF-0002034,V000372,2026-06-03,1,MESA-047,PUESTO-022,ZONA-02,MUN-02,CIRC-02,11:57:11,manual,USR-0021
SUF-0002035,V000808,2026-06-03,1,MESA-033,PUESTO-008,ZONA-08,MUN-03,CIRC-03,15:41:22,electronico,USR-0006
SUF-0002036,V002691,2026-06-03,1,MESA-052,PUESTO-002,ZONA-02,MUN-02,CIRC-02,08:01:48,manual,USR-0022
SUF-0002037,V003214,2026-06-03,1,MESA-009,PUESTO-009,ZONA-09,MUN-04,CIRC-04,11:07:09,electronico,USR-0015
SUF-0002038,V004046,2026-06-03,1,MESA-015,PUESTO-015,ZONA-05,MUN-05,CIRC-05,18:22:00,electronico,USR-0021
SUF-0002039,V004086,2026-06-03,1,MESA-061,PUESTO-011,ZONA-01,MUN-01,CIRC-01,06:32:00,electronico,USR-0005
SUF-0002040,V002946,2026-06-03,1,MESA-025,PUESTO-025,ZONA-05,MUN-05,CIRC-05,10:24:43,manual,USR-0011
SUF-0002041,V001522,2026-06-03,1,MESA-026,PUESTO-001,ZONA-01,MUN-01,CIRC-01,12:29:22,electronico,USR-0010
SUF-0002042,V004693,2026-06-03,1,MESA-037,PUESTO-012,ZONA-02,MUN-02,CIRC-02,12:57:24,manual,USR-0022
SUF-0002043,V000147,2026-06-03,1,MESA-075,PUESTO-025,ZONA-05,MUN-05,CIRC-05,09:48:45,electronico,USR-0007
SUF-0002044,V004656,2026-06-03,1,MESA-019,PUESTO-019,ZONA-09,MUN-04,CIRC-04,15:03:39,manual,USR-0021
SUF-0002045,V003149,2026-06-03,1,MESA-023,PUESTO-023,ZONA-03,MUN-03,CIRC-03,13:58:30,manual,USR-0012
SUF-0002046,V004884,2026-06-03,1,MESA-070,PUESTO-020,ZONA-10,MUN-05,CIRC-05,13:29:44,electronico,USR-0023
SUF-0002047,V004440,2026-06-03,1,MESA-068,PUESTO-018,ZONA-08,MUN-03,CIRC-03,13:07:15,manual,USR-0010
SUF-0002048,V004711,2026-06-03,1,MESA-021,PUESTO-021,ZONA-01,MUN-01,CIRC-01,11:00:16,manual,USR-0014
SUF-0002049,V001830,2026-06-03,1,MESA-059,PUESTO-009,ZONA-09,MUN-04,CIRC-04,06:28:00,electronico,USR-0003
SUF-0002050,V004235,2026-06-03,1,MESA-025,PUESTO-025,ZONA-05,MUN-05,CIRC-05,14:21:11,electronico,USR-0010
SUF-0002051,V000580,2026-06-03,1,MESA-033,PUESTO-008,ZONA-08,MUN-03,CIRC-03,14:52:19,electronico,USR-0003
SUF-0002052,V004735,2026-06-03,1,MESA-018,PUESTO-018,ZONA-08,MUN-03,CIRC-03,12:44:16,electronico,USR-0011
SUF-0002053,V000236,2026-06-03,1,MESA-014,PUESTO-014,ZONA-04,MUN-04,CIRC-04,08:17:45,electronico,USR-0017
SUF-0002054,V004167,2026-06-03,1,MESA-035,PUESTO-010,ZONA-10,MUN-05,CIRC-05,15:59:41,manual,USR-0009
SUF-0002055,V002147,2026-06-03,1,MESA-043,PUESTO-018,ZONA-08,MUN-03,CIRC-03,09:43:35,electronico,USR-0007
SUF-0002056,V000457,2026-06-03,1,MESA-027,PUESTO-002,ZONA-02,MUN-02,CIRC-02,10:21:10,electronico,USR-0004
SUF-0002057,V001791,2026-06-03,1,MESA-050,PUESTO-025,ZONA-05,MUN-05,CIRC-05,14:43:26,manual,USR-0021
SUF-0002058,V004125,2026-06-03,1,MESA-025,PUESTO-025,ZONA-05,MUN-05,CIRC-05,13:48:30,manual,USR-0009
SUF-0002059,V000154,2026-06-03,1,MESA-068,PUESTO-018,ZONA-08,MUN-03,CIRC-03,10:21:55,manual,USR-0012
SUF-0002060,V004061,2026-06-03,1,MESA-025,PUESTO-025,ZONA-05,MUN-05,CIRC-03,08:30:04,manual,USR-0007
SUF-0002061,V003611,2026-06-03,1,MESA-053,PUESTO-003,ZONA-03,MUN-03,CIRC-03,12:14:33,electronico,USR-0022
SUF-0002062,V001793,2026-06-03,1,MESA-055,PUESTO-005,ZONA-05,MUN-05,CIRC-03,08:42:18,manual,USR-0022
SUF-0002063,V003147,2026-06-03,1,MESA-076,PUESTO-001,ZONA-01,MUN-01,CIRC-01,10:59:48,manual,USR-0003
SUF-0002064,V001959,2026-06-03,1,MESA-050,PUESTO-025,ZONA-05,MUN-05,CIRC-05,11:17:40,electronico,USR-0011
SUF-0002065,V000658,2026-06-03,1,MESA-034,PUESTO-009,ZONA-09,MUN-04,CIRC-04,09:32:09,electronico,USR-0024
SUF-0002066,V003569,2026-06-03,1,MESA-036,PUESTO-011,ZONA-01,MUN-01,CIRC-01,10:32:34,manual,USR-0007
SUF-0002067,V001369,2026-06-03,1,MESA-026,PUESTO-001,ZONA-01,MUN-01,CIRC-01,09:10:02,electronico,USR-0004
SUF-0002068,V000490,2026-06-03,1,MESA-061,PUESTO-011,ZONA-01,MUN-01,CIRC-01,15:15:29,electronico,USR-0016
SUF-0002069,V003907,2026-06-03,1,MESA-062,PUESTO-012,ZONA-02,MUN-02,CIRC-02,08:01:57,manual,USR-0022
SUF-0002070,V001704,2026-06-03,1,MESA-058,PUESTO-008,ZONA-08,MUN-03,CIRC-03,12:49:49,manual,USR-0025
SUF-0002071,V004021,2026-06-03,1,MESA-019,PUESTO-019,ZONA-09,MUN-04,CIRC-04,13:43:15,electronico,USR-0016
SUF-0002072,V004543,2026-06-03,1,MESA-073,PUESTO-023,ZONA-03,MUN-03,CIRC-03,09:48:27,electronico,USR-0016
SUF-0002073,V002254,2026-06-03,1,MESA-015,PUESTO-015,ZONA-05,MUN-05,CIRC-05,15:59:26,manual,USR-0021
SUF-0002074,V002275,2026-06-03,1,MESA-002,PUESTO-002,ZONA-02,MUN-02,CIRC-02,09:39:09,electronico,USR-0024
SUF-0002075,V003822,2026-06-03,1,MESA-052,PUESTO-002,ZONA-02,MUN-02,CIRC-02,09:28:56,electronico,USR-0023
SUF-0002076,V002866,2026-06-03,1,MESA-051,PUESTO-001,ZONA-01,MUN-01,CIRC-01,10:35:24,electronico,USR-0010
SUF-0002077,V002402,2026-06-03,1,MESA-076,PUESTO-001,ZONA-01,MUN-01,CIRC-01,11:27:51,electronico,USR-0012
SUF-0002078,V003976,2026-06-03,1,MESA-050,PUESTO-025,ZONA-05,MUN-05,CIRC-05,13:23:18,electronico,USR-0007
SUF-0002079,V002565,2026-06-03,1,MESA-071,PUESTO-021,ZONA-01,MUN-01,CIRC-01,15:09:10,manual,USR-0019
SUF-0002080,V003067,2026-06-03,1,MESA-063,PUESTO-013,ZONA-03,MUN-03,CIRC-03,14:57:13,manual,USR-0020
SUF-0002081,V003606,2026-06-03,1,MESA-012,PUESTO-012,ZONA-02,MUN-02,CIRC-02,12:46:29,electronico,USR-0003
SUF-0002082,V004840,2026-06-03,1,MESA-024,PUESTO-024,ZONA-04,MUN-04,CIRC-04,10:30:54,manual,USR-0010
SUF-0002083,V004192,2026-06-03,1,MESA-033,PUESTO-008,ZONA-08,MUN-03,CIRC-03,10:40:46,manual,USR-0010
SUF-0002084,V001630,2026-06-03,1,MESA-049,PUESTO-024,ZONA-04,MUN-04,CIRC-05,10:52:25,electronico,USR-0021
SUF-0002085,V003229,2026-06-03,1,MESA-055,PUESTO-005,ZONA-05,MUN-05,CIRC-05,13:04:37,electronico,USR-0004
SUF-0002086,V002959,2026-06-03,1,MESA-016,PUESTO-016,ZONA-06,MUN-01,CIRC-01,13:12:27,electronico,USR-0017
SUF-0002087,V002895,2026-06-03,1,MESA-021,PUESTO-021,ZONA-01,MUN-01,CIRC-01,14:10:52,electronico,USR-0004
SUF-0002088,V003385,2026-06-03,1,MESA-015,PUESTO-015,ZONA-05,MUN-05,CIRC-05,09:51:58,manual,USR-0011
SUF-0002089,V000787,2026-06-03,1,MESA-064,PUESTO-014,ZONA-04,MUN-04,CIRC-04,10:56:15,electronico,USR-0011
SUF-0002090,V002916,2026-06-03,1,MESA-023,PUESTO-023,ZONA-03,MUN-03,CIRC-03,13:46:32,electronico,USR-0016
SUF-0002091,V004566,2026-06-03,1,MESA-014,PUESTO-014,ZONA-04,MUN-04,CIRC-04,11:39:36,manual,USR-0012
SUF-0002092,V001322,2026-06-03,1,MESA-079,PUESTO-004,ZONA-04,MUN-04,CIRC-05,10:58:30,electronico,USR-0021
SUF-0002093,V003372,2026-06-03,1,MESA-064,PUESTO-014,ZONA-04,MUN-04,CIRC-04,12:54:47,manual,USR-0025
SUF-0002094,V002039,2026-06-03,1,MESA-006,PUESTO-006,ZONA-06,MUN-01,CIRC-01,12:20:35,electronico,USR-0011
SUF-0002095,V004443,2026-06-03,1,MESA-011,PUESTO-011,ZONA-01,MUN-01,CIRC-01,09:37:18,manual,USR-0010
SUF-0002096,V004472,2026-06-03,1,MESA-052,PUESTO-002,ZONA-02,MUN-02,CIRC-02,09:49:40,electronico,USR-0017
SUF-0002097,V003127,2026-06-03,1,MESA-062,PUESTO-012,ZONA-02,MUN-02,CIRC-02,15:23:58,electronico,USR-0013
SUF-0002098,V002302,2026-06-03,1,MESA-017,PUESTO-017,ZONA-07,MUN-02,CIRC-02,10:07:28,manual,USR-0010
SUF-0002099,V004857,2026-06-03,1,MESA-072,PUESTO-022,ZONA-02,MUN-02,CIRC-02,08:06:25,manual,USR-0012
SUF-0002100,V004815,2026-06-03,1,MESA-045,PUESTO-020,ZONA-10,MUN-05,CIRC-05,10:03:59,electronico,USR-0009
SUF-0002101,V003495,2026-06-03,1,MESA-029,PUESTO-004,ZONA-04,MUN-04,CIRC-04,15:54:26,electronico,USR-0022
SUF-0002102,V003114,2026-06-03,1,MESA-066,PUESTO-016,ZONA-06,MUN-01,CIRC-01,09:43:40,electronico,USR-0016
SUF-0002103,V001043,2026-06-03,1,MESA-038,PUESTO-013,ZONA-03,MUN-03,CIRC-03,15:49:59,electronico,USR-0010
SUF-0002104,V004402,2026-06-03,1,MESA-026,PUESTO-001,ZONA-01,MUN-01,CIRC-01,14:52:00,manual,USR-0007
SUF-0002105,V003511,2026-06-03,1,MESA-070,PUESTO-020,ZONA-10,MUN-05,CIRC-05,08:13:56,manual,USR-0004
SUF-0002106,V001583,2026-06-03,1,MESA-036,PUESTO-011,ZONA-01,MUN-01,CIRC-01,13:02:45,electronico,USR-0017
SUF-0002107,V001404,2026-06-03,1,MESA-074,PUESTO-024,ZONA-04,MUN-04,CIRC-04,13:09:42,electronico,USR-0004
SUF-0002108,V004471,2026-06-03,1,MESA-029,PUESTO-004,ZONA-04,MUN-04,CIRC-04,08:57:09,electronico,USR-0022
SUF-0002109,V002940,2026-06-03,1,MESA-073,PUESTO-023,ZONA-03,MUN-03,CIRC-03,10:19:23,manual,USR-0004
SUF-0002110,V001631,2026-06-03,1,MESA-033,PUESTO-008,ZONA-08,MUN-03,CIRC-03,14:42:39,electronico,USR-0013
SUF-0002111,V001782,2026-06-03,1,MESA-039,PUESTO-014,ZONA-04,MUN-04,CIRC-04,15:59:42,manual,USR-0008
SUF-0002112,V004718,2026-06-03,1,MESA-035,PUESTO-010,ZONA-10,MUN-05,CIRC-05,10:19:07,manual,USR-0011
SUF-0002113,V003683,2026-06-03,1,MESA-031,PUESTO-006,ZONA-06,MUN-01,CIRC-01,12:15:20,electronico,USR-0015
SUF-0002114,V002117,2026-06-03,1,MESA-076,PUESTO-001,ZONA-01,MUN-01,CIRC-01,08:31:21,electronico,USR-0007
SUF-0002115,V002323,2026-06-03,1,MESA-073,PUESTO-023,ZONA-03,MUN-03,CIRC-03,09:07:10,electronico,USR-0024
SUF-0002116,V002351,2026-06-03,1,MESA-022,PUESTO-022,ZONA-02,MUN-02,CIRC-02,10:48:10,electronico,USR-0023
SUF-0002117,V001953,2026-06-03,1,MESA-003,PUESTO-003,ZONA-03,MUN-03,CIRC-03,13:58:18,manual,USR-0011
SUF-0002118,V003066,2026-06-03,1,MESA-025,PUESTO-025,ZONA-05,MUN-05,CIRC-05,15:48:25,manual,USR-0006
SUF-0002119,V002272,2026-06-03,1,MESA-057,PUESTO-007,ZONA-07,MUN-02,CIRC-02,10:20:48,electronico,USR-0008
SUF-0002120,V004893,2026-06-03,1,MESA-004,PUESTO-004,ZONA-04,MUN-04,CIRC-04,14:37:16,manual,USR-0015
SUF-0002121,V003840,2026-06-03,1,MESA-045,PUESTO-020,ZONA-10,MUN-05,CIRC-05,12:04:39,electronico,USR-0020
SUF-0002122,V001187,2026-06-03,1,MESA-031,PUESTO-006,ZONA-06,MUN-01,CIRC-01,14:27:54,manual,USR-0012
SUF-0002123,V004725,2026-06-03,1,MESA-062,PUESTO-012,ZONA-02,MUN-02,CIRC-02,13:02:47,electronico,USR-0006
SUF-0002124,V004905,2026-06-03,1,MESA-042,PUESTO-017,ZONA-07,MUN-02,CIRC-02,09:28:12,manual,USR-0004
SUF-0002125,V002583,2026-06-03,1,MESA-037,PUESTO-012,ZONA-02,MUN-02,CIRC-02,15:33:22,manual,USR-0008
SUF-0002126,V001184,2026-06-03,1,MESA-066,PUESTO-016,ZONA-06,MUN-01,CIRC-01,15:35:56,manual,USR-0009
SUF-0002127,V002715,2026-06-03,1,MESA-015,PUESTO-015,ZONA-05,MUN-05,CIRC-05,15:46:56,electronico,USR-0014
SUF-0002128,V000115,2026-06-03,1,MESA-011,PUESTO-011,ZONA-01,MUN-01,CIRC-01,11:56:48,electronico,USR-0012
SUF-0002129,V004198,2026-06-03,1,MESA-070,PUESTO-020,ZONA-10,MUN-05,CIRC-05,10:14:15,manual,USR-0005
SUF-0002130,V002912,2026-06-03,1,MESA-005,PUESTO-005,ZONA-05,MUN-05,CIRC-05,08:33:17,electronico,USR-0021
SUF-0002131,V000427,2026-06-03,1,MESA-079,PUESTO-004,ZONA-04,MUN-04,CIRC-04,12:27:20,electronico,USR-0003
SUF-0002132,V002837,2026-06-03,1,MESA-018,PUESTO-018,ZONA-08,MUN-03,CIRC-03,09:31:00,electronico,USR-0016
SUF-0002133,V004792,2026-06-03,1,MESA-009,PUESTO-009,ZONA-09,MUN-04,CIRC-04,08:42:11,electronico,USR-0024
SUF-0002134,V003167,2026-06-03,1,MESA-066,PUESTO-016,ZONA-06,MUN-01,CIRC-01,13:52:58,electronico,USR-0016
SUF-0002135,V001508,2026-06-03,1,MESA-076,PUESTO-001,ZONA-01,MUN-01,CIRC-01,12:29:25,manual,USR-0023
SUF-0002136,V001400,2026-06-03,1,MESA-063,PUESTO-013,ZONA-03,MUN-03,CIRC-03,09:12:57,electronico,USR-0009
SUF-0002137,V004781,2026-06-03,1,MESA-071,PUESTO-021,ZONA-01,MUN-01,CIRC-01,08:47:17,electronico,USR-0005
SUF-0002138,V003489,2026-06-03,1,MESA-039,PUESTO-014,ZONA-04,MUN-04,CIRC-04,10:33:18,electronico,USR-0007
SUF-0002139,V002664,2026-06-03,1,MESA-058,PUESTO-008,ZONA-08,MUN-03,CIRC-03,12:36:51,electronico,USR-0007
SUF-0002140,V001408,2026-06-03,1,MESA-034,PUESTO-009,ZONA-09,MUN-04,CIRC-04,13:12:49,manual,USR-0021
SUF-0002141,V003531,2026-06-03,1,MESA-013,PUESTO-013,ZONA-03,MUN-03,CIRC-03,13:05:01,electronico,USR-0014
SUF-0002142,V003886,2026-06-03,1,MESA-004,PUESTO-004,ZONA-04,MUN-04,CIRC-04,09:16:38,electronico,USR-0003
SUF-0002143,V004213,2026-06-03,1,MESA-027,PUESTO-002,ZONA-02,MUN-02,CIRC-02,13:05:28,electronico,USR-0003
SUF-0002144,V000947,2026-06-03,1,MESA-017,PUESTO-017,ZONA-07,MUN-02,CIRC-02,14:07:47,manual,USR-0010
SUF-0002145,V002321,2026-06-03,1,MESA-008,PUESTO-008,ZONA-08,MUN-03,CIRC-03,12:08:36,manual,USR-0013
SUF-0002146,V002401,2026-06-03,1,MESA-042,PUESTO-017,ZONA-07,MUN-02,CIRC-02,15:31:54,manual,USR-0014
SUF-0002147,V002026,2026-06-03,1,MESA-080,PUESTO-005,ZONA-05,MUN-05,CIRC-05,15:22:09,electronico,USR-0009
SUF-0002148,V000979,2026-06-03,1,MESA-064,PUESTO-014,ZONA-04,MUN-04,CIRC-04,14:57:55,manual,USR-0019
SUF-0002149,V001078,2026-06-03,1,MESA-021,PUESTO-021,ZONA-01,MUN-01,CIRC-01,13:47:03,manual,USR-0020
SUF-0002150,V001509,2026-06-03,1,MESA-022,PUESTO-022,ZONA-02,MUN-02,CIRC-02,12:33:50,manual,USR-0015
SUF-0002151,V002129,2026-06-03,1,MESA-043,PUESTO-018,ZONA-08,MUN-03,CIRC-03,09:18:29,electronico,USR-0006
SUF-0002152,V001754,2026-06-03,1,MESA-042,PUESTO-017,ZONA-07,MUN-02,CIRC-02,09:57:08,electronico,USR-0022
SUF-0002153,V004791,2026-06-03,1,MESA-045,PUESTO-020,ZONA-10,MUN-05,CIRC-05,10:44:22,electronico,USR-0014
SUF-0002154,V000369,2026-06-03,1,MESA-065,PUESTO-015,ZONA-05,MUN-05,CIRC-05,09:28:42,electronico,USR-0005
SUF-0002155,V001379,2026-06-03,1,MESA-064,PUESTO-014,ZONA-04,MUN-04,CIRC-04,10:53:21,manual,USR-0025
SUF-0002156,V001938,2026-06-03,1,MESA-005,PUESTO-005,ZONA-05,MUN-05,CIRC-05,12:31:22,manual,USR-0005
SUF-0002157,V002972,2026-06-03,1,MESA-069,PUESTO-019,ZONA-09,MUN-04,CIRC-04,07:04:00,electronico,USR-0012
SUF-0002158,V002204,2026-06-03,1,MESA-039,PUESTO-014,ZONA-04,MUN-04,CIRC-04,14:16:06,manual,USR-0023
SUF-0002159,V004057,2026-06-03,1,MESA-003,PUESTO-003,ZONA-03,MUN-03,CIRC-03,09:34:06,manual,USR-0013
SUF-0002160,V002310,2026-06-03,1,MESA-077,PUESTO-002,ZONA-02,MUN-02,CIRC-02,09:33:17,electronico,USR-0010
SUF-0002161,V001660,2026-06-03,1,MESA-068,PUESTO-018,ZONA-08,MUN-03,CIRC-03,14:13:55,electronico,USR-0010
SUF-0002162,V004480,2026-06-03,1,MESA-063,PUESTO-013,ZONA-03,MUN-03,CIRC-03,09:04:14,electronico,USR-0016
SUF-0002163,V001362,2026-06-03,1,MESA-047,PUESTO-022,ZONA-02,MUN-02,CIRC-02,10:50:22,manual,USR-0007
SUF-0002164,V001071,2026-06-03,1,MESA-047,PUESTO-022,ZONA-02,MUN-02,CIRC-02,11:44:23,manual,USR-0005
SUF-0002165,V000400,2026-06-03,1,MESA-035,PUESTO-010,ZONA-10,MUN-05,CIRC-03,09:33:07,electronico,USR-0007
SUF-0002166,V001612,2026-06-03,1,MESA-058,PUESTO-008,ZONA-08,MUN-03,CIRC-03,12:44:20,manual,USR-0003
SUF-0002167,V001033,2026-06-03,1,MESA-049,PUESTO-024,ZONA-04,MUN-04,CIRC-04,12:54:07,electronico,USR-0010
SUF-0002168,V001685,2026-06-03,1,MESA-046,PUESTO-021,ZONA-01,MUN-01,CIRC-01,11:08:29,manual,USR-0024
SUF-0002169,V003879,2026-06-03,1,MESA-026,PUESTO-001,ZONA-01,MUN-01,CIRC-01,12:04:46,electronico,USR-0014
SUF-0002170,V004534,2026-06-03,1,MESA-079,PUESTO-004,ZONA-04,MUN-04,CIRC-04,12:24:57,electronico,USR-0004
SUF-0002171,V001378,2026-06-03,1,MESA-003,PUESTO-003,ZONA-03,MUN-03,CIRC-03,09:46:47,electronico,USR-0011
SUF-0002172,V004838,2026-06-03,1,MESA-063,PUESTO-013,ZONA-03,MUN-03,CIRC-03,14:24:25,electronico,USR-0008
SUF-0002173,V002172,2026-06-03,1,MESA-075,PUESTO-025,ZONA-05,MUN-05,CIRC-05,13:25:04,electronico,USR-0022
SUF-0002174,V000485,2026-06-03,1,MESA-032,PUESTO-007,ZONA-07,MUN-02,CIRC-02,13:41:40,manual,USR-0005
SUF-0002175,V001541,2026-06-03,1,MESA-043,PUESTO-018,ZONA-08,MUN-03,CIRC-03,15:08:08,electronico,USR-0016
SUF-0002176,V003813,2026-06-03,1,MESA-030,PUESTO-005,ZONA-05,MUN-05,CIRC-05,13:15:10,electronico,USR-0006
SUF-0002177,V004131,2026-06-03,1,MESA-076,PUESTO-001,ZONA-01,MUN-01,CIRC-01,10:18:10,electronico,USR-0004
SUF-0002178,V003195,2026-06-03,1,MESA-027,PUESTO-002,ZONA-02,MUN-02,CIRC-02,11:47:16,manual,USR-0021
SUF-0002179,V002714,2026-06-03,1,MESA-075,PUESTO-025,ZONA-05,MUN-05,CIRC-05,09:20:14,manual,USR-0014
SUF-0002180,V003940,2026-06-03,1,MESA-008,PUESTO-008,ZONA-08,MUN-03,CIRC-03,09:50:27,electronico,USR-0025
SUF-0002181,V000451,2026-06-03,1,MESA-023,PUESTO-023,ZONA-03,MUN-03,CIRC-03,14:26:50,manual,USR-0010
SUF-0002182,V003356,2026-06-03,1,MESA-071,PUESTO-021,ZONA-01,MUN-01,CIRC-01,09:15:55,electronico,USR-0012
SUF-0002183,V002380,2026-06-03,1,MESA-023,PUESTO-023,ZONA-03,MUN-03,CIRC-03,09:56:42,electronico,USR-0006
SUF-0002184,V001356,2026-06-03,1,MESA-061,PUESTO-011,ZONA-01,MUN-01,CIRC-01,17:39:00,electronico,USR-0021
SUF-0002185,V001104,2026-06-03,1,MESA-062,PUESTO-012,ZONA-02,MUN-02,CIRC-02,08:39:54,manual,USR-0011
SUF-0002186,V002015,2026-06-03,1,MESA-017,PUESTO-017,ZONA-07,MUN-02,CIRC-02,08:14:29,manual,USR-0023
SUF-0002187,V004203,2026-06-03,1,MESA-028,PUESTO-003,ZONA-03,MUN-03,CIRC-04,14:53:47,electronico,USR-0017
SUF-0002188,V001083,2026-06-03,1,MESA-052,PUESTO-002,ZONA-02,MUN-02,CIRC-02,12:54:56,electronico,USR-0020
SUF-0002189,V001283,2026-06-03,1,MESA-068,PUESTO-018,ZONA-08,MUN-03,CIRC-03,12:42:48,electronico,USR-0010
SUF-0002190,V003148,2026-06-03,1,MESA-015,PUESTO-015,ZONA-05,MUN-05,CIRC-05,09:10:04,electronico,USR-0010
SUF-0002191,V003750,2026-06-03,1,MESA-014,PUESTO-014,ZONA-04,MUN-04,CIRC-04,12:26:32,electronico,USR-0011
SUF-0002192,V000414,2026-06-03,1,MESA-067,PUESTO-017,ZONA-07,MUN-02,CIRC-05,10:39:21,electronico,USR-0009
SUF-0002193,V001490,2026-06-03,1,MESA-066,PUESTO-016,ZONA-06,MUN-01,CIRC-01,10:11:59,electronico,USR-0007
SUF-0002194,V002000,2026-06-03,1,MESA-020,PUESTO-020,ZONA-10,MUN-05,CIRC-05,11:08:28,manual,USR-0009
SUF-0002195,V001883,2026-06-03,1,MESA-053,PUESTO-003,ZONA-03,MUN-03,CIRC-03,08:04:35,electronico,USR-0022
SUF-0002196,V002290,2026-06-03,1,MESA-008,PUESTO-008,ZONA-08,MUN-03,CIRC-03,11:30:53,electronico,USR-0011
SUF-0002197,V003156,2026-06-03,1,MESA-046,PUESTO-021,ZONA-01,MUN-01,CIRC-01,08:48:35,manual,USR-0023
SUF-0002198,V004941,2026-06-03,1,MESA-007,PUESTO-007,ZONA-07,MUN-02,CIRC-02,14:08:28,electronico,USR-0010
SUF-0002199,V001733,2026-06-03,1,MESA-044,PUESTO-019,ZONA-09,MUN-04,CIRC-04,13:02:17,electronico,USR-0010
SUF-0002200,V000274,2026-06-03,1,MESA-002,PUESTO-002,ZONA-02,MUN-02,CIRC-02,12:01:13,electronico,USR-0020
SUF-0002201,V001417,2026-06-03,1,MESA-049,PUESTO-024,ZONA-04,MUN-04,CIRC-04,15:51:35,electronico,USR-0024
SUF-0002202,V001939,2026-06-03,1,MESA-013,PUESTO-013,ZONA-03,MUN-03,CIRC-03,15:29:13,electronico,USR-0008
SUF-0002203,V002156,2026-06-03,1,MESA-023,PUESTO-023,ZONA-03,MUN-03,CIRC-03,10:24:09,electronico,USR-0008
SUF-0002204,V000540,2026-06-03,1,MESA-014,PUESTO-014,ZONA-04,MUN-04,CIRC-04,09:09:32,electronico,USR-0014
SUF-0002205,V001955,2026-06-03,1,MESA-031,PUESTO-006,ZONA-06,MUN-01,CIRC-01,15:26:38,manual,USR-0025
SUF-0002206,V003639,2026-06-03,1,MESA-026,PUESTO-001,ZONA-01,MUN-01,CIRC-01,13:00:54,electronico,USR-0010
SUF-0002207,V004705,2026-06-03,1,MESA-029,PUESTO-004,ZONA-04,MUN-04,CIRC-04,14:58:19,electronico,USR-0007
SUF-0002208,V002898,2026-06-03,1,MESA-004,PUESTO-004,ZONA-04,MUN-04,CIRC-04,13:06:01,electronico,USR-0013
SUF-0002209,V000975,2026-06-03,1,MESA-015,PUESTO-015,ZONA-05,MUN-05,CIRC-05,09:56:25,electronico,USR-0015
SUF-0002210,V004320,2026-06-03,1,MESA-055,PUESTO-005,ZONA-05,MUN-05,CIRC-05,09:11:19,electronico,USR-0013
SUF-0002211,V004056,2026-06-03,1,MESA-019,PUESTO-019,ZONA-09,MUN-04,CIRC-04,13:11:51,manual,USR-0016
SUF-0002212,V001918,2026-06-03,1,MESA-027,PUESTO-002,ZONA-02,MUN-02,CIRC-02,11:24:02,electronico,USR-0010
SUF-0002213,V000935,2026-06-03,1,MESA-004,PUESTO-004,ZONA-04,MUN-04,CIRC-04,15:07:25,electronico,USR-0006
SUF-0002214,V002316,2026-06-03,1,MESA-072,PUESTO-022,ZONA-02,MUN-02,CIRC-03,10:21:33,manual,USR-0016
SUF-0002215,V001348,2026-06-03,1,MESA-041,PUESTO-016,ZONA-06,MUN-01,CIRC-01,09:31:00,electronico,USR-0008
SUF-0002216,V001036,2026-06-03,1,MESA-069,PUESTO-019,ZONA-09,MUN-04,CIRC-04,11:44:14,manual,USR-0014
SUF-0002217,V001926,2026-06-03,1,MESA-061,PUESTO-011,ZONA-01,MUN-01,CIRC-01,11:39:52,electronico,USR-0021
SUF-0002218,V000588,2026-06-03,1,MESA-026,PUESTO-001,ZONA-01,MUN-01,CIRC-01,10:57:14,electronico,USR-0004
SUF-0002219,V003450,2026-06-03,1,MESA-038,PUESTO-013,ZONA-03,MUN-03,CIRC-03,11:29:25,manual,USR-0015
SUF-0002220,V003838,2026-06-03,1,MESA-016,PUESTO-016,ZONA-06,MUN-01,CIRC-01,08:49:32,electronico,USR-0011
SUF-0002221,V001887,2026-06-03,1,MESA-038,PUESTO-013,ZONA-03,MUN-03,CIRC-03,12:13:46,electronico,USR-0022
SUF-0002222,V001697,2026-06-03,1,MESA-044,PUESTO-019,ZONA-09,MUN-04,CIRC-04,10:28:49,electronico,USR-0007
SUF-0002223,V001020,2026-06-03,1,MESA-042,PUESTO-017,ZONA-07,MUN-02,CIRC-02,15:20:59,electronico,USR-0008
SUF-0002224,V002852,2026-06-03,1,MESA-069,PUESTO-019,ZONA-09,MUN-04,CIRC-04,10:45:19,manual,USR-0008
SUF-0002225,V001928,2026-06-03,1,MESA-020,PUESTO-020,ZONA-10,MUN-05,CIRC-05,15:56:18,manual,USR-0017
SUF-0002226,V000951,2026-06-03,1,MESA-039,PUESTO-014,ZONA-04,MUN-04,CIRC-04,14:12:11,electronico,USR-0011
SUF-0002227,V002120,2026-06-03,1,MESA-039,PUESTO-014,ZONA-04,MUN-04,CIRC-04,14:34:01,electronico,USR-0009
SUF-0002228,V001587,2026-06-03,1,MESA-053,PUESTO-003,ZONA-03,MUN-03,CIRC-03,09:36:33,electronico,USR-0012
SUF-0002229,V002384,2026-06-03,1,MESA-077,PUESTO-002,ZONA-02,MUN-02,CIRC-02,10:39:12,electronico,USR-0019
SUF-0002230,V002624,2026-06-03,1,MESA-016,PUESTO-016,ZONA-06,MUN-01,CIRC-01,08:35:27,electronico,USR-0007
SUF-0002231,V000584,2026-06-03,1,MESA-063,PUESTO-013,ZONA-03,MUN-03,CIRC-03,13:52:55,electronico,USR-0021
SUF-0002232,V004584,2026-06-03,1,MESA-039,PUESTO-014,ZONA-04,MUN-04,CIRC-04,15:24:59,manual,USR-0020
SUF-0002233,V004118,2026-06-03,1,MESA-044,PUESTO-019,ZONA-09,MUN-04,CIRC-04,08:20:57,electronico,USR-0013
SUF-0002234,V002885,2026-06-03,1,MESA-080,PUESTO-005,ZONA-05,MUN-05,CIRC-05,14:04:08,manual,USR-0009
SUF-0002235,V000949,2026-06-03,1,MESA-046,PUESTO-021,ZONA-01,MUN-01,CIRC-01,10:42:24,manual,USR-0022
SUF-0002236,V004644,2026-06-03,1,MESA-041,PUESTO-016,ZONA-06,MUN-01,CIRC-01,12:21:12,manual,USR-0011
SUF-0002237,V003722,2026-06-03,1,MESA-069,PUESTO-019,ZONA-09,MUN-04,CIRC-04,08:57:16,electronico,USR-0016
SUF-0002238,V002159,2026-06-03,1,MESA-028,PUESTO-003,ZONA-03,MUN-03,CIRC-03,09:27:08,electronico,USR-0010
SUF-0002239,V003162,2026-06-03,1,MESA-029,PUESTO-004,ZONA-04,MUN-04,CIRC-04,12:19:01,electronico,USR-0019
SUF-0002240,V003587,2026-06-03,1,MESA-033,PUESTO-008,ZONA-08,MUN-03,CIRC-03,15:29:10,electronico,USR-0025
SUF-0002241,V001233,2026-06-03,1,MESA-013,PUESTO-013,ZONA-03,MUN-03,CIRC-03,12:03:17,electronico,USR-0015
SUF-0002242,V004807,2026-06-03,1,MESA-069,PUESTO-019,ZONA-09,MUN-04,CIRC-04,12:03:21,electronico,USR-0011
SUF-0002243,V000581,2026-06-03,1,MESA-076,PUESTO-001,ZONA-01,MUN-01,CIRC-01,12:32:31,manual,USR-0024
SUF-0002244,V003769,2026-06-03,1,MESA-046,PUESTO-021,ZONA-01,MUN-01,CIRC-01,10:14:26,manual,USR-0012
SUF-0002245,V000370,2026-06-03,1,MESA-054,PUESTO-004,ZONA-04,MUN-04,CIRC-04,13:51:52,electronico,USR-0007
SUF-0002246,V001820,2026-06-03,1,MESA-079,PUESTO-004,ZONA-04,MUN-04,CIRC-04,09:03:03,electronico,USR-0016
SUF-0002247,V003425,2026-06-03,1,MESA-001,PUESTO-001,ZONA-01,MUN-01,CIRC-01,10:58:30,electronico,USR-0024
SUF-0002248,V001667,2026-06-03,1,MESA-069,PUESTO-019,ZONA-09,MUN-04,CIRC-04,10:21:22,electronico,USR-0017
SUF-0002249,V004321,2026-06-03,1,MESA-077,PUESTO-002,ZONA-02,MUN-02,CIRC-02,09:30:11,manual,USR-0011
SUF-0002250,V004577,2026-06-03,1,MESA-054,PUESTO-004,ZONA-04,MUN-04,CIRC-04,11:58:09,manual,USR-0010
SUF-0002251,V000027,2026-06-03,1,MESA-057,PUESTO-007,ZONA-07,MUN-02,CIRC-02,08:14:27,electronico,USR-0012
SUF-0002252,V003622,2026-06-03,1,MESA-054,PUESTO-004,ZONA-04,MUN-04,CIRC-04,15:53:11,electronico,USR-0022
SUF-0002253,V000988,2026-06-03,1,MESA-044,PUESTO-019,ZONA-09,MUN-04,CIRC-04,09:42:53,electronico,USR-0014
SUF-0002254,V000603,2026-06-03,1,MESA-080,PUESTO-005,ZONA-05,MUN-05,CIRC-05,11:43:40,manual,USR-0021
SUF-0002255,V000384,2026-06-03,1,MESA-023,PUESTO-023,ZONA-03,MUN-03,CIRC-03,08:55:29,electronico,USR-0010
SUF-0002256,V004260,2026-06-03,1,MESA-007,PUESTO-007,ZONA-07,MUN-02,CIRC-02,15:26:11,electronico,USR-0004
SUF-0002257,V004891,2026-06-03,1,MESA-006,PUESTO-006,ZONA-06,MUN-01,CIRC-01,08:19:48,manual,USR-0003
SUF-0002258,V003422,2026-06-03,1,MESA-027,PUESTO-002,ZONA-02,MUN-02,CIRC-02,15:36:50,manual,USR-0014
SUF-0002259,V002561,2026-06-03,1,MESA-037,PUESTO-012,ZONA-02,MUN-02,CIRC-02,10:43:33,manual,USR-0024
SUF-0002260,V004307,2026-06-03,1,MESA-062,PUESTO-012,ZONA-02,MUN-02,CIRC-02,15:40:03,manual,USR-0024
SUF-0002261,V001870,2026-06-03,1,MESA-064,PUESTO-014,ZONA-04,MUN-04,CIRC-04,08:13:29,manual,USR-0019
SUF-0002262,V001748,2026-06-03,1,MESA-027,PUESTO-002,ZONA-02,MUN-02,CIRC-02,11:08:29,electronico,USR-0016
SUF-0002263,V000063,2026-06-03,1,MESA-019,PUESTO-019,ZONA-09,MUN-04,CIRC-04,15:23:21,electronico,USR-0007
SUF-0002264,V003449,2026-06-03,1,MESA-006,PUESTO-006,ZONA-06,MUN-01,CIRC-01,14:14:57,electronico,USR-0003
SUF-0002265,V001062,2026-06-03,1,MESA-080,PUESTO-005,ZONA-05,MUN-05,CIRC-05,13:25:57,electronico,USR-0009
SUF-0002266,V003571,2026-06-03,1,MESA-017,PUESTO-017,ZONA-07,MUN-02,CIRC-02,13:06:06,electronico,USR-0022
SUF-0002267,V004257,2026-06-03,1,MESA-054,PUESTO-004,ZONA-04,MUN-04,CIRC-04,12:52:45,manual,USR-0021
SUF-0002268,V004825,2026-06-03,1,MESA-019,PUESTO-019,ZONA-09,MUN-04,CIRC-04,14:48:30,electronico,USR-0010
SUF-0002269,V001132,2026-06-03,1,MESA-030,PUESTO-005,ZONA-05,MUN-05,CIRC-05,12:25:45,electronico,USR-0004
SUF-0002270,V001201,2026-06-03,1,MESA-042,PUESTO-017,ZONA-07,MUN-02,CIRC-02,13:17:37,manual,USR-0015
SUF-0002271,V001002,2026-06-03,1,MESA-019,PUESTO-019,ZONA-09,MUN-04,CIRC-04,14:02:40,electronico,USR-0012
SUF-0002272,V002271,2026-06-03,1,MESA-008,PUESTO-008,ZONA-08,MUN-03,CIRC-03,11:22:54,electronico,USR-0020
SUF-0002273,V002391,2026-06-03,1,MESA-047,PUESTO-022,ZONA-02,MUN-02,CIRC-02,13:35:58,manual,USR-0010
SUF-0002274,V001446,2026-06-03,1,MESA-008,PUESTO-008,ZONA-08,MUN-03,CIRC-03,13:01:10,electronico,USR-0006
SUF-0002275,V003417,2026-06-03,1,MESA-002,PUESTO-002,ZONA-02,MUN-02,CIRC-02,13:11:33,electronico,USR-0024
SUF-0002276,V001334,2026-06-03,1,MESA-038,PUESTO-013,ZONA-03,MUN-03,CIRC-03,09:05:47,electronico,USR-0004
SUF-0002277,V001139,2026-06-03,1,MESA-015,PUESTO-015,ZONA-05,MUN-05,CIRC-05,15:03:06,manual,USR-0006
SUF-0002278,V003133,2026-06-03,1,MESA-003,PUESTO-003,ZONA-03,MUN-03,CIRC-03,16:30:00,manual,USR-0011
SUF-0002279,V001951,2026-06-03,1,MESA-047,PUESTO-022,ZONA-02,MUN-02,CIRC-02,15:26:11,electronico,USR-0010
SUF-0002280,V001634,2026-06-03,1,MESA-062,PUESTO-012,ZONA-02,MUN-02,CIRC-02,10:59:06,electronico,USR-0010
SUF-0002281,V001544,2026-06-03,1,MESA-010,PUESTO-010,ZONA-10,MUN-05,CIRC-05,10:40:02,electronico,USR-0004
SUF-0002282,V003885,2026-06-03,1,MESA-045,PUESTO-020,ZONA-10,MUN-05,CIRC-05,11:27:16,electronico,USR-0010
SUF-0002283,V004284,2026-06-03,1,MESA-008,PUESTO-008,ZONA-08,MUN-03,CIRC-03,15:31:58,electronico,USR-0014
SUF-0002284,V000682,2026-06-03,1,MESA-049,PUESTO-024,ZONA-04,MUN-04,CIRC-04,14:56:48,electronico,USR-0007
SUF-0002285,V000134,2026-06-03,1,MESA-078,PUESTO-003,ZONA-03,MUN-03,CIRC-03,12:43:04,electronico,USR-0010
SUF-0002286,V004628,2026-06-03,1,MESA-051,PUESTO-001,ZONA-01,MUN-01,CIRC-01,15:42:09,electronico,USR-0010
SUF-0002287,V001483,2026-06-03,1,MESA-042,PUESTO-017,ZONA-07,MUN-02,CIRC-02,15:00:34,electronico,USR-0010
SUF-0002288,V003261,2026-06-03,1,MESA-019,PUESTO-019,ZONA-09,MUN-04,CIRC-04,15:06:11,manual,USR-0023
SUF-0002289,V000888,2026-06-03,1,MESA-009,PUESTO-009,ZONA-09,MUN-04,CIRC-04,07:44:00,electronico,USR-0003
SUF-0002290,V003332,2026-06-03,1,MESA-028,PUESTO-003,ZONA-03,MUN-03,CIRC-03,09:03:04,manual,USR-0024
SUF-0002291,V002619,2026-06-03,1,MESA-014,PUESTO-014,ZONA-04,MUN-04,CIRC-04,11:27:45,electronico,USR-0006
SUF-0002292,V000546,2026-06-03,1,MESA-055,PUESTO-005,ZONA-05,MUN-05,CIRC-05,11:35:27,electronico,USR-0006
SUF-0002293,V002832,2026-06-03,1,MESA-004,PUESTO-004,ZONA-04,MUN-04,CIRC-04,09:10:11,electronico,USR-0015
SUF-0002294,V001517,2026-06-03,1,MESA-046,PUESTO-021,ZONA-01,MUN-01,CIRC-01,14:54:57,electronico,USR-0011
SUF-0002295,V003125,2026-06-03,1,MESA-062,PUESTO-012,ZONA-02,MUN-02,CIRC-02,11:22:09,electronico,USR-0007
SUF-0002296,V001237,2026-06-03,1,MESA-017,PUESTO-017,ZONA-07,MUN-02,CIRC-02,13:24:06,manual,USR-0022
SUF-0002297,V004253,2026-06-03,1,MESA-002,PUESTO-002,ZONA-02,MUN-02,CIRC-02,12:03:52,electronico,USR-0007
SUF-0002298,V000230,2026-06-03,1,MESA-048,PUESTO-023,ZONA-03,MUN-03,CIRC-03,14:38:25,manual,USR-0010
SUF-0002299,V003978,2026-06-03,1,MESA-009,PUESTO-009,ZONA-09,MUN-04,CIRC-04,09:36:59,electronico,USR-0010
SUF-0002300,V004124,2026-06-03,1,MESA-066,PUESTO-016,ZONA-06,MUN-01,CIRC-01,11:18:16,manual,USR-0013
SUF-0002301,V001958,2026-06-03,1,MESA-072,PUESTO-022,ZONA-02,MUN-02,CIRC-02,11:41:31,electronico,USR-0021
SUF-0002302,V004484,2026-06-03,1,MESA-027,PUESTO-002,ZONA-02,MUN-02,CIRC-02,12:30:23,electronico,USR-0019
SUF-0002303,V001501,2026-06-03,1,MESA-006,PUESTO-006,ZONA-06,MUN-01,CIRC-01,11:32:35,electronico,USR-0021
SUF-0002304,V002657,2026-06-03,1,MESA-074,PUESTO-024,ZONA-04,MUN-04,CIRC-04,08:46:40,manual,USR-0024
SUF-0002305,V003711,2026-06-03,1,MESA-021,PUESTO-021,ZONA-01,MUN-01,CIRC-01,09:23:14,manual,USR-0009
SUF-0002306,V004077,2026-06-03,1,MESA-060,PUESTO-010,ZONA-10,MUN-05,CIRC-05,14:27:35,manual,USR-0022
SUF-0002307,V003060,2026-06-03,1,MESA-054,PUESTO-004,ZONA-04,MUN-04,CIRC-04,10:18:40,manual,USR-0013
SUF-0002308,V002968,2026-06-03,1,MESA-044,PUESTO-019,ZONA-09,MUN-04,CIRC-04,10:59:06,electronico,USR-0021
SUF-0002309,V002398,2026-06-03,1,MESA-008,PUESTO-008,ZONA-08,MUN-03,CIRC-03,14:40:44,electronico,USR-0017
SUF-0002310,V003784,2026-06-03,1,MESA-029,PUESTO-004,ZONA-04,MUN-04,CIRC-04,15:13:20,electronico,USR-0024
SUF-0002311,V003735,2026-06-03,1,MESA-023,PUESTO-023,ZONA-03,MUN-03,CIRC-03,13:13:44,manual,USR-0010
SUF-0002312,V004622,2026-06-03,1,MESA-070,PUESTO-020,ZONA-10,MUN-05,CIRC-05,13:23:06,electronico,USR-0015
SUF-0002313,V002783,2026-06-03,1,MESA-042,PUESTO-017,ZONA-07,MUN-02,CIRC-02,08:53:52,electronico,USR-0008
SUF-0002314,V002093,2026-06-03,1,MESA-023,PUESTO-023,ZONA-03,MUN-03,CIRC-03,10:06:54,manual,USR-0010
SUF-0002315,V001250,2026-06-03,1,MESA-068,PUESTO-018,ZONA-08,MUN-03,CIRC-03,14:30:52,electronico,USR-0008
SUF-0002316,V000551,2026-06-03,1,MESA-018,PUESTO-018,ZONA-08,MUN-03,CIRC-03,08:01:38,electronico,USR-0020
SUF-0002317,V000501,2026-06-03,1,MESA-042,PUESTO-017,ZONA-07,MUN-02,CIRC-02,10:30:03,electronico,USR-0003
SUF-0002318,V003603,2026-06-03,1,MESA-069,PUESTO-019,ZONA-09,MUN-04,CIRC-04,12:13:45,electronico,USR-0023
SUF-0002319,V000421,2026-06-03,1,MESA-059,PUESTO-009,ZONA-09,MUN-04,CIRC-04,12:26:07,electronico,USR-0017
SUF-0002320,V004743,2026-06-03,1,MESA-069,PUESTO-019,ZONA-09,MUN-04,CIRC-04,14:08:07,manual,USR-0003
SUF-0002321,V002553,2026-06-03,1,MESA-034,PUESTO-009,ZONA-09,MUN-04,CIRC-04,12:44:28,electronico,USR-0005
SUF-0002322,V004187,2026-06-03,1,MESA-013,PUESTO-013,ZONA-03,MUN-03,CIRC-03,10:44:39,manual,USR-0009
SUF-0002323,V001571,2026-06-03,1,MESA-035,PUESTO-010,ZONA-10,MUN-05,CIRC-05,08:30:31,manual,USR-0012
SUF-0002324,V002434,2026-06-03,1,MESA-069,PUESTO-019,ZONA-09,MUN-04,CIRC-04,15:32:30,manual,USR-0010
SUF-0002325,V001692,2026-06-03,1,MESA-055,PUESTO-005,ZONA-05,MUN-05,CIRC-05,13:46:35,manual,USR-0011
SUF-0002326,V001799,2026-06-03,1,MESA-062,PUESTO-012,ZONA-02,MUN-02,CIRC-02,12:51:12,manual,USR-0007
SUF-0002327,V000877,2026-06-03,1,MESA-077,PUESTO-002,ZONA-02,MUN-02,CIRC-02,10:11:26,manual,USR-0013
SUF-0002328,V001647,2026-06-03,1,MESA-044,PUESTO-019,ZONA-09,MUN-04,CIRC-04,12:34:56,electronico,USR-0008
SUF-0002329,V003744,2026-06-03,1,MESA-067,PUESTO-017,ZONA-07,MUN-02,CIRC-02,13:10:13,electronico,USR-0024
SUF-0002330,V004075,2026-06-03,1,MESA-077,PUESTO-002,ZONA-02,MUN-02,CIRC-02,14:40:55,manual,USR-0024
SUF-0002331,V001482,2026-06-03,1,MESA-005,PUESTO-005,ZONA-05,MUN-05,CIRC-05,14:02:06,electronico,USR-0014
SUF-0002332,V003548,2026-06-03,1,MESA-047,PUESTO-022,ZONA-02,MUN-02,CIRC-02,09:27:19,electronico,USR-0004
SUF-0002333,V000573,2026-06-03,1,MESA-049,PUESTO-024,ZONA-04,MUN-04,CIRC-04,15:22:27,manual,USR-0025
SUF-0002334,V002760,2026-06-03,1,MESA-066,PUESTO-016,ZONA-06,MUN-01,CIRC-01,11:29:36,electronico,USR-0024
SUF-0002335,V004390,2026-06-03,1,MESA-043,PUESTO-018,ZONA-08,MUN-03,CIRC-03,09:21:00,manual,USR-0019
SUF-0002336,V003400,2026-06-03,1,MESA-076,PUESTO-001,ZONA-01,MUN-01,CIRC-01,12:04:10,electronico,USR-0010
SUF-0002337,V003387,2026-06-03,1,MESA-073,PUESTO-023,ZONA-03,MUN-03,CIRC-03,12:44:26,manual,USR-0010
SUF-0002338,V001149,2026-06-03,1,MESA-001,PUESTO-001,ZONA-01,MUN-01,CIRC-01,15:32:58,electronico,USR-0005
SUF-0002339,V000945,2026-06-03,1,MESA-001,PUESTO-001,ZONA-01,MUN-01,CIRC-01,12:11:06,electronico,USR-0010
SUF-0002340,V001513,2026-06-03,1,MESA-065,PUESTO-015,ZONA-05,MUN-05,CIRC-05,14:12:57,electronico,USR-0025
SUF-0002341,V004576,2026-06-03,1,MESA-016,PUESTO-016,ZONA-06,MUN-01,CIRC-01,15:50:09,electronico,USR-0021
SUF-0002342,V003681,2026-06-03,1,MESA-033,PUESTO-008,ZONA-08,MUN-03,CIRC-03,13:40:25,manual,USR-0025
SUF-0002343,V002702,2026-06-03,1,MESA-055,PUESTO-005,ZONA-05,MUN-05,CIRC-05,08:47:08,electronico,USR-0009
SUF-0002344,V002886,2026-06-03,1,MESA-076,PUESTO-001,ZONA-01,MUN-01,CIRC-01,12:02:59,electronico,USR-0014
SUF-0002345,V002727,2026-06-03,1,MESA-071,PUESTO-021,ZONA-01,MUN-01,CIRC-01,10:59:24,manual,USR-0008
SUF-0002346,V000554,2026-06-03,1,MESA-017,PUESTO-017,ZONA-07,MUN-02,CIRC-02,13:44:39,electronico,USR-0010
SUF-0002347,V004632,2026-06-03,1,MESA-032,PUESTO-007,ZONA-07,MUN-02,CIRC-02,09:28:39,manual,USR-0006
SUF-0002348,V003766,2026-06-03,1,MESA-065,PUESTO-015,ZONA-05,MUN-05,CIRC-05,13:25:19,electronico,USR-0006
SUF-0002349,V000142,2026-06-03,1,MESA-025,PUESTO-025,ZONA-05,MUN-05,CIRC-05,10:03:22,electronico,USR-0010
SUF-0002350,V001775,2026-06-03,1,MESA-033,PUESTO-008,ZONA-08,MUN-03,CIRC-03,12:29:32,electronico,USR-0025
SUF-0002351,V001851,2026-06-03,1,MESA-045,PUESTO-020,ZONA-10,MUN-05,CIRC-05,15:58:27,manual,USR-0015
SUF-0002352,V001257,2026-06-03,1,MESA-077,PUESTO-002,ZONA-02,MUN-02,CIRC-02,11:40:34,electronico,USR-0016
SUF-0002353,V003158,2026-06-03,1,MESA-046,PUESTO-021,ZONA-01,MUN-01,CIRC-01,13:51:37,electronico,USR-0008
SUF-0002354,V001112,2026-06-03,1,MESA-040,PUESTO-015,ZONA-05,MUN-05,CIRC-05,08:02:58,electronico,USR-0013
SUF-0002355,V002501,2026-06-03,1,MESA-067,PUESTO-017,ZONA-07,MUN-02,CIRC-02,14:36:50,electronico,USR-0008
SUF-0002356,V001398,2026-06-03,1,MESA-043,PUESTO-018,ZONA-08,MUN-03,CIRC-03,14:36:23,electronico,USR-0016
SUF-0002357,V003612,2026-06-03,1,MESA-061,PUESTO-011,ZONA-01,MUN-01,CIRC-01,15:20:15,electronico,USR-0020
SUF-0002358,V001610,2026-06-03,1,MESA-059,PUESTO-009,ZONA-09,MUN-04,CIRC-04,11:36:44,electronico,USR-0005
SUF-0002359,V003444,2026-06-03,1,MESA-031,PUESTO-006,ZONA-06,MUN-01,CIRC-01,13:28:17,manual,USR-0015
SUF-0002360,V002070,2026-06-03,1,MESA-025,PUESTO-025,ZONA-05,MUN-05,CIRC-05,14:57:47,electronico,USR-0022
SUF-0002361,V002127,2026-06-03,1,MESA-021,PUESTO-021,ZONA-01,MUN-01,CIRC-01,08:05:09,electronico,USR-0008
SUF-0002362,V004317,2026-06-03,1,MESA-052,PUESTO-002,ZONA-02,MUN-02,CIRC-02,10:29:57,electronico,USR-0019
SUF-0002363,V000367,2026-06-03,1,MESA-038,PUESTO-013,ZONA-03,MUN-03,CIRC-03,08:31:32,electronico,USR-0003
SUF-0002364,V004612,2026-06-03,1,MESA-022,PUESTO-022,ZONA-02,MUN-02,CIRC-02,09:48:19,manual,USR-0004
SUF-0002365,V004431,2026-06-03,1,MESA-076,PUESTO-001,ZONA-01,MUN-01,CIRC-01,14:33:45,electronico,USR-0011
SUF-0002366,V003136,2026-06-03,1,MESA-078,PUESTO-003,ZONA-03,MUN-03,CIRC-03,09:06:18,electronico,USR-0012
SUF-0002367,V001376,2026-06-03,1,MESA-039,PUESTO-014,ZONA-04,MUN-04,CIRC-04,15:46:45,manual,USR-0015
SUF-0002368,V004410,2026-06-03,1,MESA-073,PUESTO-023,ZONA-03,MUN-03,CIRC-03,11:41:06,electronico,USR-0021
SUF-0002369,V002958,2026-06-03,1,MESA-032,PUESTO-007,ZONA-07,MUN-02,CIRC-02,09:53:15,manual,USR-0014
SUF-0002370,V003191,2026-06-03,1,MESA-010,PUESTO-010,ZONA-10,MUN-05,CIRC-05,15:46:05,manual,USR-0009
SUF-0002371,V004913,2026-06-03,1,MESA-045,PUESTO-020,ZONA-10,MUN-05,CIRC-05,10:37:28,manual,USR-0006
SUF-0002372,V004271,2026-06-03,1,MESA-055,PUESTO-005,ZONA-05,MUN-05,CIRC-05,15:17:50,electronico,USR-0022
SUF-0002373,V001764,2026-06-03,1,MESA-004,PUESTO-004,ZONA-04,MUN-04,CIRC-02,15:39:28,manual,USR-0014
SUF-0002374,V003505,2026-06-03,1,MESA-013,PUESTO-013,ZONA-03,MUN-03,CIRC-03,13:19:50,manual,USR-0022
SUF-0002375,V004449,2026-06-03,1,MESA-048,PUESTO-023,ZONA-03,MUN-03,CIRC-03,12:06:27,manual,USR-0006
SUF-0002376,V000253,2026-06-03,1,MESA-079,PUESTO-004,ZONA-04,MUN-04,CIRC-04,08:00:47,manual,USR-0011
SUF-0002377,V002531,2026-06-03,1,MESA-073,PUESTO-023,ZONA-03,MUN-03,CIRC-03,14:45:02,manual,USR-0020
SUF-0002378,V004495,2026-06-03,1,MESA-035,PUESTO-010,ZONA-10,MUN-05,CIRC-05,12:21:20,electronico,USR-0017
SUF-0002379,V004450,2026-06-03,1,MESA-020,PUESTO-020,ZONA-10,MUN-05,CIRC-05,12:59:34,electronico,USR-0007
SUF-0002380,V001000,2026-06-03,1,MESA-037,PUESTO-012,ZONA-02,MUN-02,CIRC-02,14:24:27,electronico,USR-0016
SUF-0002381,V002601,2026-06-03,1,MESA-017,PUESTO-017,ZONA-07,MUN-02,CIRC-02,08:30:05,manual,USR-0025
SUF-0002382,V001240,2026-06-03,1,MESA-069,PUESTO-019,ZONA-09,MUN-04,CIRC-04,11:00:21,electronico,USR-0010
SUF-0002383,V000456,2026-06-03,1,MESA-044,PUESTO-019,ZONA-09,MUN-04,CIRC-04,08:32:22,electronico,USR-0014
SUF-0002384,V001766,2026-06-03,1,MESA-005,PUESTO-005,ZONA-05,MUN-05,CIRC-05,10:03:00,manual,USR-0008
SUF-0002385,V000609,2026-06-03,1,MESA-016,PUESTO-016,ZONA-06,MUN-01,CIRC-01,11:04:53,electronico,USR-0014
SUF-0002386,V003852,2026-06-03,1,MESA-003,PUESTO-003,ZONA-03,MUN-03,CIRC-03,09:14:55,manual,USR-0023
SUF-0002387,V000277,2026-06-03,1,MESA-074,PUESTO-024,ZONA-04,MUN-04,CIRC-01,10:12:09,manual,USR-0004
SUF-0002388,V003319,2026-06-03,1,MESA-053,PUESTO-003,ZONA-03,MUN-03,CIRC-03,12:30:21,electronico,USR-0011
SUF-0002389,V000153,2026-06-03,1,MESA-016,PUESTO-016,ZONA-06,MUN-01,CIRC-01,09:47:38,electronico,USR-0010
SUF-0002390,V001274,2026-06-03,1,MESA-067,PUESTO-017,ZONA-07,MUN-02,CIRC-02,14:31:07,manual,USR-0010
SUF-0002391,V003285,2026-06-03,1,MESA-072,PUESTO-022,ZONA-02,MUN-02,CIRC-02,14:17:25,manual,USR-0006
SUF-0002392,V003922,2026-06-03,1,MESA-045,PUESTO-020,ZONA-10,MUN-05,CIRC-05,15:43:28,electronico,USR-0010
SUF-0002393,V003137,2026-06-03,1,MESA-080,PUESTO-005,ZONA-05,MUN-05,CIRC-05,12:27:51,electronico,USR-0023
SUF-0002394,V001042,2026-06-03,1,MESA-040,PUESTO-015,ZONA-05,MUN-05,CIRC-05,14:16:09,electronico,USR-0010
SUF-0002395,V004091,2026-06-03,1,MESA-001,PUESTO-001,ZONA-01,MUN-01,CIRC-01,09:43:11,electronico,USR-0025
SUF-0002396,V000201,2026-06-03,1,MESA-059,PUESTO-009,ZONA-09,MUN-04,CIRC-04,14:46:56,electronico,USR-0022
SUF-0002397,V003957,2026-06-03,1,MESA-063,PUESTO-013,ZONA-03,MUN-03,CIRC-03,15:18:43,manual,USR-0019
SUF-0002398,V001743,2026-06-03,1,MESA-019,PUESTO-019,ZONA-09,MUN-04,CIRC-04,12:26:21,electronico,USR-0011
SUF-0002399,V002404,2026-06-03,1,MESA-008,PUESTO-008,ZONA-08,MUN-03,CIRC-03,13:57:30,electronico,USR-0017
SUF-0002400,V002475,2026-06-03,1,MESA-038,PUESTO-013,ZONA-03,MUN-03,CIRC-03,15:28:04,manual,USR-0010
SUF-0002401,V000789,2026-06-03,1,MESA-033,PUESTO-008,ZONA-08,MUN-03,CIRC-03,09:04:34,electronico,USR-0006
SUF-0002402,V002683,2026-06-03,1,MESA-038,PUESTO-013,ZONA-03,MUN-03,CIRC-03,10:39:44,electronico,USR-0024
SUF-0002403,V001683,2026-06-03,1,MESA-062,PUESTO-012,ZONA-02,MUN-02,CIRC-02,09:40:51,manual,USR-0003
SUF-0002404,V003098,2026-06-03,1,MESA-077,PUESTO-002,ZONA-02,MUN-02,CIRC-02,08:03:40,electronico,USR-0021
SUF-0002405,V004659,2026-06-03,1,MESA-006,PUESTO-006,ZONA-06,MUN-01,CIRC-01,12:22:29,electronico,USR-0015
SUF-0002406,V003693,2026-06-03,1,MESA-050,PUESTO-025,ZONA-05,MUN-05,CIRC-05,14:03:51,electronico,USR-0022
SUF-0002407,V003274,2026-06-03,1,MESA-044,PUESTO-019,ZONA-09,MUN-04,CIRC-04,12:43:39,electronico,USR-0009
SUF-0002408,V000366,2026-06-03,1,MESA-027,PUESTO-002,ZONA-02,MUN-02,CIRC-02,11:47:03,manual,USR-0010
SUF-0002409,V002073,2026-06-03,1,MESA-018,PUESTO-018,ZONA-08,MUN-03,CIRC-03,08:27:36,electronico,USR-0011
SUF-0002410,V003166,2026-06-03,1,MESA-057,PUESTO-007,ZONA-07,MUN-02,CIRC-02,08:35:08,electronico,USR-0021
SUF-0002411,V003671,2026-06-03,1,MESA-054,PUESTO-004,ZONA-04,MUN-04,CIRC-04,11:11:17,electronico,USR-0016
SUF-0002412,V001700,2026-06-03,1,MESA-047,PUESTO-022,ZONA-02,MUN-02,CIRC-02,16:06:00,manual,USR-0010
SUF-0002413,V000252,2026-06-03,1,MESA-008,PUESTO-008,ZONA-08,MUN-03,CIRC-03,14:27:11,manual,USR-0013
SUF-0002414,V000453,2026-06-03,1,MESA-077,PUESTO-002,ZONA-02,MUN-02,CIRC-02,15:27:28,electronico,USR-0010
SUF-0002415,V001530,2026-06-03,1,MESA-080,PUESTO-005,ZONA-05,MUN-05,CIRC-05,15:29:31,manual,USR-0017
SUF-0002416,V003992,2026-06-03,1,MESA-023,PUESTO-023,ZONA-03,MUN-03,CIRC-03,14:47:07,manual,USR-0007
SUF-0002417,V002311,2026-06-03,1,MESA-021,PUESTO-021,ZONA-01,MUN-01,CIRC-01,10:53:50,electronico,USR-0021
SUF-0002418,V002520,2026-06-03,1,MESA-036,PUESTO-011,ZONA-01,MUN-01,CIRC-01,09:41:25,electronico,USR-0003
SUF-0002419,V000341,2026-06-03,1,MESA-030,PUESTO-005,ZONA-05,MUN-05,CIRC-05,12:09:58,electronico,USR-0011
SUF-0002420,V000444,2026-06-03,1,MESA-054,PUESTO-004,ZONA-04,MUN-04,CIRC-04,12:36:00,manual,USR-0014
SUF-0002421,V000110,2026-06-03,1,MESA-061,PUESTO-011,ZONA-01,MUN-01,CIRC-05,15:35:10,electronico,USR-0023
SUF-0002422,V003235,2026-06-03,1,MESA-024,PUESTO-024,ZONA-04,MUN-04,CIRC-04,09:25:42,manual,USR-0008
SUF-0002423,V003460,2026-06-03,1,MESA-013,PUESTO-013,ZONA-03,MUN-03,CIRC-03,13:01:52,manual,USR-0021
SUF-0002424,V000790,2026-06-03,1,MESA-002,PUESTO-002,ZONA-02,MUN-02,CIRC-02,08:11:47,electronico,USR-0010
SUF-0002425,V001338,2026-06-03,1,MESA-079,PUESTO-004,ZONA-04,MUN-04,CIRC-04,13:22:53,manual,USR-0003
SUF-0002426,V004105,2026-06-03,1,MESA-068,PUESTO-018,ZONA-08,MUN-03,CIRC-03,11:30:01,electronico,USR-0017
SUF-0002427,V003586,2026-06-03,1,MESA-015,PUESTO-015,ZONA-05,MUN-05,CIRC-05,14:06:10,electronico,USR-0005
SUF-0002428,V003651,2026-06-03,1,MESA-038,PUESTO-013,ZONA-03,MUN-03,CIRC-03,15:23:12,electronico,USR-0015
SUF-0002429,V000629,2026-06-03,1,MESA-030,PUESTO-005,ZONA-05,MUN-05,CIRC-05,10:17:23,electronico,USR-0014
SUF-0002430,V001458,2026-06-03,1,MESA-009,PUESTO-009,ZONA-09,MUN-04,CIRC-04,12:26:14,electronico,USR-0020
SUF-0002431,V003872,2026-06-03,1,MESA-019,PUESTO-019,ZONA-09,MUN-04,CIRC-04,11:27:06,manual,USR-0012
SUF-0002432,V000071,2026-06-03,1,MESA-019,PUESTO-019,ZONA-09,MUN-04,CIRC-04,13:48:31,manual,USR-0012
SUF-0002433,V001219,2026-06-03,1,MESA-015,PUESTO-015,ZONA-05,MUN-05,CIRC-05,13:51:27,electronico,USR-0010
SUF-0002434,V003786,2026-06-03,1,MESA-070,PUESTO-020,ZONA-10,MUN-05,CIRC-05,08:32:04,electronico,USR-0012
SUF-0002435,V003363,2026-06-03,1,MESA-009,PUESTO-009,ZONA-09,MUN-04,CIRC-04,07:54:00,electronico,USR-0014
SUF-0002436,V000007,2026-06-03,1,MESA-043,PUESTO-018,ZONA-08,MUN-03,CIRC-03,09:26:35,manual,USR-0023
SUF-0002437,V001976,2026-06-03,1,MESA-041,PUESTO-016,ZONA-06,MUN-01,CIRC-01,09:20:55,manual,USR-0014
SUF-0002438,V001081,2026-06-03,1,MESA-025,PUESTO-025,ZONA-05,MUN-05,CIRC-05,14:17:07,manual,USR-0012
SUF-0002439,V000569,2026-06-03,1,MESA-026,PUESTO-001,ZONA-01,MUN-01,CIRC-01,13:24:17,manual,USR-0016
SUF-0002440,V002616,2026-06-03,1,MESA-055,PUESTO-005,ZONA-05,MUN-05,CIRC-05,14:18:56,electronico,USR-0011
SUF-0002441,V003572,2026-06-03,1,MESA-049,PUESTO-024,ZONA-04,MUN-04,CIRC-04,13:18:22,electronico,USR-0025
SUF-0002442,V000646,2026-06-03,1,MESA-048,PUESTO-023,ZONA-03,MUN-03,CIRC-03,15:28:16,electronico,USR-0003
SUF-0002443,V003795,2026-06-03,1,MESA-041,PUESTO-016,ZONA-06,MUN-01,CIRC-01,13:10:23,electronico,USR-0006
SUF-0002444,V000204,2026-06-03,1,MESA-020,PUESTO-020,ZONA-10,MUN-05,CIRC-05,09:46:26,electronico,USR-0008
SUF-0002445,V001133,2026-06-03,1,MESA-075,PUESTO-025,ZONA-05,MUN-05,CIRC-05,13:52:40,manual,USR-0017
SUF-0002446,V004072,2026-06-03,1,MESA-030,PUESTO-005,ZONA-05,MUN-05,CIRC-05,09:21:55,electronico,USR-0004
SUF-0002447,V000878,2026-06-03,1,MESA-023,PUESTO-023,ZONA-03,MUN-03,CIRC-03,15:54:05,electronico,USR-0004
SUF-0002448,V003141,2026-06-03,1,MESA-062,PUESTO-012,ZONA-02,MUN-02,CIRC-02,08:45:46,manual,USR-0015
SUF-0002449,V001550,2026-06-03,1,MESA-039,PUESTO-014,ZONA-04,MUN-04,CIRC-04,08:54:10,manual,USR-0009
SUF-0002450,V000650,2026-06-03,1,MESA-046,PUESTO-021,ZONA-01,MUN-01,CIRC-01,09:49:31,electronico,USR-0007
SUF-0002451,V001528,2026-06-03,1,MESA-024,PUESTO-024,ZONA-04,MUN-04,CIRC-04,13:59:31,electronico,USR-0008
SUF-0002452,V004910,2026-06-03,1,MESA-072,PUESTO-022,ZONA-02,MUN-02,CIRC-02,13:41:36,electronico,USR-0015
SUF-0002453,V003246,2026-06-03,1,MESA-021,PUESTO-021,ZONA-01,MUN-01,CIRC-01,11:28:55,manual,USR-0004
SUF-0002454,V000816,2026-06-03,1,MESA-058,PUESTO-008,ZONA-08,MUN-03,CIRC-03,13:59:41,electronico,USR-0010
SUF-0002455,V000195,2026-06-03,1,MESA-078,PUESTO-003,ZONA-03,MUN-03,CIRC-03,11:56:56,electronico,USR-0025
SUF-0002456,V003000,2026-06-03,1,MESA-080,PUESTO-005,ZONA-05,MUN-05,CIRC-05,08:23:42,electronico,USR-0019
SUF-0002457,V000960,2026-06-03,1,MESA-073,PUESTO-023,ZONA-03,MUN-03,CIRC-03,14:33:15,electronico,USR-0014
SUF-0002458,V000635,2026-06-03,1,MESA-006,PUESTO-006,ZONA-06,MUN-01,CIRC-01,11:17:50,electronico,USR-0003
SUF-0002459,V002753,2026-06-03,1,MESA-077,PUESTO-002,ZONA-02,MUN-02,CIRC-02,12:51:31,manual,USR-0010
SUF-0002460,V001412,2026-06-03,1,MESA-010,PUESTO-010,ZONA-10,MUN-05,CIRC-05,09:41:00,manual,USR-0020
SUF-0002461,V001956,2026-06-03,1,MESA-069,PUESTO-019,ZONA-09,MUN-04,CIRC-04,10:44:58,manual,USR-0017
SUF-0002462,V004816,2026-06-03,1,MESA-009,PUESTO-009,ZONA-09,MUN-04,CIRC-04,10:30:03,electronico,USR-0014
SUF-0002463,V003065,2026-06-03,1,MESA-030,PUESTO-005,ZONA-05,MUN-05,CIRC-05,12:07:25,electronico,USR-0017
SUF-0002464,V000489,2026-06-03,1,MESA-001,PUESTO-001,ZONA-01,MUN-01,CIRC-01,09:50:09,electronico,USR-0020
SUF-0002465,V004822,2026-06-03,1,MESA-044,PUESTO-019,ZONA-09,MUN-04,CIRC-04,14:57:04,manual,USR-0020
SUF-0002466,V004614,2026-06-03,1,MESA-010,PUESTO-010,ZONA-10,MUN-05,CIRC-05,13:03:22,manual,USR-0011
SUF-0002467,V001463,2026-06-03,1,MESA-080,PUESTO-005,ZONA-05,MUN-05,CIRC-05,08:37:29,electronico,USR-0020
SUF-0002468,V001134,2026-06-03,1,MESA-023,PUESTO-023,ZONA-03,MUN-03,CIRC-03,11:31:12,manual,USR-0021
SUF-0002469,V002882,2026-06-03,1,MESA-028,PUESTO-003,ZONA-03,MUN-03,CIRC-03,10:00:14,electronico,USR-0025
SUF-0002470,V001720,2026-06-03,1,MESA-053,PUESTO-003,ZONA-03,MUN-03,CIRC-03,10:56:23,electronico,USR-0013
SUF-0002471,V002759,2026-06-03,1,MESA-026,PUESTO-001,ZONA-01,MUN-01,CIRC-01,15:04:57,electronico,USR-0003
SUF-0002472,V002007,2026-06-03,1,MESA-062,PUESTO-012,ZONA-02,MUN-02,CIRC-02,08:07:26,electronico,USR-0008
SUF-0002473,V002656,2026-06-03,1,MESA-057,PUESTO-007,ZONA-07,MUN-02,CIRC-02,10:05:49,electronico,USR-0020
SUF-0002474,V003742,2026-06-03,1,MESA-001,PUESTO-001,ZONA-01,MUN-01,CIRC-01,13:25:12,manual,USR-0010
SUF-0002475,V002470,2026-06-03,1,MESA-046,PUESTO-021,ZONA-01,MUN-01,CIRC-01,09:53:59,electronico,USR-0004
SUF-0002476,V003312,2026-06-03,1,MESA-044,PUESTO-019,ZONA-09,MUN-04,CIRC-04,17:37:00,electronico,USR-0007
SUF-0002477,V002821,2026-06-03,1,MESA-064,PUESTO-014,ZONA-04,MUN-04,CIRC-04,08:09:53,electronico,USR-0024
SUF-0002478,V003478,2026-06-03,1,MESA-014,PUESTO-014,ZONA-04,MUN-04,CIRC-04,13:49:31,manual,USR-0008
SUF-0002479,V003764,2026-06-03,1,MESA-060,PUESTO-010,ZONA-10,MUN-05,CIRC-05,11:45:37,electronico,USR-0015
SUF-0002480,V004728,2026-06-03,1,MESA-071,PUESTO-021,ZONA-01,MUN-01,CIRC-01,08:16:37,electronico,USR-0015
SUF-0002481,V000701,2026-06-03,1,MESA-010,PUESTO-010,ZONA-10,MUN-05,CIRC-05,07:18:00,electronico,USR-0010
SUF-0002482,V004863,2026-06-03,1,MESA-045,PUESTO-020,ZONA-10,MUN-05,CIRC-05,14:30:09,electronico,USR-0006
SUF-0002483,V001949,2026-06-03,1,MESA-077,PUESTO-002,ZONA-02,MUN-02,CIRC-02,11:08:53,electronico,USR-0008
SUF-0002484,V000688,2026-06-03,1,MESA-003,PUESTO-003,ZONA-03,MUN-03,CIRC-03,14:30:38,electronico,USR-0015
SUF-0002485,V001069,2026-06-03,1,MESA-021,PUESTO-021,ZONA-01,MUN-01,CIRC-01,08:19:18,manual,USR-0008
SUF-0002486,V003116,2026-06-03,1,MESA-077,PUESTO-002,ZONA-02,MUN-02,CIRC-02,08:05:57,manual,USR-0013
SUF-0002487,V003182,2026-06-03,1,MESA-061,PUESTO-011,ZONA-01,MUN-01,CIRC-01,14:38:36,electronico,USR-0025
SUF-0002488,V000557,2026-06-03,1,MESA-049,PUESTO-024,ZONA-04,MUN-04,CIRC-04,09:41:14,manual,USR-0023
SUF-0002489,V001263,2026-06-03,1,MESA-006,PUESTO-006,ZONA-06,MUN-01,CIRC-01,13:22:03,manual,USR-0010
SUF-0002490,V003138,2026-06-03,1,MESA-059,PUESTO-009,ZONA-09,MUN-04,CIRC-01,11:21:26,manual,USR-0020
SUF-0002491,V001075,2026-06-03,1,MESA-065,PUESTO-015,ZONA-05,MUN-05,CIRC-05,08:28:44,electronico,USR-0008
SUF-0002492,V003915,2026-06-03,1,MESA-022,PUESTO-022,ZONA-02,MUN-02,CIRC-02,09:17:56,electronico,USR-0023
SUF-0002493,V004066,2026-06-03,1,MESA-005,PUESTO-005,ZONA-05,MUN-05,CIRC-05,14:16:55,manual,USR-0017
SUF-0002494,V000847,2026-06-03,1,MESA-023,PUESTO-023,ZONA-03,MUN-03,CIRC-03,10:32:15,electronico,USR-0010
SUF-0002495,V000805,2026-06-03,1,MESA-066,PUESTO-016,ZONA-06,MUN-01,CIRC-01,15:59:29,electronico,USR-0003
SUF-0002496,V001560,2026-06-03,1,MESA-071,PUESTO-021,ZONA-01,MUN-01,CIRC-01,09:31:31,electronico,USR-0008
SUF-0002497,V000135,2026-06-03,1,MESA-051,PUESTO-001,ZONA-01,MUN-01,CIRC-01,08:33:02,electronico,USR-0022
SUF-0002498,V002133,2026-06-03,1,MESA-060,PUESTO-010,ZONA-10,MUN-05,CIRC-05,11:21:29,manual,USR-0007
SUF-0002499,V003847,2026-06-03,1,MESA-003,PUESTO-003,ZONA-03,MUN-03,CIRC-03,11:09:14,manual,USR-0016
SUF-0002500,V000600,2026-06-03,1,MESA-049,PUESTO-024,ZONA-04,MUN-04,CIRC-04,13:57:24,electronico,USR-0016
SUF-0002501,V004404,2026-06-03,1,MESA-053,PUESTO-003,ZONA-03,MUN-03,CIRC-03,08:38:31,electronico,USR-0017
SUF-0002502,V002909,2026-06-03,1,MESA-065,PUESTO-015,ZONA-05,MUN-05,CIRC-05,13:27:08,electronico,USR-0005
SUF-0002503,V000517,2026-06-03,1,MESA-036,PUESTO-011,ZONA-01,MUN-01,CIRC-01,08:06:04,electronico,USR-0006
SUF-0002504,V003546,2026-06-03,1,MESA-072,PUESTO-022,ZONA-02,MUN-02,CIRC-02,08:01:52,manual,USR-0021
SUF-0002505,V004902,2026-06-03,1,MESA-057,PUESTO-007,ZONA-07,MUN-02,CIRC-02,10:30:39,manual,USR-0010
SUF-0002506,V002634,2026-06-03,1,MESA-013,PUESTO-013,ZONA-03,MUN-03,CIRC-03,10:44:21,manual,USR-0010
SUF-0002507,V004451,2026-06-03,1,MESA-002,PUESTO-002,ZONA-02,MUN-02,CIRC-02,15:50:42,manual,USR-0007
SUF-0002508,V004908,2026-06-03,1,MESA-024,PUESTO-024,ZONA-04,MUN-04,CIRC-04,10:22:47,electronico,USR-0014
SUF-0002509,V000466,2026-06-03,1,MESA-031,PUESTO-006,ZONA-06,MUN-01,CIRC-01,06:29:00,electronico,USR-0010
SUF-0002510,V001741,2026-06-03,1,MESA-020,PUESTO-020,ZONA-10,MUN-05,CIRC-05,12:41:08,manual,USR-0003
SUF-0002511,V003518,2026-06-03,1,MESA-047,PUESTO-022,ZONA-02,MUN-02,CIRC-02,11:36:04,electronico,USR-0003
SUF-0002512,V000958,2026-06-03,1,MESA-005,PUESTO-005,ZONA-05,MUN-05,CIRC-03,08:28:30,electronico,USR-0021
SUF-0002513,V000838,2026-06-03,1,MESA-075,PUESTO-025,ZONA-05,MUN-05,CIRC-05,15:12:37,electronico,USR-0016
SUF-0002514,V003869,2026-06-03,1,MESA-009,PUESTO-009,ZONA-09,MUN-04,CIRC-04,12:36:54,electronico,USR-0008
SUF-0002515,V000159,2026-06-03,1,MESA-014,PUESTO-014,ZONA-04,MUN-04,CIRC-04,15:54:38,electronico,USR-0019
SUF-0002516,V002874,2026-06-03,1,MESA-014,PUESTO-014,ZONA-04,MUN-04,CIRC-04,13:26:41,electronico,USR-0006
SUF-0002517,V003412,2026-06-03,1,MESA-061,PUESTO-011,ZONA-01,MUN-01,CIRC-01,15:10:07,electronico,USR-0015
SUF-0002518,V004231,2026-06-03,1,MESA-011,PUESTO-011,ZONA-01,MUN-01,CIRC-01,08:52:29,electronico,USR-0005
SUF-0002519,V003262,2026-06-03,1,MESA-023,PUESTO-023,ZONA-03,MUN-03,CIRC-03,13:08:00,electronico,USR-0024
SUF-0002520,V004928,2026-06-03,1,MESA-036,PUESTO-011,ZONA-01,MUN-01,CIRC-01,11:13:55,electronico,USR-0014
SUF-0002521,V003233,2026-06-03,1,MESA-068,PUESTO-018,ZONA-08,MUN-03,CIRC-03,12:43:38,manual,USR-0024
SUF-0002522,V002299,2026-06-03,1,MESA-040,PUESTO-015,ZONA-05,MUN-05,CIRC-05,11:41:52,manual,USR-0008
SUF-0002523,V000778,2026-06-03,1,MESA-042,PUESTO-017,ZONA-07,MUN-02,CIRC-02,08:06:06,electronico,USR-0010
SUF-0002524,V002718,2026-06-03,1,MESA-047,PUESTO-022,ZONA-02,MUN-02,CIRC-02,09:40:26,electronico,USR-0010
SUF-0002525,V000730,2026-06-03,1,MESA-002,PUESTO-002,ZONA-02,MUN-02,CIRC-02,11:35:06,electronico,USR-0012
SUF-0002526,V003121,2026-06-03,1,MESA-033,PUESTO-008,ZONA-08,MUN-03,CIRC-03,11:29:12,manual,USR-0006
SUF-0002527,V004281,2026-06-03,1,MESA-068,PUESTO-018,ZONA-08,MUN-03,CIRC-03,11:13:29,electronico,USR-0022
SUF-0002528,V000723,2026-06-03,1,MESA-008,PUESTO-008,ZONA-08,MUN-03,CIRC-03,10:00:50,manual,USR-0009
SUF-0002529,V004808,2026-06-03,1,MESA-037,PUESTO-012,ZONA-02,MUN-02,CIRC-02,14:18:35,electronico,USR-0010
SUF-0002530,V003283,2026-06-03,1,MESA-027,PUESTO-002,ZONA-02,MUN-02,CIRC-02,12:13:57,electronico,USR-0013
SUF-0002531,V003466,2026-06-03,1,MESA-018,PUESTO-018,ZONA-08,MUN-03,CIRC-03,15:48:43,electronico,USR-0011
SUF-0002532,V003381,2026-06-03,1,MESA-064,PUESTO-014,ZONA-04,MUN-04,CIRC-04,15:41:59,electronico,USR-0023
SUF-0002533,V003656,2026-06-03,1,MESA-061,PUESTO-011,ZONA-01,MUN-01,CIRC-01,12:48:26,electronico,USR-0013
SUF-0002534,V000571,2026-06-03,1,MESA-026,PUESTO-001,ZONA-01,MUN-01,CIRC-01,15:27:42,manual,USR-0007
SUF-0002535,V002896,2026-06-03,1,MESA-065,PUESTO-015,ZONA-05,MUN-05,CIRC-05,12:17:51,manual,USR-0017
SUF-0002536,V001397,2026-06-03,1,MESA-025,PUESTO-025,ZONA-05,MUN-05,CIRC-05,11:46:44,electronico,USR-0013
SUF-0002537,V000065,2026-06-03,1,MESA-025,PUESTO-025,ZONA-05,MUN-05,CIRC-05,14:50:36,electronico,USR-0007
SUF-0002538,V003173,2026-06-03,1,MESA-046,PUESTO-021,ZONA-01,MUN-01,CIRC-01,11:23:41,electronico,USR-0003
SUF-0002539,V000059,2026-06-03,1,MESA-025,PUESTO-025,ZONA-05,MUN-05,CIRC-05,12:45:39,electronico,USR-0019
SUF-0002540,V000649,2026-06-03,1,MESA-059,PUESTO-009,ZONA-09,MUN-04,CIRC-04,08:37:04,manual,USR-0017
SUF-0002541,V004436,2026-06-03,1,MESA-066,PUESTO-016,ZONA-06,MUN-01,CIRC-01,09:46:59,manual,USR-0010
SUF-0002542,V000016,2026-06-03,1,MESA-045,PUESTO-020,ZONA-10,MUN-05,CIRC-05,12:01:58,electronico,USR-0010
SUF-0002543,V002054,2026-06-03,1,MESA-033,PUESTO-008,ZONA-08,MUN-03,CIRC-02,15:07:10,electronico,USR-0012
SUF-0002544,V003827,2026-06-03,1,MESA-016,PUESTO-016,ZONA-06,MUN-01,CIRC-05,11:11:15,manual,USR-0013
SUF-0002545,V001529,2026-06-03,1,MESA-028,PUESTO-003,ZONA-03,MUN-03,CIRC-03,11:10:34,manual,USR-0011
SUF-0002546,V003097,2026-06-03,1,MESA-011,PUESTO-011,ZONA-01,MUN-01,CIRC-01,17:51:00,electronico,USR-0007
SUF-0002547,V004439,2026-06-03,1,MESA-051,PUESTO-001,ZONA-01,MUN-01,CIRC-01,13:19:32,manual,USR-0023
SUF-0002548,V002304,2026-06-03,1,MESA-047,PUESTO-022,ZONA-02,MUN-02,CIRC-02,15:01:27,manual,USR-0015
SUF-0002549,V000574,2026-06-03,1,MESA-053,PUESTO-003,ZONA-03,MUN-03,CIRC-03,14:02:20,manual,USR-0004
SUF-0002550,V000339,2026-06-03,1,MESA-023,PUESTO-023,ZONA-03,MUN-03,CIRC-03,08:37:56,electronico,USR-0010
SUF-0002551,V004433,2026-06-03,1,MESA-002,PUESTO-002,ZONA-02,MUN-02,CIRC-02,13:36:59,electronico,USR-0011
SUF-0002552,V002744,2026-06-03,1,MESA-030,PUESTO-005,ZONA-05,MUN-05,CIRC-05,15:26:36,electronico,USR-0004
SUF-0002553,V002370,2026-06-03,1,MESA-028,PUESTO-003,ZONA-03,MUN-03,CIRC-03,14:15:21,manual,USR-0007
SUF-0002554,V002358,2026-06-03,1,MESA-049,PUESTO-024,ZONA-04,MUN-04,CIRC-02,10:46:03,electronico,USR-0008
SUF-0002555,V002998,2026-06-03,1,MESA-063,PUESTO-013,ZONA-03,MUN-03,CIRC-03,08:06:41,electronico,USR-0024
SUF-0002556,V002902,2026-06-03,1,MESA-010,PUESTO-010,ZONA-10,MUN-05,CIRC-05,15:28:51,electronico,USR-0010
SUF-0002557,V000392,2026-06-03,1,MESA-079,PUESTO-004,ZONA-04,MUN-04,CIRC-04,08:55:47,manual,USR-0019
SUF-0002558,V001492,2026-06-03,1,MESA-073,PUESTO-023,ZONA-03,MUN-03,CIRC-03,14:13:54,electronico,USR-0003
SUF-0002559,V000017,2026-06-03,1,MESA-044,PUESTO-019,ZONA-09,MUN-04,CIRC-04,15:54:53,electronico,USR-0022
SUF-0002560,V004987,2026-06-03,1,MESA-044,PUESTO-019,ZONA-09,MUN-04,CIRC-04,14:28:53,electronico,USR-0011
SUF-0002561,V003045,2026-06-03,1,MESA-012,PUESTO-012,ZONA-02,MUN-02,CIRC-02,12:28:35,electronico,USR-0015
SUF-0002562,V002373,2026-06-03,1,MESA-015,PUESTO-015,ZONA-05,MUN-05,CIRC-05,15:46:02,manual,USR-0022
SUF-0002563,V002276,2026-06-03,1,MESA-071,PUESTO-021,ZONA-01,MUN-01,CIRC-01,15:45:22,electronico,USR-0010
SUF-0002564,V003197,2026-06-03,1,MESA-005,PUESTO-005,ZONA-05,MUN-05,CIRC-05,14:45:29,manual,USR-0019
SUF-0002565,V000620,2026-06-03,1,MESA-045,PUESTO-020,ZONA-10,MUN-05,CIRC-05,09:32:24,manual,USR-0011
SUF-0002566,V002551,2026-06-03,1,MESA-057,PUESTO-007,ZONA-07,MUN-02,CIRC-02,10:19:48,manual,USR-0010
SUF-0002567,V004946,2026-06-03,1,MESA-059,PUESTO-009,ZONA-09,MUN-04,CIRC-04,09:18:33,manual,USR-0014
SUF-0002568,V000826,2026-06-03,1,MESA-018,PUESTO-018,ZONA-08,MUN-03,CIRC-03,11:43:09,electronico,USR-0007
SUF-0002569,V003284,2026-06-03,1,MESA-074,PUESTO-024,ZONA-04,MUN-04,CIRC-04,08:30:35,manual,USR-0017
SUF-0002570,V000243,2026-06-03,1,MESA-050,PUESTO-025,ZONA-05,MUN-05,CIRC-05,10:12:27,manual,USR-0010
SUF-0002571,V003026,2026-06-03,1,MESA-032,PUESTO-007,ZONA-07,MUN-02,CIRC-02,12:00:22,electronico,USR-0013
SUF-0002572,V003835,2026-06-03,1,MESA-033,PUESTO-008,ZONA-08,MUN-03,CIRC-03,08:48:29,electronico,USR-0025
SUF-0002573,V000815,2026-06-03,1,MESA-019,PUESTO-019,ZONA-09,MUN-04,CIRC-04,10:52:02,electronico,USR-0019
SUF-0002574,V002922,2026-06-03,1,MESA-042,PUESTO-017,ZONA-07,MUN-02,CIRC-02,09:51:06,electronico,USR-0006
SUF-0002575,V000938,2026-06-03,1,MESA-050,PUESTO-025,ZONA-05,MUN-05,CIRC-05,13:11:57,electronico,USR-0004
SUF-0002576,V003344,2026-06-03,1,MESA-063,PUESTO-013,ZONA-03,MUN-03,CIRC-03,15:15:28,electronico,USR-0015
SUF-0002577,V001321,2026-06-03,1,MESA-023,PUESTO-023,ZONA-03,MUN-03,CIRC-03,12:48:11,electronico,USR-0004
SUF-0002578,V001311,2026-06-03,1,MESA-050,PUESTO-025,ZONA-05,MUN-05,CIRC-05,12:42:58,electronico,USR-0010
SUF-0002579,V000436,2026-06-03,1,MESA-002,PUESTO-002,ZONA-02,MUN-02,CIRC-02,10:11:11,manual,USR-0004
SUF-0002580,V004580,2026-06-03,1,MESA-022,PUESTO-022,ZONA-02,MUN-02,CIRC-02,09:12:28,manual,USR-0015
SUF-0002581,V003790,2026-06-03,1,MESA-023,PUESTO-023,ZONA-03,MUN-03,CIRC-03,09:04:23,electronico,USR-0003
SUF-0002582,V004618,2026-06-03,1,MESA-010,PUESTO-010,ZONA-10,MUN-05,CIRC-05,08:57:05,electronico,USR-0010
SUF-0002583,V004298,2026-06-03,1,MESA-026,PUESTO-001,ZONA-01,MUN-01,CIRC-01,15:06:33,manual,USR-0005
SUF-0002584,V000506,2026-06-03,1,MESA-080,PUESTO-005,ZONA-05,MUN-05,CIRC-05,08:07:19,manual,USR-0008
SUF-0002585,V000814,2026-06-03,1,MESA-019,PUESTO-019,ZONA-09,MUN-04,CIRC-04,11:38:49,manual,USR-0023
SUF-0002586,V003161,2026-06-03,1,MESA-075,PUESTO-025,ZONA-05,MUN-05,CIRC-05,15:32:23,electronico,USR-0021
SUF-0002587,V002979,2026-06-03,1,MESA-021,PUESTO-021,ZONA-01,MUN-01,CIRC-01,11:31:11,manual,USR-0016
SUF-0002588,V002174,2026-06-03,1,MESA-065,PUESTO-015,ZONA-05,MUN-05,CIRC-05,09:23:05,manual,USR-0017
SUF-0002589,V000037,2026-06-03,1,MESA-041,PUESTO-016,ZONA-06,MUN-01,CIRC-01,14:14:19,electronico,USR-0010
SUF-0002590,V001268,2026-06-03,1,MESA-052,PUESTO-002,ZONA-02,MUN-02,CIRC-02,11:03:09,electronico,USR-0016
SUF-0002591,V002938,2026-06-03,1,MESA-020,PUESTO-020,ZONA-10,MUN-05,CIRC-05,14:55:31,electronico,USR-0008
SUF-0002592,V003362,2026-06-03,1,MESA-057,PUESTO-007,ZONA-07,MUN-02,CIRC-02,09:23:27,manual,USR-0021
SUF-0002593,V000231,2026-06-03,1,MESA-005,PUESTO-005,ZONA-05,MUN-05,CIRC-05,15:10:36,electronico,USR-0019
SUF-0002594,V002152,2026-06-03,1,MESA-012,PUESTO-012,ZONA-02,MUN-02,CIRC-02,12:28:04,electronico,USR-0010
SUF-0002595,V002361,2026-06-03,1,MESA-077,PUESTO-002,ZONA-02,MUN-02,CIRC-02,09:12:39,electronico,USR-0011
SUF-0002596,V004374,2026-06-03,1,MESA-037,PUESTO-012,ZONA-02,MUN-02,CIRC-04,10:41:32,electronico,USR-0023
SUF-0002597,V002655,2026-06-03,1,MESA-075,PUESTO-025,ZONA-05,MUN-05,CIRC-05,15:07:21,electronico,USR-0010
SUF-0002598,V001773,2026-06-03,1,MESA-013,PUESTO-013,ZONA-03,MUN-03,CIRC-03,10:23:43,manual,USR-0012
SUF-0002599,V003543,2026-06-03,1,MESA-057,PUESTO-007,ZONA-07,MUN-02,CIRC-02,09:12:51,electronico,USR-0019
SUF-0002600,V001725,2026-06-03,1,MESA-049,PUESTO-024,ZONA-04,MUN-04,CIRC-04,13:04:59,electronico,USR-0023
SUF-0002601,V004361,2026-06-03,1,MESA-070,PUESTO-020,ZONA-10,MUN-05,CIRC-05,15:21:58,electronico,USR-0011
SUF-0002602,V001350,2026-06-03,1,MESA-054,PUESTO-004,ZONA-04,MUN-04,CIRC-04,11:04:10,manual,USR-0006
SUF-0002603,V000052,2026-06-03,1,MESA-024,PUESTO-024,ZONA-04,MUN-04,CIRC-04,14:19:19,manual,USR-0025
SUF-0002604,V003873,2026-06-03,1,MESA-020,PUESTO-020,ZONA-10,MUN-05,CIRC-05,15:11:31,electronico,USR-0010
SUF-0002605,V000834,2026-06-03,1,MESA-003,PUESTO-003,ZONA-03,MUN-03,CIRC-03,09:33:22,manual,USR-0010
SUF-0002606,V004660,2026-06-03,1,MESA-001,PUESTO-001,ZONA-01,MUN-01,CIRC-01,11:57:13,electronico,USR-0025
SUF-0002607,V001050,2026-06-03,1,MESA-078,PUESTO-003,ZONA-03,MUN-03,CIRC-03,15:33:24,electronico,USR-0006
SUF-0002608,V004191,2026-06-03,1,MESA-060,PUESTO-010,ZONA-10,MUN-05,CIRC-05,11:02:55,electronico,USR-0010
SUF-0002609,V003379,2026-06-03,1,MESA-052,PUESTO-002,ZONA-02,MUN-02,CIRC-02,11:52:12,manual,USR-0020
SUF-0002610,V002861,2026-06-03,1,MESA-034,PUESTO-009,ZONA-09,MUN-04,CIRC-04,10:56:59,manual,USR-0014
SUF-0002611,V002736,2026-06-03,1,MESA-020,PUESTO-020,ZONA-10,MUN-05,CIRC-05,10:17:55,electronico,USR-0010
SUF-0002612,V000634,2026-06-03,1,MESA-013,PUESTO-013,ZONA-03,MUN-03,CIRC-03,13:13:10,electronico,USR-0010
SUF-0002613,V000068,2026-06-03,1,MESA-073,PUESTO-023,ZONA-03,MUN-03,CIRC-03,09:39:05,electronico,USR-0012
SUF-0002614,V004922,2026-06-03,1,MESA-051,PUESTO-001,ZONA-01,MUN-01,CIRC-01,11:03:23,electronico,USR-0010
SUF-0002615,V002420,2026-06-03,1,MESA-017,PUESTO-017,ZONA-07,MUN-02,CIRC-01,12:07:33,electronico,USR-0017
SUF-0002616,V004770,2026-06-03,1,MESA-031,PUESTO-006,ZONA-06,MUN-01,CIRC-01,11:10:11,electronico,USR-0009
SUF-0002617,V004758,2026-06-03,1,MESA-040,PUESTO-015,ZONA-05,MUN-05,CIRC-05,14:38:50,electronico,USR-0013
SUF-0002618,V004425,2026-06-03,1,MESA-054,PUESTO-004,ZONA-04,MUN-04,CIRC-04,09:05:39,electronico,USR-0009
SUF-0002619,V002227,2026-06-03,1,MESA-048,PUESTO-023,ZONA-03,MUN-03,CIRC-03,14:32:55,electronico,USR-0010
SUF-0002620,V000899,2026-06-03,1,MESA-075,PUESTO-025,ZONA-05,MUN-05,CIRC-05,10:24:05,manual,USR-0023
SUF-0002621,V000443,2026-06-03,1,MESA-001,PUESTO-001,ZONA-01,MUN-01,CIRC-01,14:20:07,manual,USR-0010
SUF-0002622,V001637,2026-06-03,1,MESA-078,PUESTO-003,ZONA-03,MUN-03,CIRC-03,09:38:17,electronico,USR-0010
SUF-0002623,V002625,2026-06-03,1,MESA-029,PUESTO-004,ZONA-04,MUN-04,CIRC-04,15:38:28,electronico,USR-0020
SUF-0002624,V004520,2026-06-03,1,MESA-074,PUESTO-024,ZONA-04,MUN-04,CIRC-03,14:58:06,manual,USR-0015
SUF-0002625,V003015,2026-06-03,1,MESA-013,PUESTO-013,ZONA-03,MUN-03,CIRC-03,08:16:17,electronico,USR-0014
SUF-0002626,V003241,2026-06-03,1,MESA-062,PUESTO-012,ZONA-02,MUN-02,CIRC-02,14:17:14,electronico,USR-0023
SUF-0002627,V000997,2026-06-03,1,MESA-021,PUESTO-021,ZONA-01,MUN-01,CIRC-01,11:18:46,electronico,USR-0019
SUF-0002628,V000773,2026-06-03,1,MESA-048,PUESTO-023,ZONA-03,MUN-03,CIRC-03,14:09:16,manual,USR-0021
SUF-0002629,V002983,2026-06-03,1,MESA-026,PUESTO-001,ZONA-01,MUN-01,CIRC-01,15:03:28,manual,USR-0010
SUF-0002630,V001308,2026-06-03,1,MESA-032,PUESTO-007,ZONA-07,MUN-02,CIRC-02,08:00:37,electronico,USR-0023
SUF-0002631,V000006,2026-06-03,1,MESA-064,PUESTO-014,ZONA-04,MUN-04,CIRC-04,11:38:58,manual,USR-0011
SUF-0002632,V001966,2026-06-03,1,MESA-044,PUESTO-019,ZONA-09,MUN-04,CIRC-04,10:02:56,manual,USR-0004
SUF-0002633,V004970,2026-06-03,1,MESA-077,PUESTO-002,ZONA-02,MUN-02,CIRC-02,15:20:48,electronico,USR-0019
SUF-0002634,V004695,2026-06-03,1,MESA-074,PUESTO-024,ZONA-04,MUN-04,CIRC-04,15:34:08,electronico,USR-0003
SUF-0002635,V000475,2026-06-03,1,MESA-079,PUESTO-004,ZONA-04,MUN-04,CIRC-04,13:19:17,electronico,USR-0019
SUF-0002636,V003479,2026-06-03,1,MESA-058,PUESTO-008,ZONA-08,MUN-03,CIRC-03,09:51:55,manual,USR-0019
SUF-0002637,V003754,2026-06-03,1,MESA-003,PUESTO-003,ZONA-03,MUN-03,CIRC-03,12:22:47,electronico,USR-0020
SUF-0002638,V002043,2026-06-03,1,MESA-066,PUESTO-016,ZONA-06,MUN-01,CIRC-01,14:12:20,manual,USR-0013
SUF-0002639,V001381,2026-06-03,1,MESA-011,PUESTO-011,ZONA-01,MUN-01,CIRC-01,13:10:06,electronico,USR-0010
SUF-0002640,V002751,2026-06-03,1,MESA-060,PUESTO-010,ZONA-10,MUN-05,CIRC-05,08:42:14,manual,USR-0003
SUF-0002641,V003171,2026-06-03,1,MESA-072,PUESTO-022,ZONA-02,MUN-02,CIRC-02,09:15:51,electronico,USR-0017
SUF-0002642,V001471,2026-06-03,1,MESA-048,PUESTO-023,ZONA-03,MUN-03,CIRC-03,08:32:35,electronico,USR-0014
SUF-0002643,V003604,2026-06-03,1,MESA-058,PUESTO-008,ZONA-08,MUN-03,CIRC-03,08:17:44,electronico,USR-0014
SUF-0002644,V001555,2026-06-03,1,MESA-026,PUESTO-001,ZONA-01,MUN-01,CIRC-01,10:28:19,manual,USR-0007
SUF-0002645,V004912,2026-06-03,1,MESA-077,PUESTO-002,ZONA-02,MUN-02,CIRC-02,11:45:41,electronico,USR-0006
SUF-0002646,V004144,2026-06-03,1,MESA-048,PUESTO-023,ZONA-03,MUN-03,CIRC-03,14:57:04,electronico,USR-0007
SUF-0002647,V002139,2026-06-03,1,MESA-078,PUESTO-003,ZONA-03,MUN-03,CIRC-03,09:57:21,manual,USR-0011
SUF-0002648,V004773,2026-06-03,1,MESA-039,PUESTO-014,ZONA-04,MUN-04,CIRC-04,10:44:23,manual,USR-0017
SUF-0002649,V000683,2026-06-03,1,MESA-023,PUESTO-023,ZONA-03,MUN-03,CIRC-03,12:57:13,electronico,USR-0022
SUF-0002650,V002858,2026-06-03,1,MESA-023,PUESTO-023,ZONA-03,MUN-03,CIRC-03,15:56:08,electronico,USR-0025
SUF-0002651,V003174,2026-06-03,1,MESA-073,PUESTO-023,ZONA-03,MUN-03,CIRC-03,14:34:05,manual,USR-0007
SUF-0002652,V001678,2026-06-03,1,MESA-057,PUESTO-007,ZONA-07,MUN-02,CIRC-02,11:23:48,manual,USR-0025
SUF-0002653,V000642,2026-06-03,1,MESA-073,PUESTO-023,ZONA-03,MUN-03,CIRC-03,10:10:20,electronico,USR-0024
SUF-0002654,V002118,2026-06-03,1,MESA-067,PUESTO-017,ZONA-07,MUN-02,CIRC-02,11:06:02,electronico,USR-0024
SUF-0002655,V001207,2026-06-03,1,MESA-017,PUESTO-017,ZONA-07,MUN-02,CIRC-02,13:41:50,electronico,USR-0008
SUF-0002656,V001271,2026-06-03,1,MESA-043,PUESTO-018,ZONA-08,MUN-03,CIRC-03,09:17:26,electronico,USR-0003
SUF-0002657,V000113,2026-06-03,1,MESA-063,PUESTO-013,ZONA-03,MUN-03,CIRC-03,13:45:46,electronico,USR-0007
SUF-0002658,V001200,2026-06-03,1,MESA-026,PUESTO-001,ZONA-01,MUN-01,CIRC-05,10:12:20,electronico,USR-0015
SUF-0002659,V000146,2026-06-03,1,MESA-029,PUESTO-004,ZONA-04,MUN-04,CIRC-01,10:41:47,manual,USR-0011
SUF-0002660,V002462,2026-06-03,1,MESA-033,PUESTO-008,ZONA-08,MUN-03,CIRC-03,08:06:28,electronico,USR-0020
SUF-0002661,V000798,2026-06-03,1,MESA-030,PUESTO-005,ZONA-05,MUN-05,CIRC-05,08:56:59,electronico,USR-0013
SUF-0002662,V004247,2026-06-03,1,MESA-078,PUESTO-003,ZONA-03,MUN-03,CIRC-03,14:18:45,electronico,USR-0006
SUF-0002663,V003848,2026-06-03,1,MESA-009,PUESTO-009,ZONA-09,MUN-04,CIRC-04,11:45:21,electronico,USR-0006
SUF-0002664,V003578,2026-06-03,1,MESA-043,PUESTO-018,ZONA-08,MUN-03,CIRC-03,14:19:57,electronico,USR-0010
SUF-0002665,V003112,2026-06-03,1,MESA-058,PUESTO-008,ZONA-08,MUN-03,CIRC-03,10:10:24,manual,USR-0022
SUF-0002666,V002564,2026-06-03,1,MESA-019,PUESTO-019,ZONA-09,MUN-04,CIRC-04,11:48:44,electronico,USR-0006
SUF-0002667,V004619,2026-06-03,1,MESA-006,PUESTO-006,ZONA-06,MUN-01,CIRC-01,13:33:53,electronico,USR-0025
SUF-0002668,V000974,2026-06-03,1,MESA-077,PUESTO-002,ZONA-02,MUN-02,CIRC-02,11:20:39,electronico,USR-0024
SUF-0002669,V003130,2026-06-03,1,MESA-066,PUESTO-016,ZONA-06,MUN-01,CIRC-01,14:11:46,electronico,USR-0024
SUF-0002670,V000474,2026-06-03,1,MESA-035,PUESTO-010,ZONA-10,MUN-05,CIRC-05,08:42:13,manual,USR-0009
SUF-0002671,V001695,2026-06-03,1,MESA-069,PUESTO-019,ZONA-09,MUN-04,CIRC-04,14:27:18,electronico,USR-0025
SUF-0002672,V004196,2026-06-03,1,MESA-028,PUESTO-003,ZONA-03,MUN-03,CIRC-03,11:17:04,manual,USR-0022
SUF-0002673,V001394,2026-06-03,1,MESA-031,PUESTO-006,ZONA-06,MUN-01,CIRC-01,09:57:46,electronico,USR-0014
SUF-0002674,V002748,2026-06-03,1,MESA-069,PUESTO-019,ZONA-09,MUN-04,CIRC-04,11:59:23,manual,USR-0020
SUF-0002675,V000295,2026-06-03,1,MESA-051,PUESTO-001,ZONA-01,MUN-01,CIRC-01,11:26:26,electronico,USR-0006
SUF-0002676,V005000,2026-06-03,1,MESA-073,PUESTO-023,ZONA-03,MUN-03,CIRC-03,14:32:25,manual,USR-0005
SUF-0002677,V004564,2026-06-03,1,MESA-052,PUESTO-002,ZONA-02,MUN-02,CIRC-02,13:03:37,manual,USR-0015
SUF-0002678,V004047,2026-06-03,1,MESA-067,PUESTO-017,ZONA-07,MUN-02,CIRC-02,09:00:13,electronico,USR-0010
SUF-0002679,V002825,2026-06-03,1,MESA-033,PUESTO-008,ZONA-08,MUN-03,CIRC-03,12:57:27,electronico,USR-0010
SUF-0002680,V001213,2026-06-03,1,MESA-070,PUESTO-020,ZONA-10,MUN-05,CIRC-05,09:05:25,electronico,USR-0025
SUF-0002681,V004703,2026-06-03,1,MESA-080,PUESTO-005,ZONA-05,MUN-05,CIRC-05,09:33:33,manual,USR-0010
SUF-0002682,V003883,2026-06-03,1,MESA-037,PUESTO-012,ZONA-02,MUN-02,CIRC-02,09:22:42,electronico,USR-0003
SUF-0002683,V003658,2026-06-03,1,MESA-016,PUESTO-016,ZONA-06,MUN-01,CIRC-01,12:50:24,manual,USR-0014
SUF-0002684,V002282,2026-06-03,1,MESA-062,PUESTO-012,ZONA-02,MUN-02,CIRC-02,14:11:41,electronico,USR-0008
SUF-0002685,V003507,2026-06-03,1,MESA-011,PUESTO-011,ZONA-01,MUN-01,CIRC-01,11:06:42,electronico,USR-0013
SUF-0002686,V004895,2026-06-03,1,MESA-041,PUESTO-016,ZONA-06,MUN-01,CIRC-01,08:57:35,manual,USR-0024
SUF-0002687,V002939,2026-06-03,1,MESA-048,PUESTO-023,ZONA-03,MUN-03,CIRC-03,13:07:21,manual,USR-0010
SUF-0002688,V001440,2026-06-03,1,MESA-038,PUESTO-013,ZONA-03,MUN-03,CIRC-03,15:13:45,manual,USR-0011
SUF-0002689,V003970,2026-06-03,1,MESA-056,PUESTO-006,ZONA-06,MUN-01,CIRC-01,09:18:27,electronico,USR-0010
SUF-0002690,V004016,2026-06-03,1,MESA-069,PUESTO-019,ZONA-09,MUN-04,CIRC-04,09:34:30,electronico,USR-0025
SUF-0002691,V004962,2026-06-03,1,MESA-058,PUESTO-008,ZONA-08,MUN-03,CIRC-03,15:15:04,manual,USR-0008
SUF-0002692,V000721,2026-06-03,1,MESA-074,PUESTO-024,ZONA-04,MUN-04,CIRC-04,11:11:59,electronico,USR-0020
SUF-0002693,V004377,2026-06-03,1,MESA-019,PUESTO-019,ZONA-09,MUN-04,CIRC-04,09:59:46,electronico,USR-0012
SUF-0002694,V001931,2026-06-03,1,MESA-032,PUESTO-007,ZONA-07,MUN-02,CIRC-02,14:45:34,manual,USR-0017
SUF-0002695,V004350,2026-06-03,1,MESA-040,PUESTO-015,ZONA-05,MUN-05,CIRC-05,13:23:03,manual,USR-0007
SUF-0002696,V004752,2026-06-03,1,MESA-047,PUESTO-022,ZONA-02,MUN-02,CIRC-05,08:16:10,manual,USR-0013
SUF-0002697,V000311,2026-06-03,1,MESA-065,PUESTO-015,ZONA-05,MUN-05,CIRC-05,09:44:06,electronico,USR-0023
SUF-0002698,V003519,2026-06-03,1,MESA-069,PUESTO-019,ZONA-09,MUN-04,CIRC-04,10:37:41,electronico,USR-0022
SUF-0002699,V002224,2026-06-03,1,MESA-009,PUESTO-009,ZONA-09,MUN-04,CIRC-04,11:07:29,electronico,USR-0003
SUF-0002700,V002514,2026-06-03,1,MESA-012,PUESTO-012,ZONA-02,MUN-02,CIRC-02,09:15:14,electronico,USR-0011
SUF-0002701,V001664,2026-06-03,1,MESA-008,PUESTO-008,ZONA-08,MUN-03,CIRC-03,13:26:08,electronico,USR-0019
SUF-0002702,V001049,2026-06-03,1,MESA-013,PUESTO-013,ZONA-03,MUN-03,CIRC-03,15:04:43,electronico,USR-0009
SUF-0002703,V002429,2026-06-03,1,MESA-006,PUESTO-006,ZONA-06,MUN-01,CIRC-01,13:23:41,electronico,USR-0025
SUF-0002704,V001040,2026-06-03,1,MESA-052,PUESTO-002,ZONA-02,MUN-02,CIRC-02,13:06:37,manual,USR-0010
SUF-0002705,V004828,2026-06-03,1,MESA-067,PUESTO-017,ZONA-07,MUN-02,CIRC-02,12:17:48,manual,USR-0014
SUF-0002706,V000237,2026-06-03,1,MESA-063,PUESTO-013,ZONA-03,MUN-03,CIRC-03,14:08:02,electronico,USR-0017
SUF-0002707,V001727,2026-06-03,1,MESA-039,PUESTO-014,ZONA-04,MUN-04,CIRC-01,10:00:04,manual,USR-0019
SUF-0002708,V002322,2026-06-03,1,MESA-010,PUESTO-010,ZONA-10,MUN-05,CIRC-05,12:05:02,manual,USR-0021
SUF-0002709,V001346,2026-06-03,1,MESA-002,PUESTO-002,ZONA-02,MUN-02,CIRC-02,09:26:37,manual,USR-0010
SUF-0002710,V002335,2026-06-03,1,MESA-053,PUESTO-003,ZONA-03,MUN-03,CIRC-03,13:51:01,electronico,USR-0025
SUF-0002711,V002508,2026-06-03,1,MESA-018,PUESTO-018,ZONA-08,MUN-03,CIRC-03,07:40:00,manual,USR-0003
SUF-0002712,V003017,2026-06-03,1,MESA-066,PUESTO-016,ZONA-06,MUN-01,CIRC-01,15:08:33,electronico,USR-0016
SUF-0002713,V004724,2026-06-03,1,MESA-006,PUESTO-006,ZONA-06,MUN-01,CIRC-01,12:17:11,electronico,USR-0020
SUF-0002714,V001352,2026-06-03,1,MESA-053,PUESTO-003,ZONA-03,MUN-03,CIRC-03,13:33:05,manual,USR-0023
SUF-0002715,V004452,2026-06-03,1,MESA-031,PUESTO-006,ZONA-06,MUN-01,CIRC-01,12:50:23,manual,USR-0020
SUF-0002716,V000460,2026-06-03,1,MESA-036,PUESTO-011,ZONA-01,MUN-01,CIRC-01,15:55:48,electronico,USR-0021
SUF-0002717,V000653,2026-06-03,1,MESA-012,PUESTO-012,ZONA-02,MUN-02,CIRC-02,15:00:33,manual,USR-0013
SUF-0002718,V001767,2026-06-03,1,MESA-069,PUESTO-019,ZONA-09,MUN-04,CIRC-04,08:07:35,electronico,USR-0025
SUF-0002719,V004775,2026-06-03,1,MESA-020,PUESTO-020,ZONA-10,MUN-05,CIRC-05,08:15:22,manual,USR-0011
SUF-0002720,V002137,2026-06-03,1,MESA-069,PUESTO-019,ZONA-09,MUN-04,CIRC-04,12:03:58,electronico,USR-0021
SUF-0002721,V004265,2026-06-03,1,MESA-007,PUESTO-007,ZONA-07,MUN-02,CIRC-02,11:46:53,electronico,USR-0021
SUF-0002722,V001778,2026-06-03,1,MESA-030,PUESTO-005,ZONA-05,MUN-05,CIRC-03,10:59:47,manual,USR-0004
SUF-0002723,V003657,2026-06-03,1,MESA-080,PUESTO-005,ZONA-05,MUN-05,CIRC-05,08:17:45,electronico,USR-0023
SUF-0002724,V003794,2026-06-03,1,MESA-074,PUESTO-024,ZONA-04,MUN-04,CIRC-04,13:02:01,manual,USR-0010
SUF-0002725,V000665,2026-06-03,1,MESA-012,PUESTO-012,ZONA-02,MUN-02,CIRC-02,10:07:01,manual,USR-0012
SUF-0002726,V000705,2026-06-03,1,MESA-041,PUESTO-016,ZONA-06,MUN-01,CIRC-01,14:45:49,electronico,USR-0022
SUF-0002727,V004389,2026-06-03,1,MESA-071,PUESTO-021,ZONA-01,MUN-01,CIRC-01,15:44:24,electronico,USR-0004
SUF-0002728,V004359,2026-06-03,1,MESA-029,PUESTO-004,ZONA-04,MUN-04,CIRC-04,18:50:00,electronico,USR-0014
SUF-0002729,V004517,2026-06-03,1,MESA-047,PUESTO-022,ZONA-02,MUN-02,CIRC-02,09:40:19,manual,USR-0010
SUF-0002730,V002046,2026-06-03,1,MESA-061,PUESTO-011,ZONA-01,MUN-01,CIRC-01,09:02:51,manual,USR-0013
SUF-0002731,V002982,2026-06-03,1,MESA-077,PUESTO-002,ZONA-02,MUN-02,CIRC-02,11:33:34,manual,USR-0019
SUF-0002732,V002698,2026-06-03,1,MESA-056,PUESTO-006,ZONA-06,MUN-01,CIRC-01,13:09:20,electronico,USR-0013
SUF-0002733,V004498,2026-06-03,1,MESA-076,PUESTO-001,ZONA-01,MUN-01,CIRC-01,12:48:47,manual,USR-0019
SUF-0002734,V003624,2026-06-03,1,MESA-017,PUESTO-017,ZONA-07,MUN-02,CIRC-02,09:06:22,electronico,USR-0020
SUF-0002735,V003628,2026-06-03,1,MESA-043,PUESTO-018,ZONA-08,MUN-03,CIRC-03,12:34:35,electronico,USR-0017
SUF-0002736,V001866,2026-06-03,1,MESA-074,PUESTO-024,ZONA-04,MUN-04,CIRC-04,15:32:32,electronico,USR-0003
SUF-0002737,V003209,2026-06-03,1,MESA-026,PUESTO-001,ZONA-01,MUN-01,CIRC-01,10:23:50,electronico,USR-0005
SUF-0002738,V004188,2026-06-03,1,MESA-021,PUESTO-021,ZONA-01,MUN-01,CIRC-01,10:03:01,electronico,USR-0024
SUF-0002739,V004430,2026-06-03,1,MESA-021,PUESTO-021,ZONA-01,MUN-01,CIRC-01,13:23:20,manual,USR-0016
SUF-0002740,V003239,2026-06-03,1,MESA-075,PUESTO-025,ZONA-05,MUN-05,CIRC-05,14:12:25,electronico,USR-0011
SUF-0002741,V001013,2026-06-03,1,MESA-044,PUESTO-019,ZONA-09,MUN-04,CIRC-04,12:27:46,electronico,USR-0003
SUF-0002742,V002973,2026-06-03,1,MESA-019,PUESTO-019,ZONA-09,MUN-04,CIRC-04,12:48:27,electronico,USR-0023
SUF-0002743,V003305,2026-06-03,1,MESA-027,PUESTO-002,ZONA-02,MUN-02,CIRC-02,15:28:10,electronico,USR-0023
SUF-0002744,V002281,2026-06-03,1,MESA-067,PUESTO-017,ZONA-07,MUN-02,CIRC-02,11:56:03,electronico,USR-0010
SUF-0002745,V003527,2026-06-03,1,MESA-074,PUESTO-024,ZONA-04,MUN-04,CIRC-04,13:33:31,electronico,USR-0010
SUF-0002746,V004209,2026-06-03,1,MESA-031,PUESTO-006,ZONA-06,MUN-01,CIRC-01,13:42:54,manual,USR-0025
SUF-0002747,V004701,2026-06-03,1,MESA-007,PUESTO-007,ZONA-07,MUN-02,CIRC-02,15:39:42,manual,USR-0015
SUF-0002748,V001284,2026-06-03,1,MESA-012,PUESTO-012,ZONA-02,MUN-02,CIRC-02,15:20:00,electronico,USR-0013
SUF-0002749,V002244,2026-06-03,1,MESA-010,PUESTO-010,ZONA-10,MUN-05,CIRC-05,15:46:13,manual,USR-0007
SUF-0002750,V004199,2026-06-03,1,MESA-055,PUESTO-005,ZONA-05,MUN-05,CIRC-05,13:30:17,electronico,USR-0017
SUF-0002751,V001597,2026-06-03,1,MESA-039,PUESTO-014,ZONA-04,MUN-04,CIRC-04,15:28:11,electronico,USR-0014
SUF-0002752,V003814,2026-06-03,1,MESA-060,PUESTO-010,ZONA-10,MUN-05,CIRC-05,12:54:45,electronico,USR-0010
SUF-0002753,V004997,2026-06-03,1,MESA-049,PUESTO-024,ZONA-04,MUN-04,CIRC-04,14:54:01,manual,USR-0024
SUF-0002754,V000284,2026-06-03,1,MESA-080,PUESTO-005,ZONA-05,MUN-05,CIRC-05,11:11:41,electronico,USR-0019
SUF-0002755,V004887,2026-06-03,1,MESA-024,PUESTO-024,ZONA-04,MUN-04,CIRC-04,08:32:54,electronico,USR-0006
SUF-0002756,V004491,2026-06-03,1,MESA-015,PUESTO-015,ZONA-05,MUN-05,CIRC-05,13:45:13,manual,USR-0017
SUF-0002757,V003962,2026-06-03,1,MESA-052,PUESTO-002,ZONA-02,MUN-02,CIRC-02,15:52:48,electronico,USR-0016
SUF-0002758,V000030,2026-06-03,1,MESA-040,PUESTO-015,ZONA-05,MUN-05,CIRC-05,12:39:52,electronico,USR-0013
SUF-0002759,V003057,2026-06-03,1,MESA-014,PUESTO-014,ZONA-04,MUN-04,CIRC-04,11:58:11,electronico,USR-0010
SUF-0002760,V002188,2026-06-03,1,MESA-024,PUESTO-024,ZONA-04,MUN-04,CIRC-04,09:10:08,electronico,USR-0003
SUF-0002761,V000304,2026-06-03,1,MESA-022,PUESTO-022,ZONA-02,MUN-02,CIRC-02,09:26:29,manual,USR-0008
SUF-0002762,V001510,2026-06-03,1,MESA-037,PUESTO-012,ZONA-02,MUN-02,CIRC-02,09:44:02,electronico,USR-0004
SUF-0002763,V004919,2026-06-03,1,MESA-064,PUESTO-014,ZONA-04,MUN-04,CIRC-04,08:03:45,electronico,USR-0010
SUF-0002764,V002735,2026-06-03,1,MESA-002,PUESTO-002,ZONA-02,MUN-02,CIRC-02,14:13:30,electronico,USR-0024
SUF-0002765,V003402,2026-06-03,1,MESA-019,PUESTO-019,ZONA-09,MUN-04,CIRC-04,09:53:18,electronico,USR-0016
SUF-0002766,V003108,2026-06-03,1,MESA-058,PUESTO-008,ZONA-08,MUN-03,CIRC-03,12:34:33,electronico,USR-0023
SUF-0002767,V003961,2026-06-03,1,MESA-016,PUESTO-016,ZONA-06,MUN-01,CIRC-03,08:09:08,electronico,USR-0004
SUF-0002768,V003650,2026-06-03,1,MESA-040,PUESTO-015,ZONA-05,MUN-05,CIRC-05,11:47:05,electronico,USR-0014
SUF-0002769,V000672,2026-06-03,1,MESA-027,PUESTO-002,ZONA-02,MUN-02,CIRC-02,11:05:24,electronico,USR-0023
SUF-0002770,V003623,2026-06-03,1,MESA-054,PUESTO-004,ZONA-04,MUN-04,CIRC-04,13:09:05,electronico,USR-0010
SUF-0002771,V004790,2026-06-03,1,MESA-034,PUESTO-009,ZONA-09,MUN-04,CIRC-04,09:50:22,electronico,USR-0017
SUF-0002772,V003516,2026-06-03,1,MESA-047,PUESTO-022,ZONA-02,MUN-02,CIRC-02,14:35:11,electronico,USR-0012
SUF-0002773,V004937,2026-06-03,1,MESA-045,PUESTO-020,ZONA-10,MUN-05,CIRC-05,13:44:26,electronico,USR-0007
SUF-0002774,V002999,2026-06-03,1,MESA-075,PUESTO-025,ZONA-05,MUN-05,CIRC-05,14:35:20,electronico,USR-0008
SUF-0002775,V000795,2026-06-03,1,MESA-051,PUESTO-001,ZONA-01,MUN-01,CIRC-01,12:37:20,electronico,USR-0014
SUF-0002776,V004249,2026-06-03,1,MESA-035,PUESTO-010,ZONA-10,MUN-05,CIRC-05,08:34:53,electronico,USR-0020
SUF-0002777,V000989,2026-06-03,1,MESA-031,PUESTO-006,ZONA-06,MUN-01,CIRC-01,08:44:35,manual,USR-0015
SUF-0002778,V002207,2026-06-03,1,MESA-053,PUESTO-003,ZONA-03,MUN-03,CIRC-03,13:36:09,manual,USR-0011
SUF-0002779,V000851,2026-06-03,1,MESA-032,PUESTO-007,ZONA-07,MUN-02,CIRC-02,15:58:41,electronico,USR-0013
SUF-0002780,V003410,2026-06-03,1,MESA-068,PUESTO-018,ZONA-08,MUN-03,CIRC-03,11:22:03,electronico,USR-0014
SUF-0002781,V001260,2026-06-03,1,MESA-078,PUESTO-003,ZONA-03,MUN-03,CIRC-03,08:48:18,electronico,USR-0022
SUF-0002782,V001808,2026-06-03,1,MESA-012,PUESTO-012,ZONA-02,MUN-02,CIRC-02,12:27:07,electronico,USR-0023
SUF-0002783,V003378,2026-06-03,1,MESA-032,PUESTO-007,ZONA-07,MUN-02,CIRC-02,09:37:16,manual,USR-0006
SUF-0002784,V002050,2026-06-03,1,MESA-055,PUESTO-005,ZONA-05,MUN-05,CIRC-05,08:20:45,electronico,USR-0015
SUF-0002785,V004661,2026-06-03,1,MESA-008,PUESTO-008,ZONA-08,MUN-03,CIRC-03,08:39:25,manual,USR-0011
SUF-0002786,V003157,2026-06-03,1,MESA-063,PUESTO-013,ZONA-03,MUN-03,CIRC-04,10:18:54,manual,USR-0007
SUF-0002787,V000107,2026-06-03,1,MESA-004,PUESTO-004,ZONA-04,MUN-04,CIRC-04,13:47:37,electronico,USR-0010
SUF-0002788,V001708,2026-06-03,1,MESA-043,PUESTO-018,ZONA-08,MUN-03,CIRC-05,12:25:25,electronico,USR-0017
SUF-0002789,V002111,2026-06-03,1,MESA-050,PUESTO-025,ZONA-05,MUN-05,CIRC-05,11:58:36,electronico,USR-0022
SUF-0002790,V004684,2026-06-03,1,MESA-077,PUESTO-002,ZONA-02,MUN-02,CIRC-02,09:45:05,manual,USR-0025
SUF-0002791,V002948,2026-06-03,1,MESA-009,PUESTO-009,ZONA-09,MUN-04,CIRC-04,10:58:31,electronico,USR-0010
SUF-0002792,V001722,2026-06-03,1,MESA-043,PUESTO-018,ZONA-08,MUN-03,CIRC-03,10:30:01,electronico,USR-0012
SUF-0002793,V000966,2026-06-03,1,MESA-040,PUESTO-015,ZONA-05,MUN-05,CIRC-05,15:27:22,manual,USR-0006
SUF-0002794,V003933,2026-06-03,1,MESA-059,PUESTO-009,ZONA-09,MUN-04,CIRC-04,11:13:57,electronico,USR-0010
SUF-0002795,V000779,2026-06-03,1,MESA-032,PUESTO-007,ZONA-07,MUN-02,CIRC-02,13:02:27,electronico,USR-0019
SUF-0002796,V001272,2026-06-03,1,MESA-022,PUESTO-022,ZONA-02,MUN-02,CIRC-02,12:00:04,manual,USR-0004
SUF-0002797,V000670,2026-06-03,1,MESA-019,PUESTO-019,ZONA-09,MUN-04,CIRC-04,13:19:11,manual,USR-0008
SUF-0002798,V001373,2026-06-03,1,MESA-064,PUESTO-014,ZONA-04,MUN-04,CIRC-04,15:20:21,manual,USR-0007
SUF-0002799,V000675,2026-06-03,1,MESA-007,PUESTO-007,ZONA-07,MUN-02,CIRC-02,11:55:55,electronico,USR-0010
SUF-0002800,V001174,2026-06-03,1,MESA-035,PUESTO-010,ZONA-10,MUN-05,CIRC-05,15:08:23,electronico,USR-0005
SUF-0002801,V002859,2026-06-03,1,MESA-025,PUESTO-025,ZONA-05,MUN-05,CIRC-05,11:16:24,electronico,USR-0008
SUF-0002802,V004542,2026-06-03,1,MESA-036,PUESTO-011,ZONA-01,MUN-01,CIRC-01,11:54:54,electronico,USR-0007
SUF-0002803,V000728,2026-06-03,1,MESA-012,PUESTO-012,ZONA-02,MUN-02,CIRC-02,14:21:13,manual,USR-0004
SUF-0002804,V001789,2026-06-03,1,MESA-006,PUESTO-006,ZONA-06,MUN-01,CIRC-01,15:36:38,manual,USR-0019
SUF-0002805,V003064,2026-06-03,1,MESA-058,PUESTO-008,ZONA-08,MUN-03,CIRC-03,08:23:02,electronico,USR-0023
SUF-0002806,V001359,2026-06-03,1,MESA-026,PUESTO-001,ZONA-01,MUN-01,CIRC-01,09:32:02,electronico,USR-0008
SUF-0002807,V002198,2026-06-03,1,MESA-047,PUESTO-022,ZONA-02,MUN-02,CIRC-02,09:19:56,electronico,USR-0017
SUF-0002808,V000492,2026-06-03,1,MESA-052,PUESTO-002,ZONA-02,MUN-02,CIRC-02,10:37:47,electronico,USR-0023
SUF-0002809,V001814,2026-06-03,1,MESA-071,PUESTO-021,ZONA-01,MUN-01,CIRC-01,10:24:59,electronico,USR-0025
SUF-0002810,V002563,2026-06-03,1,MESA-044,PUESTO-019,ZONA-09,MUN-04,CIRC-04,09:09:43,manual,USR-0021
SUF-0002811,V003452,2026-06-03,1,MESA-027,PUESTO-002,ZONA-02,MUN-02,CIRC-02,10:17:32,manual,USR-0006
SUF-0002812,V001496,2026-06-03,1,MESA-042,PUESTO-017,ZONA-07,MUN-02,CIRC-02,09:06:14,electronico,USR-0023
SUF-0002813,V004082,2026-06-03,1,MESA-023,PUESTO-023,ZONA-03,MUN-03,CIRC-03,11:01:51,manual,USR-0010
SUF-0002814,V001834,2026-06-03,1,MESA-019,PUESTO-019,ZONA-09,MUN-04,CIRC-04,13:56:18,electronico,USR-0007
SUF-0002815,V001193,2026-06-03,1,MESA-068,PUESTO-018,ZONA-08,MUN-03,CIRC-03,13:28:38,electronico,USR-0020
SUF-0002816,V002930,2026-06-03,1,MESA-077,PUESTO-002,ZONA-02,MUN-02,CIRC-02,09:47:57,manual,USR-0003
SUF-0002817,V002862,2026-06-03,1,MESA-063,PUESTO-013,ZONA-03,MUN-03,CIRC-03,11:30:29,electronico,USR-0021
SUF-0002818,V004716,2026-06-03,1,MESA-034,PUESTO-009,ZONA-09,MUN-04,CIRC-04,08:53:01,electronico,USR-0014
SUF-0002819,V001475,2026-06-03,1,MESA-077,PUESTO-002,ZONA-02,MUN-02,CIRC-02,11:17:19,electronico,USR-0016
SUF-0002820,V002594,2026-06-03,1,MESA-065,PUESTO-015,ZONA-05,MUN-05,CIRC-05,11:41:26,electronico,USR-0020
SUF-0002821,V002048,2026-06-03,1,MESA-003,PUESTO-003,ZONA-03,MUN-03,CIRC-03,08:25:18,manual,USR-0009
SUF-0002822,V004120,2026-06-03,1,MESA-051,PUESTO-001,ZONA-01,MUN-01,CIRC-01,13:42:38,electronico,USR-0009
SUF-0002823,V004630,2026-06-03,1,MESA-004,PUESTO-004,ZONA-04,MUN-04,CIRC-04,10:27:56,electronico,USR-0015
SUF-0002824,V002607,2026-06-03,1,MESA-025,PUESTO-025,ZONA-05,MUN-05,CIRC-05,12:18:30,electronico,USR-0007
SUF-0002825,V003734,2026-06-03,1,MESA-056,PUESTO-006,ZONA-06,MUN-01,CIRC-03,07:31:00,electronico,USR-0013
SUF-0002826,V000933,2026-06-03,1,MESA-063,PUESTO-013,ZONA-03,MUN-03,CIRC-03,14:24:41,manual,USR-0008
SUF-0002827,V004168,2026-06-03,1,MESA-074,PUESTO-024,ZONA-04,MUN-04,CIRC-04,14:42:46,electronico,USR-0008
SUF-0002828,V003186,2026-06-03,1,MESA-003,PUESTO-003,ZONA-03,MUN-03,CIRC-03,12:58:57,electronico,USR-0008
SUF-0002829,V002931,2026-06-03,1,MESA-059,PUESTO-009,ZONA-09,MUN-04,CIRC-04,09:28:21,electronico,USR-0013
SUF-0002830,V000282,2026-06-03,1,MESA-043,PUESTO-018,ZONA-08,MUN-03,CIRC-03,14:36:07,manual,USR-0017
SUF-0002831,V001231,2026-06-03,1,MESA-017,PUESTO-017,ZONA-07,MUN-02,CIRC-02,11:51:20,electronico,USR-0020
SUF-0002832,V004983,2026-06-03,1,MESA-027,PUESTO-002,ZONA-02,MUN-02,CIRC-02,13:18:35,manual,USR-0015
SUF-0002833,V000595,2026-06-03,1,MESA-024,PUESTO-024,ZONA-04,MUN-04,CIRC-04,14:57:43,electronico,USR-0006
SUF-0002834,V002107,2026-06-03,1,MESA-029,PUESTO-004,ZONA-04,MUN-04,CIRC-04,15:42:26,electronico,USR-0022
SUF-0002835,V001702,2026-06-03,1,MESA-077,PUESTO-002,ZONA-02,MUN-02,CIRC-02,08:15:58,electronico,USR-0016
SUF-0002836,V003245,2026-06-03,1,MESA-012,PUESTO-012,ZONA-02,MUN-02,CIRC-02,14:27:27,manual,USR-0010
SUF-0002837,V003798,2026-06-03,1,MESA-059,PUESTO-009,ZONA-09,MUN-04,CIRC-04,14:49:12,electronico,USR-0019
SUF-0002838,V004429,2026-06-03,1,MESA-030,PUESTO-005,ZONA-05,MUN-05,CIRC-05,15:53:20,electronico,USR-0024
SUF-0002839,V000018,2026-06-03,1,MESA-047,PUESTO-022,ZONA-02,MUN-02,CIRC-02,11:31:28,electronico,USR-0008
SUF-0002840,V003910,2026-06-03,1,MESA-080,PUESTO-005,ZONA-05,MUN-05,CIRC-05,09:38:36,electronico,USR-0003
SUF-0002841,V004354,2026-06-03,1,MESA-006,PUESTO-006,ZONA-06,MUN-01,CIRC-01,13:17:48,electronico,USR-0020
SUF-0002842,V000104,2026-06-03,1,MESA-018,PUESTO-018,ZONA-08,MUN-03,CIRC-03,08:14:59,electronico,USR-0025
SUF-0002843,V000337,2026-06-03,1,MESA-079,PUESTO-004,ZONA-04,MUN-04,CIRC-04,12:39:54,electronico,USR-0023
SUF-0002844,V001854,2026-06-03,1,MESA-024,PUESTO-024,ZONA-04,MUN-04,CIRC-04,16:01:00,electronico,USR-0010
SUF-0002845,V001800,2026-06-03,1,MESA-029,PUESTO-004,ZONA-04,MUN-04,CIRC-04,10:50:45,electronico,USR-0016
SUF-0002846,V004109,2026-06-03,1,MESA-002,PUESTO-002,ZONA-02,MUN-02,CIRC-02,08:51:14,electronico,USR-0023
SUF-0002847,V001416,2026-06-03,1,MESA-070,PUESTO-020,ZONA-10,MUN-05,CIRC-05,11:32:54,electronico,USR-0006
SUF-0002848,V002293,2026-06-03,1,MESA-049,PUESTO-024,ZONA-04,MUN-04,CIRC-04,13:15:18,manual,USR-0025
SUF-0002849,V003078,2026-06-03,1,MESA-076,PUESTO-001,ZONA-01,MUN-01,CIRC-01,10:52:51,electronico,USR-0010
SUF-0002850,V001565,2026-06-03,1,MESA-022,PUESTO-022,ZONA-02,MUN-02,CIRC-04,08:00:22,electronico,USR-0006
SUF-0002851,V002151,2026-06-03,1,MESA-012,PUESTO-012,ZONA-02,MUN-02,CIRC-02,08:04:33,electronico,USR-0024
SUF-0002852,V001156,2026-06-03,1,MESA-032,PUESTO-007,ZONA-07,MUN-02,CIRC-02,14:52:21,electronico,USR-0020
SUF-0002853,V004011,2026-06-03,1,MESA-012,PUESTO-012,ZONA-02,MUN-02,CIRC-02,14:46:44,manual,USR-0024
SUF-0002854,V000564,2026-06-03,1,MESA-079,PUESTO-004,ZONA-04,MUN-04,CIRC-04,10:32:08,electronico,USR-0006
SUF-0002855,V002045,2026-06-03,1,MESA-053,PUESTO-003,ZONA-03,MUN-03,CIRC-03,14:51:56,electronico,USR-0005
SUF-0002856,V000585,2026-06-03,1,MESA-003,PUESTO-003,ZONA-03,MUN-03,CIRC-03,08:12:46,electronico,USR-0020
SUF-0002857,V003048,2026-06-03,1,MESA-080,PUESTO-005,ZONA-05,MUN-05,CIRC-05,14:18:24,electronico,USR-0007
SUF-0002858,V004730,2026-06-03,1,MESA-053,PUESTO-003,ZONA-03,MUN-03,CIRC-03,11:25:17,manual,USR-0005
SUF-0002859,V004599,2026-06-03,1,MESA-061,PUESTO-011,ZONA-01,MUN-01,CIRC-01,13:31:49,electronico,USR-0010
SUF-0002860,V004108,2026-06-03,1,MESA-009,PUESTO-009,ZONA-09,MUN-04,CIRC-04,12:00:33,electronico,USR-0009
SUF-0002861,V002025,2026-06-03,1,MESA-061,PUESTO-011,ZONA-01,MUN-01,CIRC-01,11:29:13,electronico,USR-0022
SUF-0002862,V003858,2026-06-03,1,MESA-021,PUESTO-021,ZONA-01,MUN-01,CIRC-01,14:00:05,manual,USR-0023
SUF-0002863,V002888,2026-06-03,1,MESA-051,PUESTO-001,ZONA-01,MUN-01,CIRC-01,15:07:27,electronico,USR-0013
SUF-0002864,V000626,2026-06-03,1,MESA-075,PUESTO-025,ZONA-05,MUN-05,CIRC-03,15:32:16,electronico,USR-0010
SUF-0002865,V004300,2026-06-03,1,MESA-017,PUESTO-017,ZONA-07,MUN-02,CIRC-02,14:38:22,manual,USR-0006
SUF-0002866,V001629,2026-06-03,1,MESA-009,PUESTO-009,ZONA-09,MUN-04,CIRC-04,10:06:37,electronico,USR-0025
SUF-0002867,V001900,2026-06-03,1,MESA-076,PUESTO-001,ZONA-01,MUN-01,CIRC-01,11:27:31,manual,USR-0007
SUF-0002868,V000567,2026-06-03,1,MESA-019,PUESTO-019,ZONA-09,MUN-04,CIRC-04,09:49:45,manual,USR-0008
SUF-0002869,V003164,2026-06-03,1,MESA-052,PUESTO-002,ZONA-02,MUN-02,CIRC-02,13:15:31,manual,USR-0014
SUF-0002870,V004852,2026-06-03,1,MESA-014,PUESTO-014,ZONA-04,MUN-04,CIRC-04,13:35:23,electronico,USR-0010
SUF-0002871,V004998,2026-06-03,1,MESA-055,PUESTO-005,ZONA-05,MUN-05,CIRC-05,11:28:31,electronico,USR-0004
SUF-0002872,V004742,2026-06-03,1,MESA-015,PUESTO-015,ZONA-05,MUN-05,CIRC-05,11:26:28,manual,USR-0005
SUF-0002873,V004512,2026-06-03,1,MESA-039,PUESTO-014,ZONA-04,MUN-04,CIRC-04,10:57:51,electronico,USR-0011
SUF-0002874,V004101,2026-06-03,1,MESA-055,PUESTO-005,ZONA-05,MUN-05,CIRC-05,10:57:09,electronico,USR-0025
SUF-0002875,V002360,2026-06-03,1,MESA-073,PUESTO-023,ZONA-03,MUN-03,CIRC-05,09:33:44,electronico,USR-0019
SUF-0002876,V003455,2026-06-03,1,MESA-057,PUESTO-007,ZONA-07,MUN-02,CIRC-02,10:32:57,manual,USR-0019
SUF-0002877,V000538,2026-06-03,1,MESA-068,PUESTO-018,ZONA-08,MUN-03,CIRC-03,13:17:36,manual,USR-0020
SUF-0002878,V000924,2026-06-03,1,MESA-076,PUESTO-001,ZONA-01,MUN-01,CIRC-01,15:43:40,electronico,USR-0025
SUF-0002879,V002530,2026-06-03,1,MESA-011,PUESTO-011,ZONA-01,MUN-01,CIRC-01,11:00:06,manual,USR-0019
SUF-0002880,V001244,2026-06-03,1,MESA-021,PUESTO-021,ZONA-01,MUN-01,CIRC-01,14:21:46,electronico,USR-0014
SUF-0002881,V000920,2026-06-03,1,MESA-018,PUESTO-018,ZONA-08,MUN-03,CIRC-03,13:48:37,electronico,USR-0023
SUF-0002882,V000829,2026-06-03,1,MESA-026,PUESTO-001,ZONA-01,MUN-01,CIRC-01,09:09:01,electronico,USR-0021
SUF-0002883,V000632,2026-06-03,1,MESA-044,PUESTO-019,ZONA-09,MUN-04,CIRC-04,12:30:03,manual,USR-0017
SUF-0002884,V000715,2026-06-03,1,MESA-013,PUESTO-013,ZONA-03,MUN-03,CIRC-03,12:03:28,manual,USR-0013
SUF-0002885,V002786,2026-06-03,1,MESA-042,PUESTO-017,ZONA-07,MUN-02,CIRC-02,11:56:15,manual,USR-0023
SUF-0002886,V001481,2026-06-03,1,MESA-072,PUESTO-022,ZONA-02,MUN-02,CIRC-02,15:16:22,manual,USR-0022
SUF-0002887,V001297,2026-06-03,1,MESA-010,PUESTO-010,ZONA-10,MUN-05,CIRC-05,08:07:38,electronico,USR-0025
SUF-0002888,V001436,2026-06-03,1,MESA-021,PUESTO-021,ZONA-01,MUN-01,CIRC-01,14:30:38,electronico,USR-0019
SUF-0002889,V000765,2026-06-03,1,MESA-038,PUESTO-013,ZONA-03,MUN-03,CIRC-02,12:20:34,electronico,USR-0010
SUF-0002890,V004755,2026-06-03,1,MESA-064,PUESTO-014,ZONA-04,MUN-04,CIRC-04,09:19:23,manual,USR-0003
SUF-0002891,V001267,2026-06-03,1,MESA-077,PUESTO-002,ZONA-02,MUN-02,CIRC-02,15:25:37,manual,USR-0019
SUF-0002892,V002730,2026-06-03,1,MESA-005,PUESTO-005,ZONA-05,MUN-05,CIRC-05,14:06:45,electronico,USR-0003
SUF-0002893,V001735,2026-06-03,1,MESA-053,PUESTO-003,ZONA-03,MUN-03,CIRC-03,10:41:01,manual,USR-0012
SUF-0002894,V002950,2026-06-03,1,MESA-074,PUESTO-024,ZONA-04,MUN-04,CIRC-04,15:31:50,manual,USR-0023
SUF-0002895,V004663,2026-06-03,1,MESA-025,PUESTO-025,ZONA-05,MUN-05,CIRC-05,10:09:46,electronico,USR-0007
SUF-0002896,V000208,2026-06-03,1,MESA-001,PUESTO-001,ZONA-01,MUN-01,CIRC-01,15:39:24,electronico,USR-0020
SUF-0002897,V002184,2026-06-03,1,MESA-035,PUESTO-010,ZONA-10,MUN-05,CIRC-05,10:54:17,electronico,USR-0015
SUF-0002898,V004676,2026-06-03,1,MESA-055,PUESTO-005,ZONA-05,MUN-05,CIRC-04,08:36:47,manual,USR-0006
SUF-0002899,V001936,2026-06-03,1,MESA-001,PUESTO-001,ZONA-01,MUN-01,CIRC-01,15:42:10,electronico,USR-0003
SUF-0002900,V003747,2026-06-03,1,MESA-033,PUESTO-008,ZONA-08,MUN-03,CIRC-03,09:53:45,electronico,USR-0004
SUF-0002901,V004143,2026-06-03,1,MESA-015,PUESTO-015,ZONA-05,MUN-05,CIRC-05,15:21:08,electronico,USR-0020
SUF-0002902,V002511,2026-06-03,1,MESA-043,PUESTO-018,ZONA-08,MUN-03,CIRC-03,14:24:03,electronico,USR-0003
SUF-0002903,V004548,2026-06-03,1,MESA-070,PUESTO-020,ZONA-10,MUN-05,CIRC-05,14:32:27,manual,USR-0017
SUF-0002904,V004881,2026-06-03,1,MESA-041,PUESTO-016,ZONA-06,MUN-01,CIRC-01,09:27:29,electronico,USR-0004
SUF-0002905,V002236,2026-06-03,1,MESA-027,PUESTO-002,ZONA-02,MUN-02,CIRC-02,14:52:31,electronico,USR-0019
SUF-0002906,V001168,2026-06-03,1,MESA-038,PUESTO-013,ZONA-03,MUN-03,CIRC-03,13:37:21,manual,USR-0006
SUF-0002907,V004942,2026-06-03,1,MESA-037,PUESTO-012,ZONA-02,MUN-02,CIRC-02,13:42:40,electronico,USR-0024
SUF-0002908,V001547,2026-06-03,1,MESA-050,PUESTO-025,ZONA-05,MUN-05,CIRC-05,12:54:36,manual,USR-0011
SUF-0002909,V001419,2026-06-03,1,MESA-074,PUESTO-024,ZONA-04,MUN-04,CIRC-04,11:33:01,electronico,USR-0010
SUF-0002910,V000188,2026-06-03,1,MESA-075,PUESTO-025,ZONA-05,MUN-05,CIRC-05,08:09:13,electronico,USR-0015
SUF-0002911,V000679,2026-06-03,1,MESA-033,PUESTO-008,ZONA-08,MUN-03,CIRC-05,15:29:53,manual,USR-0008
SUF-0002912,V001588,2026-06-03,1,MESA-050,PUESTO-025,ZONA-05,MUN-05,CIRC-05,11:59:16,electronico,USR-0003
SUF-0002913,V004856,2026-06-03,1,MESA-004,PUESTO-004,ZONA-04,MUN-04,CIRC-04,08:40:14,manual,USR-0010
SUF-0002914,V001566,2026-06-03,1,MESA-028,PUESTO-003,ZONA-03,MUN-03,CIRC-03,09:37:11,electronico,USR-0019
SUF-0002915,V004985,2026-06-03,1,MESA-025,PUESTO-025,ZONA-05,MUN-05,CIRC-05,09:05:52,electronico,USR-0016
SUF-0002916,V004692,2026-06-03,1,MESA-018,PUESTO-018,ZONA-08,MUN-03,CIRC-03,13:44:25,electronico,USR-0009
SUF-0002917,V002587,2026-06-03,1,MESA-073,PUESTO-023,ZONA-03,MUN-03,CIRC-03,11:53:59,manual,USR-0015
SUF-0002918,V004149,2026-06-03,1,MESA-057,PUESTO-007,ZONA-07,MUN-02,CIRC-02,12:55:28,manual,USR-0013
SUF-0002919,V002978,2026-06-03,1,MESA-020,PUESTO-020,ZONA-10,MUN-05,CIRC-05,14:47:04,electronico,USR-0006
SUF-0002920,V004544,2026-06-03,1,MESA-080,PUESTO-005,ZONA-05,MUN-05,CIRC-05,14:00:32,electronico,USR-0022
SUF-0002921,V004568,2026-06-03,1,MESA-068,PUESTO-018,ZONA-08,MUN-03,CIRC-03,14:41:46,electronico,USR-0009
SUF-0002922,V001367,2026-06-03,1,MESA-053,PUESTO-003,ZONA-03,MUN-03,CIRC-03,09:25:42,manual,USR-0017
SUF-0002923,V002920,2026-06-03,1,MESA-011,PUESTO-011,ZONA-01,MUN-01,CIRC-01,09:21:28,electronico,USR-0014
SUF-0002924,V002943,2026-06-03,1,MESA-001,PUESTO-001,ZONA-01,MUN-01,CIRC-01,11:41:52,electronico,USR-0024
SUF-0002925,V000206,2026-06-03,1,MESA-071,PUESTO-021,ZONA-01,MUN-01,CIRC-01,12:45:42,electronico,USR-0004
SUF-0002926,V000965,2026-06-03,1,MESA-031,PUESTO-006,ZONA-06,MUN-01,CIRC-01,11:16:32,electronico,USR-0025
SUF-0002927,V001310,2026-06-03,1,MESA-057,PUESTO-007,ZONA-07,MUN-02,CIRC-03,13:58:00,electronico,USR-0020
SUF-0002928,V000394,2026-06-03,1,MESA-022,PUESTO-022,ZONA-02,MUN-02,CIRC-02,08:02:05,electronico,USR-0023
SUF-0002929,V000652,2026-06-03,1,MESA-055,PUESTO-005,ZONA-05,MUN-05,CIRC-05,14:17:45,manual,USR-0017
SUF-0002930,V000690,2026-06-03,1,MESA-017,PUESTO-017,ZONA-07,MUN-02,CIRC-02,13:15:52,electronico,USR-0024
SUF-0002931,V001967,2026-06-03,1,MESA-009,PUESTO-009,ZONA-09,MUN-04,CIRC-04,15:55:18,electronico,USR-0015
SUF-0002932,V000235,2026-06-03,1,MESA-062,PUESTO-012,ZONA-02,MUN-02,CIRC-02,15:48:05,electronico,USR-0006
SUF-0002933,V003225,2026-06-03,1,MESA-051,PUESTO-001,ZONA-01,MUN-01,CIRC-01,10:05:28,manual,USR-0015
SUF-0002934,V001229,2026-06-03,1,MESA-076,PUESTO-001,ZONA-01,MUN-01,CIRC-01,13:36:20,electronico,USR-0010
SUF-0002935,V000389,2026-06-03,1,MESA-017,PUESTO-017,ZONA-07,MUN-02,CIRC-02,10:46:48,electronico,USR-0016
SUF-0002936,V003293,2026-06-03,1,MESA-064,PUESTO-014,ZONA-04,MUN-04,CIRC-03,10:06:17,electronico,USR-0010
SUF-0002937,V003997,2026-06-03,1,MESA-016,PUESTO-016,ZONA-06,MUN-01,CIRC-01,11:17:20,electronico,USR-0012
SUF-0002938,V000225,2026-06-03,1,MESA-033,PUESTO-008,ZONA-08,MUN-03,CIRC-03,12:13:35,electronico,USR-0024
SUF-0002939,V001217,2026-06-03,1,MESA-034,PUESTO-009,ZONA-09,MUN-04,CIRC-04,12:50:43,manual,USR-0022
SUF-0002940,V003854,2026-06-03,1,MESA-073,PUESTO-023,ZONA-03,MUN-03,CIRC-03,09:41:27,electronico,USR-0010
SUF-0002941,V003476,2026-06-03,1,MESA-003,PUESTO-003,ZONA-03,MUN-03,CIRC-03,09:11:56,electronico,USR-0010
SUF-0002942,V000556,2026-06-03,1,MESA-014,PUESTO-014,ZONA-04,MUN-04,CIRC-04,15:42:46,manual,USR-0005
SUF-0002943,V002327,2026-06-03,1,MESA-010,PUESTO-010,ZONA-10,MUN-05,CIRC-05,11:03:25,electronico,USR-0013
SUF-0002944,V002944,2026-06-03,1,MESA-004,PUESTO-004,ZONA-04,MUN-04,CIRC-04,14:59:05,electronico,USR-0010
SUF-0002945,V002660,2026-06-03,1,MESA-076,PUESTO-001,ZONA-01,MUN-01,CIRC-01,13:41:37,electronico,USR-0008
SUF-0002946,V000788,2026-06-03,1,MESA-071,PUESTO-021,ZONA-01,MUN-01,CIRC-01,11:05:30,electronico,USR-0003
SUF-0002947,V001915,2026-06-03,1,MESA-031,PUESTO-006,ZONA-06,MUN-01,CIRC-01,11:20:50,electronico,USR-0012
SUF-0002948,V002032,2026-06-03,1,MESA-035,PUESTO-010,ZONA-10,MUN-05,CIRC-05,10:19:05,electronico,USR-0015
SUF-0002949,V002421,2026-06-03,1,MESA-079,PUESTO-004,ZONA-04,MUN-04,CIRC-04,08:08:26,manual,USR-0017
SUF-0002950,V000207,2026-06-03,1,MESA-009,PUESTO-009,ZONA-09,MUN-04,CIRC-04,10:16:03,electronico,USR-0017
SUF-0002951,V003134,2026-06-03,1,MESA-012,PUESTO-012,ZONA-02,MUN-02,CIRC-02,12:00:37,electronico,USR-0017
SUF-0002952,V003837,2026-06-03,1,MESA-020,PUESTO-020,ZONA-10,MUN-05,CIRC-05,14:02:32,electronico,USR-0011
SUF-0002953,V000666,2026-06-03,1,MESA-052,PUESTO-002,ZONA-02,MUN-02,CIRC-02,10:49:58,electronico,USR-0008
SUF-0002954,V004097,2026-06-03,1,MESA-038,PUESTO-013,ZONA-03,MUN-03,CIRC-03,14:30:39,manual,USR-0011
SUF-0002955,V004797,2026-06-03,1,MESA-011,PUESTO-011,ZONA-01,MUN-01,CIRC-01,15:58:58,electronico,USR-0025
SUF-0002956,V004634,2026-06-03,1,MESA-052,PUESTO-002,ZONA-02,MUN-02,CIRC-02,15:37:44,electronico,USR-0010
SUF-0002957,V003732,2026-06-03,1,MESA-074,PUESTO-024,ZONA-04,MUN-04,CIRC-04,12:17:41,electronico,USR-0005
SUF-0002958,V004814,2026-06-03,1,MESA-041,PUESTO-016,ZONA-06,MUN-01,CIRC-01,10:56:55,electronico,USR-0006
SUF-0002959,V002752,2026-06-03,1,MESA-055,PUESTO-005,ZONA-05,MUN-05,CIRC-05,14:31:03,manual,USR-0003
SUF-0002960,V001395,2026-06-03,1,MESA-028,PUESTO-003,ZONA-03,MUN-03,CIRC-03,09:15:26,electronico,USR-0004
SUF-0002961,V001855,2026-06-03,1,MESA-022,PUESTO-022,ZONA-02,MUN-02,CIRC-02,13:05:48,electronico,USR-0016
SUF-0002962,V004882,2026-06-03,1,MESA-053,PUESTO-003,ZONA-03,MUN-03,CIRC-03,10:52:16,electronico,USR-0015
SUF-0002963,V000092,2026-06-03,1,MESA-040,PUESTO-015,ZONA-05,MUN-05,CIRC-05,15:11:52,electronico,USR-0008
SUF-0002964,V004447,2026-06-03,1,MESA-056,PUESTO-006,ZONA-06,MUN-01,CIRC-01,08:24:04,electronico,USR-0015
SUF-0002965,V002906,2026-06-03,1,MESA-061,PUESTO-011,ZONA-01,MUN-01,CIRC-01,09:17:13,manual,USR-0010
SUF-0002966,V003520,2026-06-03,1,MESA-058,PUESTO-008,ZONA-08,MUN-03,CIRC-03,13:40:02,electronico,USR-0003
SUF-0002967,V001005,2026-06-03,1,MESA-018,PUESTO-018,ZONA-08,MUN-03,CIRC-03,13:06:50,electronico,USR-0009
SUF-0002968,V004208,2026-06-03,1,MESA-069,PUESTO-019,ZONA-09,MUN-04,CIRC-04,12:13:51,manual,USR-0023
SUF-0002969,V004193,2026-06-03,1,MESA-004,PUESTO-004,ZONA-04,MUN-04,CIRC-04,10:18:55,manual,USR-0006
SUF-0002970,V000303,2026-06-03,1,MESA-064,PUESTO-014,ZONA-04,MUN-04,CIRC-04,11:11:26,manual,USR-0024
SUF-0002971,V003079,2026-06-03,1,MESA-037,PUESTO-012,ZONA-02,MUN-02,CIRC-02,14:29:35,electronico,USR-0021
SUF-0002972,V003780,2026-06-03,1,MESA-051,PUESTO-001,ZONA-01,MUN-01,CIRC-01,08:22:07,electronico,USR-0017
SUF-0002973,V003399,2026-06-03,1,MESA-043,PUESTO-018,ZONA-08,MUN-03,CIRC-03,15:05:43,manual,USR-0024
SUF-0002974,V002250,2026-06-03,1,MESA-002,PUESTO-002,ZONA-02,MUN-02,CIRC-02,10:18:46,electronico,USR-0025
SUF-0002975,V002186,2026-06-03,1,MESA-028,PUESTO-003,ZONA-03,MUN-03,CIRC-03,09:10:36,electronico,USR-0025
SUF-0002976,V002643,2026-06-03,1,MESA-048,PUESTO-023,ZONA-03,MUN-03,CIRC-03,11:19:34,manual,USR-0005
SUF-0002977,V004999,2026-06-03,1,MESA-013,PUESTO-013,ZONA-03,MUN-03,CIRC-03,11:54:10,electronico,USR-0010
SUF-0002978,V002995,2026-06-03,1,MESA-019,PUESTO-019,ZONA-09,MUN-04,CIRC-04,13:52:15,manual,USR-0020
SUF-0002979,V000512,2026-06-03,1,MESA-028,PUESTO-003,ZONA-03,MUN-03,CIRC-03,09:02:29,electronico,USR-0021
SUF-0002980,V001252,2026-06-03,1,MESA-048,PUESTO-023,ZONA-03,MUN-03,CIRC-03,08:37:42,manual,USR-0014
SUF-0002981,V002589,2026-06-03,1,MESA-065,PUESTO-015,ZONA-05,MUN-05,CIRC-05,12:52:10,electronico,USR-0010
SUF-0002982,V003053,2026-06-03,1,MESA-067,PUESTO-017,ZONA-07,MUN-02,CIRC-02,10:00:45,electronico,USR-0008
SUF-0002983,V004966,2026-06-03,1,MESA-077,PUESTO-002,ZONA-02,MUN-02,CIRC-02,14:04:00,electronico,USR-0010
SUF-0002984,V000766,2026-06-03,1,MESA-010,PUESTO-010,ZONA-10,MUN-05,CIRC-04,14:41:17,manual,USR-0010
SUF-0002985,V000807,2026-06-03,1,MESA-036,PUESTO-011,ZONA-01,MUN-01,CIRC-01,13:14:10,electronico,USR-0009
SUF-0002986,V004955,2026-06-03,1,MESA-080,PUESTO-005,ZONA-05,MUN-05,CIRC-05,13:07:36,electronico,USR-0009
SUF-0002987,V001355,2026-06-03,1,MESA-024,PUESTO-024,ZONA-04,MUN-04,CIRC-04,15:29:38,electronico,USR-0010
SUF-0002988,V003712,2026-06-03,1,MESA-021,PUESTO-021,ZONA-01,MUN-01,CIRC-01,14:17:19,manual,USR-0004
SUF-0002989,V001504,2026-06-03,1,MESA-053,PUESTO-003,ZONA-03,MUN-03,CIRC-03,11:25:13,manual,USR-0008
SUF-0002990,V001724,2026-06-03,1,MESA-058,PUESTO-008,ZONA-08,MUN-03,CIRC-03,13:36:10,manual,USR-0010
SUF-0002991,V002794,2026-06-03,1,MESA-052,PUESTO-002,ZONA-02,MUN-02,CIRC-02,13:24:45,electronico,USR-0006
SUF-0002992,V003486,2026-06-03,1,MESA-024,PUESTO-024,ZONA-04,MUN-04,CIRC-04,09:13:50,electronico,USR-0010
SUF-0002993,V004864,2026-06-03,1,MESA-080,PUESTO-005,ZONA-05,MUN-05,CIRC-05,09:31:02,electronico,USR-0014
SUF-0002994,V001035,2026-06-03,1,MESA-017,PUESTO-017,ZONA-07,MUN-02,CIRC-02,12:03:09,electronico,USR-0015
SUF-0002995,V004613,2026-06-03,1,MESA-027,PUESTO-002,ZONA-02,MUN-02,CIRC-02,08:57:49,manual,USR-0013
SUF-0002996,V000100,2026-06-03,1,MESA-069,PUESTO-019,ZONA-09,MUN-04,CIRC-04,14:09:04,manual,USR-0010
SUF-0002997,V001838,2026-06-03,1,MESA-005,PUESTO-005,ZONA-05,MUN-05,CIRC-05,15:06:47,manual,USR-0021
SUF-0002998,V003352,2026-06-03,1,MESA-016,PUESTO-016,ZONA-06,MUN-01,CIRC-01,14:40:53,electronico,USR-0016
SUF-0002999,V003675,2026-06-03,1,MESA-075,PUESTO-025,ZONA-05,MUN-05,CIRC-05,13:04:46,electronico,USR-0015
SUF-0003000,V002917,2026-06-03,1,MESA-017,PUESTO-017,ZONA-07,MUN-02,CIRC-02,09:16:24,manual,USR-0011
SUF-0003001,V004642,2026-06-03,1,MESA-053,PUESTO-003,ZONA-03,MUN-03,CIRC-03,14:37:40,manual,USR-0012
SUF-0003002,V001633,2026-06-03,1,MESA-009,PUESTO-009,ZONA-09,MUN-04,CIRC-04,10:34:46,electronico,USR-0023
SUF-0003003,V004318,2026-06-03,1,MESA-039,PUESTO-014,ZONA-04,MUN-04,CIRC-04,12:22:10,electronico,USR-0023
SUF-0003004,V004290,2026-06-03,1,MESA-017,PUESTO-017,ZONA-07,MUN-02,CIRC-02,15:17:59,manual,USR-0025
SUF-0003005,V003908,2026-06-03,1,MESA-068,PUESTO-018,ZONA-08,MUN-03,CIRC-03,10:58:11,electronico,USR-0020
SUF-0003006,V000871,2026-06-03,1,MESA-011,PUESTO-011,ZONA-01,MUN-01,CIRC-01,13:04:39,manual,USR-0003
SUF-0003007,V004148,2026-06-03,1,MESA-060,PUESTO-010,ZONA-10,MUN-05,CIRC-05,09:27:32,manual,USR-0005
SUF-0003008,V004954,2026-06-03,1,MESA-008,PUESTO-008,ZONA-08,MUN-03,CIRC-03,11:13:37,manual,USR-0010
SUF-0003009,V004846,2026-06-03,1,MESA-024,PUESTO-024,ZONA-04,MUN-04,CIRC-04,08:30:26,electronico,USR-0005
SUF-0003010,V002642,2026-06-03,1,MESA-063,PUESTO-013,ZONA-03,MUN-03,CIRC-03,11:30:15,manual,USR-0006
SUF-0003011,V001589,2026-06-03,1,MESA-080,PUESTO-005,ZONA-05,MUN-05,CIRC-05,09:47:57,manual,USR-0021
SUF-0003012,V000216,2026-06-03,1,MESA-007,PUESTO-007,ZONA-07,MUN-02,CIRC-02,11:16:22,electronico,USR-0015
SUF-0003013,V001551,2026-06-03,1,MESA-003,PUESTO-003,ZONA-03,MUN-03,CIRC-03,12:44:37,manual,USR-0024
SUF-0003014,V001336,2026-06-03,1,MESA-064,PUESTO-014,ZONA-04,MUN-04,CIRC-04,15:59:49,manual,USR-0004
SUF-0003015,V000257,2026-06-03,1,MESA-077,PUESTO-002,ZONA-02,MUN-02,CIRC-02,12:08:11,electronico,USR-0019
SUF-0003016,V002841,2026-06-03,1,MESA-058,PUESTO-008,ZONA-08,MUN-03,CIRC-03,10:47:57,manual,USR-0007
SUF-0003017,V000858,2026-06-03,1,MESA-077,PUESTO-002,ZONA-02,MUN-02,CIRC-02,12:43:44,manual,USR-0006
SUF-0003018,V003617,2026-06-03,1,MESA-004,PUESTO-004,ZONA-04,MUN-04,CIRC-04,13:46:48,electronico,USR-0014
SUF-0003019,V004899,2026-06-03,1,MESA-065,PUESTO-015,ZONA-05,MUN-05,CIRC-05,10:35:30,manual,USR-0023
SUF-0003020,V003440,2026-06-03,1,MESA-041,PUESTO-016,ZONA-06,MUN-01,CIRC-03,12:35:21,electronico,USR-0005
SUF-0003021,V002844,2026-06-03,1,MESA-035,PUESTO-010,ZONA-10,MUN-05,CIRC-05,14:33:46,electronico,USR-0010
SUF-0003022,V004555,2026-06-03,1,MESA-061,PUESTO-011,ZONA-01,MUN-01,CIRC-05,08:17:38,manual,USR-0003
SUF-0003023,V004151,2026-06-03,1,MESA-017,PUESTO-017,ZONA-07,MUN-02,CIRC-02,10:19:21,electronico,USR-0022
SUF-0003024,V000001,2026-06-03,1,MESA-026,PUESTO-001,ZONA-01,MUN-01,CIRC-01,13:38:07,electronico,USR-0004
SUF-0003025,V002033,2026-06-03,1,MESA-021,PUESTO-021,ZONA-01,MUN-01,CIRC-01,08:50:51,manual,USR-0011
SUF-0003026,V003302,2026-06-03,1,MESA-015,PUESTO-015,ZONA-05,MUN-05,CIRC-05,13:36:59,manual,USR-0004
SUF-0003027,V004387,2026-06-03,1,MESA-080,PUESTO-005,ZONA-05,MUN-05,CIRC-05,10:23:34,manual,USR-0020
SUF-0003028,V003755,2026-06-03,1,MESA-023,PUESTO-023,ZONA-03,MUN-03,CIRC-03,12:06:49,electronico,USR-0010
SUF-0003029,V003678,2026-06-03,1,MESA-078,PUESTO-003,ZONA-03,MUN-03,CIRC-03,08:03:49,manual,USR-0010
SUF-0003030,V001590,2026-06-03,1,MESA-064,PUESTO-014,ZONA-04,MUN-04,CIRC-01,13:51:04,electronico,USR-0012
SUF-0003031,V003409,2026-06-03,1,MESA-017,PUESTO-017,ZONA-07,MUN-02,CIRC-02,11:20:58,electronico,USR-0011
SUF-0003032,V000967,2026-06-03,1,MESA-048,PUESTO-023,ZONA-03,MUN-03,CIRC-03,12:53:45,electronico,USR-0010
SUF-0003033,V002245,2026-06-03,1,MESA-030,PUESTO-005,ZONA-05,MUN-05,CIRC-05,13:29:06,electronico,USR-0015
SUF-0003034,V004385,2026-06-03,1,MESA-038,PUESTO-013,ZONA-03,MUN-03,CIRC-03,14:51:21,electronico,USR-0023
SUF-0003035,V000470,2026-06-03,1,MESA-080,PUESTO-005,ZONA-05,MUN-05,CIRC-05,11:04:35,electronico,USR-0023
SUF-0003036,V002189,2026-06-03,1,MESA-008,PUESTO-008,ZONA-08,MUN-03,CIRC-03,10:34:14,electronico,USR-0008
SUF-0003037,V003282,2026-06-03,1,MESA-002,PUESTO-002,ZONA-02,MUN-02,CIRC-02,11:44:54,electronico,USR-0006
SUF-0003038,V000774,2026-06-03,1,MESA-042,PUESTO-017,ZONA-07,MUN-02,CIRC-02,11:37:31,electronico,USR-0021
SUF-0003039,V003152,2026-06-03,1,MESA-062,PUESTO-012,ZONA-02,MUN-02,CIRC-02,14:13:53,manual,USR-0016
SUF-0003040,V000818,2026-06-03,1,MESA-054,PUESTO-004,ZONA-04,MUN-04,CIRC-04,10:01:27,electronico,USR-0007
SUF-0003041,V001331,2026-06-03,1,MESA-022,PUESTO-022,ZONA-02,MUN-02,CIRC-02,13:05:30,electronico,USR-0005
SUF-0003042,V001223,2026-06-03,1,MESA-032,PUESTO-007,ZONA-07,MUN-02,CIRC-02,12:05:35,manual,USR-0023
SUF-0003043,V002270,2026-06-03,1,MESA-017,PUESTO-017,ZONA-07,MUN-02,CIRC-02,13:03:10,manual,USR-0010
SUF-0003044,V003497,2026-06-03,1,MESA-050,PUESTO-025,ZONA-05,MUN-05,CIRC-05,15:02:47,electronico,USR-0019
SUF-0003045,V004878,2026-06-03,1,MESA-012,PUESTO-012,ZONA-02,MUN-02,CIRC-02,15:06:02,manual,USR-0010
SUF-0003046,V001666,2026-06-03,1,MESA-005,PUESTO-005,ZONA-05,MUN-05,CIRC-05,13:35:09,electronico,USR-0015
SUF-0003047,V003071,2026-06-03,1,MESA-003,PUESTO-003,ZONA-03,MUN-03,CIRC-03,10:57:54,manual,USR-0019
SUF-0003048,V003212,2026-06-03,1,MESA-023,PUESTO-023,ZONA-03,MUN-03,CIRC-03,11:26:42,manual,USR-0007
SUF-0003049,V004971,2026-06-03,1,MESA-054,PUESTO-004,ZONA-04,MUN-04,CIRC-04,09:28:59,electronico,USR-0003
SUF-0003050,V000294,2026-06-03,1,MESA-016,PUESTO-016,ZONA-06,MUN-01,CIRC-01,09:53:57,manual,USR-0009
SUF-0003051,V003198,2026-06-03,1,MESA-071,PUESTO-021,ZONA-01,MUN-01,CIRC-01,13:04:20,electronico,USR-0020
SUF-0003052,V000754,2026-06-03,1,MESA-062,PUESTO-012,ZONA-02,MUN-02,CIRC-02,08:12:13,manual,USR-0010
SUF-0003053,V003725,2026-06-03,1,MESA-053,PUESTO-003,ZONA-03,MUN-03,CIRC-03,15:31:53,electronico,USR-0004
SUF-0003054,V001045,2026-06-03,1,MESA-063,PUESTO-013,ZONA-03,MUN-03,CIRC-03,15:05:09,electronico,USR-0015
SUF-0003055,V003759,2026-06-03,1,MESA-026,PUESTO-001,ZONA-01,MUN-01,CIRC-01,15:01:48,electronico,USR-0024
SUF-0003056,V001246,2026-06-03,1,MESA-004,PUESTO-004,ZONA-04,MUN-04,CIRC-04,10:29:32,electronico,USR-0012
SUF-0003057,V001270,2026-06-03,1,MESA-052,PUESTO-002,ZONA-02,MUN-02,CIRC-02,11:02:52,electronico,USR-0006
SUF-0003058,V004731,2026-06-03,1,MESA-059,PUESTO-009,ZONA-09,MUN-04,CIRC-04,08:27:21,electronico,USR-0010
SUF-0003059,V002989,2026-06-03,1,MESA-061,PUESTO-011,ZONA-01,MUN-01,CIRC-01,07:20:00,electronico,USR-0023
SUF-0003060,V000321,2026-06-03,1,MESA-055,PUESTO-005,ZONA-05,MUN-05,CIRC-05,18:44:00,electronico,USR-0022
SUF-0003061,V004127,2026-06-03,1,MESA-066,PUESTO-016,ZONA-06,MUN-01,CIRC-01,12:34:57,electronico,USR-0004
SUF-0003062,V004637,2026-06-03,1,MESA-036,PUESTO-011,ZONA-01,MUN-01,CIRC-01,11:11:34,manual,USR-0014
SUF-0003063,V002415,2026-06-03,1,MESA-053,PUESTO-003,ZONA-03,MUN-03,CIRC-03,14:56:09,electronico,USR-0004
SUF-0003064,V003892,2026-06-03,1,MESA-012,PUESTO-012,ZONA-02,MUN-02,CIRC-02,09:20:55,electronico,USR-0010
SUF-0003065,V000982,2026-06-03,1,MESA-067,PUESTO-017,ZONA-07,MUN-02,CIRC-02,11:52:39,electronico,USR-0010
SUF-0003066,V001358,2026-06-03,1,MESA-027,PUESTO-002,ZONA-02,MUN-02,CIRC-02,09:16:35,electronico,USR-0023
SUF-0003067,V003916,2026-06-03,1,MESA-017,PUESTO-017,ZONA-07,MUN-02,CIRC-02,13:44:54,electronico,USR-0010
SUF-0003068,V004600,2026-06-03,1,MESA-051,PUESTO-001,ZONA-01,MUN-01,CIRC-01,14:24:48,electronico,USR-0004
SUF-0003069,V003506,2026-06-03,1,MESA-009,PUESTO-009,ZONA-09,MUN-04,CIRC-04,09:36:18,electronico,USR-0016
SUF-0003070,V004957,2026-06-03,1,MESA-003,PUESTO-003,ZONA-03,MUN-03,CIRC-03,12:37:26,manual,USR-0010
SUF-0003071,V004314,2026-06-03,1,MESA-076,PUESTO-001,ZONA-01,MUN-01,CIRC-01,12:13:30,electronico,USR-0007
SUF-0003072,V003566,2026-06-03,1,MESA-056,PUESTO-006,ZONA-06,MUN-01,CIRC-01,10:33:28,electronico,USR-0017
SUF-0003073,V003047,2026-06-03,1,MESA-017,PUESTO-017,ZONA-07,MUN-02,CIRC-02,12:13:11,electronico,USR-0010
SUF-0003074,V001929,2026-06-03,1,MESA-025,PUESTO-025,ZONA-05,MUN-05,CIRC-05,09:14:57,electronico,USR-0008
SUF-0003075,V001041,2026-06-03,1,MESA-061,PUESTO-011,ZONA-01,MUN-01,CIRC-01,09:11:08,electronico,USR-0019
SUF-0003076,V001902,2026-06-03,1,MESA-046,PUESTO-021,ZONA-01,MUN-01,CIRC-01,11:23:34,manual,USR-0010
SUF-0003077,V001579,2026-06-03,1,MESA-069,PUESTO-019,ZONA-09,MUN-04,CIRC-04,15:51:23,electronico,USR-0010
SUF-0003078,V001868,2026-06-03,1,MESA-064,PUESTO-014,ZONA-04,MUN-04,CIRC-04,11:16:41,electronico,USR-0021
SUF-0003079,V004228,2026-06-03,1,MESA-054,PUESTO-004,ZONA-04,MUN-04,CIRC-04,13:18:18,manual,USR-0019
SUF-0003080,V003772,2026-06-03,1,MESA-078,PUESTO-003,ZONA-03,MUN-03,CIRC-03,14:24:28,electronico,USR-0009
SUF-0003081,V003437,2026-06-03,1,MESA-010,PUESTO-010,ZONA-10,MUN-05,CIRC-05,08:31:58,electronico,USR-0007
SUF-0003082,V001576,2026-06-03,1,MESA-080,PUESTO-005,ZONA-05,MUN-05,CIRC-05,14:51:32,electronico,USR-0010
SUF-0003083,V004515,2026-06-03,1,MESA-052,PUESTO-002,ZONA-02,MUN-02,CIRC-02,14:24:42,manual,USR-0012
SUF-0003084,V001840,2026-06-03,1,MESA-011,PUESTO-011,ZONA-01,MUN-01,CIRC-01,10:12:16,manual,USR-0009
SUF-0003085,V001144,2026-06-03,1,MESA-027,PUESTO-002,ZONA-02,MUN-02,CIRC-02,12:04:32,electronico,USR-0016
SUF-0003086,V002763,2026-06-03,1,MESA-065,PUESTO-015,ZONA-05,MUN-05,CIRC-05,14:32:24,electronico,USR-0011
SUF-0003087,V004089,2026-06-03,1,MESA-050,PUESTO-025,ZONA-05,MUN-05,CIRC-05,08:51:53,manual,USR-0006
SUF-0003088,V000269,2026-06-03,1,MESA-025,PUESTO-025,ZONA-05,MUN-05,CIRC-05,15:40:15,electronico,USR-0015
SUF-0003089,V002964,2026-06-03,1,MESA-050,PUESTO-025,ZONA-05,MUN-05,CIRC-05,13:54:31,manual,USR-0021
SUF-0003090,V003272,2026-06-03,1,MESA-079,PUESTO-004,ZONA-04,MUN-04,CIRC-04,13:06:34,electronico,USR-0011
SUF-0003091,V004069,2026-06-03,1,MESA-068,PUESTO-018,ZONA-08,MUN-03,CIRC-03,12:34:46,electronico,USR-0010
SUF-0003092,V000179,2026-06-03,1,MESA-006,PUESTO-006,ZONA-06,MUN-01,CIRC-01,09:01:25,electronico,USR-0023
SUF-0003093,V004586,2026-06-03,1,MESA-019,PUESTO-019,ZONA-09,MUN-04,CIRC-04,08:00:48,electronico,USR-0021
SUF-0003094,V004530,2026-06-03,1,MESA-066,PUESTO-016,ZONA-06,MUN-01,CIRC-01,14:57:23,electronico,USR-0017
SUF-0003095,V003703,2026-06-03,1,MESA-057,PUESTO-007,ZONA-07,MUN-02,CIRC-02,11:24:48,manual,USR-0019
SUF-0003096,V001500,2026-06-03,1,MESA-067,PUESTO-017,ZONA-07,MUN-02,CIRC-02,15:58:14,electronico,USR-0010
SUF-0003097,V001128,2026-06-03,1,MESA-042,PUESTO-017,ZONA-07,MUN-02,CIRC-02,09:55:08,manual,USR-0009
SUF-0003098,V001456,2026-06-03,1,MESA-077,PUESTO-002,ZONA-02,MUN-02,CIRC-03,11:51:39,electronico,USR-0010
SUF-0003099,V004540,2026-06-03,1,MESA-060,PUESTO-010,ZONA-10,MUN-05,CIRC-05,06:54:00,electronico,USR-0015
SUF-0003100,V001785,2026-06-03,1,MESA-048,PUESTO-023,ZONA-03,MUN-03,CIRC-03,08:14:48,electronico,USR-0020
SUF-0003101,V004631,2026-06-03,1,MESA-048,PUESTO-023,ZONA-03,MUN-03,CIRC-03,15:52:29,electronico,USR-0013
SUF-0003102,V002024,2026-06-03,1,MESA-016,PUESTO-016,ZONA-06,MUN-01,CIRC-01,10:54:43,electronico,USR-0006
SUF-0003103,V001923,2026-06-03,1,MESA-052,PUESTO-002,ZONA-02,MUN-02,CIRC-02,15:27:17,electronico,USR-0005
SUF-0003104,V001173,2026-06-03,1,MESA-051,PUESTO-001,ZONA-01,MUN-01,CIRC-01,15:04:13,manual,USR-0008
SUF-0003105,V000374,2026-06-03,1,MESA-063,PUESTO-013,ZONA-03,MUN-03,CIRC-03,07:52:00,electronico,USR-0012
SUF-0003106,V000973,2026-06-03,1,MESA-057,PUESTO-007,ZONA-07,MUN-02,CIRC-02,08:46:50,electronico,USR-0004
SUF-0003107,V001434,2026-06-03,1,MESA-080,PUESTO-005,ZONA-05,MUN-05,CIRC-05,11:51:26,electronico,USR-0024
SUF-0003108,V001719,2026-06-03,1,MESA-024,PUESTO-024,ZONA-04,MUN-04,CIRC-04,14:39:11,manual,USR-0021
SUF-0003109,V003424,2026-06-03,1,MESA-054,PUESTO-004,ZONA-04,MUN-04,CIRC-04,11:45:42,electronico,USR-0021
SUF-0003110,V001864,2026-06-03,1,MESA-043,PUESTO-018,ZONA-08,MUN-03,CIRC-03,13:32:50,electronico,USR-0007
SUF-0003111,V002357,2026-06-03,1,MESA-007,PUESTO-007,ZONA-07,MUN-02,CIRC-02,07:09:00,electronico,USR-0008
SUF-0003112,V000430,2026-06-03,1,MESA-068,PUESTO-018,ZONA-08,MUN-03,CIRC-03,09:54:35,electronico,USR-0012
SUF-0003113,V001535,2026-06-03,1,MESA-016,PUESTO-016,ZONA-06,MUN-01,CIRC-01,09:53:13,electronico,USR-0021
SUF-0003114,V002456,2026-06-03,1,MESA-078,PUESTO-003,ZONA-03,MUN-03,CIRC-03,11:53:38,electronico,USR-0005
SUF-0003115,V002369,2026-06-03,1,MESA-031,PUESTO-006,ZONA-06,MUN-01,CIRC-01,09:43:25,manual,USR-0009
SUF-0003116,V003645,2026-06-03,1,MESA-044,PUESTO-019,ZONA-09,MUN-04,CIRC-04,14:01:57,electronico,USR-0015
SUF-0003117,V000513,2026-06-03,1,MESA-064,PUESTO-014,ZONA-04,MUN-04,CIRC-04,15:50:27,manual,USR-0019
SUF-0003118,V003870,2026-06-03,1,MESA-025,PUESTO-025,ZONA-05,MUN-05,CIRC-05,18:26:00,electronico,USR-0010
SUF-0003119,V002960,2026-06-03,1,MESA-076,PUESTO-001,ZONA-01,MUN-01,CIRC-01,14:46:05,manual,USR-0005
SUF-0003120,V003176,2026-06-03,1,MESA-005,PUESTO-005,ZONA-05,MUN-05,CIRC-05,15:02:15,electronico,USR-0022
SUF-0003121,V001728,2026-06-03,1,MESA-066,PUESTO-016,ZONA-06,MUN-01,CIRC-01,13:24:47,electronico,USR-0010
SUF-0003122,V001484,2026-06-03,1,MESA-063,PUESTO-013,ZONA-03,MUN-03,CIRC-02,12:31:36,electronico,USR-0004
SUF-0003123,V000911,2026-06-03,1,MESA-015,PUESTO-015,ZONA-05,MUN-05,CIRC-05,11:28:43,electronico,USR-0003
SUF-0003124,V001872,2026-06-03,1,MESA-024,PUESTO-024,ZONA-04,MUN-04,CIRC-04,13:16:39,manual,USR-0012
SUF-0003125,V002122,2026-06-03,1,MESA-056,PUESTO-006,ZONA-06,MUN-01,CIRC-01,08:38:16,manual,USR-0024
SUF-0003126,V000854,2026-06-03,1,MESA-005,PUESTO-005,ZONA-05,MUN-05,CIRC-01,14:52:31,electronico,USR-0024
SUF-0003127,V001053,2026-06-03,1,MESA-049,PUESTO-024,ZONA-04,MUN-04,CIRC-04,11:45:36,electronico,USR-0025
SUF-0003128,V000981,2026-06-03,1,MESA-036,PUESTO-011,ZONA-01,MUN-01,CIRC-01,15:47:08,electronico,USR-0010
SUF-0003129,V003863,2026-06-03,1,MESA-033,PUESTO-008,ZONA-08,MUN-03,CIRC-03,12:48:31,electronico,USR-0023
SUF-0003130,V002388,2026-06-03,1,MESA-013,PUESTO-013,ZONA-03,MUN-03,CIRC-03,08:05:46,electronico,USR-0009
SUF-0003131,V002840,2026-06-03,1,MESA-033,PUESTO-008,ZONA-08,MUN-03,CIRC-03,10:34:32,manual,USR-0005
SUF-0003132,V002011,2026-06-03,1,MESA-033,PUESTO-008,ZONA-08,MUN-03,CIRC-03,14:16:46,electronico,USR-0023
SUF-0003133,V003184,2026-06-03,1,MESA-065,PUESTO-015,ZONA-05,MUN-05,CIRC-05,08:32:14,electronico,USR-0022
SUF-0003134,V003980,2026-06-03,1,MESA-029,PUESTO-004,ZONA-04,MUN-04,CIRC-04,10:04:14,electronico,USR-0019
SUF-0003135,V004050,2026-06-03,1,MESA-043,PUESTO-018,ZONA-08,MUN-03,CIRC-03,08:02:43,electronico,USR-0010
SUF-0003136,V002613,2026-06-03,1,MESA-021,PUESTO-021,ZONA-01,MUN-01,CIRC-01,10:55:51,electronico,USR-0012
SUF-0003137,V000549,2026-06-03,1,MESA-074,PUESTO-024,ZONA-04,MUN-04,CIRC-04,13:07:58,manual,USR-0005
SUF-0003138,V000937,2026-06-03,1,MESA-045,PUESTO-020,ZONA-10,MUN-05,CIRC-05,11:39:51,electronico,USR-0021
SUF-0003139,V004303,2026-06-03,1,MESA-035,PUESTO-010,ZONA-10,MUN-05,CIRC-05,10:35:38,manual,USR-0011
SUF-0003140,V002164,2026-06-03,1,MESA-070,PUESTO-020,ZONA-10,MUN-05,CIRC-05,09:22:18,manual,USR-0010
SUF-0003141,V003185,2026-06-03,1,MESA-022,PUESTO-022,ZONA-02,MUN-02,CIRC-02,14:11:57,electronico,USR-0022
SUF-0003142,V002762,2026-06-03,1,MESA-038,PUESTO-013,ZONA-03,MUN-03,CIRC-03,14:27:51,manual,USR-0008
SUF-0003143,V003508,2026-06-03,1,MESA-075,PUESTO-025,ZONA-05,MUN-05,CIRC-05,09:08:58,electronico,USR-0025
SUF-0003144,V002223,2026-06-03,1,MESA-058,PUESTO-008,ZONA-08,MUN-03,CIRC-03,13:22:07,electronico,USR-0014
SUF-0003145,V001256,2026-06-03,1,MESA-040,PUESTO-015,ZONA-05,MUN-05,CIRC-05,07:41:00,manual,USR-0003
SUF-0003146,V000218,2026-06-03,1,MESA-001,PUESTO-001,ZONA-01,MUN-01,CIRC-01,09:32:17,electronico,USR-0019
SUF-0003147,V003294,2026-06-03,1,MESA-032,PUESTO-007,ZONA-07,MUN-02,CIRC-02,13:19:06,electronico,USR-0019
SUF-0003148,V001114,2026-06-03,1,MESA-004,PUESTO-004,ZONA-04,MUN-04,CIRC-04,14:48:28,electronico,USR-0015
SUF-0003149,V001377,2026-06-03,1,MESA-004,PUESTO-004,ZONA-04,MUN-04,CIRC-04,13:41:18,manual,USR-0003
SUF-0003150,V002977,2026-06-03,1,MESA-020,PUESTO-020,ZONA-10,MUN-05,CIRC-05,10:36:38,manual,USR-0009
SUF-0003151,V004219,2026-06-03,1,MESA-059,PUESTO-009,ZONA-09,MUN-04,CIRC-04,12:39:40,manual,USR-0015
SUF-0003152,V001176,2026-06-03,1,MESA-014,PUESTO-014,ZONA-04,MUN-04,CIRC-04,10:50:55,manual,USR-0009
SUF-0003153,V003038,2026-06-03,1,MESA-055,PUESTO-005,ZONA-05,MUN-05,CIRC-05,09:52:32,electronico,USR-0008
SUF-0003154,V003413,2026-06-03,1,MESA-068,PUESTO-018,ZONA-08,MUN-03,CIRC-03,12:43:55,electronico,USR-0017
SUF-0003155,V002733,2026-06-03,1,MESA-034,PUESTO-009,ZONA-09,MUN-04,CIRC-04,12:47:12,electronico,USR-0008
SUF-0003156,V003004,2026-06-03,1,MESA-071,PUESTO-021,ZONA-01,MUN-01,CIRC-01,08:16:15,electronico,USR-0010
SUF-0003157,V004551,2026-06-03,1,MESA-068,PUESTO-018,ZONA-08,MUN-03,CIRC-03,11:04:48,electronico,USR-0007
SUF-0003158,V000336,2026-06-03,1,MESA-042,PUESTO-017,ZONA-07,MUN-02,CIRC-02,14:46:20,electronico,USR-0004
SUF-0003159,V002953,2026-06-03,1,MESA-074,PUESTO-024,ZONA-04,MUN-04,CIRC-04,12:06:27,electronico,USR-0010
SUF-0003160,V002606,2026-06-03,1,MESA-017,PUESTO-017,ZONA-07,MUN-02,CIRC-02,11:37:05,manual,USR-0008
SUF-0003161,V004152,2026-06-03,1,MESA-050,PUESTO-025,ZONA-05,MUN-05,CIRC-05,09:12:39,electronico,USR-0010
SUF-0003162,V003471,2026-06-03,1,MESA-073,PUESTO-023,ZONA-03,MUN-03,CIRC-03,13:11:36,electronico,USR-0008
SUF-0003163,V001769,2026-06-03,1,MESA-026,PUESTO-001,ZONA-01,MUN-01,CIRC-01,09:45:03,electronico,USR-0016
SUF-0003164,V001988,2026-06-03,1,MESA-023,PUESTO-023,ZONA-03,MUN-03,CIRC-03,15:47:43,electronico,USR-0013
SUF-0003165,V003999,2026-06-03,1,MESA-055,PUESTO-005,ZONA-05,MUN-05,CIRC-05,11:05:19,electronico,USR-0021
SUF-0003166,V001676,2026-06-03,1,MESA-029,PUESTO-004,ZONA-04,MUN-04,CIRC-04,18:01:00,electronico,USR-0005
SUF-0003167,V003187,2026-06-03,1,MESA-054,PUESTO-004,ZONA-04,MUN-04,CIRC-04,13:07:43,electronico,USR-0012
SUF-0003168,V003099,2026-06-03,1,MESA-069,PUESTO-019,ZONA-09,MUN-04,CIRC-01,10:31:22,electronico,USR-0004
SUF-0003169,V002981,2026-06-03,1,MESA-050,PUESTO-025,ZONA-05,MUN-05,CIRC-05,11:38:59,electronico,USR-0010
SUF-0003170,V003104,2026-06-03,1,MESA-048,PUESTO-023,ZONA-03,MUN-03,CIRC-03,15:12:23,electronico,USR-0025
SUF-0003171,V003129,2026-06-03,1,MESA-016,PUESTO-016,ZONA-06,MUN-01,CIRC-01,11:40:31,manual,USR-0014
SUF-0003172,V004333,2026-06-03,1,MESA-001,PUESTO-001,ZONA-01,MUN-01,CIRC-01,09:20:18,electronico,USR-0004
SUF-0003173,V001622,2026-06-03,1,MESA-012,PUESTO-012,ZONA-02,MUN-02,CIRC-02,14:40:58,manual,USR-0003
SUF-0003174,V004578,2026-06-03,1,MESA-043,PUESTO-018,ZONA-08,MUN-03,CIRC-03,14:17:03,electronico,USR-0011
SUF-0003175,V002315,2026-06-03,1,MESA-006,PUESTO-006,ZONA-06,MUN-01,CIRC-01,10:20:02,electronico,USR-0004
SUF-0003176,V000592,2026-06-03,1,MESA-046,PUESTO-021,ZONA-01,MUN-01,CIRC-01,14:42:02,manual,USR-0003
SUF-0003177,V001946,2026-06-03,1,MESA-076,PUESTO-001,ZONA-01,MUN-01,CIRC-01,10:02:50,manual,USR-0010
SUF-0003178,V002400,2026-06-03,1,MESA-033,PUESTO-008,ZONA-08,MUN-03,CIRC-03,14:00:26,electronico,USR-0007
SUF-0003179,V001195,2026-06-03,1,MESA-001,PUESTO-001,ZONA-01,MUN-01,CIRC-01,15:12:20,electronico,USR-0025
SUF-0003180,V000280,2026-06-03,1,MESA-016,PUESTO-016,ZONA-06,MUN-01,CIRC-01,15:36:19,manual,USR-0025
SUF-0003181,V003380,2026-06-03,1,MESA-028,PUESTO-003,ZONA-03,MUN-03,CIRC-03,10:54:28,electronico,USR-0019
SUF-0003182,V003685,2026-06-03,1,MESA-034,PUESTO-009,ZONA-09,MUN-04,CIRC-01,08:01:57,electronico,USR-0023
SUF-0003183,V004496,2026-06-03,1,MESA-065,PUESTO-015,ZONA-05,MUN-05,CIRC-05,10:53:30,electronico,USR-0019
SUF-0003184,V004073,2026-06-03,1,MESA-009,PUESTO-009,ZONA-09,MUN-04,CIRC-04,09:48:40,electronico,USR-0014
SUF-0003185,V001335,2026-06-03,1,MESA-037,PUESTO-012,ZONA-02,MUN-02,CIRC-02,08:13:48,electronico,USR-0022
SUF-0003186,V003666,2026-06-03,1,MESA-030,PUESTO-005,ZONA-05,MUN-05,CIRC-05,10:36:59,electronico,USR-0004
SUF-0003187,V002921,2026-06-03,1,MESA-028,PUESTO-003,ZONA-03,MUN-03,CIRC-03,11:10:42,electronico,USR-0011
SUF-0003188,V003828,2026-06-03,1,MESA-038,PUESTO-013,ZONA-03,MUN-03,CIRC-03,10:14:33,manual,USR-0019
SUF-0003189,V002724,2026-06-03,1,MESA-002,PUESTO-002,ZONA-02,MUN-02,CIRC-02,15:56:19,manual,USR-0009
SUF-0003190,V003973,2026-06-03,1,MESA-061,PUESTO-011,ZONA-01,MUN-01,CIRC-03,09:24:35,electronico,USR-0010
SUF-0003191,V003488,2026-06-03,1,MESA-037,PUESTO-012,ZONA-02,MUN-02,CIRC-03,14:20:57,manual,USR-0010
SUF-0003192,V002035,2026-06-03,1,MESA-043,PUESTO-018,ZONA-08,MUN-03,CIRC-03,09:23:50,manual,USR-0012
SUF-0003193,V004020,2026-06-03,1,MESA-006,PUESTO-006,ZONA-06,MUN-01,CIRC-01,14:48:52,electronico,USR-0023
SUF-0003194,V001559,2026-06-03,1,MESA-002,PUESTO-002,ZONA-02,MUN-02,CIRC-02,13:16:49,electronico,USR-0015
SUF-0003195,V004100,2026-06-03,1,MESA-075,PUESTO-025,ZONA-05,MUN-05,CIRC-05,15:06:19,electronico,USR-0009
SUF-0003196,V000009,2026-06-03,1,MESA-030,PUESTO-005,ZONA-05,MUN-05,CIRC-05,08:27:17,manual,USR-0011
SUF-0003197,V004256,2026-06-03,1,MESA-051,PUESTO-001,ZONA-01,MUN-01,CIRC-01,15:10:07,electronico,USR-0013
SUF-0003198,V003514,2026-06-03,1,MESA-031,PUESTO-006,ZONA-06,MUN-01,CIRC-01,11:51:25,electronico,USR-0014
SUF-0003199,V000022,2026-06-03,1,MESA-007,PUESTO-007,ZONA-07,MUN-02,CIRC-02,12:26:36,electronico,USR-0008
SUF-0003200,V000347,2026-06-03,1,MESA-007,PUESTO-007,ZONA-07,MUN-02,CIRC-02,12:17:26,manual,USR-0016
SUF-0003201,V002228,2026-06-03,1,MESA-045,PUESTO-020,ZONA-10,MUN-05,CIRC-05,08:35:51,electronico,USR-0020
SUF-0003202,V003465,2026-06-03,1,MESA-046,PUESTO-021,ZONA-01,MUN-01,CIRC-01,08:52:53,electronico,USR-0013
SUF-0003203,V002746,2026-06-03,1,MESA-014,PUESTO-014,ZONA-04,MUN-04,CIRC-04,12:18:17,electronico,USR-0008
SUF-0003204,V004683,2026-06-03,1,MESA-072,PUESTO-022,ZONA-02,MUN-02,CIRC-02,10:32:14,electronico,USR-0014
SUF-0003205,V000412,2026-06-03,1,MESA-054,PUESTO-004,ZONA-04,MUN-04,CIRC-04,15:20:19,electronico,USR-0019
SUF-0003206,V002494,2026-06-03,1,MESA-047,PUESTO-022,ZONA-02,MUN-02,CIRC-02,11:46:38,electronico,USR-0010
SUF-0003207,V003482,2026-06-03,1,MESA-024,PUESTO-024,ZONA-04,MUN-04,CIRC-04,10:07:45,electronico,USR-0017
SUF-0003208,V004974,2026-06-03,1,MESA-008,PUESTO-008,ZONA-08,MUN-03,CIRC-03,11:16:53,manual,USR-0024
SUF-0003209,V004629,2026-06-03,1,MESA-050,PUESTO-025,ZONA-05,MUN-05,CIRC-05,08:50:51,manual,USR-0017
SUF-0003210,V000777,2026-06-03,1,MESA-052,PUESTO-002,ZONA-02,MUN-02,CIRC-02,10:27:08,electronico,USR-0016
SUF-0003211,V002229,2026-06-03,1,MESA-025,PUESTO-025,ZONA-05,MUN-05,CIRC-05,12:33:24,electronico,USR-0013
SUF-0003212,V001116,2026-06-03,1,MESA-069,PUESTO-019,ZONA-09,MUN-04,CIRC-04,12:25:41,manual,USR-0020
SUF-0003213,V003644,2026-06-03,1,MESA-065,PUESTO-015,ZONA-05,MUN-05,CIRC-05,11:45:32,manual,USR-0010
SUF-0003214,V000508,2026-06-03,1,MESA-032,PUESTO-007,ZONA-07,MUN-02,CIRC-02,15:34:19,electronico,USR-0016
SUF-0003215,V003389,2026-06-03,1,MESA-026,PUESTO-001,ZONA-01,MUN-01,CIRC-01,11:16:27,manual,USR-0010
SUF-0003216,V002153,2026-06-03,1,MESA-066,PUESTO-016,ZONA-06,MUN-01,CIRC-01,09:15:14,manual,USR-0009
SUF-0003217,V001730,2026-06-03,1,MESA-018,PUESTO-018,ZONA-08,MUN-03,CIRC-03,10:24:52,manual,USR-0022
SUF-0003218,V003789,2026-06-03,1,MESA-031,PUESTO-006,ZONA-06,MUN-01,CIRC-01,15:46:38,electronico,USR-0015
SUF-0003219,V004033,2026-06-03,1,MESA-043,PUESTO-018,ZONA-08,MUN-03,CIRC-03,15:02:42,electronico,USR-0014
SUF-0003220,V002910,2026-06-03,1,MESA-077,PUESTO-002,ZONA-02,MUN-02,CIRC-02,10:20:13,electronico,USR-0023
SUF-0003221,V004414,2026-06-03,1,MESA-054,PUESTO-004,ZONA-04,MUN-04,CIRC-04,09:20:38,manual,USR-0014
SUF-0003222,V000694,2026-06-03,1,MESA-021,PUESTO-021,ZONA-01,MUN-01,CIRC-01,09:24:31,electronico,USR-0010
SUF-0003223,V004054,2026-06-03,1,MESA-029,PUESTO-004,ZONA-04,MUN-04,CIRC-04,12:35:44,manual,USR-0023
SUF-0003224,V003595,2026-06-03,1,MESA-073,PUESTO-023,ZONA-03,MUN-03,CIRC-03,15:59:48,electronico,USR-0022
SUF-0003225,V001681,2026-06-03,1,MESA-026,PUESTO-001,ZONA-01,MUN-01,CIRC-01,15:19:40,manual,USR-0010
SUF-0003226,V002317,2026-06-03,1,MESA-065,PUESTO-015,ZONA-05,MUN-05,CIRC-05,14:13:53,electronico,USR-0005
SUF-0003227,V002208,2026-06-03,1,MESA-004,PUESTO-004,ZONA-04,MUN-04,CIRC-04,12:48:43,electronico,USR-0007
SUF-0003228,V000844,2026-06-03,1,MESA-026,PUESTO-001,ZONA-01,MUN-01,CIRC-01,08:35:51,electronico,USR-0022
SUF-0003229,V000944,2026-06-03,1,MESA-069,PUESTO-019,ZONA-09,MUN-04,CIRC-04,14:57:51,manual,USR-0004
SUF-0003230,V003163,2026-06-03,1,MESA-062,PUESTO-012,ZONA-02,MUN-02,CIRC-02,09:31:15,electronico,USR-0005
SUF-0003231,V002807,2026-06-03,1,MESA-018,PUESTO-018,ZONA-08,MUN-03,CIRC-03,08:05:29,manual,USR-0005
SUF-0003232,V002416,2026-06-03,1,MESA-031,PUESTO-006,ZONA-06,MUN-01,CIRC-01,11:38:12,manual,USR-0024
SUF-0003233,V000455,2026-06-03,1,MESA-079,PUESTO-004,ZONA-04,MUN-04,CIRC-04,13:32:41,manual,USR-0010
SUF-0003234,V000136,2026-06-03,1,MESA-069,PUESTO-019,ZONA-09,MUN-04,CIRC-04,08:21:39,electronico,USR-0005
SUF-0003235,V004624,2026-06-03,1,MESA-056,PUESTO-006,ZONA-06,MUN-01,CIRC-01,11:01:51,manual,USR-0012
SUF-0003236,V002121,2026-06-03,1,MESA-078,PUESTO-003,ZONA-03,MUN-03,CIRC-03,08:13:44,electronico,USR-0019
SUF-0003237,V000012,2026-06-03,1,MESA-079,PUESTO-004,ZONA-04,MUN-04,CIRC-04,14:25:50,electronico,USR-0020
SUF-0003238,V002199,2026-06-03,1,MESA-026,PUESTO-001,ZONA-01,MUN-01,CIRC-01,12:57:03,electronico,USR-0006
SUF-0003239,V001890,2026-06-03,1,MESA-021,PUESTO-021,ZONA-01,MUN-01,CIRC-01,13:39:31,electronico,USR-0007
SUF-0003240,V004649,2026-06-03,1,MESA-062,PUESTO-012,ZONA-02,MUN-02,CIRC-02,10:09:48,electronico,USR-0004
SUF-0003241,V002324,2026-06-03,1,MESA-067,PUESTO-017,ZONA-07,MUN-02,CIRC-02,12:19:06,manual,USR-0012
SUF-0003242,V002641,2026-06-03,1,MESA-067,PUESTO-017,ZONA-07,MUN-02,CIRC-04,08:28:06,manual,USR-0020
SUF-0003243,V002819,2026-06-03,1,MESA-037,PUESTO-012,ZONA-02,MUN-02,CIRC-02,15:19:04,electronico,USR-0020
SUF-0003244,V004042,2026-06-03,1,MESA-003,PUESTO-003,ZONA-03,MUN-03,CIRC-03,12:30:57,manual,USR-0017
SUF-0003245,V004270,2026-06-03,1,MESA-066,PUESTO-016,ZONA-06,MUN-01,CIRC-01,13:40:26,electronico,USR-0007
SUF-0003246,V004691,2026-06-03,1,MESA-033,PUESTO-008,ZONA-08,MUN-03,CIRC-03,12:52:56,manual,USR-0010
SUF-0003247,V001431,2026-06-03,1,MESA-052,PUESTO-002,ZONA-02,MUN-02,CIRC-02,13:06:50,manual,USR-0005
SUF-0003248,V000628,2026-06-03,1,MESA-014,PUESTO-014,ZONA-04,MUN-04,CIRC-04,13:39:37,electronico,USR-0006
SUF-0003249,V004305,2026-06-03,1,MESA-079,PUESTO-004,ZONA-04,MUN-04,CIRC-04,12:48:56,electronico,USR-0016
SUF-0003250,V000275,2026-06-03,1,MESA-078,PUESTO-003,ZONA-03,MUN-03,CIRC-03,10:12:29,electronico,USR-0010
SUF-0003251,V003565,2026-06-03,1,MESA-073,PUESTO-023,ZONA-03,MUN-03,CIRC-03,13:31:35,manual,USR-0008
SUF-0003252,V004641,2026-06-03,1,MESA-059,PUESTO-009,ZONA-09,MUN-04,CIRC-04,09:14:27,electronico,USR-0009
SUF-0003253,V001472,2026-06-03,1,MESA-038,PUESTO-013,ZONA-03,MUN-03,CIRC-03,08:52:42,manual,USR-0016
SUF-0003254,V003439,2026-06-03,1,MESA-049,PUESTO-024,ZONA-04,MUN-04,CIRC-04,14:17:59,electronico,USR-0014
SUF-0003255,V004268,2026-06-03,1,MESA-040,PUESTO-015,ZONA-05,MUN-05,CIRC-05,10:42:58,electronico,USR-0016
SUF-0003256,V003211,2026-06-03,1,MESA-023,PUESTO-023,ZONA-03,MUN-03,CIRC-03,09:38:40,manual,USR-0007
SUF-0003257,V000096,2026-06-03,1,MESA-004,PUESTO-004,ZONA-04,MUN-04,CIRC-04,10:44:54,electronico,USR-0022
SUF-0003258,V000697,2026-06-03,1,MESA-072,PUESTO-022,ZONA-02,MUN-02,CIRC-02,13:49:25,electronico,USR-0010
SUF-0003259,V001937,2026-06-03,1,MESA-026,PUESTO-001,ZONA-01,MUN-01,CIRC-01,12:47:06,electronico,USR-0005
SUF-0003260,V003215,2026-06-03,1,MESA-013,PUESTO-013,ZONA-03,MUN-03,CIRC-03,15:01:28,manual,USR-0008
SUF-0003261,V000541,2026-06-03,1,MESA-040,PUESTO-015,ZONA-05,MUN-05,CIRC-05,09:03:51,manual,USR-0010
SUF-0003262,V004526,2026-06-03,1,MESA-075,PUESTO-025,ZONA-05,MUN-05,CIRC-05,14:25:30,electronico,USR-0022
SUF-0003263,V000940,2026-06-03,1,MESA-028,PUESTO-003,ZONA-03,MUN-03,CIRC-03,14:06:15,electronico,USR-0012
SUF-0003264,V004806,2026-06-03,1,MESA-036,PUESTO-011,ZONA-01,MUN-01,CIRC-01,12:16:21,electronico,USR-0008
SUF-0003265,V000320,2026-06-03,1,MESA-028,PUESTO-003,ZONA-03,MUN-03,CIRC-03,12:00:45,manual,USR-0003
SUF-0003266,V003483,2026-06-03,1,MESA-078,PUESTO-003,ZONA-03,MUN-03,CIRC-03,11:06:54,electronico,USR-0003
SUF-0003267,V002294,2026-06-03,1,MESA-046,PUESTO-021,ZONA-01,MUN-01,CIRC-01,15:29:23,manual,USR-0008
SUF-0003268,V000753,2026-06-03,1,MESA-074,PUESTO-024,ZONA-04,MUN-04,CIRC-04,12:42:44,electronico,USR-0025
SUF-0003269,V000750,2026-06-03,1,MESA-061,PUESTO-011,ZONA-01,MUN-01,CIRC-01,13:08:43,electronico,USR-0017
SUF-0003270,V002371,2026-06-03,1,MESA-060,PUESTO-010,ZONA-10,MUN-05,CIRC-05,15:47:18,electronico,USR-0009
SUF-0003271,V000794,2026-06-03,1,MESA-035,PUESTO-010,ZONA-10,MUN-05,CIRC-05,12:42:04,electronico,USR-0006
SUF-0003272,V004786,2026-06-03,1,MESA-074,PUESTO-024,ZONA-04,MUN-04,CIRC-04,13:38:47,electronico,USR-0019
SUF-0003273,V004371,2026-06-03,1,MESA-056,PUESTO-006,ZONA-06,MUN-01,CIRC-01,09:35:06,electronico,USR-0025
SUF-0003274,V002772,2026-06-03,1,MESA-039,PUESTO-014,ZONA-04,MUN-04,CIRC-04,15:03:23,electronico,USR-0012
SUF-0003275,V004602,2026-06-03,1,MESA-076,PUESTO-001,ZONA-01,MUN-01,CIRC-01,15:50:17,electronico,USR-0014
SUF-0003276,V003055,2026-06-03,1,MESA-018,PUESTO-018,ZONA-08,MUN-03,CIRC-03,14:06:16,electronico,USR-0010
SUF-0003277,V002680,2026-06-03,1,MESA-036,PUESTO-011,ZONA-01,MUN-01,CIRC-01,12:08:44,electronico,USR-0013
SUF-0003278,V003331,2026-06-03,1,MESA-039,PUESTO-014,ZONA-04,MUN-04,CIRC-04,15:16:07,electronico,USR-0010
SUF-0003279,V000276,2026-06-03,1,MESA-056,PUESTO-006,ZONA-06,MUN-01,CIRC-01,13:44:19,manual,USR-0022
SUF-0003280,V002513,2026-06-03,1,MESA-049,PUESTO-024,ZONA-04,MUN-04,CIRC-04,08:49:07,electronico,USR-0022
SUF-0003281,V000055,2026-06-03,1,MESA-064,PUESTO-014,ZONA-04,MUN-04,CIRC-04,12:18:58,manual,USR-0023
SUF-0003282,V002615,2026-06-03,1,MESA-026,PUESTO-001,ZONA-01,MUN-01,CIRC-01,14:11:20,electronico,USR-0021
SUF-0003283,V004423,2026-06-03,1,MESA-035,PUESTO-010,ZONA-10,MUN-05,CIRC-05,13:01:27,manual,USR-0019
SUF-0003284,V003865,2026-06-03,1,MESA-064,PUESTO-014,ZONA-04,MUN-04,CIRC-04,10:01:08,manual,USR-0011
SUF-0003285,V001288,2026-06-03,1,MESA-040,PUESTO-015,ZONA-05,MUN-05,CIRC-05,08:54:07,manual,USR-0004
SUF-0003286,V001422,2026-06-03,1,MESA-026,PUESTO-001,ZONA-01,MUN-01,CIRC-01,14:15:21,electronico,USR-0010
SUF-0003287,V000118,2026-06-03,1,MESA-036,PUESTO-011,ZONA-01,MUN-01,CIRC-01,12:04:07,electronico,USR-0015
SUF-0003288,V001564,2026-06-03,1,MESA-036,PUESTO-011,ZONA-01,MUN-01,CIRC-01,08:32:47,manual,USR-0017
SUF-0003289,V004666,2026-06-03,1,MESA-064,PUESTO-014,ZONA-04,MUN-04,CIRC-04,09:03:25,electronico,USR-0004
SUF-0003290,V003316,2026-06-03,1,MESA-038,PUESTO-013,ZONA-03,MUN-03,CIRC-03,08:26:07,electronico,USR-0012
SUF-0003291,V002863,2026-06-03,1,MESA-009,PUESTO-009,ZONA-09,MUN-04,CIRC-04,13:22:01,electronico,USR-0011
SUF-0003292,V004639,2026-06-03,1,MESA-043,PUESTO-018,ZONA-08,MUN-03,CIRC-03,09:07:03,electronico,USR-0010
SUF-0003293,V003276,2026-06-03,1,MESA-014,PUESTO-014,ZONA-04,MUN-04,CIRC-04,13:06:37,electronico,USR-0013
SUF-0003294,V000876,2026-06-03,1,MESA-040,PUESTO-015,ZONA-05,MUN-05,CIRC-05,11:23:08,manual,USR-0015
SUF-0003295,V003831,2026-06-03,1,MESA-004,PUESTO-004,ZONA-04,MUN-04,CIRC-04,08:30:33,electronico,USR-0015
SUF-0003296,V002629,2026-06-03,1,MESA-066,PUESTO-016,ZONA-06,MUN-01,CIRC-01,12:28:53,electronico,USR-0010
SUF-0003297,V001347,2026-06-03,1,MESA-013,PUESTO-013,ZONA-03,MUN-03,CIRC-03,11:24:50,manual,USR-0014
SUF-0003298,V000884,2026-06-03,1,MESA-053,PUESTO-003,ZONA-03,MUN-03,CIRC-03,15:14:35,manual,USR-0007
SUF-0003299,V003632,2026-06-03,1,MESA-035,PUESTO-010,ZONA-10,MUN-05,CIRC-05,11:13:13,electronico,USR-0024
SUF-0003300,V002175,2026-06-03,1,MESA-018,PUESTO-018,ZONA-08,MUN-03,CIRC-03,15:55:13,manual,USR-0015
SUF-0003301,V001659,2026-06-03,1,MESA-077,PUESTO-002,ZONA-02,MUN-02,CIRC-02,15:04:43,electronico,USR-0013
SUF-0003302,V001844,2026-06-03,1,MESA-063,PUESTO-013,ZONA-03,MUN-03,CIRC-03,09:34:27,electronico,USR-0019
SUF-0003303,V002053,2026-06-03,1,MESA-045,PUESTO-020,ZONA-10,MUN-05,CIRC-05,11:44:55,manual,USR-0016
SUF-0003304,V000516,2026-06-03,1,MESA-002,PUESTO-002,ZONA-02,MUN-02,CIRC-02,10:53:39,manual,USR-0007
SUF-0003305,V001670,2026-06-03,1,MESA-009,PUESTO-009,ZONA-09,MUN-04,CIRC-04,14:13:11,electronico,USR-0007
SUF-0003306,V004142,2026-06-03,1,MESA-080,PUESTO-005,ZONA-05,MUN-05,CIRC-05,15:59:56,manual,USR-0009
SUF-0003307,V003627,2026-06-03,1,MESA-022,PUESTO-022,ZONA-02,MUN-02,CIRC-02,11:49:11,electronico,USR-0012
SUF-0003308,V000786,2026-06-03,1,MESA-031,PUESTO-006,ZONA-06,MUN-01,CIRC-01,12:22:34,manual,USR-0006
SUF-0003309,V003904,2026-06-03,1,MESA-080,PUESTO-005,ZONA-05,MUN-05,CIRC-05,12:05:20,manual,USR-0004
SUF-0003310,V004492,2026-06-03,1,MESA-033,PUESTO-008,ZONA-08,MUN-03,CIRC-03,10:50:36,manual,USR-0013
SUF-0003311,V000519,2026-06-03,1,MESA-004,PUESTO-004,ZONA-04,MUN-04,CIRC-03,12:17:51,electronico,USR-0008
SUF-0003312,V001704,2026-06-03,1,MESA-058,PUESTO-008,ZONA-08,MUN-03,CIRC-03,11:01:25,manual,USR-0025
SUF-0003313,V000421,2026-06-03,1,MESA-059,PUESTO-009,ZONA-09,MUN-04,CIRC-04,08:33:30,electronico,USR-0017
SUF-0003314,V002133,2026-06-03,1,MESA-037,PUESTO-012,ZONA-02,MUN-02,CIRC-04,15:54:54,manual,USR-0007
SUF-0003315,V003883,2026-06-03,1,MESA-037,PUESTO-012,ZONA-02,MUN-02,CIRC-02,13:10:33,electronico,USR-0003
SUF-0003316,V004452,2026-06-03,1,MESA-031,PUESTO-006,ZONA-06,MUN-01,CIRC-01,10:27:35,manual,USR-0020
SUF-0003317,V004188,2026-06-03,1,MESA-021,PUESTO-021,ZONA-01,MUN-01,CIRC-01,10:21:59,electronico,USR-0024
SUF-0003318,V004109,2026-06-03,1,MESA-002,PUESTO-002,ZONA-02,MUN-02,CIRC-02,15:03:44,electronico,USR-0023
SUF-0003319,V002032,2026-06-03,1,MESA-035,PUESTO-010,ZONA-10,MUN-05,CIRC-05,12:05:43,electronico,USR-0015
SUF-0003320,V004882,2026-06-03,1,MESA-053,PUESTO-003,ZONA-03,MUN-03,CIRC-03,11:34:36,electronico,USR-0015
SUF-0003321,V002153,2026-06-03,1,MESA-066,PUESTO-016,ZONA-06,MUN-01,CIRC-01,10:20:56,manual,USR-0010
SUF-0003322,V000694,2026-06-03,1,MESA-021,PUESTO-021,ZONA-01,MUN-01,CIRC-01,12:57:30,electronico,USR-0010
SUF-0003323,V001994,2026-06-03,1,MESA-021,PUESTO-021,ZONA-01,MUN-01,CIRC-01,12:17:47,electronico,USR-0005
SUF-0003324,V001969,2026-06-03,1,MESA-077,PUESTO-002,ZONA-02,MUN-02,CIRC-02,09:03:56,manual,USR-0010
SUF-0003325,V001965,2026-06-03,1,MESA-047,PUESTO-022,ZONA-02,MUN-02,CIRC-03,14:11:52,electronico,USR-0006
SUF-0003326,V001390,2026-06-03,1,MESA-075,PUESTO-025,ZONA-05,MUN-05,CIRC-05,13:41:49,electronico,USR-0020
SUF-0003327,V001497,2026-06-03,1,MESA-052,PUESTO-002,ZONA-02,MUN-02,CIRC-02,11:24:43,manual,USR-0015
SUF-0003328,V004694,2026-06-03,1,MESA-013,PUESTO-013,ZONA-03,MUN-03,CIRC-03,13:25:44,electronico,USR-0014
SUF-0003329,V003259,2026-06-03,1,MESA-069,PUESTO-019,ZONA-09,MUN-04,CIRC-04,09:37:21,electronico,USR-0010
SUF-0003330,V000770,2026-06-03,1,MESA-056,PUESTO-006,ZONA-06,MUN-01,CIRC-01,14:56:04,electronico,USR-0003
SUF-0003331,V003706,2026-06-03,1,MESA-068,PUESTO-018,ZONA-08,MUN-03,CIRC-03,10:52:56,electronico,USR-0015
SUF-0003332,V002424,2026-06-03,1,MESA-042,PUESTO-017,ZONA-07,MUN-02,CIRC-02,09:18:34,electronico,USR-0011
SUF-0003333,V002704,2026-06-03,1,MESA-060,PUESTO-010,ZONA-10,MUN-05,CIRC-05,10:35:40,manual,USR-0007
SUF-0003334,V002262,2026-06-03,1,MESA-006,PUESTO-006,ZONA-06,MUN-01,CIRC-01,13:17:33,manual,USR-0019
SUF-0003335,V004040,2026-06-03,1,MESA-077,PUESTO-002,ZONA-02,MUN-02,CIRC-02,15:12:01,electronico,USR-0017
SUF-0003336,V001658,2026-06-03,1,MESA-057,PUESTO-007,ZONA-07,MUN-02,CIRC-02,12:33:03,electronico,USR-0020
SUF-0003337,V004282,2026-06-03,1,MESA-073,PUESTO-023,ZONA-03,MUN-03,CIRC-03,14:16:36,electronico,USR-0012
SUF-0003338,V001736,2026-06-03,1,MESA-059,PUESTO-009,ZONA-09,MUN-04,CIRC-04,14:23:42,electronico,USR-0010
SUF-0003339,V003674,2026-06-03,1,MESA-050,PUESTO-025,ZONA-05,MUN-05,CIRC-05,12:58:46,manual,USR-0003
SUF-0003340,V000909,2026-06-03,1,MESA-074,PUESTO-024,ZONA-04,MUN-04,CIRC-04,14:42:01,electronico,USR-0023
SUF-0003341,V001650,2026-06-03,1,MESA-014,PUESTO-014,ZONA-04,MUN-04,CIRC-04,10:23:29,manual,USR-0006
SUF-0003342,V001947,2026-06-03,1,MESA-005,PUESTO-005,ZONA-05,MUN-05,CIRC-05,14:13:45,manual,USR-0003
SUF-0003343,V003672,2026-06-03,1,MESA-061,PUESTO-011,ZONA-01,MUN-01,CIRC-01,13:07:12,manual,USR-0021
SUF-0003344,V004183,2026-06-03,1,MESA-007,PUESTO-007,ZONA-07,MUN-02,CIRC-02,14:41:38,manual,USR-0015
SUF-0003345,V001489,2026-06-03,1,MESA-046,PUESTO-021,ZONA-01,MUN-01,CIRC-01,13:34:24,manual,USR-0025
SUF-0003346,V001721,2026-06-03,1,MESA-070,PUESTO-020,ZONA-10,MUN-05,CIRC-05,11:59:51,manual,USR-0020
SUF-0003347,V000054,2026-06-03,1,MESA-018,PUESTO-018,ZONA-08,MUN-03,CIRC-03,09:58:02,electronico,USR-0010
SUF-0003348,V002230,2026-06-03,1,MESA-078,PUESTO-003,ZONA-03,MUN-03,CIRC-03,09:01:32,electronico,USR-0011
SUF-0003349,V000916,2026-06-03,1,MESA-051,PUESTO-001,ZONA-01,MUN-01,CIRC-01,09:10:19,manual,USR-0012
SUF-0003350,V003139,2026-06-03,1,MESA-049,PUESTO-024,ZONA-04,MUN-04,CIRC-04,13:31:20,manual,USR-0010
SUF-0003351,V000246,2026-06-03,1,MESA-079,PUESTO-004,ZONA-04,MUN-04,CIRC-04,10:21:59,electronico,USR-0009
SUF-0003352,V003889,2026-06-03,1,MESA-033,PUESTO-008,ZONA-08,MUN-03,CIRC-03,14:26:41,manual,USR-0006
SUF-0003353,V001137,2026-06-03,1,MESA-032,PUESTO-007,ZONA-07,MUN-02,CIRC-02,13:05:58,electronico,USR-0004
SUF-0003354,V000842,2026-06-03,1,MESA-002,PUESTO-002,ZONA-02,MUN-02,CIRC-02,14:44:47,manual,USR-0012
SUF-0003355,V004714,2026-06-03,1,MESA-058,PUESTO-008,ZONA-08,MUN-03,CIRC-03,09:51:54,manual,USR-0004
SUF-0003356,V001502,2026-06-03,1,MESA-058,PUESTO-008,ZONA-08,MUN-03,CIRC-03,08:20:41,manual,USR-0017
SUF-0003357,V003360,2026-06-03,1,MESA-023,PUESTO-023,ZONA-03,MUN-03,CIRC-03,13:35:16,electronico,USR-0004
SUF-0003358,V002479,2026-06-03,1,MESA-017,PUESTO-017,ZONA-07,MUN-02,CIRC-02,08:23:12,manual,USR-0021
SUF-0003359,V001459,2026-06-03,1,MESA-015,PUESTO-015,ZONA-05,MUN-05,CIRC-05,15:24:05,manual,USR-0003
SUF-0003360,V002345,2026-06-03,1,MESA-052,PUESTO-002,ZONA-02,MUN-02,CIRC-02,14:42:02,electronico,USR-0008
SUF-0003361,V000481,2026-06-03,1,MESA-023,PUESTO-023,ZONA-03,MUN-03,CIRC-03,10:18:25,manual,USR-0020
SUF-0003362,V003426,2026-06-03,1,MESA-061,PUESTO-011,ZONA-01,MUN-01,CIRC-01,15:14:41,electronico,USR-0021
SUF-0003363,V001911,2026-06-03,1,MESA-039,PUESTO-014,ZONA-04,MUN-04,CIRC-04,14:36:30,manual,USR-0023
SUF-0003364,V003003,2026-06-03,1,MESA-075,PUESTO-025,ZONA-05,MUN-05,CIRC-05,10:34:21,manual,USR-0010
SUF-0003365,V004867,2026-06-03,1,MESA-047,PUESTO-022,ZONA-02,MUN-02,CIRC-02,06:46:00,manual,USR-0010
SUF-0003366,V001167,2026-06-03,1,MESA-018,PUESTO-018,ZONA-08,MUN-03,CIRC-03,13:27:48,electronico,USR-0017
SUF-0003367,V000657,2026-06-03,1,MESA-016,PUESTO-016,ZONA-06,MUN-01,CIRC-01,08:32:59,manual,USR-0003
SUF-0003368,V000720,2026-06-03,1,MESA-012,PUESTO-012,ZONA-02,MUN-02,CIRC-02,14:08:37,manual,USR-0019
SUF-0003369,V000344,2026-06-03,1,MESA-067,PUESTO-017,ZONA-07,MUN-02,CIRC-02,12:06:47,manual,USR-0016
SUF-0003370,V002125,2026-06-03,1,MESA-039,PUESTO-014,ZONA-04,MUN-04,CIRC-04,13:54:15,electronico,USR-0020
SUF-0003371,V002951,2026-06-03,1,MESA-034,PUESTO-009,ZONA-09,MUN-04,CIRC-04,08:22:38,electronico,USR-0023
SUF-0003372,V001829,2026-06-03,1,MESA-003,PUESTO-003,ZONA-03,MUN-03,CIRC-03,12:09:03,manual,USR-0013
SUF-0003373,V004751,2026-06-03,1,MESA-028,PUESTO-003,ZONA-03,MUN-03,CIRC-03,08:09:03,electronico,USR-0010
SUF-0003374,V001017,2026-06-03,1,MESA-069,PUESTO-019,ZONA-09,MUN-04,CIRC-04,11:45:46,electronico,USR-0013
SUF-0003375,V002588,2026-06-03,1,MESA-025,PUESTO-025,ZONA-05,MUN-05,CIRC-05,11:21:10,manual,USR-0003
SUF-0003376,V002743,2026-06-03,1,MESA-001,PUESTO-001,ZONA-01,MUN-01,CIRC-01,08:02:23,electronico,USR-0014
SUF-0003377,V003327,2026-06-03,1,MESA-007,PUESTO-007,ZONA-07,MUN-02,CIRC-02,13:51:03,manual,USR-0019
SUF-0003378,V004189,2026-06-03,1,MESA-001,PUESTO-001,ZONA-01,MUN-01,CIRC-01,10:59:45,manual,USR-0008
SUF-0003379,V000502,2026-06-03,1,MESA-051,PUESTO-001,ZONA-01,MUN-01,CIRC-01,08:25:52,manual,USR-0004
SUF-0003380,V002056,2026-06-03,1,MESA-026,PUESTO-001,ZONA-01,MUN-01,CIRC-01,15:10:55,manual,USR-0010
SUF-0003381,V003254,2026-06-03,1,MESA-014,PUESTO-014,ZONA-04,MUN-04,CIRC-04,09:43:30,electronico,USR-0025
SUF-0003382,V004107,2026-06-03,1,MESA-072,PUESTO-022,ZONA-02,MUN-02,CIRC-02,09:21:13,manual,USR-0011
SUF-0003383,V000822,2026-06-03,1,MESA-024,PUESTO-024,ZONA-04,MUN-04,CIRC-04,15:43:19,electronico,USR-0013
SUF-0003384,V003530,2026-06-03,1,MESA-060,PUESTO-010,ZONA-10,MUN-05,CIRC-05,15:33:06,manual,USR-0019
SUF-0003385,V002893,2026-06-03,1,MESA-001,PUESTO-001,ZONA-01,MUN-01,CIRC-01,08:39:41,electronico,USR-0006
SUF-0003386,V004617,2026-06-03,1,MESA-051,PUESTO-001,ZONA-01,MUN-01,CIRC-01,12:35:19,manual,USR-0005
SUF-0003387,V002197,2026-06-03,1,MESA-063,PUESTO-013,ZONA-03,MUN-03,CIRC-03,07:19:00,electronico,USR-0025
SUF-0003388,V003829,2026-06-03,1,MESA-026,PUESTO-001,ZONA-01,MUN-01,CIRC-01,11:15:57,manual,USR-0022
SUF-0003389,V002436,2026-06-03,1,MESA-008,PUESTO-008,ZONA-08,MUN-03,CIRC-03,10:21:16,electronico,USR-0025
SUF-0003390,V004465,2026-06-03,1,MESA-074,PUESTO-024,ZONA-04,MUN-04,CIRC-04,08:28:44,manual,USR-0010
SUF-0003391,V001865,2026-06-03,1,MESA-005,PUESTO-005,ZONA-05,MUN-05,CIRC-05,12:38:31,manual,USR-0017
SUF-0003392,V003095,2026-06-03,1,MESA-052,PUESTO-002,ZONA-02,MUN-02,CIRC-02,08:10:38,electronico,USR-0025
SUF-0003393,V004588,2026-06-03,1,MESA-054,PUESTO-004,ZONA-04,MUN-04,CIRC-04,11:10:45,electronico,USR-0012
SUF-0003394,V000507,2026-06-03,1,MESA-041,PUESTO-016,ZONA-06,MUN-01,CIRC-01,13:49:45,manual,USR-0006
SUF-0003395,V003871,2026-06-03,1,MESA-049,PUESTO-024,ZONA-04,MUN-04,CIRC-04,13:57:27,manual,USR-0006
SUF-0003396,V001821,2026-06-03,1,MESA-052,PUESTO-002,ZONA-02,MUN-02,CIRC-02,10:31:40,electronico,USR-0011
SUF-0003397,V003473,2026-06-03,1,MESA-031,PUESTO-006,ZONA-06,MUN-01,CIRC-01,14:05:15,electronico,USR-0014
SUF-0003398,V000530,2026-06-03,1,MESA-041,PUESTO-016,ZONA-06,MUN-01,CIRC-01,14:08:27,manual,USR-0010
SUF-0003399,V003614,2026-06-03,1,MESA-074,PUESTO-024,ZONA-04,MUN-04,CIRC-04,14:22:46,electronico,USR-0023
SUF-0003400,V000784,2026-06-03,1,MESA-057,PUESTO-007,ZONA-07,MUN-02,CIRC-02,13:03:21,manual,USR-0010
SUF-0003401,V004623,2026-06-03,1,MESA-063,PUESTO-013,ZONA-03,MUN-03,CIRC-03,12:40:18,electronico,USR-0023
SUF-0003402,V003890,2026-06-03,1,MESA-031,PUESTO-006,ZONA-06,MUN-01,CIRC-01,10:30:31,manual,USR-0010
SUF-0003403,V002829,2026-06-03,1,MESA-060,PUESTO-010,ZONA-10,MUN-05,CIRC-05,12:03:06,electronico,USR-0025
SUF-0003404,V000890,2026-06-03,1,MESA-069,PUESTO-019,ZONA-09,MUN-04,CIRC-04,09:56:28,manual,USR-0016
SUF-0003405,V004034,2026-06-03,1,MESA-036,PUESTO-011,ZONA-01,MUN-01,CIRC-01,12:03:29,manual,USR-0003
SUF-0003406,V004138,2026-06-03,1,MESA-046,PUESTO-021,ZONA-01,MUN-01,CIRC-01,08:19:18,electronico,USR-0004
SUF-0003407,V000486,2026-06-03,1,MESA-031,PUESTO-006,ZONA-06,MUN-01,CIRC-01,12:35:10,manual,USR-0005
SUF-0003408,V004373,2026-06-03,1,MESA-030,PUESTO-005,ZONA-05,MUN-05,CIRC-05,13:58:18,electronico,USR-0014
SUF-0003409,V000045,2026-06-03,1,MESA-006,PUESTO-006,ZONA-06,MUN-01,CIRC-01,09:01:23,manual,USR-0010
SUF-0003410,V000906,2026-06-03,1,MESA-056,PUESTO-006,ZONA-06,MUN-01,CIRC-01,15:41:52,manual,USR-0005
SUF-0003411,V002808,2026-06-03,1,MESA-076,PUESTO-001,ZONA-01,MUN-01,CIRC-01,11:01:02,manual,USR-0024
SUF-0003412,V003298,2026-06-03,1,MESA-020,PUESTO-020,ZONA-10,MUN-05,CIRC-04,08:52:43,electronico,USR-0003
SUF-0003413,V000190,2026-06-03,1,MESA-028,PUESTO-003,ZONA-03,MUN-03,CIRC-03,12:37:30,manual,USR-0007
SUF-0003414,V000095,2026-06-03,1,MESA-026,PUESTO-001,ZONA-01,MUN-01,CIRC-01,08:23:12,electronico,USR-0015
SUF-0003415,V001451,2026-06-03,1,MESA-063,PUESTO-013,ZONA-03,MUN-03,CIRC-03,09:26:58,manual,USR-0010
SUF-0003416,V004704,2026-06-03,1,MESA-037,PUESTO-012,ZONA-02,MUN-02,CIRC-02,11:21:02,manual,USR-0024
SUF-0003417,V001163,2026-06-03,1,MESA-054,PUESTO-004,ZONA-04,MUN-04,CIRC-04,11:06:20,manual,USR-0011
SUF-0003418,V004391,2026-06-03,1,MESA-062,PUESTO-012,ZONA-02,MUN-02,CIRC-02,15:38:03,electronico,USR-0010
SUF-0003419,V001825,2026-06-03,1,MESA-015,PUESTO-015,ZONA-05,MUN-05,CIRC-05,08:43:44,manual,USR-0017
SUF-0003420,V000647,2026-06-03,1,MESA-002,PUESTO-002,ZONA-02,MUN-02,CIRC-02,13:05:58,electronico,USR-0010
SUF-0003421,V002499,2026-06-03,1,MESA-040,PUESTO-015,ZONA-05,MUN-05,CIRC-05,14:38:13,manual,USR-0023
SUF-0003422,V002652,2026-06-03,1,MESA-049,PUESTO-024,ZONA-04,MUN-04,CIRC-04,10:22:04,electronico,USR-0009
