ballot_id,mesa_id,voter_id,marca_simulada,clasificacion_objetiva,clasificacion_jurado,clasificacion_auditoria,usuario_clasificador
BAL-0000001,MESA-018,V001127,candidato_C,valido,valido,valido,USR-0033
BAL-0000002,MESA-005,V004819,candidato_B,valido,valido,valido,USR-0032
BAL-0000003,MESA-045,V002803,candidato_B,valido,valido,valido,USR-0035
BAL-0000004,MESA-069,V002313,candidato_B,valido,valido,valido,USR-0030
BAL-0000005,MESA-017,V001106,candidato_B,valido,valido,valido,USR-0033
BAL-0000006,MESA-017,V001995,candidato_B,valido,valido,valido,USR-0032
BAL-0000007,MESA-027,V001157,candidato_C,valido,valido,valido,USR-0028
BAL-0000008,MESA-022,V000278,candidato_C,valido,valido,valido,USR-0032
BAL-0000009,MESA-042,V000714,candidato_B,valido,invalido,valido,USR-0030
BAL-0000010,MESA-023,V002444,marca_ambigua,nulo,nulo,nulo,USR-0033
BAL-0000011,MESA-080,V003924,candidato_B,valido,valido,valido,USR-0032
BAL-0000012,MESA-031,V002548,candidato_A,valido,valido,valido,USR-0029
BAL-0000013,MESA-080,V003951,candidato_A,valido,valido,valido,USR-0028
BAL-0000014,MESA-049,V000586,candidato_C,valido,valido,valido,USR-0034
BAL-0000015,MESA-074,V004772,candidato_A,valido,valido,valido,USR-0034
BAL-0000016,MESA-050,V000023,candidato_A,valido,valido,valido,USR-0034
BAL-0000017,MESA-079,V000103,candidato_B,valido,valido,valido,USR-0032
BAL-0000018,MESA-001,V000711,candidato_A,valido,valido,valido,USR-0035
BAL-0000019,MESA-070,V001802,candidato_A,valido,invalido,valido,USR-0032
BAL-0000020,MESA-022,V002954,blanco,blanco,blanco,blanco,USR-0034
BAL-0000021,MESA-009,V002863,candidato_A,valido,valido,valido,USR-0032
BAL-0000022,MESA-037,V001913,candidato_B,valido,valido,valido,USR-0028
BAL-0000023,MESA-024,V004364,candidato_A,valido,valido,valido,USR-0033
BAL-0000024,MESA-056,V003549,candidato_B,valido,valido,valido,USR-0033
BAL-0000025,MESA-007,V004283,candidato_A,valido,valido,valido,USR-0028
BAL-0000026,MESA-019,V004357,candidato_B,valido,valido,valido,USR-0028
BAL-0000027,MESA-028,V004653,candidato_C,valido,valido,valido,USR-0035
BAL-0000028,MESA-079,V001206,candidato_C,valido,valido,valido,USR-0030
BAL-0000029,MESA-019,V000718,candidato_A,valido,valido,valido,USR-0033
BAL-0000030,MESA-063,V000523,candidato_A,valido,valido,valido,USR-0034
BAL-0000031,MESA-052,V004306,candidato_A,valido,valido,valido,USR-0035
BAL-0000032,MESA-071,V002527,candidato_B,valido,valido,valido,USR-0030
BAL-0000033,MESA-065,V001524,candidato_A,valido,valido,valido,USR-0028
BAL-0000034,MESA-043,V004639,candidato_A,valido,valido,valido,USR-0029
BAL-0000035,MESA-014,V003276,candidato_C,valido,valido,valido,USR-0033
BAL-0000036,MESA-054,V000067,candidato_A,valido,valido,valido,USR-0031
BAL-0000037,MESA-015,V004315,candidato_B,valido,valido,valido,USR-0032
BAL-0000038,MESA-011,V001294,candidato_B,valido,valido,valido,USR-0035
BAL-0000039,MESA-069,V003825,candidato_B,valido,valido,valido,USR-0034
BAL-0000040,MESA-012,V003271,candidato_C,valido,valido,valido,USR-0034
BAL-0000041,MESA-060,V002418,candidato_B,valido,valido,valido,USR-0028
BAL-0000042,MESA-020,V002828,candidato_A,valido,valido,valido,USR-0033
BAL-0000043,MESA-063,V001392,candidato_B,valido,valido,valido,USR-0029
BAL-0000044,MESA-077,V001001,candidato_C,valido,valido,valido,USR-0035
BAL-0000045,MESA-008,V004509,candidato_A,valido,valido,valido,USR-0028
BAL-0000046,MESA-077,V000332,marca_ambigua,invalido,invalido,invalido,USR-0035
BAL-0000047,MESA-003,V003268,candidato_A,valido,valido,valido,USR-0034
BAL-0000048,MESA-029,V001877,marca_ambigua,nulo,nulo,nulo,USR-0029
BAL-0000049,MESA-039,V002622,blanco,blanco,blanco,blanco,USR-0031
BAL-0000050,MESA-067,V003765,candidato_A,valido,valido,valido,USR-0028
BAL-0000051,MESA-036,V000922,candidato_A,valido,valido,valido,USR-0034
BAL-0000052,MESA-010,V002716,candidato_B,valido,invalido,valido,USR-0030
BAL-0000053,MESA-068,V004652,candidato_B,valido,valido,valido,USR-0032
BAL-0000054,MESA-041,V001795,candidato_A,valido,valido,valido,USR-0029
BAL-0000055,MESA-027,V002663,candidato_B,valido,valido,valido,USR-0031
BAL-0000056,MESA-058,V000876,candidato_C,valido,valido,valido,USR-0034
BAL-0000057,MESA-075,V003196,candidato_B,valido,valido,valido,USR-0032
BAL-0000058,MESA-018,V001333,candidato_A,valido,valido,valido,USR-0034
BAL-0000059,MESA-020,V001146,candidato_A,valido,valido,valido,USR-0030
BAL-0000060,MESA-060,V002864,candidato_B,valido,valido,valido,USR-0030
BAL-0000061,MESA-017,V004788,candidato_A,valido,valido,valido,USR-0035
BAL-0000062,MESA-009,V001406,candidato_B,valido,valido,valido,USR-0032
BAL-0000063,MESA-031,V002346,candidato_B,valido,valido,valido,USR-0033
BAL-0000064,MESA-034,V002300,candidato_B,valido,valido,valido,USR-0035
BAL-0000065,MESA-002,V004454,candidato_A,valido,valido,valido,USR-0035
BAL-0000066,MESA-051,V004099,blanco,blanco,nulo,blanco,USR-0034
BAL-0000067,MESA-002,V002154,candidato_B,valido,valido,valido,USR-0031
BAL-0000068,MESA-042,V002686,blanco,blanco,blanco,blanco,USR-0032
BAL-0000069,MESA-053,V000824,candidato_B,valido,valido,valido,USR-0035
BAL-0000070,MESA-043,V001626,candidato_A,valido,valido,valido,USR-0032
BAL-0000071,MESA-035,V000698,candidato_A,valido,valido,valido,USR-0029
BAL-0000072,MESA-074,V003982,candidato_B,valido,valido,valido,USR-0029
BAL-0000073,MESA-056,V001296,candidato_A,valido,valido,valido,USR-0034
BAL-0000074,MESA-019,V003008,candidato_A,valido,valido,valido,USR-0033
BAL-0000075,MESA-072,V001162,candidato_B,valido,valido,valido,USR-0028
BAL-0000076,MESA-018,V004280,candidato_A,valido,valido,valido,USR-0031
BAL-0000077,MESA-029,V004782,candidato_C,valido,valido,valido,USR-0028
BAL-0000078,MESA-004,V003831,sin_marca,invalido,invalido,invalido,USR-0033
BAL-0000079,MESA-031,V003608,candidato_B,valido,valido,valido,USR-0033
BAL-0000080,MESA-048,V000232,candidato_A,valido,valido,valido,USR-0032
BAL-0000081,MESA-068,V000881,candidato_C,valido,valido,valido,USR-0029
BAL-0000082,MESA-043,V003467,multiple_marca,nulo,nulo,nulo,USR-0032
BAL-0000083,MESA-042,V002889,candidato_C,valido,valido,valido,USR-0028
BAL-0000084,MESA-003,V002777,candidato_B,valido,valido,valido,USR-0028
BAL-0000085,MESA-066,V001090,candidato_B,valido,valido,valido,USR-0035
BAL-0000086,MESA-031,V002701,candidato_B,valido,valido,valido,USR-0032
BAL-0000087,MESA-014,V004116,candidato_B,valido,valido,valido,USR-0028
BAL-0000088,MESA-060,V004215,candidato_A,valido,valido,valido,USR-0029
BAL-0000089,MESA-045,V003406,candidato_B,valido,valido,valido,USR-0029
BAL-0000090,MESA-071,V002586,candidato_A,valido,valido,valido,USR-0028
BAL-0000091,MESA-020,V002742,candidato_B,valido,valido,valido,USR-0029
BAL-0000092,MESA-073,V001740,candidato_A,valido,valido,valido,USR-0028
BAL-0000093,MESA-067,V003335,candidato_C,valido,valido,valido,USR-0029
BAL-0000094,MESA-031,V001301,candidato_A,valido,valido,valido,USR-0029
BAL-0000095,MESA-063,V004596,candidato_A,valido,valido,valido,USR-0035
BAL-0000096,MESA-056,V002471,candidato_B,valido,valido,valido,USR-0031
BAL-0000097,MESA-026,V003537,candidato_A,valido,valido,valido,USR-0030
BAL-0000098,MESA-030,V004399,candidato_A,valido,valido,valido,USR-0028
BAL-0000099,MESA-064,V004419,candidato_B,valido,valido,valido,USR-0032
BAL-0000100,MESA-006,V003690,candidato_A,valido,valido,valido,USR-0029
BAL-0000101,MESA-056,V002353,multiple_marca,nulo,nulo,nulo,USR-0029
BAL-0000102,MESA-030,V000387,candidato_A,valido,valido,valido,USR-0028
BAL-0000103,MESA-029,V003562,candidato_A,valido,valido,valido,USR-0033
BAL-0000104,MESA-066,V002629,candidato_B,valido,valido,valido,USR-0035
BAL-0000105,MESA-032,V003522,candidato_B,valido,invalido,valido,USR-0030
BAL-0000106,MESA-046,V001912,candidato_B,valido,valido,valido,USR-0028
BAL-0000107,MESA-022,V001186,candidato_C,valido,valido,valido,USR-0030
BAL-0000108,MESA-006,V002812,candidato_B,valido,valido,valido,USR-0031
BAL-0000109,MESA-038,V000758,candidato_A,valido,valido,valido,USR-0034
BAL-0000110,MESA-023,V000955,candidato_A,valido,valido,valido,USR-0030
BAL-0000111,MESA-016,V000097,candidato_C,valido,valido,valido,USR-0034
BAL-0000112,MESA-012,V002326,candidato_C,valido,valido,valido,USR-0028
BAL-0000113,MESA-023,V001188,candidato_A,valido,valido,valido,USR-0031
BAL-0000114,MESA-065,V001391,candidato_B,valido,valido,valido,USR-0035
BAL-0000115,MESA-008,V002566,candidato_A,valido,valido,valido,USR-0034
BAL-0000116,MESA-015,V000249,candidato_A,valido,valido,valido,USR-0035
BAL-0000117,MESA-077,V002992,candidato_C,valido,valido,valido,USR-0034
BAL-0000118,MESA-072,V002507,multiple_marca,nulo,nulo,nulo,USR-0032
BAL-0000119,MESA-073,V003846,candidato_B,valido,valido,valido,USR-0032
BAL-0000120,MESA-034,V004527,candidato_A,valido,valido,valido,USR-0031
BAL-0000121,MESA-071,V004169,candidato_A,valido,valido,valido,USR-0028
BAL-0000122,MESA-056,V000986,candidato_A,valido,valido,valido,USR-0029
BAL-0000123,MESA-072,V000166,candidato_B,valido,valido,valido,USR-0028
BAL-0000124,MESA-078,V001879,candidato_B,valido,valido,valido,USR-0032
BAL-0000125,MESA-010,V002314,candidato_B,valido,valido,valido,USR-0029
BAL-0000126,MESA-002,V002608,marca_ambigua,invalido,invalido,invalido,USR-0034
BAL-0000127,MESA-006,V000025,candidato_C,valido,valido,valido,USR-0032
BAL-0000128,MESA-036,V002690,candidato_B,valido,valido,valido,USR-0031
BAL-0000129,MESA-022,V001948,candidato_A,valido,valido,valido,USR-0033
BAL-0000130,MESA-079,V001746,candidato_A,valido,valido,valido,USR-0032
BAL-0000131,MESA-056,V000505,candidato_C,valido,valido,valido,USR-0032
BAL-0000132,MESA-070,V003509,candidato_A,valido,valido,valido,USR-0034
BAL-0000133,MESA-004,V003494,candidato_A,valido,valido,valido,USR-0029
BAL-0000134,MESA-045,V003638,candidato_B,valido,valido,valido,USR-0034
BAL-0000135,MESA-054,V002080,candidato_A,valido,valido,valido,USR-0034
BAL-0000136,MESA-013,V001689,candidato_B,valido,valido,valido,USR-0035
BAL-0000137,MESA-050,V003580,candidato_B,valido,valido,valido,USR-0034
BAL-0000138,MESA-048,V001853,blanco,blanco,blanco,blanco,USR-0032
BAL-0000139,MESA-078,V004076,candidato_A,valido,valido,valido,USR-0035
BAL-0000140,MESA-067,V001839,candidato_B,valido,valido,valido,USR-0034
BAL-0000141,MESA-013,V001347,candidato_B,valido,valido,valido,USR-0029
BAL-0000142,MESA-017,V000999,candidato_C,valido,valido,valido,USR-0028
BAL-0000143,MESA-053,V003392,candidato_C,valido,valido,valido,USR-0034
BAL-0000144,MESA-039,V002687,multiple_marca,nulo,nulo,nulo,USR-0032
BAL-0000145,MESA-076,V000836,candidato_A,valido,valido,valido,USR-0028
BAL-0000146,MESA-073,V002010,candidato_B,valido,valido,valido,USR-0033
BAL-0000147,MESA-068,V000987,candidato_C,valido,valido,valido,USR-0028
BAL-0000148,MESA-028,V001140,candidato_B,valido,valido,valido,USR-0032
BAL-0000149,MESA-058,V001488,candidato_B,valido,valido,valido,USR-0032
BAL-0000150,MESA-038,V004134,marca_ambigua,nulo,valido,nulo,USR-0030
BAL-0000151,MESA-030,V000980,candidato_A,valido,valido,valido,USR-0028
BAL-0000152,MESA-047,V004950,candidato_A,valido,valido,valido,USR-0029
BAL-0000153,MESA-033,V003834,candidato_B,valido,valido,valido,USR-0028
BAL-0000154,MESA-030,V003124,candidato_C,valido,valido,valido,USR-0032
BAL-0000155,MESA-026,V001932,candidato_A,valido,valido,valido,USR-0032
BAL-0000156,MESA-009,V003075,marca_ambigua,invalido,invalido,invalido,USR-0030
BAL-0000157,MESA-028,V003113,candidato_A,valido,valido,valido,USR-0032
BAL-0000158,MESA-080,V000921,candidato_A,valido,valido,valido,USR-0031
BAL-0000159,MESA-044,V000886,candidato_B,valido,valido,valido,USR-0029
BAL-0000160,MESA-049,V002798,candidato_B,valido,valido,valido,USR-0031
BAL-0000161,MESA-047,V000596,candidato_A,valido,invalido,valido,USR-0030
BAL-0000162,MESA-034,V001827,candidato_A,valido,valido,valido,USR-0033
BAL-0000163,MESA-064,V003905,candidato_A,valido,valido,valido,USR-0032
BAL-0000164,MESA-037,V003515,candidato_C,valido,invalido,valido,USR-0030
BAL-0000165,MESA-031,V002692,candidato_A,valido,valido,valido,USR-0032
BAL-0000166,MESA-058,V003350,candidato_C,valido,valido,valido,USR-0029
BAL-0000167,MESA-049,V003192,blanco,blanco,blanco,blanco,USR-0034
BAL-0000168,MESA-005,V001420,blanco,blanco,blanco,blanco,USR-0032
BAL-0000169,MESA-070,V004879,candidato_B,valido,valido,valido,USR-0035
BAL-0000170,MESA-065,V002667,candidato_A,valido,valido,valido,USR-0028
BAL-0000171,MESA-028,V002104,candidato_A,valido,valido,valido,USR-0034
BAL-0000172,MESA-076,V003318,candidato_C,valido,valido,valido,USR-0031
BAL-0000173,MESA-079,V002171,candidato_B,valido,valido,valido,USR-0028
BAL-0000174,MESA-003,V002707,candidato_B,valido,valido,valido,USR-0029
BAL-0000175,MESA-064,V002452,candidato_C,valido,valido,valido,USR-0035
BAL-0000176,MESA-050,V004378,candidato_A,valido,valido,valido,USR-0034
BAL-0000177,MESA-072,V002140,candidato_A,valido,valido,valido,USR-0030
BAL-0000178,MESA-032,V001561,candidato_B,valido,valido,valido,USR-0030
BAL-0000179,MESA-024,V004490,candidato_B,valido,valido,valido,USR-0035
BAL-0000180,MESA-071,V003524,candidato_B,valido,valido,valido,USR-0035
BAL-0000181,MESA-016,V001760,candidato_B,valido,valido,valido,USR-0032
BAL-0000182,MESA-011,V004330,candidato_A,valido,valido,valido,USR-0034
BAL-0000183,MESA-061,V000880,candidato_A,valido,valido,valido,USR-0028
BAL-0000184,MESA-075,V003862,candidato_A,valido,valido,valido,USR-0030
BAL-0000185,MESA-039,V000082,candidato_B,valido,valido,valido,USR-0028
BAL-0000186,MESA-050,V002034,candidato_B,valido,valido,valido,USR-0028
BAL-0000187,MESA-039,V002423,candidato_B,valido,valido,valido,USR-0030
BAL-0000188,MESA-062,V004982,candidato_B,valido,valido,valido,USR-0029
BAL-0000189,MESA-046,V002320,sin_marca,invalido,valido,invalido,USR-0029
BAL-0000190,MESA-058,V003740,candidato_B,valido,valido,valido,USR-0033
BAL-0000191,MESA-035,V003370,candidato_B,valido,valido,valido,USR-0034
BAL-0000192,MESA-029,V002157,candidato_A,valido,valido,valido,USR-0028
BAL-0000193,MESA-035,V000948,candidato_A,valido,valido,valido,USR-0031
BAL-0000194,MESA-059,V004627,candidato_B,valido,valido,valido,USR-0030
BAL-0000195,MESA-029,V000547,candidato_B,valido,valido,valido,USR-0034
BAL-0000196,MESA-044,V003321,candidato_B,valido,valido,valido,USR-0035
BAL-0000197,MESA-040,V002030,candidato_A,valido,valido,valido,USR-0034
BAL-0000198,MESA-003,V002627,candidato_A,valido,valido,valido,USR-0033
BAL-0000199,MESA-031,V003364,candidato_C,valido,valido,valido,USR-0033
BAL-0000200,MESA-030,V004442,candidato_C,valido,valido,valido,USR-0034
BAL-0000201,MESA-008,V002412,candidato_B,valido,valido,valido,USR-0029
BAL-0000202,MESA-054,V001533,candidato_A,valido,valido,valido,USR-0034
BAL-0000203,MESA-018,V004140,candidato_B,valido,valido,valido,USR-0032
BAL-0000204,MESA-005,V000101,candidato_C,valido,valido,valido,USR-0034
BAL-0000205,MESA-007,V000843,candidato_A,valido,valido,valido,USR-0031
BAL-0000206,MESA-010,V002891,candidato_B,valido,valido,valido,USR-0035
BAL-0000207,MESA-070,V001019,candidato_B,valido,valido,valido,USR-0029
BAL-0000208,MESA-078,V002242,candidato_A,valido,valido,valido,USR-0028
BAL-0000209,MESA-016,V000995,candidato_B,valido,valido,valido,USR-0028
BAL-0000210,MESA-041,V004956,candidato_A,valido,valido,valido,USR-0029
BAL-0000211,MESA-025,V000601,candidato_B,valido,valido,valido,USR-0031
BAL-0000212,MESA-049,V003418,candidato_A,valido,valido,valido,USR-0031
BAL-0000213,MESA-011,V001537,candidato_A,valido,valido,valido,USR-0035
BAL-0000214,MESA-031,V002437,candidato_A,valido,valido,valido,USR-0035
BAL-0000215,MESA-031,V002463,candidato_A,valido,valido,valido,USR-0029
BAL-0000216,MESA-063,V004698,candidato_B,valido,valido,valido,USR-0028
BAL-0000217,MESA-074,V001495,candidato_A,valido,valido,valido,USR-0033
BAL-0000218,MESA-002,V001919,candidato_A,valido,valido,valido,USR-0033
BAL-0000219,MESA-045,V004310,blanco,blanco,nulo,blanco,USR-0028
BAL-0000220,MESA-012,V004669,candidato_B,valido,valido,valido,USR-0035
BAL-0000221,MESA-037,V002522,candidato_A,valido,valido,valido,USR-0028
BAL-0000222,MESA-054,V000892,candidato_B,valido,valido,valido,USR-0032
BAL-0000223,MESA-037,V003430,candidato_A,valido,valido,valido,USR-0031
BAL-0000224,MESA-064,V000680,candidato_C,valido,valido,valido,USR-0028
BAL-0000225,MESA-071,V003888,candidato_A,valido,valido,valido,USR-0034
BAL-0000226,MESA-079,V000264,candidato_C,valido,valido,valido,USR-0033
BAL-0000227,MESA-001,V004821,candidato_A,valido,valido,valido,USR-0028
BAL-0000228,MESA-078,V004779,candidato_A,valido,valido,valido,USR-0031
BAL-0000229,MESA-035,V001691,candidato_A,valido,valido,valido,USR-0028
BAL-0000230,MESA-030,V002585,candidato_B,valido,valido,valido,USR-0028
BAL-0000231,MESA-065,V003554,candidato_A,valido,valido,valido,USR-0029
BAL-0000232,MESA-014,V002919,candidato_A,valido,invalido,valido,USR-0030
BAL-0000233,MESA-071,V002543,candidato_B,valido,valido,valido,USR-0028
BAL-0000234,MESA-075,V004780,candidato_B,valido,valido,valido,USR-0028
BAL-0000235,MESA-071,V000905,candidato_C,valido,valido,valido,USR-0035
BAL-0000236,MESA-080,V001349,candidato_B,valido,valido,valido,USR-0031
BAL-0000237,MESA-041,V000383,candidato_B,valido,valido,valido,USR-0035
BAL-0000238,MESA-012,V001277,candidato_B,valido,valido,valido,USR-0033
BAL-0000239,MESA-003,V001418,candidato_A,valido,invalido,valido,USR-0030
BAL-0000240,MESA-061,V002900,candidato_B,valido,valido,valido,USR-0034
BAL-0000241,MESA-011,V001856,candidato_C,valido,valido,valido,USR-0029
BAL-0000242,MESA-008,V002969,candidato_A,valido,valido,valido,USR-0030
BAL-0000243,MESA-060,V000849,candidato_A,valido,valido,valido,USR-0033
BAL-0000244,MESA-037,V000228,candidato_B,valido,valido,valido,USR-0034
BAL-0000245,MESA-056,V001255,candidato_C,valido,valido,valido,USR-0033
BAL-0000246,MESA-078,V001803,candidato_C,valido,valido,valido,USR-0029
BAL-0000247,MESA-048,V001832,multiple_marca,nulo,nulo,nulo,USR-0033
BAL-0000248,MESA-007,V003818,candidato_A,valido,valido,valido,USR-0032
BAL-0000249,MESA-074,V002237,candidato_A,valido,valido,valido,USR-0033
BAL-0000250,MESA-056,V002857,candidato_C,valido,valido,valido,USR-0033
BAL-0000251,MESA-018,V004654,candidato_A,valido,valido,valido,USR-0029
BAL-0000252,MESA-012,V003826,candidato_B,valido,valido,valido,USR-0035
BAL-0000253,MESA-074,V003414,candidato_B,valido,valido,valido,USR-0031
BAL-0000254,MESA-049,V003142,candidato_A,valido,valido,valido,USR-0030
BAL-0000255,MESA-036,V003502,candidato_A,valido,valido,valido,USR-0029
BAL-0000256,MESA-064,V004696,candidato_A,valido,valido,valido,USR-0030
BAL-0000257,MESA-020,V000139,candidato_B,valido,valido,valido,USR-0028
BAL-0000258,MESA-003,V001716,candidato_B,valido,valido,valido,USR-0035
BAL-0000259,MESA-031,V004866,candidato_B,valido,valido,valido,USR-0031
BAL-0000260,MESA-049,V002519,candidato_A,valido,valido,valido,USR-0029
BAL-0000261,MESA-018,V000011,candidato_B,valido,valido,valido,USR-0032
BAL-0000262,MESA-007,V003954,candidato_A,valido,valido,valido,USR-0034
BAL-0000263,MESA-051,V000757,candidato_A,valido,valido,valido,USR-0033
BAL-0000264,MESA-072,V001765,candidato_C,valido,valido,valido,USR-0035
BAL-0000265,MESA-003,V000575,candidato_A,valido,valido,valido,USR-0033
BAL-0000266,MESA-052,V003799,candidato_A,valido,valido,valido,USR-0031
BAL-0000267,MESA-020,V001656,candidato_A,valido,valido,valido,USR-0032
BAL-0000268,MESA-056,V000583,candidato_C,valido,valido,valido,USR-0031
BAL-0000269,MESA-051,V003431,candidato_B,valido,valido,valido,USR-0030
BAL-0000270,MESA-043,V004006,candidato_B,valido,valido,valido,USR-0029
BAL-0000271,MESA-001,V002961,candidato_C,valido,valido,valido,USR-0029
BAL-0000272,MESA-046,V003607,candidato_B,valido,valido,valido,USR-0032
BAL-0000273,MESA-016,V003964,candidato_A,valido,valido,valido,USR-0035
BAL-0000274,MESA-004,V001644,candidato_C,valido,valido,valido,USR-0030
BAL-0000275,MESA-064,V001833,blanco,blanco,blanco,blanco,USR-0035
BAL-0000276,MESA-040,V004092,candidato_B,valido,valido,valido,USR-0028
BAL-0000277,MESA-048,V000674,candidato_A,valido,valido,valido,USR-0034
BAL-0000278,MESA-056,V001858,blanco,blanco,blanco,blanco,USR-0034
BAL-0000279,MESA-044,V000399,candidato_A,valido,valido,valido,USR-0035
BAL-0000280,MESA-048,V002813,candidato_A,valido,invalido,valido,USR-0034
BAL-0000281,MESA-074,V002022,candidato_B,valido,valido,valido,USR-0031
BAL-0000282,MESA-062,V002359,candidato_B,valido,valido,valido,USR-0032
BAL-0000283,MESA-019,V004648,candidato_C,valido,valido,valido,USR-0028
BAL-0000284,MESA-005,V001199,candidato_B,valido,valido,valido,USR-0034
BAL-0000285,MESA-068,V002554,candidato_A,valido,valido,valido,USR-0032
BAL-0000286,MESA-036,V001817,candidato_B,valido,valido,valido,USR-0032
BAL-0000287,MESA-027,V002040,candidato_A,valido,valido,valido,USR-0032
BAL-0000288,MESA-051,V004662,candidato_A,valido,invalido,valido,USR-0030
BAL-0000289,MESA-059,V001096,candidato_C,valido,valido,valido,USR-0029
BAL-0000290,MESA-016,V001960,candidato_A,valido,valido,valido,USR-0033
BAL-0000291,MESA-022,V002741,candidato_B,valido,valido,valido,USR-0031
BAL-0000292,MESA-011,V003680,candidato_C,valido,valido,valido,USR-0032
BAL-0000293,MESA-055,V001018,blanco,blanco,blanco,blanco,USR-0030
BAL-0000294,MESA-065,V003845,blanco,blanco,blanco,blanco,USR-0035
BAL-0000295,MESA-068,V001584,candidato_A,valido,valido,valido,USR-0033
BAL-0000296,MESA-051,V001216,candidato_A,valido,valido,valido,USR-0030
BAL-0000297,MESA-066,V004291,candidato_A,valido,valido,valido,USR-0033
BAL-0000298,MESA-046,V000593,candidato_A,valido,valido,valido,USR-0034
BAL-0000299,MESA-025,V004178,candidato_C,valido,valido,valido,USR-0033
BAL-0000300,MESA-006,V004868,candidato_C,valido,valido,valido,USR-0034
BAL-0000301,MESA-070,V002581,blanco,blanco,nulo,blanco,USR-0030
BAL-0000302,MESA-002,V003673,candidato_C,valido,valido,valido,USR-0034
BAL-0000303,MESA-051,V004964,candidato_C,valido,valido,valido,USR-0032
BAL-0000304,MESA-080,V002815,candidato_B,valido,valido,valido,USR-0034
BAL-0000305,MESA-009,V002848,candidato_C,valido,valido,valido,USR-0029
BAL-0000306,MESA-005,V001770,candidato_B,valido,valido,valido,USR-0028
BAL-0000307,MESA-059,V001532,candidato_B,valido,valido,valido,USR-0033
BAL-0000308,MESA-080,V000972,candidato_A,valido,valido,valido,USR-0034
BAL-0000309,MESA-002,V002705,candidato_B,valido,valido,valido,USR-0030
BAL-0000310,MESA-053,V000884,candidato_A,valido,valido,valido,USR-0029
BAL-0000311,MESA-021,V004727,candidato_C,valido,valido,valido,USR-0035
BAL-0000312,MESA-017,V000866,candidato_A,valido,valido,valido,USR-0028
BAL-0000313,MESA-025,V004589,candidato_B,valido,valido,valido,USR-0032
BAL-0000314,MESA-074,V000417,candidato_B,valido,valido,valido,USR-0035
BAL-0000315,MESA-015,V002722,candidato_C,valido,invalido,valido,USR-0030
BAL-0000316,MESA-078,V000934,blanco,blanco,nulo,blanco,USR-0030
BAL-0000317,MESA-009,V002307,candidato_A,valido,invalido,valido,USR-0030
BAL-0000318,MESA-017,V003875,candidato_B,valido,valido,valido,USR-0030
BAL-0000319,MESA-078,V002639,blanco,blanco,blanco,blanco,USR-0032
BAL-0000320,MESA-059,V001248,candidato_A,valido,valido,valido,USR-0031
BAL-0000321,MESA-056,V003339,sin_marca,invalido,invalido,invalido,USR-0029
BAL-0000322,MESA-058,V001506,candidato_B,valido,valido,valido,USR-0029
BAL-0000323,MESA-064,V001403,candidato_B,valido,valido,valido,USR-0031
BAL-0000324,MESA-077,V004087,candidato_B,valido,valido,valido,USR-0030
BAL-0000325,MESA-078,V003150,candidato_A,valido,valido,valido,USR-0032
BAL-0000326,MESA-033,V004355,candidato_A,valido,valido,valido,USR-0028
BAL-0000327,MESA-035,V000157,candidato_C,valido,valido,valido,USR-0029
BAL-0000328,MESA-062,V004733,candidato_A,valido,valido,valido,USR-0035
BAL-0000329,MESA-073,V002842,candidato_B,valido,valido,valido,USR-0035
BAL-0000330,MESA-006,V002505,candidato_B,valido,valido,valido,USR-0034
BAL-0000331,MESA-049,V004369,candidato_A,valido,valido,valido,USR-0028
BAL-0000332,MESA-026,V004655,blanco,blanco,blanco,blanco,USR-0028
BAL-0000333,MESA-049,V001979,candidato_A,valido,valido,valido,USR-0035
BAL-0000334,MESA-080,V000150,candidato_C,valido,valido,valido,USR-0033
BAL-0000335,MESA-060,V004952,blanco,blanco,blanco,blanco,USR-0035
BAL-0000336,MESA-021,V002521,candidato_A,valido,valido,valido,USR-0035
BAL-0000337,MESA-075,V002124,candidato_A,valido,valido,valido,USR-0031
BAL-0000338,MESA-068,V004610,candidato_A,valido,valido,valido,USR-0034
BAL-0000339,MESA-049,V002329,candidato_B,valido,valido,valido,USR-0034
BAL-0000340,MESA-027,V003629,candidato_B,valido,valido,valido,USR-0030
BAL-0000341,MESA-055,V002283,candidato_C,valido,valido,valido,USR-0031
BAL-0000342,MESA-065,V000869,candidato_B,valido,valido,valido,USR-0034
BAL-0000343,MESA-007,V004923,marca_ambigua,invalido,invalido,invalido,USR-0034
BAL-0000344,MESA-028,V002915,candidato_B,valido,valido,valido,USR-0030
BAL-0000345,MESA-021,V002143,candidato_A,valido,valido,valido,USR-0033
BAL-0000346,MESA-062,V000710,candidato_B,valido,valido,valido,USR-0028
BAL-0000347,MESA-060,V000322,candidato_A,valido,valido,valido,USR-0034
BAL-0000348,MESA-019,V002240,candidato_A,valido,valido,valido,USR-0030
BAL-0000349,MESA-055,V001086,blanco,blanco,blanco,blanco,USR-0029
BAL-0000350,MESA-076,V003928,candidato_C,valido,valido,valido,USR-0029
BAL-0000351,MESA-031,V001668,candidato_C,valido,valido,valido,USR-0035
BAL-0000352,MESA-043,V002654,candidato_C,valido,valido,valido,USR-0031
BAL-0000353,MESA-048,V001340,candidato_B,valido,valido,valido,USR-0033
BAL-0000354,MESA-040,V004848,marca_ambigua,nulo,valido,nulo,USR-0029
BAL-0000355,MESA-061,V000928,candidato_A,valido,valido,valido,USR-0029
BAL-0000356,MESA-051,V002996,candidato_B,valido,valido,valido,USR-0032
BAL-0000357,MESA-023,V003286,candidato_A,valido,valido,valido,USR-0031
BAL-0000358,MESA-039,V002559,candidato_B,valido,valido,valido,USR-0034
BAL-0000359,MESA-034,V003281,candidato_A,valido,invalido,valido,USR-0030
BAL-0000360,MESA-005,V003260,candidato_A,valido,valido,valido,USR-0031
BAL-0000361,MESA-072,V004476,candidato_B,valido,valido,valido,USR-0028
BAL-0000362,MESA-062,V002546,candidato_A,valido,invalido,valido,USR-0030
BAL-0000363,MESA-005,V004621,candidato_A,valido,valido,valido,USR-0029
BAL-0000364,MESA-039,V004909,candidato_B,valido,valido,valido,USR-0028
BAL-0000365,MESA-047,V004494,candidato_B,valido,valido,valido,USR-0032
BAL-0000366,MESA-007,V002158,candidato_A,valido,valido,valido,USR-0034
BAL-0000367,MESA-026,V004756,candidato_A,valido,valido,valido,USR-0029
BAL-0000368,MESA-001,V004242,candidato_B,valido,valido,valido,USR-0033
BAL-0000369,MESA-017,V004487,candidato_A,valido,valido,valido,USR-0031
BAL-0000370,MESA-042,V002377,blanco,blanco,blanco,blanco,USR-0028
BAL-0000371,MESA-057,V000534,candidato_C,valido,valido,valido,USR-0032
BAL-0000372,MESA-035,V002292,candidato_B,valido,valido,valido,USR-0029
BAL-0000373,MESA-006,V003929,candidato_A,valido,valido,valido,USR-0034
BAL-0000374,MESA-034,V002797,candidato_A,valido,valido,valido,USR-0029
BAL-0000375,MESA-035,V004311,candidato_A,valido,valido,valido,USR-0028
BAL-0000376,MESA-021,V002738,candidato_B,valido,valido,valido,USR-0028
BAL-0000377,MESA-026,V002573,candidato_B,valido,valido,valido,USR-0034
BAL-0000378,MESA-020,V003590,candidato_B,valido,valido,valido,USR-0028
BAL-0000379,MESA-005,V001068,candidato_B,valido,valido,valido,USR-0032
BAL-0000380,MESA-073,V001836,candidato_C,valido,valido,valido,USR-0034
BAL-0000381,MESA-012,V003694,candidato_C,valido,valido,valido,USR-0035
BAL-0000382,MESA-053,V000903,candidato_A,valido,valido,valido,USR-0028
BAL-0000383,MESA-058,V001276,multiple_marca,nulo,valido,nulo,USR-0035
BAL-0000384,MESA-015,V003480,candidato_A,valido,valido,valido,USR-0034
BAL-0000385,MESA-015,V001102,candidato_B,valido,valido,valido,USR-0034
BAL-0000386,MESA-028,V001067,candidato_B,valido,valido,valido,USR-0031
BAL-0000387,MESA-049,V002086,candidato_B,valido,valido,valido,USR-0033
BAL-0000388,MESA-031,V003787,candidato_B,valido,valido,valido,USR-0029
BAL-0000389,MESA-009,V000099,candidato_A,valido,valido,valido,USR-0032
BAL-0000390,MESA-025,V004499,candidato_A,valido,valido,valido,USR-0032
BAL-0000391,MESA-078,V003438,candidato_B,valido,valido,valido,USR-0034
BAL-0000392,MESA-003,V004467,candidato_A,valido,valido,valido,USR-0031
BAL-0000393,MESA-012,V004710,candidato_A,valido,valido,valido,USR-0031
BAL-0000394,MESA-034,V001709,candidato_A,valido,valido,valido,USR-0028
BAL-0000395,MESA-021,V000763,candidato_C,valido,valido,valido,USR-0028
BAL-0000396,MESA-032,V000087,candidato_A,valido,valido,valido,USR-0031
BAL-0000397,MESA-053,V002810,blanco,blanco,blanco,blanco,USR-0028
BAL-0000398,MESA-030,V000379,candidato_C,valido,valido,valido,USR-0032
BAL-0000399,MESA-011,V001916,candidato_A,valido,valido,valido,USR-0033
BAL-0000400,MESA-038,V001874,candidato_C,valido,valido,valido,USR-0031
BAL-0000401,MESA-050,V004854,candidato_A,valido,valido,valido,USR-0031
BAL-0000402,MESA-023,V000875,candidato_C,valido,valido,valido,USR-0031
BAL-0000403,MESA-057,V001944,candidato_A,valido,valido,valido,USR-0029
BAL-0000404,MESA-057,V004200,candidato_A,valido,valido,valido,USR-0030
BAL-0000405,MESA-046,V001155,candidato_A,valido,valido,valido,USR-0033
BAL-0000406,MESA-024,V002640,blanco,blanco,nulo,blanco,USR-0032
BAL-0000407,MESA-012,V004706,candidato_C,valido,valido,valido,USR-0032
BAL-0000408,MESA-031,V003619,candidato_A,valido,valido,valido,USR-0034
BAL-0000409,MESA-022,V002213,candidato_A,valido,valido,valido,USR-0032
BAL-0000410,MESA-034,V001212,candidato_C,valido,valido,valido,USR-0035
BAL-0000411,MESA-071,V000266,candidato_A,valido,valido,valido,USR-0029
BAL-0000412,MESA-051,V004898,candidato_C,valido,valido,valido,USR-0033
BAL-0000413,MESA-064,V002854,candidato_B,valido,valido,valido,USR-0035
BAL-0000414,MESA-045,V004340,candidato_C,valido,valido,valido,USR-0029
BAL-0000415,MESA-059,V004650,candidato_B,valido,invalido,valido,USR-0030
BAL-0000416,MESA-061,V003652,candidato_A,valido,valido,valido,USR-0032
BAL-0000417,MESA-058,V002446,candidato_A,valido,valido,valido,USR-0028
BAL-0000418,MESA-057,V004572,candidato_B,valido,valido,valido,USR-0032
BAL-0000419,MESA-074,V004412,candidato_A,valido,valido,valido,USR-0032
BAL-0000420,MESA-044,V002161,candidato_B,valido,valido,valido,USR-0034
BAL-0000421,MESA-033,V001957,candidato_A,valido,valido,valido,USR-0033
BAL-0000422,MESA-066,V000655,candidato_A,valido,valido,valido,USR-0028
BAL-0000423,MESA-004,V001235,blanco,blanco,blanco,blanco,USR-0028
BAL-0000424,MESA-062,V000598,blanco,blanco,blanco,blanco,USR-0032
BAL-0000425,MESA-062,V004681,candidato_B,valido,valido,valido,USR-0028
BAL-0000426,MESA-005,V003932,marca_ambigua,invalido,invalido,invalido,USR-0028
BAL-0000427,MESA-035,V002343,candidato_C,valido,valido,valido,USR-0035
BAL-0000428,MESA-065,V004720,candidato_B,valido,valido,valido,USR-0034
BAL-0000429,MESA-080,V003275,candidato_C,valido,valido,valido,USR-0033
BAL-0000430,MESA-034,V001298,candidato_C,valido,valido,valido,USR-0035
BAL-0000431,MESA-057,V004500,candidato_A,valido,valido,valido,USR-0035
BAL-0000432,MESA-013,V000143,candidato_B,valido,valido,valido,USR-0034
BAL-0000433,MESA-030,V002984,candidato_A,valido,valido,valido,USR-0033
BAL-0000434,MESA-049,V001991,candidato_A,valido,valido,valido,USR-0028
BAL-0000435,MESA-075,V004858,candidato_A,valido,valido,valido,USR-0031
BAL-0000436,MESA-039,V002233,candidato_A,valido,valido,valido,USR-0032
BAL-0000437,MESA-018,V003948,candidato_C,valido,valido,valido,USR-0035
BAL-0000438,MESA-036,V004130,candidato_A,valido,valido,valido,USR-0033
BAL-0000439,MESA-010,V000437,candidato_B,valido,valido,valido,USR-0034
BAL-0000440,MESA-025,V003536,candidato_A,valido,valido,valido,USR-0031
BAL-0000441,MESA-076,V002498,candidato_C,valido,valido,valido,USR-0030
BAL-0000442,MESA-036,V001008,candidato_A,valido,valido,valido,USR-0031
BAL-0000443,MESA-010,V002778,candidato_A,valido,valido,valido,USR-0033
BAL-0000444,MESA-026,V000619,candidato_A,valido,valido,valido,USR-0028
BAL-0000445,MESA-001,V004348,candidato_C,valido,valido,valido,USR-0032
BAL-0000446,MESA-054,V000340,candidato_B,valido,valido,valido,USR-0032
BAL-0000447,MESA-061,V004986,candidato_B,valido,valido,valido,USR-0030
BAL-0000448,MESA-009,V000302,candidato_A,valido,valido,valido,USR-0028
BAL-0000449,MESA-073,V003102,candidato_B,valido,valido,valido,USR-0030
BAL-0000450,MESA-040,V004760,candidato_A,valido,invalido,valido,USR-0033
BAL-0000451,MESA-018,V004590,candidato_A,valido,valido,valido,USR-0035
BAL-0000452,MESA-056,V004328,candidato_B,valido,valido,valido,USR-0034
BAL-0000453,MESA-021,V001028,candidato_B,valido,valido,valido,USR-0033
BAL-0000454,MESA-027,V000315,candidato_C,valido,invalido,valido,USR-0030
BAL-0000455,MESA-062,V004248,candidato_A,valido,valido,valido,USR-0029
BAL-0000456,MESA-008,V002453,candidato_B,valido,valido,valido,USR-0029
BAL-0000457,MESA-048,V002225,candidato_A,valido,invalido,valido,USR-0030
BAL-0000458,MESA-071,V004392,candidato_B,valido,valido,valido,USR-0032
BAL-0000459,MESA-077,V003512,candidato_A,valido,valido,valido,USR-0033
BAL-0000460,MESA-027,V003217,candidato_A,valido,valido,valido,USR-0033
BAL-0000461,MESA-050,V004005,candidato_A,valido,invalido,valido,USR-0030
BAL-0000462,MESA-028,V000994,candidato_C,valido,valido,valido,USR-0034
BAL-0000463,MESA-014,V003188,candidato_A,valido,valido,valido,USR-0033
BAL-0000464,MESA-071,V002914,candidato_B,valido,valido,valido,USR-0035
BAL-0000465,MESA-035,V003632,candidato_B,valido,invalido,valido,USR-0030
BAL-0000466,MESA-054,V004811,candidato_B,valido,valido,valido,USR-0035
BAL-0000467,MESA-043,V000487,candidato_B,valido,invalido,valido,USR-0030
BAL-0000468,MESA-012,V004768,candidato_A,valido,valido,valido,USR-0028
BAL-0000469,MESA-028,V003643,candidato_B,valido,valido,valido,USR-0029
BAL-0000470,MESA-029,V002013,candidato_B,valido,valido,valido,USR-0032
BAL-0000471,MESA-003,V004243,candidato_B,valido,invalido,valido,USR-0030
BAL-0000472,MESA-024,V003809,candidato_A,valido,valido,valido,USR-0031
BAL-0000473,MESA-010,V000494,candidato_C,valido,valido,valido,USR-0031
BAL-0000474,MESA-076,V002440,candidato_B,valido,valido,valido,USR-0035
BAL-0000475,MESA-002,V000286,candidato_C,valido,valido,valido,USR-0029
BAL-0000476,MESA-077,V001962,candidato_C,valido,valido,valido,USR-0029
BAL-0000477,MESA-044,V003093,candidato_B,valido,valido,valido,USR-0029
BAL-0000478,MESA-001,V002338,candidato_B,valido,valido,valido,USR-0033
BAL-0000479,MESA-059,V003301,candidato_A,valido,valido,valido,USR-0033
BAL-0000480,MESA-047,V003733,marca_ambigua,invalido,invalido,invalido,USR-0030
BAL-0000481,MESA-034,V004699,candidato_C,valido,valido,valido,USR-0029
BAL-0000482,MESA-046,V001466,candidato_B,valido,valido,valido,USR-0035
BAL-0000483,MESA-034,V000939,candidato_C,valido,invalido,valido,USR-0030
BAL-0000484,MESA-072,V000606,candidato_B,valido,valido,valido,USR-0032
BAL-0000485,MESA-018,V002695,candidato_A,valido,valido,valido,USR-0033
BAL-0000486,MESA-028,V001894,candidato_A,valido,valido,valido,USR-0033
BAL-0000487,MESA-053,V002190,multiple_marca,nulo,nulo,nulo,USR-0034
BAL-0000488,MESA-042,V004936,candidato_B,valido,valido,valido,USR-0032
BAL-0000489,MESA-002,V001507,candidato_A,valido,valido,valido,USR-0029
BAL-0000490,MESA-011,V004906,candidato_C,valido,valido,valido,USR-0033
BAL-0000491,MESA-079,V004384,candidato_C,valido,valido,valido,USR-0034
BAL-0000492,MESA-045,V004984,candidato_C,valido,valido,valido,USR-0034
BAL-0000493,MESA-020,V002041,candidato_B,valido,valido,valido,USR-0031
BAL-0000494,MESA-018,V004216,candidato_A,valido,valido,valido,USR-0032
BAL-0000495,MESA-042,V001094,marca_ambigua,invalido,invalido,invalido,USR-0031
BAL-0000496,MESA-060,V001984,candidato_C,valido,valido,valido,USR-0035
BAL-0000497,MESA-068,V003428,candidato_A,valido,valido,valido,USR-0035
BAL-0000498,MESA-041,V002569,candidato_B,valido,valido,valido,USR-0034
BAL-0000499,MESA-051,V003726,candidato_A,valido,valido,valido,USR-0028
BAL-0000500,MESA-017,V001264,marca_ambigua,invalido,valido,invalido,USR-0035
BAL-0000501,MESA-001,V003927,candidato_A,valido,valido,valido,USR-0031
BAL-0000502,MESA-025,V002231,candidato_C,valido,valido,valido,USR-0032
BAL-0000503,MESA-074,V003322,candidato_A,valido,valido,valido,USR-0032
BAL-0000504,MESA-072,V004145,candidato_B,valido,valido,valido,USR-0032
BAL-0000505,MESA-078,V000356,marca_ambigua,invalido,valido,invalido,USR-0028
BAL-0000506,MESA-012,V004914,candidato_A,valido,valido,valido,USR-0030
BAL-0000507,MESA-040,V003945,candidato_A,valido,valido,valido,USR-0029
BAL-0000508,MESA-066,V003016,blanco,blanco,blanco,blanco,USR-0035
BAL-0000509,MESA-058,V001826,marca_ambigua,invalido,invalido,invalido,USR-0034
BAL-0000510,MESA-063,V000621,candidato_C,valido,valido,valido,USR-0028
BAL-0000511,MESA-058,V000542,candidato_A,valido,valido,valido,USR-0033
BAL-0000512,MESA-037,V002665,candidato_A,valido,valido,valido,USR-0034
BAL-0000513,MESA-041,V004204,candidato_B,valido,valido,valido,USR-0034
BAL-0000514,MESA-006,V000182,candidato_A,valido,valido,valido,USR-0032
BAL-0000515,MESA-034,V001015,candidato_C,valido,valido,valido,USR-0033
BAL-0000516,MESA-013,V001261,candidato_A,valido,valido,valido,USR-0028
BAL-0000517,MESA-070,V001305,candidato_B,valido,valido,valido,USR-0031
BAL-0000518,MESA-049,V004915,candidato_A,valido,valido,valido,USR-0030
BAL-0000519,MESA-016,V000879,candidato_B,valido,valido,valido,USR-0034
BAL-0000520,MESA-032,V003895,candidato_B,valido,valido,valido,USR-0032
BAL-0000521,MESA-054,V001786,candidato_A,valido,valido,valido,USR-0031
BAL-0000522,MESA-041,V004287,candidato_B,valido,valido,valido,USR-0028
BAL-0000523,MESA-019,V003689,candidato_A,valido,valido,valido,USR-0032
BAL-0000524,MESA-063,V003140,candidato_A,valido,valido,valido,USR-0033
BAL-0000525,MESA-062,V003238,candidato_B,valido,valido,valido,USR-0032
BAL-0000526,MESA-073,V004019,candidato_B,valido,valido,valido,USR-0035
BAL-0000527,MESA-009,V001242,candidato_A,valido,valido,valido,USR-0028
BAL-0000528,MESA-072,V003836,candidato_B,valido,valido,valido,USR-0033
BAL-0000529,MESA-066,V000641,candidato_B,valido,valido,valido,USR-0028
BAL-0000530,MESA-001,V000058,candidato_B,valido,valido,valido,USR-0035
BAL-0000531,MESA-049,V003544,candidato_C,valido,valido,valido,USR-0035
BAL-0000532,MESA-018,V002175,blanco,blanco,blanco,blanco,USR-0028
BAL-0000533,MESA-054,V002058,marca_ambigua,invalido,valido,invalido,USR-0033
BAL-0000534,MESA-024,V003853,candidato_B,valido,valido,valido,USR-0032
BAL-0000535,MESA-017,V000240,candidato_A,valido,valido,valido,USR-0033
BAL-0000536,MESA-077,V001659,candidato_B,valido,valido,valido,USR-0030
BAL-0000537,MESA-043,V001249,candidato_C,valido,invalido,valido,USR-0033
BAL-0000538,MESA-075,V001302,candidato_A,valido,valido,valido,USR-0034
BAL-0000539,MESA-061,V003570,candidato_A,valido,valido,valido,USR-0034
BAL-0000540,MESA-066,V002557,candidato_A,valido,invalido,valido,USR-0030
BAL-0000541,MESA-002,V004379,candidato_C,valido,valido,valido,USR-0028
BAL-0000542,MESA-014,V001989,candidato_A,valido,valido,valido,USR-0033
BAL-0000543,MESA-080,V004363,candidato_B,valido,valido,valido,USR-0033
BAL-0000544,MESA-045,V001895,candidato_B,valido,valido,valido,USR-0033
BAL-0000545,MESA-037,V004081,candidato_B,valido,valido,valido,USR-0029
BAL-0000546,MESA-037,V002458,candidato_B,valido,valido,valido,USR-0035
BAL-0000547,MESA-023,V000008,candidato_A,valido,valido,valido,USR-0030
BAL-0000548,MESA-054,V002945,candidato_B,valido,valido,valido,USR-0032
BAL-0000549,MESA-051,V003143,candidato_A,valido,valido,valido,USR-0028
BAL-0000550,MESA-065,V004163,candidato_A,valido,valido,valido,USR-0034
BAL-0000551,MESA-070,V000247,candidato_B,valido,valido,valido,USR-0029
BAL-0000552,MESA-038,V001191,candidato_A,valido,valido,valido,USR-0032
BAL-0000553,MESA-031,V003061,candidato_C,valido,valido,valido,USR-0032
BAL-0000554,MESA-054,V003833,candidato_B,valido,valido,valido,USR-0035
BAL-0000555,MESA-002,V002549,candidato_B,valido,valido,valido,USR-0033
BAL-0000556,MESA-005,V004965,sin_marca,invalido,invalido,invalido,USR-0031
BAL-0000557,MESA-058,V003701,candidato_B,valido,valido,valido,USR-0032
BAL-0000558,MESA-078,V000898,candidato_A,valido,valido,valido,USR-0032
BAL-0000559,MESA-072,V003258,candidato_A,valido,valido,valido,USR-0029
BAL-0000560,MESA-027,V000565,candidato_B,valido,valido,valido,USR-0032
BAL-0000561,MESA-063,V001844,candidato_B,valido,valido,valido,USR-0029
BAL-0000562,MESA-013,V003398,candidato_A,valido,valido,valido,USR-0031
BAL-0000563,MESA-030,V001679,candidato_A,valido,valido,valido,USR-0034
BAL-0000564,MESA-050,V000458,blanco,blanco,nulo,blanco,USR-0033
BAL-0000565,MESA-028,V004907,candidato_C,valido,valido,valido,USR-0028
BAL-0000566,MESA-071,V000612,candidato_C,valido,valido,valido,USR-0035
BAL-0000567,MESA-013,V001824,candidato_A,valido,valido,valido,USR-0028
BAL-0000568,MESA-029,V000307,candidato_B,valido,valido,valido,USR-0030
BAL-0000569,MESA-079,V002055,candidato_A,valido,valido,valido,USR-0034
BAL-0000570,MESA-058,V002312,candidato_B,valido,valido,valido,USR-0028
BAL-0000571,MESA-025,V002280,candidato_A,valido,valido,valido,USR-0035
BAL-0000572,MESA-012,V000712,candidato_A,valido,valido,valido,USR-0031
BAL-0000573,MESA-005,V001175,candidato_B,valido,invalido,valido,USR-0030
BAL-0000574,MESA-022,V003752,candidato_C,valido,valido,valido,USR-0028
BAL-0000575,MESA-070,V002991,candidato_B,valido,valido,valido,USR-0028
BAL-0000576,MESA-015,V002897,blanco,blanco,nulo,blanco,USR-0031
BAL-0000577,MESA-058,V000835,candidato_B,valido,valido,valido,USR-0028
BAL-0000578,MESA-042,V000950,candidato_A,valido,valido,valido,USR-0033
BAL-0000579,MESA-063,V003224,candidato_C,valido,invalido,valido,USR-0030
BAL-0000580,MESA-067,V001399,candidato_C,valido,valido,valido,USR-0028
BAL-0000581,MESA-034,V000704,candidato_C,valido,valido,valido,USR-0030
BAL-0000582,MESA-076,V001118,candidato_A,valido,valido,valido,USR-0032
BAL-0000583,MESA-006,V002298,candidato_B,valido,valido,valido,USR-0031
BAL-0000584,MESA-071,V003457,candidato_A,valido,valido,valido,USR-0033
BAL-0000585,MESA-074,V000122,candidato_A,valido,valido,valido,USR-0033
BAL-0000586,MESA-060,V002309,candidato_C,valido,invalido,valido,USR-0030
BAL-0000587,MESA-047,V000561,candidato_A,valido,valido,valido,USR-0034
BAL-0000588,MESA-058,V001801,candidato_C,valido,valido,valido,USR-0032
BAL-0000589,MESA-040,V002267,candidato_C,valido,valido,valido,USR-0032
BAL-0000590,MESA-067,V001165,candidato_B,valido,valido,valido,USR-0030
BAL-0000591,MESA-045,V002053,candidato_A,valido,valido,valido,USR-0031
BAL-0000592,MESA-002,V000126,candidato_C,valido,valido,valido,USR-0030
BAL-0000593,MESA-043,V002091,candidato_B,valido,valido,valido,USR-0033
BAL-0000594,MESA-010,V001461,candidato_A,valido,valido,valido,USR-0035
BAL-0000595,MESA-049,V000803,candidato_A,valido,valido,valido,USR-0032
BAL-0000596,MESA-033,V003926,candidato_A,valido,valido,valido,USR-0028
BAL-0000597,MESA-002,V003659,candidato_B,valido,valido,valido,USR-0031
BAL-0000598,MESA-006,V000722,candidato_B,valido,valido,valido,USR-0029
BAL-0000599,MESA-069,V003987,blanco,blanco,blanco,blanco,USR-0031
BAL-0000600,MESA-026,V004556,candidato_B,valido,valido,valido,USR-0033
BAL-0000601,MESA-055,V002602,blanco,blanco,blanco,blanco,USR-0030
BAL-0000602,MESA-074,V000525,candidato_B,valido,valido,valido,USR-0031
BAL-0000603,MESA-017,V000579,candidato_B,valido,valido,valido,USR-0030
BAL-0000604,MESA-064,V003720,candidato_B,valido,valido,valido,USR-0029
BAL-0000605,MESA-020,V000292,candidato_B,valido,valido,valido,USR-0028
BAL-0000606,MESA-045,V001669,candidato_A,valido,valido,valido,USR-0028
BAL-0000607,MESA-024,V003591,candidato_B,valido,valido,valido,USR-0032
BAL-0000608,MESA-061,V004139,candidato_B,valido,valido,valido,USR-0034
BAL-0000609,MESA-027,V001891,marca_ambigua,invalido,invalido,invalido,USR-0032
BAL-0000610,MESA-042,V002185,candidato_A,valido,valido,valido,USR-0031
BAL-0000611,MESA-004,V000957,candidato_A,valido,valido,valido,USR-0029
BAL-0000612,MESA-071,V002856,candidato_B,valido,invalido,valido,USR-0028
BAL-0000613,MESA-073,V003118,candidato_A,valido,valido,valido,USR-0035
BAL-0000614,MESA-019,V004582,candidato_A,valido,valido,valido,USR-0034
BAL-0000615,MESA-055,V002362,candidato_A,valido,valido,valido,USR-0033
BAL-0000616,MESA-049,V001867,candidato_B,valido,valido,valido,USR-0029
BAL-0000617,MESA-057,V001038,candidato_C,valido,valido,valido,USR-0033
BAL-0000618,MESA-008,V000825,candidato_A,valido,valido,valido,USR-0035
BAL-0000619,MESA-059,V002447,candidato_B,valido,valido,valido,USR-0035
BAL-0000620,MESA-071,V002528,candidato_C,valido,valido,valido,USR-0034
BAL-0000621,MESA-054,V000831,marca_ambigua,invalido,invalido,invalido,USR-0032
BAL-0000622,MESA-022,V004294,blanco,blanco,blanco,blanco,USR-0034
BAL-0000623,MESA-049,V001606,candidato_B,valido,valido,valido,USR-0032
BAL-0000624,MESA-016,V001616,candidato_A,valido,valido,valido,USR-0032
BAL-0000625,MESA-056,V001540,candidato_A,valido,valido,valido,USR-0035
BAL-0000626,MESA-032,V002784,candidato_A,valido,invalido,valido,USR-0031
BAL-0000627,MESA-017,V000035,candidato_A,valido,invalido,valido,USR-0029
BAL-0000628,MESA-011,V002684,candidato_A,valido,valido,valido,USR-0031
BAL-0000629,MESA-007,V001148,candidato_A,valido,valido,valido,USR-0033
BAL-0000630,MESA-030,V003001,candidato_B,valido,valido,valido,USR-0034
BAL-0000631,MESA-066,V001304,candidato_A,valido,valido,valido,USR-0034
BAL-0000632,MESA-059,V004625,blanco,blanco,blanco,blanco,USR-0031
BAL-0000633,MESA-076,V003340,candidato_C,valido,valido,valido,USR-0031
BAL-0000634,MESA-029,V001380,candidato_B,valido,valido,valido,USR-0028
BAL-0000635,MESA-046,V002060,candidato_A,valido,valido,valido,USR-0035
BAL-0000636,MESA-043,V002430,candidato_A,valido,valido,valido,USR-0033
BAL-0000637,MESA-038,V002974,candidato_A,valido,valido,valido,USR-0028
BAL-0000638,MESA-009,V003226,candidato_B,valido,valido,valido,USR-0032
BAL-0000639,MESA-073,V003692,sin_marca,invalido,invalido,invalido,USR-0028
BAL-0000640,MESA-040,V004929,candidato_A,valido,valido,valido,USR-0035
BAL-0000641,MESA-078,V003383,candidato_C,valido,valido,valido,USR-0035
BAL-0000642,MESA-040,V000811,candidato_A,valido,invalido,valido,USR-0032
BAL-0000643,MESA-063,V002069,candidato_A,valido,valido,valido,USR-0028
BAL-0000644,MESA-039,V004221,candidato_A,valido,valido,valido,USR-0029
BAL-0000645,MESA-048,V002881,candidato_B,valido,valido,valido,USR-0032
BAL-0000646,MESA-025,V004975,candidato_A,valido,valido,valido,USR-0034
BAL-0000647,MESA-011,V001687,blanco,blanco,blanco,blanco,USR-0030
BAL-0000648,MESA-001,V001135,candidato_C,valido,valido,valido,USR-0030
BAL-0000649,MESA-017,V004707,candidato_A,valido,valido,valido,USR-0029
BAL-0000650,MESA-068,V000213,candidato_A,valido,valido,valido,USR-0035
BAL-0000651,MESA-078,V002645,candidato_A,valido,valido,valido,USR-0035
BAL-0000652,MESA-080,V000611,candidato_A,valido,valido,valido,USR-0031
BAL-0000653,MESA-033,V001048,candidato_C,valido,valido,valido,USR-0028
BAL-0000654,MESA-033,V003947,candidato_B,valido,valido,valido,USR-0032
BAL-0000655,MESA-072,V004567,candidato_C,valido,valido,valido,USR-0032
BAL-0000656,MESA-018,V004944,candidato_C,valido,valido,valido,USR-0029
BAL-0000657,MESA-031,V000883,candidato_A,valido,valido,valido,USR-0035
BAL-0000658,MESA-024,V000548,candidato_B,valido,valido,valido,USR-0033
BAL-0000659,MESA-022,V000441,candidato_B,valido,valido,valido,USR-0034
BAL-0000660,MESA-057,V002536,candidato_A,valido,invalido,valido,USR-0028
BAL-0000661,MESA-064,V000418,candidato_A,valido,valido,valido,USR-0031
BAL-0000662,MESA-046,V002971,candidato_A,valido,valido,valido,USR-0028
BAL-0000663,MESA-009,V000093,candidato_C,valido,valido,valido,USR-0028
BAL-0000664,MESA-015,V001177,candidato_B,valido,valido,valido,USR-0031
BAL-0000665,MESA-013,V002547,candidato_B,valido,valido,valido,USR-0032
BAL-0000666,MESA-071,V002516,candidato_A,valido,valido,valido,USR-0033
BAL-0000667,MESA-012,V001941,candidato_C,valido,invalido,valido,USR-0034
BAL-0000668,MESA-004,V000716,candidato_A,valido,valido,valido,USR-0031
BAL-0000669,MESA-023,V003990,blanco,blanco,blanco,blanco,USR-0029
BAL-0000670,MESA-023,V000783,sin_marca,invalido,invalido,invalido,USR-0032
BAL-0000671,MESA-026,V002726,candidato_A,valido,valido,valido,USR-0031
BAL-0000672,MESA-054,V001065,candidato_C,valido,invalido,valido,USR-0030
BAL-0000673,MESA-002,V000516,marca_ambigua,nulo,valido,nulo,USR-0028
BAL-0000674,MESA-072,V003421,candidato_A,valido,valido,valido,USR-0034
BAL-0000675,MESA-034,V000478,candidato_A,valido,valido,valido,USR-0034
BAL-0000676,MESA-068,V003341,candidato_B,valido,valido,valido,USR-0029
BAL-0000677,MESA-061,V002923,candidato_C,valido,invalido,valido,USR-0032
BAL-0000678,MESA-030,V003202,candidato_B,valido,valido,valido,USR-0028
BAL-0000679,MESA-011,V003300,candidato_B,valido,valido,valido,USR-0030
BAL-0000680,MESA-037,V004269,candidato_C,valido,valido,valido,USR-0030
BAL-0000681,MESA-019,V002628,candidato_C,valido,valido,valido,USR-0029
BAL-0000682,MESA-001,V000312,candidato_B,valido,valido,valido,USR-0031
BAL-0000683,MESA-056,V004736,candidato_A,valido,valido,valido,USR-0033
BAL-0000684,MESA-037,V001327,candidato_A,valido,valido,valido,USR-0031
BAL-0000685,MESA-036,V002747,candidato_A,valido,valido,valido,USR-0033
BAL-0000686,MESA-076,V001183,candidato_B,valido,valido,valido,USR-0029
BAL-0000687,MESA-014,V003774,candidato_A,valido,valido,valido,USR-0035
BAL-0000688,MESA-021,V000198,candidato_B,valido,valido,valido,USR-0033
BAL-0000689,MESA-043,V000333,candidato_B,valido,valido,valido,USR-0034
BAL-0000690,MESA-080,V004438,candidato_B,valido,valido,valido,USR-0035
BAL-0000691,MESA-061,V002824,candidato_B,valido,valido,valido,USR-0028
BAL-0000692,MESA-037,V002092,candidato_A,valido,valido,valido,USR-0029
BAL-0000693,MESA-028,V001774,candidato_C,valido,valido,valido,USR-0031
BAL-0000694,MESA-054,V001952,candidato_B,valido,valido,valido,USR-0034
BAL-0000695,MESA-052,V000353,candidato_B,valido,valido,valido,USR-0030
BAL-0000696,MESA-017,V003567,candidato_B,valido,valido,valido,USR-0029
BAL-0000697,MESA-004,V000314,marca_ambigua,invalido,valido,invalido,USR-0035
BAL-0000698,MESA-031,V002545,candidato_C,valido,valido,valido,USR-0028
BAL-0000699,MESA-005,V002636,candidato_A,valido,valido,valido,USR-0033
BAL-0000700,MESA-003,V000681,candidato_C,valido,valido,valido,USR-0031
BAL-0000701,MESA-072,V004115,candidato_A,valido,valido,valido,USR-0034
BAL-0000702,MESA-001,V004947,candidato_B,valido,valido,valido,USR-0034
BAL-0000703,MESA-071,V003443,candidato_B,valido,valido,valido,USR-0030
BAL-0000704,MESA-010,V002927,candidato_A,valido,valido,valido,USR-0030
BAL-0000705,MESA-029,V000354,candidato_A,valido,valido,valido,USR-0028
BAL-0000706,MESA-059,V001364,candidato_A,valido,valido,valido,USR-0029
BAL-0000707,MESA-059,V003257,candidato_C,valido,valido,valido,USR-0029
BAL-0000708,MESA-062,V000536,candidato_A,valido,valido,valido,USR-0030
BAL-0000709,MESA-046,V003584,candidato_A,valido,valido,valido,USR-0028
BAL-0000710,MESA-005,V001922,candidato_A,valido,valido,valido,USR-0035
BAL-0000711,MESA-029,V000477,candidato_C,valido,valido,valido,USR-0029
BAL-0000712,MESA-033,V000904,blanco,blanco,blanco,blanco,USR-0031
BAL-0000713,MESA-052,V004750,candidato_B,valido,valido,valido,USR-0030
BAL-0000714,MESA-076,V002781,candidato_A,valido,valido,valido,USR-0032
BAL-0000715,MESA-075,V000223,candidato_B,valido,valido,valido,USR-0033
BAL-0000716,MESA-034,V000176,candidato_B,valido,valido,valido,USR-0035
BAL-0000717,MESA-018,V000769,candidato_B,valido,valido,valido,USR-0030
BAL-0000718,MESA-014,V002057,candidato_C,valido,valido,valido,USR-0033
BAL-0000719,MESA-061,V004424,candidato_B,valido,valido,valido,USR-0031
BAL-0000720,MESA-011,V004972,blanco,blanco,blanco,blanco,USR-0028
BAL-0000721,MESA-048,V003753,candidato_C,valido,valido,valido,USR-0032
BAL-0000722,MESA-072,V001450,blanco,blanco,invalido,blanco,USR-0030
BAL-0000723,MESA-029,V001845,candidato_B,valido,valido,valido,USR-0034
BAL-0000724,MESA-025,V001993,candidato_A,valido,valido,valido,USR-0034
BAL-0000725,MESA-062,V000255,candidato_B,valido,valido,valido,USR-0032
BAL-0000726,MESA-048,V002904,candidato_B,valido,valido,valido,USR-0032
BAL-0000727,MESA-007,V002027,candidato_B,valido,valido,valido,USR-0033
BAL-0000728,MESA-053,V004934,candidato_C,valido,valido,valido,USR-0031
BAL-0000729,MESA-013,V003667,candidato_B,valido,valido,valido,USR-0028
BAL-0000730,MESA-027,V001794,candidato_A,valido,valido,valido,USR-0030
BAL-0000731,MESA-030,V004904,candidato_B,valido,valido,valido,USR-0031
BAL-0000732,MESA-053,V000409,candidato_A,valido,valido,valido,USR-0028
BAL-0000733,MESA-039,V001613,blanco,blanco,nulo,blanco,USR-0033
BAL-0000734,MESA-004,V002138,candidato_B,valido,valido,valido,USR-0029
BAL-0000735,MESA-040,V002169,blanco,blanco,nulo,blanco,USR-0034
BAL-0000736,MESA-012,V000889,candidato_B,valido,valido,valido,USR-0034
BAL-0000737,MESA-023,V001996,sin_marca,invalido,invalido,invalido,USR-0029
BAL-0000738,MESA-067,V003072,blanco,blanco,blanco,blanco,USR-0030
BAL-0000739,MESA-040,V003033,candidato_B,valido,valido,valido,USR-0028
BAL-0000740,MESA-069,V002212,candidato_B,valido,valido,valido,USR-0030
BAL-0000741,MESA-062,V004493,candidato_B,valido,valido,valido,USR-0031
BAL-0000742,MESA-055,V003779,candidato_C,valido,valido,valido,USR-0031
BAL-0000743,MESA-076,V001837,candidato_B,valido,valido,valido,USR-0028
BAL-0000744,MESA-030,V000085,marca_ambigua,nulo,nulo,nulo,USR-0031
BAL-0000745,MESA-016,V003850,marca_ambigua,invalido,invalido,invalido,USR-0029
BAL-0000746,MESA-043,V001480,candidato_B,valido,valido,valido,USR-0029
BAL-0000747,MESA-059,V002779,candidato_B,valido,valido,valido,USR-0031
BAL-0000748,MESA-006,V004689,candidato_B,valido,valido,valido,USR-0028
BAL-0000749,MESA-007,V001981,candidato_A,valido,valido,valido,USR-0033
BAL-0000750,MESA-073,V001604,candidato_A,valido,valido,valido,USR-0029
BAL-0000751,MESA-041,V001306,candidato_A,valido,valido,valido,USR-0035
BAL-0000752,MESA-069,V003785,candidato_A,valido,valido,valido,USR-0029
BAL-0000753,MESA-037,V003583,sin_marca,invalido,invalido,invalido,USR-0034
BAL-0000754,MESA-033,V003677,candidato_A,valido,valido,valido,USR-0035
BAL-0000755,MESA-030,V003528,candidato_A,valido,valido,valido,USR-0029
BAL-0000756,MESA-056,V003393,candidato_C,valido,valido,valido,USR-0031
BAL-0000757,MESA-039,V002457,candidato_A,valido,valido,valido,USR-0029
BAL-0000758,MESA-073,V003391,candidato_C,valido,valido,valido,USR-0028
BAL-0000759,MESA-010,V004483,candidato_C,valido,valido,valido,USR-0028
BAL-0000760,MESA-054,V003042,candidato_B,valido,valido,valido,USR-0028
BAL-0000761,MESA-078,V002206,candidato_A,valido,valido,valido,USR-0033
BAL-0000762,MESA-073,V002985,candidato_B,valido,valido,valido,USR-0035
BAL-0000763,MESA-011,V001319,candidato_A,valido,valido,valido,USR-0031
BAL-0000764,MESA-032,V004418,candidato_A,valido,valido,valido,USR-0029
BAL-0000765,MESA-064,V001452,candidato_A,valido,valido,valido,USR-0032
BAL-0000766,MESA-036,V001493,marca_ambigua,nulo,nulo,nulo,USR-0030
BAL-0000767,MESA-033,V001783,candidato_A,valido,valido,valido,USR-0033
BAL-0000768,MESA-021,V002488,candidato_A,valido,valido,valido,USR-0031
BAL-0000769,MESA-047,V000234,candidato_A,valido,valido,valido,USR-0035
BAL-0000770,MESA-022,V002670,candidato_A,valido,valido,valido,USR-0030
BAL-0000771,MESA-010,V000917,candidato_B,valido,valido,valido,USR-0032
BAL-0000772,MESA-021,V003757,multiple_marca,nulo,nulo,nulo,USR-0028
BAL-0000773,MESA-009,V004927,candidato_A,valido,valido,valido,USR-0028
BAL-0000774,MESA-059,V004609,candidato_A,valido,valido,valido,USR-0030
BAL-0000775,MESA-047,V002988,candidato_A,valido,valido,valido,USR-0028
BAL-0000776,MESA-060,V000128,candidato_B,valido,valido,valido,USR-0031
BAL-0000777,MESA-014,V000271,candidato_B,valido,invalido,valido,USR-0030
BAL-0000778,MESA-022,V004823,blanco,blanco,nulo,blanco,USR-0035
BAL-0000779,MESA-006,V000042,candidato_B,valido,invalido,valido,USR-0029
BAL-0000780,MESA-079,V000643,candidato_B,valido,valido,valido,USR-0031
BAL-0000781,MESA-057,V001950,candidato_A,valido,valido,valido,USR-0032
BAL-0000782,MESA-080,V000882,candidato_B,valido,valido,valido,USR-0033
BAL-0000783,MESA-019,V001046,candidato_A,valido,valido,valido,USR-0032
BAL-0000784,MESA-033,V002693,candidato_B,valido,valido,valido,USR-0034
BAL-0000785,MESA-009,V003342,candidato_C,valido,valido,valido,USR-0034
BAL-0000786,MESA-006,V000448,candidato_A,valido,valido,valido,USR-0034
BAL-0000787,MESA-026,V004830,candidato_A,valido,valido,valido,USR-0031
BAL-0000788,MESA-062,V000378,sin_marca,invalido,invalido,invalido,USR-0035
BAL-0000789,MESA-036,V002333,candidato_C,valido,valido,valido,USR-0031
BAL-0000790,MESA-039,V004394,candidato_C,valido,valido,valido,USR-0029
BAL-0000791,MESA-003,V001898,candidato_A,valido,valido,valido,USR-0033
BAL-0000792,MESA-075,V000855,candidato_B,valido,invalido,valido,USR-0030
BAL-0000793,MESA-020,V002407,multiple_marca,nulo,nulo,nulo,USR-0034
BAL-0000794,MESA-067,V004347,candidato_B,valido,valido,valido,USR-0030
BAL-0000795,MESA-062,V003355,candidato_B,valido,valido,valido,USR-0033
BAL-0000796,MESA-010,V001025,candidato_A,valido,valido,valido,USR-0029
BAL-0000797,MESA-079,V004903,candidato_A,valido,valido,valido,USR-0028
BAL-0000798,MESA-076,V002949,candidato_A,valido,valido,valido,USR-0032
BAL-0000799,MESA-052,V002509,candidato_B,valido,valido,valido,USR-0035
BAL-0000800,MESA-026,V001779,candidato_A,valido,valido,valido,USR-0032
BAL-0000801,MESA-062,V002205,candidato_A,valido,valido,valido,USR-0032
BAL-0000802,MESA-047,V001101,candidato_A,valido,valido,valido,USR-0031
BAL-0000803,MESA-044,V001161,candidato_B,valido,valido,valido,USR-0032
BAL-0000804,MESA-062,V002493,candidato_B,valido,valido,valido,USR-0029
BAL-0000805,MESA-056,V000200,candidato_B,valido,valido,valido,USR-0035
BAL-0000806,MESA-046,V004988,candidato_A,valido,valido,valido,USR-0029
BAL-0000807,MESA-018,V003925,candidato_A,valido,valido,valido,USR-0029
BAL-0000808,MESA-001,V004335,candidato_A,valido,valido,valido,USR-0032
BAL-0000809,MESA-061,V003345,marca_ambigua,invalido,valido,invalido,USR-0029
BAL-0000810,MESA-071,V001447,candidato_B,valido,valido,valido,USR-0033
BAL-0000811,MESA-071,V002574,candidato_A,valido,valido,valido,USR-0035
BAL-0000812,MESA-007,V000273,candidato_A,valido,valido,valido,USR-0033
BAL-0000813,MESA-058,V001655,candidato_A,valido,valido,valido,USR-0034
BAL-0000814,MESA-052,V000857,candidato_B,valido,valido,valido,USR-0033
BAL-0000815,MESA-051,V000724,blanco,blanco,blanco,blanco,USR-0035
BAL-0000816,MESA-025,V002042,candidato_C,valido,valido,valido,USR-0029
BAL-0000817,MESA-054,V001499,candidato_B,valido,valido,valido,USR-0029
BAL-0000818,MESA-009,V004313,candidato_A,valido,valido,valido,USR-0032
BAL-0000819,MESA-072,V000762,candidato_C,valido,valido,valido,USR-0033
BAL-0000820,MESA-050,V003582,candidato_B,valido,valido,valido,USR-0030
BAL-0000821,MESA-023,V003343,candidato_B,valido,valido,valido,USR-0031
BAL-0000822,MESA-075,V004164,candidato_A,valido,valido,valido,USR-0035
BAL-0000823,MESA-032,V002489,candidato_C,valido,valido,valido,USR-0028
BAL-0000824,MESA-035,V004171,candidato_A,valido,invalido,valido,USR-0030
BAL-0000825,MESA-031,V000239,candidato_C,valido,valido,valido,USR-0033
BAL-0000826,MESA-059,V000514,candidato_B,valido,valido,valido,USR-0029
BAL-0000827,MESA-011,V002689,candidato_B,valido,valido,valido,USR-0035
BAL-0000828,MESA-066,V001269,candidato_B,valido,valido,valido,USR-0034
BAL-0000829,MESA-045,V001004,blanco,blanco,blanco,blanco,USR-0035
BAL-0000830,MESA-059,V003698,candidato_A,valido,valido,valido,USR-0031
BAL-0000831,MESA-057,V001739,candidato_A,valido,valido,valido,USR-0033
BAL-0000832,MESA-015,V003376,candidato_A,valido,valido,valido,USR-0032
BAL-0000833,MESA-070,V002575,candidato_A,valido,valido,valido,USR-0030
BAL-0000834,MESA-027,V004349,candidato_A,valido,valido,valido,USR-0028
BAL-0000835,MESA-032,V002012,candidato_A,valido,valido,valido,USR-0034
BAL-0000836,MESA-009,V004541,candidato_B,valido,valido,valido,USR-0032
BAL-0000837,MESA-062,V003081,blanco,blanco,blanco,blanco,USR-0033
BAL-0000838,MESA-012,V001314,candidato_B,valido,valido,valido,USR-0029
BAL-0000839,MESA-060,V001914,candidato_B,valido,valido,valido,USR-0032
BAL-0000840,MESA-012,V003972,candidato_C,valido,valido,valido,USR-0034
BAL-0000841,MESA-071,V001295,candidato_B,valido,valido,valido,USR-0030
BAL-0000842,MESA-065,V002677,candidato_B,valido,valido,valido,USR-0033
BAL-0000843,MESA-015,V004536,candidato_A,valido,valido,valido,USR-0032
BAL-0000844,MESA-047,V000809,candidato_A,valido,valido,valido,USR-0030
BAL-0000845,MESA-040,V000640,candidato_C,valido,valido,valido,USR-0033
BAL-0000846,MESA-030,V003373,candidato_C,valido,valido,valido,USR-0033
BAL-0000847,MESA-015,V001861,candidato_A,valido,valido,valido,USR-0032
BAL-0000848,MESA-068,V001686,candidato_A,valido,valido,valido,USR-0031
BAL-0000849,MESA-071,V004477,candidato_A,valido,valido,valido,USR-0033
BAL-0000850,MESA-020,V004804,candidato_C,valido,valido,valido,USR-0028
BAL-0000851,MESA-074,V003499,candidato_C,valido,invalido,valido,USR-0030
BAL-0000852,MESA-043,V002952,blanco,blanco,blanco,blanco,USR-0034
BAL-0000853,MESA-041,V001211,candidato_A,valido,valido,valido,USR-0028
BAL-0000854,MESA-014,V001621,candidato_B,valido,valido,valido,USR-0030
BAL-0000855,MESA-006,V000755,candidato_B,valido,valido,valido,USR-0034
BAL-0000856,MESA-039,V003705,candidato_A,valido,valido,valido,USR-0029
BAL-0000857,MESA-048,V001230,candidato_B,valido,valido,valido,USR-0034
BAL-0000858,MESA-077,V003637,candidato_B,valido,valido,valido,USR-0035
BAL-0000859,MESA-080,V003615,candidato_A,valido,valido,valido,USR-0033
BAL-0000860,MESA-079,V003382,candidato_B,valido,valido,valido,USR-0032
BAL-0000861,MESA-021,V001061,candidato_B,valido,valido,valido,USR-0030
BAL-0000862,MESA-013,V004801,candidato_B,valido,valido,valido,USR-0033
BAL-0000863,MESA-030,V000162,candidato_B,valido,valido,valido,USR-0034
BAL-0000864,MESA-048,V002131,candidato_A,valido,valido,valido,USR-0029
BAL-0000865,MESA-072,V001326,candidato_B,valido,invalido,valido,USR-0030
BAL-0000866,MESA-001,V000599,candidato_C,valido,valido,valido,USR-0033
BAL-0000867,MESA-037,V003334,marca_ambigua,invalido,invalido,invalido,USR-0031
BAL-0000868,MESA-001,V000401,candidato_C,valido,valido,valido,USR-0031
BAL-0000869,MESA-019,V000435,candidato_B,valido,valido,valido,USR-0033
BAL-0000870,MESA-019,V003668,candidato_B,valido,invalido,valido,USR-0030
BAL-0000871,MESA-053,V000860,candidato_B,valido,valido,valido,USR-0035
BAL-0000872,MESA-063,V001307,candidato_B,valido,valido,valido,USR-0035
BAL-0000873,MESA-025,V001181,candidato_A,valido,invalido,valido,USR-0030
BAL-0000874,MESA-031,V003009,candidato_B,valido,valido,valido,USR-0034
BAL-0000875,MESA-010,V003313,candidato_B,valido,valido,valido,USR-0028
BAL-0000876,MESA-025,V000923,candidato_A,valido,valido,valido,USR-0035
BAL-0000877,MESA-058,V001657,candidato_B,valido,valido,valido,USR-0028
BAL-0000878,MESA-017,V003311,candidato_A,valido,valido,valido,USR-0029
BAL-0000879,MESA-028,V002241,candidato_A,valido,valido,valido,USR-0035
BAL-0000880,MESA-077,V000172,candidato_B,valido,valido,valido,USR-0029
BAL-0000881,MESA-051,V001375,candidato_C,valido,valido,valido,USR-0028
BAL-0000882,MESA-016,V004640,candidato_A,valido,valido,valido,USR-0031
BAL-0000883,MESA-071,V002392,candidato_B,valido,valido,valido,USR-0030
BAL-0000884,MESA-052,V004889,candidato_C,valido,valido,valido,USR-0034
BAL-0000885,MESA-047,V003014,candidato_C,valido,invalido,valido,USR-0028
BAL-0000886,MESA-033,V003170,candidato_A,valido,valido,valido,USR-0034
BAL-0000887,MESA-053,V003775,candidato_B,valido,valido,valido,USR-0033
BAL-0000888,MESA-071,V001315,candidato_A,valido,invalido,valido,USR-0030
BAL-0000889,MESA-010,V004535,candidato_B,valido,valido,valido,USR-0035
BAL-0000890,MESA-030,V002827,candidato_C,valido,valido,valido,USR-0028
BAL-0000891,MESA-043,V002390,candidato_A,valido,valido,valido,USR-0028
BAL-0000892,MESA-065,V000003,candidato_A,valido,valido,valido,USR-0031
BAL-0000893,MESA-026,V000463,candidato_C,valido,valido,valido,USR-0029
BAL-0000894,MESA-036,V003189,candidato_C,valido,valido,valido,USR-0035
BAL-0000895,MESA-071,V004150,candidato_C,valido,valido,valido,USR-0028
BAL-0000896,MESA-070,V000349,candidato_C,valido,valido,valido,USR-0034
BAL-0000897,MESA-037,V004403,candidato_A,valido,valido,valido,USR-0033
BAL-0000898,MESA-008,V001738,candidato_B,valido,valido,valido,USR-0029
BAL-0000899,MESA-060,V000521,candidato_B,valido,valido,valido,USR-0031
BAL-0000900,MESA-047,V004645,candidato_C,valido,valido,valido,USR-0035
BAL-0000901,MESA-077,V002836,candidato_B,valido,valido,valido,USR-0029
BAL-0000902,MESA-072,V003894,candidato_A,valido,valido,valido,USR-0033
BAL-0000903,MESA-052,V000402,candidato_B,valido,valido,valido,USR-0029
BAL-0000904,MESA-049,V001415,candidato_A,valido,invalido,valido,USR-0029
BAL-0000905,MESA-026,V001806,candidato_A,valido,valido,valido,USR-0028
BAL-0000906,MESA-057,V001287,candidato_A,valido,valido,valido,USR-0029
BAL-0000907,MESA-033,V002008,candidato_B,valido,valido,valido,USR-0035
BAL-0000908,MESA-069,V000149,candidato_B,valido,valido,valido,USR-0031
BAL-0000909,MESA-080,V002235,candidato_C,valido,valido,valido,USR-0035
BAL-0000910,MESA-057,V002582,candidato_B,valido,valido,valido,USR-0031
BAL-0000911,MESA-031,V002061,blanco,blanco,blanco,blanco,USR-0030
BAL-0000912,MESA-011,V003642,candidato_C,valido,valido,valido,USR-0032
BAL-0000913,MESA-076,V001552,candidato_A,valido,valido,valido,USR-0034
BAL-0000914,MESA-036,V001265,candidato_A,valido,valido,valido,USR-0035
BAL-0000915,MESA-002,V004123,candidato_B,valido,valido,valido,USR-0035
BAL-0000916,MESA-003,V001292,candidato_A,valido,valido,valido,USR-0034
BAL-0000917,MESA-020,V002780,blanco,blanco,blanco,blanco,USR-0034
BAL-0000918,MESA-021,V000408,candidato_C,valido,valido,valido,USR-0029
BAL-0000919,MESA-051,V000968,candidato_B,valido,valido,valido,USR-0029
BAL-0000920,MESA-045,V004172,candidato_B,valido,valido,valido,USR-0033
BAL-0000921,MESA-042,V000552,candidato_A,valido,valido,valido,USR-0028
BAL-0000922,MESA-035,V003022,candidato_A,valido,valido,valido,USR-0035
BAL-0000923,MESA-041,V001281,candidato_B,valido,valido,valido,USR-0030
BAL-0000924,MESA-076,V004820,candidato_B,valido,valido,valido,USR-0028
BAL-0000925,MESA-058,V001441,candidato_A,valido,valido,valido,USR-0035
BAL-0000926,MESA-051,V003878,candidato_B,valido,valido,valido,USR-0031
BAL-0000927,MESA-057,V000300,candidato_C,valido,valido,valido,USR-0028
BAL-0000928,MESA-049,V001469,candidato_C,valido,valido,valido,USR-0028
BAL-0000929,MESA-067,V004331,candidato_A,valido,valido,valido,USR-0032
BAL-0000930,MESA-010,V000084,candidato_B,valido,valido,valido,USR-0031
BAL-0000931,MESA-011,V004432,candidato_B,valido,invalido,valido,USR-0030
BAL-0000932,MESA-076,V001413,candidato_B,valido,invalido,valido,USR-0030
BAL-0000933,MESA-016,V002817,candidato_A,valido,valido,valido,USR-0032
BAL-0000934,MESA-075,V002352,candidato_B,valido,valido,valido,USR-0034
BAL-0000935,MESA-016,V000604,candidato_B,valido,valido,valido,USR-0034
BAL-0000936,MESA-001,V000746,candidato_C,valido,valido,valido,USR-0031
BAL-0000937,MESA-024,V001245,candidato_C,valido,valido,valido,USR-0030
BAL-0000938,MESA-055,V001713,blanco,blanco,blanco,blanco,USR-0033
BAL-0000939,MESA-013,V003803,candidato_B,valido,valido,valido,USR-0029
BAL-0000940,MESA-016,V002506,candidato_A,valido,valido,valido,USR-0028
BAL-0000941,MESA-015,V001368,candidato_B,valido,valido,valido,USR-0034
BAL-0000942,MESA-077,V000032,candidato_B,valido,valido,valido,USR-0032
BAL-0000943,MESA-034,V003374,candidato_B,valido,valido,valido,USR-0029
BAL-0000944,MESA-003,V003797,candidato_A,valido,valido,valido,USR-0029
BAL-0000945,MESA-007,V002526,candidato_C,valido,valido,valido,USR-0030
BAL-0000946,MESA-020,V000034,candidato_B,valido,valido,valido,USR-0033
BAL-0000947,MESA-053,V000684,candidato_A,valido,valido,valido,USR-0035
BAL-0000948,MESA-022,V003353,candidato_A,valido,valido,valido,USR-0035
BAL-0000949,MESA-073,V003250,candidato_B,valido,valido,valido,USR-0029
BAL-0000950,MESA-024,V002745,candidato_A,valido,valido,valido,USR-0028
BAL-0000951,MESA-060,V002261,sin_marca,invalido,invalido,invalido,USR-0028
BAL-0000952,MESA-052,V001731,candidato_B,valido,valido,valido,USR-0034
BAL-0000953,MESA-010,V001337,candidato_B,valido,valido,valido,USR-0034
BAL-0000954,MESA-044,V000343,candidato_B,valido,valido,valido,USR-0035
BAL-0000955,MESA-022,V004917,candidato_B,valido,valido,valido,USR-0028
BAL-0000956,MESA-058,V003328,candidato_B,valido,valido,valido,USR-0031
BAL-0000957,MESA-056,V000329,candidato_A,valido,valido,valido,USR-0031
BAL-0000958,MESA-074,V000109,candidato_A,valido,valido,valido,USR-0028
BAL-0000959,MESA-019,V003899,candidato_A,valido,valido,valido,USR-0030
BAL-0000960,MESA-077,V002637,candidato_C,valido,valido,valido,USR-0030
BAL-0000961,MESA-079,V002374,candidato_A,valido,valido,valido,USR-0028
BAL-0000962,MESA-071,V004341,candidato_C,valido,valido,valido,USR-0033
BAL-0000963,MESA-036,V002611,candidato_A,valido,valido,valido,USR-0034
BAL-0000964,MESA-075,V002764,candidato_A,valido,valido,valido,USR-0030
BAL-0000965,MESA-018,V003423,candidato_A,valido,valido,valido,USR-0029
BAL-0000966,MESA-078,V003517,candidato_C,valido,valido,valido,USR-0028
BAL-0000967,MESA-011,V002975,candidato_A,valido,valido,valido,USR-0035
BAL-0000968,MESA-043,V000969,candidato_B,valido,valido,valido,USR-0032
BAL-0000969,MESA-069,V001703,candidato_B,valido,valido,valido,USR-0035
BAL-0000970,MESA-045,V000553,candidato_A,valido,valido,valido,USR-0035
BAL-0000971,MESA-014,V004575,candidato_C,valido,valido,valido,USR-0029
BAL-0000972,MESA-013,V003287,candidato_B,valido,valido,valido,USR-0030
BAL-0000973,MESA-052,V001238,candidato_A,valido,valido,valido,USR-0031
BAL-0000974,MESA-022,V000380,candidato_B,valido,valido,valido,USR-0030
BAL-0000975,MESA-023,V002662,candidato_A,valido,valido,valido,USR-0029
BAL-0000976,MESA-069,V004352,candidato_C,valido,valido,valido,USR-0030
BAL-0000977,MESA-012,V003778,candidato_A,valido,valido,valido,USR-0028
BAL-0000978,MESA-009,V003263,blanco,blanco,blanco,blanco,USR-0029
BAL-0000979,MESA-015,V001536,candidato_C,valido,valido,valido,USR-0035
BAL-0000980,MESA-028,V001345,candidato_B,valido,valido,valido,USR-0034
BAL-0000981,MESA-009,V002805,candidato_A,valido,invalido,valido,USR-0029
BAL-0000982,MESA-023,V000064,candidato_C,valido,valido,valido,USR-0035
BAL-0000983,MESA-078,V004067,candidato_B,valido,valido,valido,USR-0029
BAL-0000984,MESA-055,V001435,candidato_B,valido,valido,valido,USR-0032
BAL-0000985,MESA-075,V000524,blanco,blanco,nulo,blanco,USR-0032
BAL-0000986,MESA-010,V002515,candidato_A,valido,valido,valido,USR-0034
BAL-0000987,MESA-004,V002340,candidato_A,valido,valido,valido,USR-0035
BAL-0000988,MESA-010,V000175,candidato_A,valido,valido,valido,USR-0028
BAL-0000989,MESA-070,V000868,candidato_A,valido,valido,valido,USR-0033
BAL-0000990,MESA-025,V001742,candidato_C,valido,valido,valido,USR-0028
BAL-0000991,MESA-078,V000471,candidato_A,valido,valido,valido,USR-0029
BAL-0000992,MESA-045,V003046,candidato_C,valido,valido,valido,USR-0032
BAL-0000993,MESA-058,V001857,candidato_A,valido,invalido,valido,USR-0030
BAL-0000994,MESA-024,V002757,candidato_A,valido,valido,valido,USR-0028
BAL-0000995,MESA-077,V004029,candidato_B,valido,valido,valido,USR-0031
BAL-0000996,MESA-011,V002084,candidato_A,valido,valido,valido,USR-0029
BAL-0000997,MESA-044,V004212,candidato_A,valido,valido,valido,USR-0029
BAL-0000998,MESA-063,V004748,candidato_B,valido,valido,valido,USR-0035
BAL-0000999,MESA-008,V000272,candidato_A,valido,valido,valido,USR-0032
BAL-0001000,MESA-019,V004190,candidato_B,valido,valido,valido,USR-0028
BAL-0001001,MESA-076,V004565,candidato_A,valido,valido,valido,USR-0032
BAL-0001002,MESA-069,V001842,candidato_B,valido,valido,valido,USR-0035
BAL-0001003,MESA-063,V004240,candidato_C,valido,valido,valido,USR-0032
BAL-0001004,MESA-025,V001823,candidato_A,valido,valido,valido,USR-0033
BAL-0001005,MESA-043,V003714,candidato_A,valido,valido,valido,USR-0028
BAL-0001006,MESA-037,V000685,candidato_B,valido,valido,valido,USR-0034
BAL-0001007,MESA-011,V002183,candidato_A,valido,valido,valido,USR-0028
BAL-0001008,MESA-046,V003613,candidato_A,valido,valido,valido,USR-0030
BAL-0001009,MESA-044,V004949,candidato_B,valido,valido,valido,USR-0035
BAL-0001010,MESA-014,V004938,candidato_C,valido,valido,valido,USR-0033
BAL-0001011,MESA-064,V003219,candidato_B,valido,valido,valido,USR-0030
BAL-0001012,MESA-076,V001961,candidato_A,valido,valido,valido,USR-0033
BAL-0001013,MESA-078,V002187,candidato_C,valido,valido,valido,USR-0030
BAL-0001014,MESA-069,V004017,candidato_C,valido,valido,valido,USR-0028
BAL-0001015,MESA-066,V001388,marca_ambigua,nulo,nulo,nulo,USR-0034
BAL-0001016,MESA-020,V003169,candidato_A,valido,valido,valido,USR-0034
BAL-0001017,MESA-021,V003504,marca_ambigua,nulo,nulo,nulo,USR-0032
BAL-0001018,MESA-050,V003946,candidato_B,valido,valido,valido,USR-0031
BAL-0001019,MESA-044,V004918,candidato_A,valido,valido,valido,USR-0035
BAL-0001020,MESA-016,V003180,candidato_A,valido,valido,valido,USR-0035
BAL-0001021,MESA-061,V000194,candidato_C,valido,valido,valido,USR-0032
BAL-0001022,MESA-012,V001202,candidato_A,valido,valido,valido,USR-0028
BAL-0001023,MESA-077,V001523,candidato_A,valido,valido,valido,USR-0032
BAL-0001024,MESA-080,V003634,candidato_B,valido,valido,valido,USR-0032
BAL-0001025,MESA-078,V001006,candidato_A,valido,valido,valido,USR-0032
BAL-0001026,MESA-080,V004327,candidato_C,valido,valido,valido,USR-0032
BAL-0001027,MESA-008,V004008,candidato_A,valido,valido,valido,USR-0029
BAL-0001028,MESA-027,V000775,candidato_B,valido,valido,valido,USR-0028
BAL-0001029,MESA-029,V004883,candidato_A,valido,valido,valido,USR-0033
BAL-0001030,MESA-021,V001449,candidato_A,valido,valido,valido,USR-0034
BAL-0001031,MESA-032,V003361,candidato_A,valido,valido,valido,USR-0030
BAL-0001032,MESA-003,V003205,blanco,blanco,nulo,blanco,USR-0031
BAL-0001033,MESA-037,V003887,candidato_A,valido,valido,valido,USR-0029
BAL-0001034,MESA-017,V000420,candidato_C,valido,valido,valido,USR-0030
BAL-0001035,MESA-031,V000137,candidato_A,valido,valido,valido,USR-0034
BAL-0001036,MESA-080,V002754,candidato_A,valido,valido,valido,USR-0028
BAL-0001037,MESA-078,V004455,candidato_A,valido,valido,valido,USR-0029
BAL-0001038,MESA-080,V003788,candidato_A,valido,valido,valido,USR-0029
BAL-0001039,MESA-029,V003054,candidato_A,valido,valido,valido,USR-0032
BAL-0001040,MESA-047,V002782,candidato_B,valido,valido,valido,USR-0032
BAL-0001041,MESA-017,V002366,candidato_B,valido,valido,valido,USR-0032
BAL-0001042,MESA-064,V001520,candidato_A,valido,valido,valido,USR-0031
BAL-0001043,MESA-026,V000691,candidato_A,valido,valido,valido,USR-0028
BAL-0001044,MESA-077,V003110,candidato_B,valido,valido,valido,USR-0034
BAL-0001045,MESA-043,V002649,candidato_A,valido,invalido,valido,USR-0030
BAL-0001046,MESA-017,V002650,candidato_B,valido,valido,valido,USR-0033
BAL-0001047,MESA-051,V004102,marca_ambigua,invalido,invalido,invalido,USR-0034
BAL-0001048,MESA-007,V001762,candidato_B,valido,valido,valido,USR-0032
BAL-0001049,MESA-054,V003165,candidato_B,valido,valido,valido,USR-0029
BAL-0001050,MESA-041,V003052,candidato_A,valido,valido,valido,USR-0035
BAL-0001051,MESA-033,V002635,candidato_C,valido,valido,valido,USR-0031
BAL-0001052,MESA-040,V000864,candidato_B,valido,valido,valido,USR-0032
BAL-0001053,MESA-048,V004165,candidato_A,valido,valido,valido,USR-0035
BAL-0001054,MESA-035,V003738,candidato_B,valido,valido,valido,USR-0028
BAL-0001055,MESA-001,V001171,candidato_C,valido,valido,valido,USR-0030
BAL-0001056,MESA-053,V002119,candidato_C,valido,valido,valido,USR-0031
BAL-0001057,MESA-077,V002344,candidato_B,valido,valido,valido,USR-0028
BAL-0001058,MESA-020,V003324,candidato_C,valido,valido,valido,USR-0035
BAL-0001059,MESA-069,V001904,candidato_A,valido,valido,valido,USR-0030
BAL-0001060,MESA-016,V000846,candidato_A,valido,valido,valido,USR-0031
BAL-0001061,MESA-077,V001022,candidato_B,valido,valido,valido,USR-0031
BAL-0001062,MESA-003,V002247,candidato_A,valido,valido,valido,USR-0035
BAL-0001063,MESA-067,V004834,candidato_C,valido,valido,valido,USR-0035
BAL-0001064,MESA-008,V003070,candidato_A,valido,valido,valido,USR-0029
BAL-0001065,MESA-003,V002947,candidato_B,valido,valido,valido,USR-0032
BAL-0001066,MESA-014,V003988,candidato_B,valido,valido,valido,USR-0030
BAL-0001067,MESA-038,V000469,candidato_A,valido,valido,valido,USR-0030
BAL-0001068,MESA-072,V001300,candidato_A,valido,valido,valido,USR-0030
BAL-0001069,MESA-071,V004044,candidato_A,valido,valido,valido,USR-0031
BAL-0001070,MESA-037,V000874,candidato_C,valido,valido,valido,USR-0033
BAL-0001071,MESA-052,V002348,candidato_B,valido,valido,valido,USR-0032
BAL-0001072,MESA-026,V000747,blanco,blanco,blanco,blanco,USR-0031
BAL-0001073,MESA-017,V002994,candidato_B,valido,valido,valido,USR-0034
BAL-0001074,MESA-050,V004434,candidato_A,valido,valido,valido,USR-0035
BAL-0001075,MESA-065,V003594,candidato_C,valido,valido,valido,USR-0031
BAL-0001076,MESA-059,V002480,candidato_A,valido,valido,valido,USR-0035
BAL-0001077,MESA-031,V003025,blanco,blanco,blanco,blanco,USR-0030
BAL-0001078,MESA-016,V000594,candidato_B,valido,valido,valido,USR-0029
BAL-0001079,MESA-030,V001710,candidato_A,valido,valido,valido,USR-0033
BAL-0001080,MESA-053,V000929,candidato_B,valido,valido,valido,USR-0029
BAL-0001081,MESA-046,V001964,candidato_A,valido,valido,valido,USR-0034
BAL-0001082,MESA-041,V004532,candidato_B,valido,valido,valido,USR-0028
BAL-0001083,MESA-038,V000696,multiple_marca,nulo,invalido,nulo,USR-0030
BAL-0001084,MESA-076,V003709,blanco,blanco,blanco,blanco,USR-0032
BAL-0001085,MESA-004,V002098,candidato_B,valido,valido,valido,USR-0028
BAL-0001086,MESA-044,V003347,candidato_C,valido,valido,valido,USR-0031
BAL-0001087,MESA-018,V000075,candidato_B,valido,valido,valido,USR-0035
BAL-0001088,MESA-016,V003265,candidato_B,valido,valido,valido,USR-0029
BAL-0001089,MESA-060,V000151,candidato_A,valido,valido,valido,USR-0031
BAL-0001090,MESA-027,V001751,candidato_B,valido,valido,valido,USR-0034
BAL-0001091,MESA-037,V002820,blanco,blanco,blanco,blanco,USR-0028
BAL-0001092,MESA-071,V003485,multiple_marca,nulo,nulo,nulo,USR-0028
BAL-0001093,MESA-009,V001170,candidato_A,valido,valido,valido,USR-0035
BAL-0001094,MESA-056,V000362,candidato_C,valido,valido,valido,USR-0028
BAL-0001095,MESA-031,V001473,candidato_C,valido,valido,valido,USR-0031
BAL-0001096,MESA-016,V001428,candidato_A,valido,valido,valido,USR-0032
BAL-0001097,MESA-063,V000500,candidato_A,valido,valido,valido,USR-0030
BAL-0001098,MESA-042,V002729,candidato_B,valido,valido,valido,USR-0028
BAL-0001099,MESA-054,V000739,candidato_B,valido,valido,valido,USR-0028
BAL-0001100,MESA-050,V000226,candidato_B,valido,valido,valido,USR-0028
BAL-0001101,MESA-019,V003913,candidato_A,valido,valido,valido,USR-0029
BAL-0001102,MESA-025,V003247,candidato_B,valido,valido,valido,USR-0028
BAL-0001103,MESA-032,V004501,candidato_C,valido,valido,valido,USR-0031
BAL-0001104,MESA-013,V002905,candidato_A,valido,valido,valido,USR-0028
BAL-0001105,MESA-028,V003724,candidato_A,valido,valido,valido,USR-0034
BAL-0001106,MESA-030,V002873,marca_ambigua,nulo,nulo,nulo,USR-0029
BAL-0001107,MESA-061,V001421,candidato_A,valido,valido,valido,USR-0028
BAL-0001108,MESA-064,V003739,candidato_C,valido,valido,valido,USR-0032
BAL-0001109,MESA-025,V001880,candidato_A,valido,valido,valido,USR-0035
BAL-0001110,MESA-003,V003558,candidato_B,valido,valido,valido,USR-0029
BAL-0001111,MESA-058,V001455,candidato_C,valido,valido,valido,USR-0032
BAL-0001112,MESA-070,V002052,candidato_A,valido,valido,valido,USR-0032
BAL-0001113,MESA-070,V003395,candidato_A,valido,valido,valido,USR-0035
BAL-0001114,MESA-072,V002381,candidato_A,valido,valido,valido,USR-0035
BAL-0001115,MESA-050,V001047,candidato_A,valido,valido,valido,USR-0032
BAL-0001116,MESA-024,V000759,candidato_B,valido,valido,valido,USR-0032
BAL-0001117,MESA-041,V004428,candidato_B,valido,valido,valido,USR-0034
BAL-0001118,MESA-041,V000479,candidato_A,valido,invalido,valido,USR-0030
BAL-0001119,MESA-011,V004592,candidato_B,valido,valido,valido,USR-0032
BAL-0001120,MESA-052,V002305,marca_ambigua,invalido,invalido,invalido,USR-0034
BAL-0001121,MESA-019,V004795,marca_ambigua,invalido,invalido,invalido,USR-0029
BAL-0001122,MESA-037,V001429,candidato_A,valido,valido,valido,USR-0031
BAL-0001123,MESA-014,V000391,blanco,blanco,blanco,blanco,USR-0030
BAL-0001124,MESA-035,V001945,candidato_B,valido,valido,valido,USR-0031
BAL-0001125,MESA-032,V002037,candidato_C,valido,valido,valido,USR-0029
BAL-0001126,MESA-013,V004457,candidato_B,valido,valido,valido,USR-0034
BAL-0001127,MESA-056,V000393,candidato_C,valido,valido,valido,USR-0030
BAL-0001128,MESA-027,V003601,candidato_A,valido,valido,valido,USR-0032
BAL-0001129,MESA-013,V001715,candidato_B,valido,valido,valido,USR-0031
BAL-0001130,MESA-075,V001745,candidato_A,valido,valido,valido,USR-0035
BAL-0001131,MESA-080,V004273,candidato_A,valido,valido,valido,USR-0030
BAL-0001132,MESA-050,V001753,candidato_A,valido,valido,valido,USR-0035
BAL-0001133,MESA-011,V004299,candidato_B,valido,valido,valido,USR-0029
BAL-0001134,MESA-029,V000183,blanco,blanco,blanco,blanco,USR-0031
BAL-0001135,MESA-009,V001138,candidato_B,valido,valido,valido,USR-0032
BAL-0001136,MESA-039,V002892,candidato_B,valido,valido,valido,USR-0035
BAL-0001137,MESA-073,V002379,candidato_B,valido,valido,valido,USR-0032
BAL-0001138,MESA-080,V001975,candidato_A,valido,invalido,valido,USR-0030
BAL-0001139,MESA-038,V003044,marca_ambigua,nulo,invalido,nulo,USR-0030
BAL-0001140,MESA-042,V003063,candidato_B,valido,valido,valido,USR-0028
BAL-0001141,MESA-042,V003011,candidato_B,valido,valido,valido,USR-0030
BAL-0001142,MESA-014,V001474,multiple_marca,nulo,nulo,nulo,USR-0031
BAL-0001143,MESA-077,V003663,blanco,blanco,blanco,blanco,USR-0030
BAL-0001144,MESA-043,V003131,candidato_A,valido,valido,valido,USR-0032
BAL-0001145,MESA-042,V003868,candidato_A,valido,invalido,valido,USR-0030
BAL-0001146,MESA-014,V001125,candidato_C,valido,valido,valido,USR-0034
BAL-0001147,MESA-049,V001479,candidato_C,valido,valido,valido,USR-0035
BAL-0001148,MESA-047,V001596,candidato_A,valido,valido,valido,USR-0032
BAL-0001149,MESA-007,V000744,candidato_C,valido,valido,valido,USR-0029
BAL-0001150,MESA-003,V004194,candidato_B,valido,valido,valido,USR-0033
BAL-0001151,MESA-016,V003776,candidato_C,valido,valido,valido,USR-0028
BAL-0001152,MESA-009,V000026,candidato_A,valido,valido,valido,USR-0035
BAL-0001153,MESA-021,V004464,candidato_C,valido,valido,valido,USR-0034
BAL-0001154,MESA-033,V002308,candidato_B,valido,valido,valido,USR-0033
BAL-0001155,MESA-054,V002771,candidato_B,valido,valido,valido,USR-0028
BAL-0001156,MESA-016,V002028,candidato_B,valido,valido,valido,USR-0035
BAL-0001157,MESA-016,V000410,candidato_A,valido,valido,valido,USR-0029
BAL-0001158,MESA-044,V003717,candidato_B,valido,valido,valido,USR-0033
BAL-0001159,MESA-022,V004094,candidato_B,valido,valido,valido,USR-0028
BAL-0001160,MESA-067,V002711,candidato_B,valido,valido,valido,USR-0029
BAL-0001161,MESA-029,V000386,candidato_B,valido,valido,valido,USR-0031
BAL-0001162,MESA-057,V001282,candidato_B,valido,valido,valido,USR-0032
BAL-0001163,MESA-056,V000127,candidato_B,valido,valido,valido,USR-0031
BAL-0001164,MESA-039,V002539,candidato_C,valido,valido,valido,USR-0035
BAL-0001165,MESA-026,V000570,candidato_C,valido,valido,valido,USR-0031
BAL-0001166,MESA-007,V001012,candidato_A,valido,valido,valido,USR-0030
BAL-0001167,MESA-058,V003641,candidato_B,valido,valido,valido,USR-0033
BAL-0001168,MESA-066,V003648,candidato_B,valido,valido,valido,USR-0033
BAL-0001169,MESA-055,V000533,candidato_A,valido,valido,valido,USR-0035
BAL-0001170,MESA-044,V003921,candidato_B,valido,valido,valido,USR-0030
BAL-0001171,MESA-061,V003991,candidato_B,valido,valido,valido,USR-0029
BAL-0001172,MESA-077,V002560,marca_ambigua,nulo,valido,nulo,USR-0028
BAL-0001173,MESA-078,V003396,candidato_C,valido,valido,valido,USR-0030
BAL-0001174,MESA-002,V002956,candidato_A,valido,valido,valido,USR-0032
BAL-0001175,MESA-071,V002180,candidato_A,valido,valido,valido,USR-0034
BAL-0001176,MESA-013,V001280,candidato_A,valido,valido,valido,USR-0029
BAL-0001177,MESA-042,V004829,candidato_A,valido,valido,valido,USR-0031
BAL-0001178,MESA-030,V002162,candidato_A,valido,valido,valido,USR-0032
BAL-0001179,MESA-058,V000445,candidato_C,valido,valido,valido,USR-0032
BAL-0001180,MESA-004,V000870,candidato_C,valido,invalido,valido,USR-0033
BAL-0001181,MESA-008,V000731,candidato_A,valido,valido,valido,USR-0033
BAL-0001182,MESA-029,V003746,candidato_A,valido,valido,valido,USR-0029
BAL-0001183,MESA-072,V001747,candidato_B,valido,valido,valido,USR-0031
BAL-0001184,MESA-075,V001545,candidato_B,valido,valido,valido,USR-0028
BAL-0001185,MESA-047,V004181,blanco,blanco,blanco,blanco,USR-0029
BAL-0001186,MESA-056,V004274,candidato_A,valido,valido,valido,USR-0031
BAL-0001187,MESA-041,V000222,candidato_C,valido,valido,valido,USR-0029
BAL-0001188,MESA-047,V003092,candidato_A,valido,valido,valido,USR-0034
BAL-0001189,MESA-057,V004860,candidato_B,valido,valido,valido,USR-0035
BAL-0001190,MESA-071,V001209,marca_ambigua,invalido,invalido,invalido,USR-0030
BAL-0001191,MESA-027,V000174,candidato_A,valido,valido,valido,USR-0035
BAL-0001192,MESA-013,V000117,candidato_A,valido,valido,valido,USR-0028
BAL-0001193,MESA-008,V002928,multiple_marca,nulo,nulo,nulo,USR-0030
BAL-0001194,MESA-062,V000152,candidato_C,valido,valido,valido,USR-0028
BAL-0001195,MESA-002,V000963,candidato_A,valido,valido,valido,USR-0034
BAL-0001196,MESA-071,V004671,candidato_C,valido,valido,valido,USR-0031
BAL-0001197,MESA-028,V000036,candidato_A,valido,valido,valido,USR-0034
BAL-0001198,MESA-007,V001092,candidato_B,valido,valido,valido,USR-0029
BAL-0001199,MESA-016,V004794,candidato_A,valido,valido,valido,USR-0034
BAL-0001200,MESA-072,V002260,candidato_B,valido,valido,valido,USR-0030
BAL-0001201,MESA-005,V002443,candidato_B,valido,valido,valido,USR-0031
BAL-0001202,MESA-024,V003123,marca_ambigua,invalido,invalido,invalido,USR-0029
BAL-0001203,MESA-058,V000806,candidato_A,valido,valido,valido,USR-0034
BAL-0001204,MESA-039,V000946,candidato_A,valido,valido,valido,USR-0030
BAL-0001205,MESA-024,V002755,candidato_B,valido,valido,valido,USR-0028
BAL-0001206,MESA-057,V000375,candidato_A,valido,valido,valido,USR-0033
BAL-0001207,MESA-048,V001881,candidato_B,valido,valido,valido,USR-0031
BAL-0001208,MESA-063,V002083,candidato_C,valido,valido,valido,USR-0035
BAL-0001209,MESA-072,V001172,multiple_marca,nulo,nulo,nulo,USR-0028
BAL-0001210,MESA-039,V004593,candidato_C,valido,valido,valido,USR-0035
BAL-0001211,MESA-012,V001198,candidato_B,valido,valido,valido,USR-0035
BAL-0001212,MESA-004,V004295,candidato_B,valido,valido,valido,USR-0029
BAL-0001213,MESA-071,V002793,candidato_B,valido,valido,valido,USR-0028
BAL-0001214,MESA-042,V000299,candidato_B,valido,valido,valido,USR-0031
BAL-0001215,MESA-037,V001465,candidato_A,valido,valido,valido,USR-0031
BAL-0001216,MESA-072,V002146,candidato_C,valido,valido,valido,USR-0032
BAL-0001217,MESA-034,V004474,candidato_B,valido,valido,valido,USR-0029
BAL-0001218,MESA-035,V003375,candidato_B,valido,valido,valido,USR-0029
BAL-0001219,MESA-051,V000425,candidato_A,valido,valido,valido,USR-0035
BAL-0001220,MESA-058,V002697,candidato_A,valido,valido,valido,USR-0033
BAL-0001221,MESA-034,V002476,candidato_C,valido,valido,valido,USR-0030
BAL-0001222,MESA-080,V000415,candidato_A,valido,valido,valido,USR-0029
BAL-0001223,MESA-032,V003610,candidato_C,valido,valido,valido,USR-0031
BAL-0001224,MESA-063,V001973,candidato_A,valido,valido,valido,USR-0032
BAL-0001225,MESA-042,V003585,marca_ambigua,nulo,nulo,nulo,USR-0035
BAL-0001226,MESA-048,V000669,candidato_A,valido,valido,valido,USR-0030
BAL-0001227,MESA-047,V003315,candidato_C,valido,valido,valido,USR-0035
BAL-0001228,MESA-006,V002148,candidato_A,valido,valido,valido,USR-0030
BAL-0001229,MESA-031,V001699,candidato_A,valido,valido,valido,USR-0033
BAL-0001230,MESA-057,V004762,candidato_A,valido,valido,valido,USR-0035
BAL-0001231,MESA-052,V004900,candidato_B,valido,invalido,valido,USR-0030
BAL-0001232,MESA-069,V000298,blanco,blanco,blanco,blanco,USR-0031
BAL-0001233,MESA-075,V002248,candidato_A,valido,valido,valido,USR-0032
BAL-0001234,MESA-058,V000515,candidato_B,valido,valido,valido,USR-0033
BAL-0001235,MESA-014,V000491,candidato_B,valido,valido,valido,USR-0033
BAL-0001236,MESA-059,V004009,candidato_A,valido,valido,valido,USR-0031
BAL-0001237,MESA-076,V003542,candidato_B,valido,valido,valido,USR-0033
BAL-0001238,MESA-070,V004638,candidato_A,valido,valido,valido,USR-0030
BAL-0001239,MESA-070,V001712,candidato_B,valido,valido,valido,USR-0034
BAL-0001240,MESA-080,V003934,candidato_A,valido,valido,valido,USR-0033
BAL-0001241,MESA-077,V003538,candidato_C,valido,valido,valido,USR-0033
BAL-0001242,MESA-072,V002962,blanco,blanco,blanco,blanco,USR-0032
BAL-0001243,MESA-058,V004832,candidato_A,valido,valido,valido,USR-0033
BAL-0001244,MESA-037,V004745,candidato_B,valido,valido,valido,USR-0028
BAL-0001245,MESA-065,V004993,candidato_B,valido,valido,valido,USR-0031
BAL-0001246,MESA-060,V003306,blanco,blanco,blanco,blanco,USR-0031
BAL-0001247,MESA-002,V004812,candidato_B,valido,valido,valido,USR-0032
BAL-0001248,MESA-036,V001486,candidato_C,valido,valido,valido,USR-0032
BAL-0001249,MESA-025,V004921,candidato_A,valido,invalido,valido,USR-0030
BAL-0001250,MESA-038,V001365,candidato_A,valido,valido,valido,USR-0032
BAL-0001251,MESA-046,V002286,marca_ambigua,nulo,valido,nulo,USR-0034
BAL-0001252,MESA-043,V002976,candidato_A,valido,valido,valido,USR-0034
BAL-0001253,MESA-035,V001344,candidato_B,valido,valido,valido,USR-0034
BAL-0001254,MESA-080,V000468,candidato_A,valido,valido,valido,USR-0035
BAL-0001255,MESA-054,V004935,candidato_C,valido,valido,valido,USR-0030
BAL-0001256,MESA-048,V000197,candidato_C,valido,valido,valido,USR-0034
BAL-0001257,MESA-062,V002822,candidato_A,valido,valido,valido,USR-0029
BAL-0001258,MESA-013,V002537,candidato_A,valido,valido,valido,USR-0034
BAL-0001259,MESA-024,V001978,candidato_A,valido,valido,valido,USR-0031
BAL-0001260,MESA-051,V000406,candidato_A,valido,valido,valido,USR-0030
BAL-0001261,MESA-068,V004594,candidato_B,valido,valido,valido,USR-0035
BAL-0001262,MESA-078,V001031,candidato_B,valido,valido,valido,USR-0031
BAL-0001263,MESA-041,V002871,candidato_B,valido,valido,valido,USR-0031
BAL-0001264,MESA-012,V001846,candidato_A,valido,valido,valido,USR-0030
BAL-0001265,MESA-019,V002500,candidato_B,valido,valido,valido,USR-0030
BAL-0001266,MESA-080,V001289,candidato_C,valido,valido,valido,USR-0035
BAL-0001267,MESA-025,V000002,candidato_C,valido,valido,valido,USR-0029
BAL-0001268,MESA-055,V003177,candidato_B,valido,valido,valido,USR-0034
BAL-0001269,MESA-026,V004960,candidato_A,valido,invalido,valido,USR-0030
BAL-0001270,MESA-001,V002265,candidato_C,valido,valido,valido,USR-0031
BAL-0001271,MESA-057,V001997,candidato_C,valido,valido,valido,USR-0028
BAL-0001272,MESA-018,V000545,candidato_B,valido,valido,valido,USR-0032
BAL-0001273,MESA-017,V004246,candidato_C,valido,valido,valido,USR-0034
BAL-0001274,MESA-045,V000449,candidato_B,valido,valido,valido,USR-0033
BAL-0001275,MESA-025,V002383,candidato_C,valido,valido,valido,USR-0028
BAL-0001276,MESA-003,V003743,candidato_B,valido,valido,valido,USR-0033
BAL-0001277,MESA-066,V003297,candidato_C,valido,valido,valido,USR-0030
BAL-0001278,MESA-003,V004406,candidato_B,valido,valido,valido,USR-0028
BAL-0001279,MESA-022,V002806,candidato_C,valido,valido,valido,USR-0033
BAL-0001280,MESA-020,V002454,marca_ambigua,invalido,invalido,invalido,USR-0032
BAL-0001281,MESA-052,V003445,marca_ambigua,invalido,invalido,invalido,USR-0028
BAL-0001282,MESA-020,V004344,candidato_B,valido,valido,valido,USR-0031
BAL-0001283,MESA-041,V003304,candidato_B,valido,valido,valido,USR-0035
BAL-0001284,MESA-080,V000978,candidato_C,valido,valido,valido,USR-0029
BAL-0001285,MESA-061,V002572,candidato_A,valido,valido,valido,USR-0030
BAL-0001286,MESA-076,V003573,candidato_A,valido,valido,valido,USR-0033
BAL-0001287,MESA-077,V000644,candidato_B,valido,valido,valido,USR-0030
BAL-0001288,MESA-055,V001985,candidato_B,valido,valido,valido,USR-0029
BAL-0001289,MESA-030,V002341,candidato_A,valido,valido,valido,USR-0033
BAL-0001290,MESA-033,V004065,candidato_C,valido,invalido,valido,USR-0030
BAL-0001291,MESA-040,V003091,candidato_A,valido,invalido,valido,USR-0030
BAL-0001292,MESA-066,V001901,candidato_A,valido,valido,valido,USR-0031
BAL-0001293,MESA-015,V003279,candidato_A,valido,invalido,valido,USR-0030
BAL-0001294,MESA-043,V004875,candidato_A,valido,valido,valido,USR-0030
BAL-0001295,MESA-061,V002482,candidato_A,valido,valido,valido,USR-0029
BAL-0001296,MESA-019,V002411,candidato_A,valido,valido,valido,USR-0028
BAL-0001297,MESA-053,V002967,candidato_C,valido,valido,valido,USR-0035
BAL-0001298,MESA-041,V003930,candidato_A,valido,valido,valido,USR-0035
BAL-0001299,MESA-055,V004356,candidato_A,valido,valido,valido,USR-0032
BAL-0001300,MESA-058,V004767,candidato_B,valido,valido,valido,USR-0030
BAL-0001301,MESA-067,V002394,candidato_B,valido,valido,valido,USR-0031
BAL-0001302,MESA-009,V004132,candidato_A,valido,valido,valido,USR-0033
BAL-0001303,MESA-074,V001226,candidato_A,valido,valido,valido,USR-0029
BAL-0001304,MESA-041,V001021,candidato_B,valido,valido,valido,USR-0032
BAL-0001305,MESA-030,V004372,candidato_C,valido,valido,valido,USR-0028
BAL-0001306,MESA-053,V000991,candidato_A,valido,valido,valido,USR-0033
BAL-0001307,MESA-071,V003365,candidato_B,valido,valido,valido,USR-0034
BAL-0001308,MESA-012,V004485,candidato_A,valido,valido,valido,USR-0034
BAL-0001309,MESA-051,V002674,candidato_A,valido,valido,valido,USR-0032
BAL-0001310,MESA-005,V004604,candidato_A,valido,valido,valido,USR-0029
BAL-0001311,MESA-033,V000319,candidato_A,valido,valido,valido,USR-0028
BAL-0001312,MESA-017,V000756,candidato_B,valido,valido,valido,USR-0033
BAL-0001313,MESA-042,V000070,sin_marca,invalido,invalido,invalido,USR-0031
BAL-0001314,MESA-049,V004409,blanco,blanco,blanco,blanco,USR-0030
BAL-0001315,MESA-046,V004473,candidato_A,valido,valido,valido,USR-0032
BAL-0001316,MESA-012,V000261,candidato_B,valido,valido,valido,USR-0034
BAL-0001317,MESA-065,V001882,candidato_A,valido,valido,valido,USR-0032
BAL-0001318,MESA-010,V004667,candidato_B,valido,valido,valido,USR-0028
BAL-0001319,MESA-070,V001087,candidato_A,valido,invalido,valido,USR-0030
BAL-0001320,MESA-061,V004222,candidato_A,valido,valido,valido,USR-0035
BAL-0001321,MESA-034,V003800,candidato_A,valido,valido,valido,USR-0033
BAL-0001322,MESA-028,V002179,candidato_B,valido,valido,valido,USR-0032
BAL-0001323,MESA-031,V004218,candidato_B,valido,valido,valido,USR-0031
BAL-0001324,MESA-047,V002170,candidato_B,valido,valido,valido,USR-0028
BAL-0001325,MESA-063,V004626,candidato_A,valido,valido,valido,USR-0029
BAL-0001326,MESA-040,V000413,candidato_A,valido,valido,valido,USR-0033
BAL-0001327,MESA-009,V001670,marca_ambigua,nulo,nulo,nulo,USR-0031
BAL-0001328,MESA-069,V001907,candidato_A,valido,valido,valido,USR-0035
BAL-0001329,MESA-006,V003386,candidato_B,valido,valido,valido,USR-0029
BAL-0001330,MESA-012,V000702,candidato_A,valido,valido,valido,USR-0029
BAL-0001331,MESA-067,V002150,candidato_B,valido,valido,valido,USR-0035
BAL-0001332,MESA-070,V000144,candidato_A,valido,valido,valido,USR-0028
BAL-0001333,MESA-052,V001586,candidato_A,valido,valido,valido,USR-0032
BAL-0001334,MESA-074,V001797,candidato_A,valido,valido,valido,USR-0028
BAL-0001335,MESA-080,V000219,candidato_B,valido,valido,valido,USR-0030
BAL-0001336,MESA-069,V004958,candidato_C,valido,valido,valido,USR-0033
BAL-0001337,MESA-080,V002349,candidato_B,valido,valido,valido,USR-0034
BAL-0001338,MESA-033,V003540,candidato_B,valido,valido,valido,USR-0031
BAL-0001339,MESA-049,V000582,marca_ambigua,invalido,invalido,invalido,USR-0033
BAL-0001340,MESA-027,V003919,candidato_A,valido,valido,valido,USR-0033
BAL-0001341,MESA-060,V003807,candidato_A,valido,valido,valido,USR-0028
BAL-0001342,MESA-060,V001026,candidato_A,valido,valido,valido,USR-0028
BAL-0001343,MESA-060,V002899,multiple_marca,nulo,nulo,nulo,USR-0028
BAL-0001344,MESA-074,V001706,candidato_C,valido,valido,valido,USR-0033
BAL-0001345,MESA-007,V003682,candidato_A,valido,valido,valido,USR-0029
BAL-0001346,MESA-026,V004445,candidato_A,valido,valido,valido,USR-0028
BAL-0001347,MESA-062,V004244,candidato_B,valido,valido,valido,USR-0035
BAL-0001348,MESA-071,V004897,candidato_A,valido,valido,valido,USR-0028
BAL-0001349,MESA-071,V003154,candidato_B,valido,valido,valido,USR-0034
BAL-0001350,MESA-075,V000381,candidato_B,valido,valido,valido,USR-0029
BAL-0001351,MESA-055,V000185,candidato_A,valido,valido,valido,USR-0033
BAL-0001352,MESA-069,V004620,candidato_C,valido,valido,valido,USR-0034
BAL-0001353,MESA-010,V004463,candidato_A,valido,valido,valido,USR-0029
BAL-0001354,MESA-055,V004665,candidato_C,valido,valido,valido,USR-0029
BAL-0001355,MESA-039,V002291,candidato_B,valido,valido,valido,USR-0034
BAL-0001356,MESA-070,V002659,candidato_A,valido,valido,valido,USR-0032
BAL-0001357,MESA-002,V001930,candidato_A,valido,valido,valido,USR-0034
BAL-0001358,MESA-015,V000913,candidato_C,valido,valido,valido,USR-0028
BAL-0001359,MESA-047,V003860,sin_marca,invalido,invalido,invalido,USR-0034
BAL-0001360,MESA-039,V001108,candidato_B,valido,valido,valido,USR-0029
BAL-0001361,MESA-040,V001749,candidato_B,valido,valido,valido,USR-0033
BAL-0001362,MESA-052,V004607,candidato_B,valido,valido,valido,USR-0032
BAL-0001363,MESA-055,V002517,candidato_C,valido,valido,valido,USR-0031
BAL-0001364,MESA-070,V001503,candidato_B,valido,valido,valido,USR-0033
BAL-0001365,MESA-058,V001998,candidato_B,valido,valido,valido,USR-0031
BAL-0001366,MESA-080,V004142,blanco,blanco,nulo,blanco,USR-0035
BAL-0001367,MESA-054,V004741,candidato_A,valido,valido,valido,USR-0031
BAL-0001368,MESA-037,V000086,blanco,blanco,blanco,blanco,USR-0031
BAL-0001369,MESA-025,V001638,candidato_A,valido,valido,valido,USR-0033
BAL-0001370,MESA-041,V000480,candidato_A,valido,valido,valido,USR-0031
BAL-0001371,MESA-034,V002495,candidato_C,valido,valido,valido,USR-0028
BAL-0001372,MESA-048,V001189,candidato_B,valido,valido,valido,USR-0030
BAL-0001373,MESA-038,V000193,candidato_C,valido,invalido,valido,USR-0030
BAL-0001374,MESA-019,V003109,candidato_B,valido,valido,valido,USR-0032
BAL-0001375,MESA-016,V001780,candidato_A,valido,valido,valido,USR-0032
BAL-0001376,MESA-039,V001179,candidato_A,valido,invalido,valido,USR-0028
BAL-0001377,MESA-057,V002319,candidato_B,valido,valido,valido,USR-0035
BAL-0001378,MESA-033,V003751,candidato_C,valido,valido,valido,USR-0032
BAL-0001379,MESA-070,V002441,candidato_B,valido,valido,valido,USR-0028
BAL-0001380,MESA-076,V000841,candidato_A,valido,valido,valido,USR-0033
BAL-0001381,MESA-022,V001771,candidato_C,valido,valido,valido,USR-0033
BAL-0001382,MESA-029,V001619,candidato_B,valido,valido,valido,USR-0033
BAL-0001383,MESA-006,V002253,candidato_A,valido,valido,valido,USR-0034
BAL-0001384,MESA-061,V003598,candidato_B,valido,valido,valido,USR-0035
BAL-0001385,MESA-072,V002191,candidato_A,valido,valido,valido,USR-0035
BAL-0001386,MESA-028,V002211,multiple_marca,nulo,nulo,nulo,USR-0028
BAL-0001387,MESA-077,V004358,marca_ambigua,nulo,nulo,nulo,USR-0031
BAL-0001388,MESA-079,V002877,candidato_A,valido,valido,valido,USR-0034
BAL-0001389,MESA-031,V002986,candidato_B,valido,valido,valido,USR-0029
BAL-0001390,MESA-062,V002963,candidato_A,valido,valido,valido,USR-0033
BAL-0001391,MESA-004,V003633,candidato_B,valido,valido,valido,USR-0035
BAL-0001392,MESA-030,V002195,candidato_A,valido,valido,valido,USR-0028
BAL-0001393,MESA-036,V002876,candidato_B,valido,valido,valido,USR-0031
BAL-0001394,MESA-064,V004285,candidato_B,valido,valido,valido,USR-0030
BAL-0001395,MESA-007,V004015,candidato_C,valido,valido,valido,USR-0035
BAL-0001396,MESA-020,V002318,candidato_A,valido,valido,valido,USR-0034
BAL-0001397,MESA-019,V000578,candidato_B,valido,valido,valido,USR-0034
BAL-0001398,MESA-033,V003469,candidato_A,valido,valido,valido,USR-0032
BAL-0001399,MESA-033,V001330,candidato_C,valido,valido,valido,USR-0031
BAL-0001400,MESA-017,V002936,marca_ambigua,invalido,valido,invalido,USR-0035
BAL-0001401,MESA-043,V002661,candidato_B,valido,invalido,valido,USR-0030
BAL-0001402,MESA-069,V001351,candidato_C,valido,valido,valido,USR-0032
BAL-0001403,MESA-023,V003812,candidato_A,valido,valido,valido,USR-0028
BAL-0001404,MESA-041,V003030,blanco,blanco,blanco,blanco,USR-0035
BAL-0001405,MESA-080,V002306,candidato_B,valido,valido,valido,USR-0029
BAL-0001406,MESA-069,V001023,candidato_C,valido,invalido,valido,USR-0030
BAL-0001407,MESA-035,V001393,candidato_A,valido,valido,valido,USR-0030
BAL-0001408,MESA-039,V003832,candidato_C,valido,valido,valido,USR-0029
BAL-0001409,MESA-039,V002334,candidato_A,valido,valido,valido,USR-0028
BAL-0001410,MESA-072,V003820,candidato_A,valido,invalido,valido,USR-0030
BAL-0001411,MESA-022,V003627,candidato_A,valido,valido,valido,USR-0033
BAL-0001412,MESA-035,V002533,candidato_C,valido,valido,valido,USR-0032
BAL-0001413,MESA-055,V004155,candidato_B,valido,valido,valido,USR-0033
BAL-0001414,MESA-009,V003653,candidato_A,valido,valido,valido,USR-0030
BAL-0001415,MESA-063,V004932,candidato_A,valido,valido,valido,USR-0029
BAL-0001416,MESA-015,V002097,candidato_C,valido,valido,valido,USR-0032
BAL-0001417,MESA-080,V000073,candidato_A,valido,valido,valido,USR-0034
BAL-0001418,MESA-029,V001987,candidato_B,valido,valido,valido,USR-0033
BAL-0001419,MESA-029,V002775,candidato_B,valido,valido,valido,USR-0030
BAL-0001420,MESA-031,V003676,candidato_A,valido,valido,valido,USR-0031
BAL-0001421,MESA-038,V002717,candidato_B,valido,valido,valido,USR-0030
BAL-0001422,MESA-035,V002766,candidato_C,valido,valido,valido,USR-0029
BAL-0001423,MESA-056,V003513,marca_ambigua,invalido,invalido,invalido,USR-0033
BAL-0001424,MESA-019,V001091,candidato_A,valido,valido,valido,USR-0033
BAL-0001425,MESA-026,V004214,candidato_A,valido,valido,valido,USR-0033
BAL-0001426,MESA-062,V004740,candidato_C,valido,invalido,valido,USR-0030
BAL-0001427,MESA-043,V003646,candidato_A,valido,valido,valido,USR-0028
BAL-0001428,MESA-025,V004325,candidato_B,valido,valido,valido,USR-0030
BAL-0001429,MESA-025,V000526,candidato_A,valido,valido,valido,USR-0028
BAL-0001430,MESA-063,V002644,candidato_A,valido,valido,valido,USR-0028
BAL-0001431,MESA-052,V004990,candidato_C,valido,valido,valido,USR-0031
BAL-0001432,MESA-010,V002141,candidato_B,valido,invalido,valido,USR-0028
BAL-0001433,MESA-055,V000587,candidato_B,valido,valido,valido,USR-0032
BAL-0001434,MESA-074,V001977,candidato_A,valido,valido,valido,USR-0031
BAL-0001435,MESA-079,V001990,blanco,blanco,blanco,blanco,USR-0033
BAL-0001436,MESA-061,V000411,blanco,blanco,blanco,blanco,USR-0029
BAL-0001437,MESA-064,V003592,candidato_B,valido,valido,valido,USR-0029
BAL-0001438,MESA-046,V001835,candidato_B,valido,valido,valido,USR-0033
BAL-0001439,MESA-036,V004346,candidato_A,valido,valido,valido,USR-0029
BAL-0001440,MESA-072,V002196,candidato_A,valido,valido,valido,USR-0035
BAL-0001441,MESA-045,V002483,candidato_B,valido,valido,valido,USR-0034
BAL-0001442,MESA-006,V000493,candidato_A,valido,valido,valido,USR-0035
BAL-0001443,MESA-065,V003550,candidato_B,valido,valido,valido,USR-0035
BAL-0001444,MESA-022,V003960,candidato_B,valido,valido,valido,USR-0028
BAL-0001445,MESA-027,V000217,candidato_C,valido,valido,valido,USR-0033
BAL-0001446,MESA-057,V003579,candidato_A,valido,valido,valido,USR-0028
BAL-0001447,MESA-014,V004068,candidato_C,valido,valido,valido,USR-0034
BAL-0001448,MESA-001,V002799,candidato_C,valido,invalido,valido,USR-0035
BAL-0001449,MESA-033,V002303,candidato_A,valido,valido,valido,USR-0031
BAL-0001450,MESA-077,V000010,candidato_A,valido,valido,valido,USR-0029
BAL-0001451,MESA-067,V003416,candidato_B,valido,valido,valido,USR-0029
BAL-0001452,MESA-040,V000019,candidato_B,valido,valido,valido,USR-0029
BAL-0001453,MESA-057,V004538,candidato_A,valido,valido,valido,USR-0030
BAL-0001454,MESA-041,V001696,candidato_C,valido,valido,valido,USR-0033
BAL-0001455,MESA-055,V004319,candidato_C,valido,valido,valido,USR-0032
BAL-0001456,MESA-006,V004924,candidato_B,valido,valido,valido,USR-0033
BAL-0001457,MESA-051,V004345,candidato_B,valido,valido,valido,USR-0034
BAL-0001458,MESA-002,V000837,candidato_B,valido,valido,valido,USR-0030
BAL-0001459,MESA-047,V001151,candidato_A,valido,valido,valido,USR-0028
BAL-0001460,MESA-074,V002658,candidato_B,valido,valido,valido,USR-0035
BAL-0001461,MESA-020,V001097,candidato_B,valido,valido,valido,USR-0030
BAL-0001462,MESA-071,V003429,candidato_A,valido,valido,valido,USR-0035
BAL-0001463,MESA-075,V003051,candidato_B,valido,valido,valido,USR-0034
BAL-0001464,MESA-065,V003937,candidato_A,valido,valido,valido,USR-0028
BAL-0001465,MESA-049,V000033,candidato_A,valido,valido,valido,USR-0033
BAL-0001466,MESA-013,V003855,candidato_A,valido,valido,valido,USR-0029
BAL-0001467,MESA-070,V002710,candidato_B,valido,valido,valido,USR-0034
BAL-0001468,MESA-042,V001077,candidato_B,valido,valido,valido,USR-0033
BAL-0001469,MESA-022,V003771,candidato_C,valido,valido,valido,USR-0029
BAL-0001470,MESA-065,V002732,candidato_A,valido,valido,valido,USR-0028
BAL-0001471,MESA-070,V000764,candidato_A,valido,valido,valido,USR-0029
BAL-0001472,MESA-072,V002673,candidato_A,valido,valido,valido,USR-0031
BAL-0001473,MESA-005,V001623,candidato_A,valido,invalido,valido,USR-0032
BAL-0001474,MESA-016,V004888,candidato_A,valido,valido,valido,USR-0032
BAL-0001475,MESA-071,V001059,candidato_A,valido,valido,valido,USR-0034
BAL-0001476,MESA-061,V000335,candidato_C,valido,valido,valido,USR-0031
BAL-0001477,MESA-001,V003830,candidato_C,valido,valido,valido,USR-0035
BAL-0001478,MESA-028,V002774,candidato_A,valido,valido,valido,USR-0029
BAL-0001479,MESA-062,V000953,blanco,blanco,blanco,blanco,USR-0033
BAL-0001480,MESA-026,V000625,blanco,blanco,blanco,blanco,USR-0035
BAL-0001481,MESA-004,V002192,candidato_C,valido,valido,valido,USR-0028
BAL-0001482,MESA-067,V003805,candidato_C,valido,valido,valido,USR-0034
BAL-0001483,MESA-051,V000196,candidato_C,valido,valido,valido,USR-0032
BAL-0001484,MESA-005,V004608,multiple_marca,nulo,nulo,nulo,USR-0035
BAL-0001485,MESA-017,V004539,candidato_A,valido,valido,valido,USR-0031
BAL-0001486,MESA-018,V003223,multiple_marca,nulo,nulo,nulo,USR-0033
BAL-0001487,MESA-016,V004874,candidato_B,valido,valido,valido,USR-0029
BAL-0001488,MESA-080,V002761,candidato_A,valido,valido,valido,USR-0034
BAL-0001489,MESA-028,V003474,candidato_B,valido,valido,valido,USR-0030
BAL-0001490,MESA-017,V003649,candidato_A,valido,valido,valido,USR-0029
BAL-0001491,MESA-014,V002065,candidato_B,valido,valido,valido,USR-0032
BAL-0001492,MESA-013,V000260,candidato_A,valido,valido,valido,USR-0031
BAL-0001493,MESA-028,V002647,candidato_B,valido,valido,valido,USR-0033
BAL-0001494,MESA-003,V001485,candidato_A,valido,valido,valido,USR-0031
BAL-0001495,MESA-060,V001003,candidato_A,valido,valido,valido,USR-0033
BAL-0001496,MESA-042,V000108,candidato_B,valido,valido,valido,USR-0029
BAL-0001497,MESA-003,V003369,candidato_B,valido,valido,valido,USR-0034
BAL-0001498,MESA-009,V003366,candidato_B,valido,valido,valido,USR-0028
BAL-0001499,MESA-057,V001197,candidato_A,valido,valido,valido,USR-0034
BAL-0001500,MESA-002,V003267,candidato_B,valido,valido,valido,USR-0029
BAL-0001501,MESA-047,V004070,candidato_B,valido,valido,valido,USR-0029
BAL-0001502,MESA-034,V002542,candidato_B,valido,valido,valido,USR-0032
BAL-0001503,MESA-035,V000932,candidato_A,valido,valido,valido,USR-0032
BAL-0001504,MESA-078,V002149,candidato_A,valido,valido,valido,USR-0028
BAL-0001505,MESA-057,V004276,candidato_B,valido,valido,valido,USR-0031
BAL-0001506,MESA-009,V001034,candidato_B,valido,valido,valido,USR-0029
BAL-0001507,MESA-043,V000910,candidato_A,valido,valido,valido,USR-0032
BAL-0001508,MESA-046,V002679,candidato_B,valido,valido,valido,USR-0034
BAL-0001509,MESA-016,V003213,candidato_C,valido,invalido,valido,USR-0031
BAL-0001510,MESA-023,V001812,candidato_A,valido,valido,valido,USR-0032
BAL-0001511,MESA-052,V004839,candidato_B,valido,valido,valido,USR-0033
BAL-0001512,MESA-016,V003950,candidato_B,valido,valido,valido,USR-0033
BAL-0001513,MESA-054,V003027,candidato_C,valido,valido,valido,USR-0031
BAL-0001514,MESA-023,V004513,candidato_A,valido,valido,valido,USR-0035
BAL-0001515,MESA-021,V002929,candidato_C,valido,valido,valido,USR-0031
BAL-0001516,MESA-034,V002168,candidato_B,valido,valido,valido,USR-0029
BAL-0001517,MESA-072,V003969,candidato_A,valido,valido,valido,USR-0031
BAL-0001518,MESA-073,V001121,candidato_B,valido,valido,valido,USR-0030
BAL-0001519,MESA-004,V003464,candidato_B,valido,valido,valido,USR-0033
BAL-0001520,MESA-042,V004579,candidato_A,valido,valido,valido,USR-0028
BAL-0001521,MESA-075,V002103,candidato_B,valido,valido,valido,USR-0035
BAL-0001522,MESA-003,V003577,candidato_C,valido,valido,valido,USR-0033
BAL-0001523,MESA-044,V000751,candidato_C,valido,valido,valido,USR-0031
BAL-0001524,MESA-007,V001553,candidato_B,valido,valido,valido,USR-0034
BAL-0001525,MESA-019,V000053,candidato_A,valido,valido,valido,USR-0035
BAL-0001526,MESA-039,V002396,candidato_A,valido,valido,valido,USR-0033
BAL-0001527,MESA-041,V001934,candidato_A,valido,valido,valido,USR-0028
BAL-0001528,MESA-054,V004160,candidato_A,valido,valido,valido,USR-0034
BAL-0001529,MESA-071,V000426,candidato_A,valido,valido,valido,USR-0032
BAL-0001530,MESA-047,V004158,blanco,blanco,nulo,blanco,USR-0029
BAL-0001531,MESA-041,V004368,candidato_A,valido,valido,valido,USR-0033
BAL-0001532,MESA-011,V002108,candidato_B,valido,valido,valido,USR-0030
BAL-0001533,MESA-007,V002210,candidato_B,valido,valido,valido,USR-0028
BAL-0001534,MESA-057,V001645,marca_ambigua,nulo,nulo,nulo,USR-0031
BAL-0001535,MESA-048,V002249,candidato_A,valido,valido,valido,USR-0031
BAL-0001536,MESA-029,V001598,candidato_A,valido,valido,valido,USR-0030
BAL-0001537,MESA-016,V000062,candidato_B,valido,valido,valido,USR-0031
BAL-0001538,MESA-041,V001615,candidato_B,valido,valido,valido,USR-0028
BAL-0001539,MESA-014,V001885,candidato_C,valido,valido,valido,USR-0029
BAL-0001540,MESA-015,V001639,candidato_B,valido,valido,valido,USR-0034
BAL-0001541,MESA-002,V001788,candidato_A,valido,valido,valido,USR-0028
BAL-0001542,MESA-017,V003073,candidato_A,valido,valido,valido,USR-0034
BAL-0001543,MESA-027,V002878,candidato_A,valido,valido,valido,USR-0031
BAL-0001544,MESA-073,V002811,candidato_B,valido,valido,valido,USR-0035
BAL-0001545,MESA-018,V000338,blanco,blanco,blanco,blanco,USR-0035
BAL-0001546,MESA-021,V002541,candidato_B,valido,valido,valido,USR-0035
BAL-0001547,MESA-077,V003654,candidato_A,valido,valido,valido,USR-0035
BAL-0001548,MESA-053,V001954,multiple_marca,nulo,nulo,nulo,USR-0035
BAL-0001549,MESA-052,V004559,candidato_A,valido,valido,valido,USR-0031
BAL-0001550,MESA-018,V000346,sin_marca,invalido,invalido,invalido,USR-0035
BAL-0001551,MESA-057,V001129,candidato_B,valido,valido,valido,USR-0034
BAL-0001552,MESA-064,V001653,candidato_B,valido,invalido,valido,USR-0030
BAL-0001553,MESA-069,V001278,blanco,blanco,blanco,blanco,USR-0035
BAL-0001554,MESA-007,V001620,candidato_A,valido,valido,valido,USR-0033
BAL-0001555,MESA-042,V000577,candidato_A,valido,valido,valido,USR-0029
BAL-0001556,MESA-032,V004153,candidato_B,valido,valido,valido,USR-0034
BAL-0001557,MESA-063,V001093,candidato_B,valido,valido,valido,USR-0028
BAL-0001558,MESA-055,V004398,candidato_A,valido,valido,valido,USR-0029
BAL-0001559,MESA-037,V002942,candidato_B,valido,invalido,valido,USR-0030
BAL-0001560,MESA-007,V001232,candidato_A,valido,valido,valido,USR-0033
BAL-0001561,MESA-033,V000633,marca_ambigua,nulo,nulo,nulo,USR-0031
BAL-0001562,MESA-023,V000160,candidato_A,valido,valido,valido,USR-0033
BAL-0001563,MESA-073,V003307,candidato_A,valido,invalido,valido,USR-0030
BAL-0001564,MESA-078,V003320,candidato_C,valido,valido,valido,USR-0033
BAL-0001565,MESA-072,V001445,candidato_A,valido,valido,valido,USR-0029
BAL-0001566,MESA-080,V000528,candidato_C,valido,valido,valido,USR-0031
BAL-0001567,MESA-029,V002063,candidato_A,valido,valido,valido,USR-0031
BAL-0001568,MESA-056,V003977,candidato_C,valido,valido,valido,USR-0034
BAL-0001569,MESA-043,V000419,candidato_A,valido,valido,valido,USR-0034
BAL-0001570,MESA-052,V004225,candidato_B,valido,valido,valido,USR-0035
BAL-0001571,MESA-070,V001933,candidato_C,valido,valido,valido,USR-0035
BAL-0001572,MESA-036,V000736,candidato_B,valido,valido,valido,USR-0029
BAL-0001573,MESA-052,V004953,candidato_B,valido,valido,valido,USR-0032
BAL-0001574,MESA-015,V000155,candidato_B,valido,valido,valido,USR-0033
BAL-0001575,MESA-043,V002725,candidato_C,valido,valido,valido,USR-0028
BAL-0001576,MESA-003,V004386,candidato_A,valido,valido,valido,USR-0035
BAL-0001577,MESA-042,V000021,candidato_C,valido,valido,valido,USR-0034
BAL-0001578,MESA-004,V004734,candidato_C,valido,invalido,valido,USR-0030
BAL-0001579,MESA-010,V003040,candidato_A,valido,valido,valido,USR-0028
BAL-0001580,MESA-042,V003843,candidato_B,valido,valido,valido,USR-0028
BAL-0001581,MESA-009,V000927,marca_ambigua,nulo,invalido,nulo,USR-0030
BAL-0001582,MESA-080,V000942,candidato_B,valido,valido,valido,USR-0030
BAL-0001583,MESA-031,V001875,candidato_A,valido,valido,valido,USR-0028
BAL-0001584,MESA-071,V003808,candidato_A,valido,valido,valido,USR-0031
BAL-0001585,MESA-039,V003781,candidato_A,valido,valido,valido,USR-0032
BAL-0001586,MESA-068,V003581,candidato_A,valido,valido,valido,USR-0028
BAL-0001587,MESA-034,V004871,candidato_B,valido,valido,valido,USR-0031
BAL-0001588,MESA-047,V000358,candidato_A,valido,valido,valido,USR-0028
BAL-0001589,MESA-051,V000361,candidato_A,valido,valido,valido,USR-0033
BAL-0001590,MESA-023,V004446,candidato_A,valido,valido,valido,USR-0033
BAL-0001591,MESA-027,V000248,candidato_B,valido,valido,valido,USR-0035
BAL-0001592,MESA-055,V000140,candidato_B,valido,valido,valido,USR-0031
BAL-0001593,MESA-069,V001366,candidato_A,valido,valido,valido,USR-0028
BAL-0001594,MESA-055,V001518,candidato_A,valido,valido,valido,USR-0028
BAL-0001595,MESA-058,V003368,candidato_B,valido,valido,valido,USR-0029
BAL-0001596,MESA-077,V000563,candidato_B,valido,valido,valido,USR-0029
BAL-0001597,MESA-045,V001521,marca_ambigua,nulo,nulo,nulo,USR-0033
BAL-0001598,MESA-071,V001711,candidato_B,valido,valido,valido,USR-0032
BAL-0001599,MESA-071,V004777,candidato_A,valido,valido,valido,USR-0030
BAL-0001600,MESA-080,V004554,candidato_C,valido,valido,valido,USR-0032
BAL-0001601,MESA-041,V001546,candidato_A,valido,valido,valido,USR-0033
BAL-0001602,MESA-080,V000325,candidato_A,valido,valido,valido,USR-0031
BAL-0001603,MESA-031,V000786,candidato_B,valido,valido,valido,USR-0032
BAL-0001604,MESA-045,V001318,candidato_A,valido,valido,valido,USR-0035
BAL-0001605,MESA-007,V000423,candidato_B,valido,valido,valido,USR-0033
BAL-0001606,MESA-044,V000752,candidato_A,valido,valido,valido,USR-0028
BAL-0001607,MESA-041,V003953,candidato_B,valido,valido,valido,USR-0034
BAL-0001608,MESA-042,V002273,candidato_B,valido,valido,valido,USR-0030
BAL-0001609,MESA-015,V003120,candidato_A,valido,valido,valido,USR-0029
BAL-0001610,MESA-033,V001556,candidato_B,valido,valido,valido,USR-0029
BAL-0001611,MESA-071,V001109,candidato_A,valido,valido,valido,USR-0030
BAL-0001612,MESA-034,V000072,candidato_A,valido,valido,valido,USR-0031
BAL-0001613,MESA-076,V001675,multiple_marca,nulo,nulo,nulo,USR-0033
BAL-0001614,MESA-015,V000687,candidato_B,valido,valido,valido,USR-0030
BAL-0001615,MESA-063,V000227,candidato_B,valido,valido,valido,USR-0034
BAL-0001616,MESA-056,V003880,candidato_C,valido,valido,valido,USR-0035
BAL-0001617,MESA-057,V003664,candidato_B,valido,valido,valido,USR-0033
BAL-0001618,MESA-060,V001723,candidato_C,valido,valido,valido,USR-0035
BAL-0001619,MESA-068,V000902,candidato_B,valido,valido,valido,USR-0035
BAL-0001620,MESA-035,V000214,candidato_B,valido,invalido,valido,USR-0029
BAL-0001621,MESA-028,V003309,candidato_A,valido,valido,valido,USR-0029
BAL-0001622,MESA-060,V001569,candidato_A,valido,valido,valido,USR-0032
BAL-0001623,MESA-080,V000819,candidato_B,valido,valido,valido,USR-0034
BAL-0001624,MESA-071,V000310,candidato_A,valido,valido,valido,USR-0030
BAL-0001625,MESA-049,V003801,candidato_A,valido,valido,valido,USR-0032
BAL-0001626,MESA-003,V001651,candidato_B,valido,valido,valido,USR-0032
BAL-0001627,MESA-003,V001225,candidato_B,valido,valido,valido,USR-0035
BAL-0001628,MESA-030,V004405,candidato_B,valido,valido,valido,USR-0032
BAL-0001629,MESA-054,V004646,candidato_B,valido,valido,valido,USR-0028
BAL-0001630,MESA-022,V003007,marca_ambigua,invalido,valido,invalido,USR-0030
BAL-0001631,MESA-039,V001756,candidato_A,valido,valido,valido,USR-0034
BAL-0001632,MESA-063,V003243,candidato_A,valido,valido,valido,USR-0028
BAL-0001633,MESA-056,V003006,candidato_B,valido,valido,valido,USR-0030
BAL-0001634,MESA-061,V004713,candidato_A,valido,valido,valido,USR-0032
BAL-0001635,MESA-021,V003403,candidato_C,valido,valido,valido,USR-0028
BAL-0001636,MESA-049,V000971,candidato_B,valido,valido,valido,USR-0032
BAL-0001637,MESA-053,V002502,candidato_B,valido,valido,valido,USR-0031
BAL-0001638,MESA-020,V001190,candidato_B,valido,invalido,valido,USR-0030
BAL-0001639,MESA-071,V000125,candidato_B,valido,valido,valido,USR-0034
BAL-0001640,MESA-034,V001164,candidato_A,valido,valido,valido,USR-0028
BAL-0001641,MESA-002,V003856,candidato_B,valido,valido,valido,USR-0035
BAL-0001642,MESA-002,V001607,candidato_A,valido,valido,valido,USR-0033
BAL-0001643,MESA-036,V001389,blanco,blanco,blanco,blanco,USR-0033
BAL-0001644,MESA-007,V000591,candidato_B,valido,valido,valido,USR-0032
BAL-0001645,MESA-031,V000028,candidato_B,valido,valido,valido,USR-0035
BAL-0001646,MESA-077,V004553,marca_ambigua,nulo,nulo,nulo,USR-0028
BAL-0001647,MESA-059,V003029,candidato_A,valido,valido,valido,USR-0035
BAL-0001648,MESA-055,V000306,candidato_A,valido,valido,valido,USR-0035
BAL-0001649,MESA-033,V002375,candidato_B,valido,valido,valido,USR-0034
BAL-0001650,MESA-059,V004521,candidato_C,valido,valido,valido,USR-0035
BAL-0001651,MESA-079,V001643,candidato_A,valido,valido,valido,USR-0033
BAL-0001652,MESA-068,V001208,candidato_B,valido,valido,valido,USR-0032
BAL-0001653,MESA-041,V003541,candidato_A,valido,valido,valido,USR-0028
BAL-0001654,MESA-038,V003959,candidato_C,valido,valido,valido,USR-0028
BAL-0001655,MESA-030,V003626,candidato_A,valido,valido,valido,USR-0029
BAL-0001656,MESA-017,V001600,candidato_A,valido,valido,valido,USR-0029
BAL-0001657,MESA-080,V003904,candidato_A,valido,valido,valido,USR-0028
BAL-0001658,MESA-021,V000692,candidato_B,valido,invalido,valido,USR-0030
BAL-0001659,MESA-047,V003273,candidato_B,valido,valido,valido,USR-0032
BAL-0001660,MESA-058,V003270,candidato_A,valido,valido,valido,USR-0030
BAL-0001661,MESA-076,V000943,candidato_A,valido,valido,valido,USR-0028
BAL-0001662,MESA-052,V003086,candidato_B,valido,valido,valido,USR-0035
BAL-0001663,MESA-038,V001787,candidato_B,valido,valido,valido,USR-0030
BAL-0001664,MESA-042,V002773,candidato_B,valido,valido,valido,USR-0030
BAL-0001665,MESA-021,V000637,candidato_A,valido,valido,valido,USR-0033
BAL-0001666,MESA-055,V004376,candidato_A,valido,invalido,valido,USR-0029
BAL-0001667,MESA-054,V000891,candidato_A,valido,valido,valido,USR-0031
BAL-0001668,MESA-010,V001055,candidato_C,valido,valido,valido,USR-0028
BAL-0001669,MESA-035,V001860,candidato_A,valido,valido,valido,USR-0034
BAL-0001670,MESA-025,V000885,candidato_B,valido,valido,valido,USR-0035
BAL-0001671,MESA-070,V004961,candidato_B,valido,valido,valido,USR-0029
BAL-0001672,MESA-039,V001110,candidato_B,valido,valido,valido,USR-0032
BAL-0001673,MESA-063,V004502,candidato_B,valido,valido,valido,USR-0028
BAL-0001674,MESA-065,V000405,candidato_A,valido,valido,valido,USR-0028
BAL-0001675,MESA-044,V001705,candidato_A,valido,invalido,valido,USR-0030
BAL-0001676,MESA-061,V003811,candidato_A,valido,valido,valido,USR-0029
BAL-0001677,MESA-029,V000209,candidato_A,valido,valido,valido,USR-0032
BAL-0001678,MESA-016,V003135,candidato_B,valido,valido,valido,USR-0029
BAL-0001679,MESA-042,V000116,candidato_B,valido,valido,valido,USR-0035
BAL-0001680,MESA-011,V000695,candidato_A,valido,valido,valido,USR-0031
BAL-0001681,MESA-011,V001906,candidato_B,valido,valido,valido,USR-0034
BAL-0001682,MESA-032,V000318,candidato_C,valido,valido,valido,USR-0031
BAL-0001683,MESA-054,V001573,candidato_A,valido,valido,valido,USR-0033
BAL-0001684,MESA-071,V000518,candidato_B,valido,invalido,valido,USR-0030
BAL-0001685,MESA-037,V004680,candidato_B,valido,valido,valido,USR-0035
BAL-0001686,MESA-071,V000962,candidato_A,valido,valido,valido,USR-0033
BAL-0001687,MESA-027,V001384,candidato_B,valido,valido,valido,USR-0035
BAL-0001688,MESA-036,V004133,candidato_A,valido,valido,valido,USR-0032
BAL-0001689,MESA-029,V004685,candidato_C,valido,valido,valido,USR-0031
BAL-0001690,MESA-040,V001079,candidato_A,valido,valido,valido,USR-0028
BAL-0001691,MESA-011,V000732,candidato_C,valido,valido,valido,USR-0033
BAL-0001692,MESA-038,V004239,candidato_A,valido,invalido,valido,USR-0030
BAL-0001693,MESA-052,V000785,candidato_B,valido,valido,valido,USR-0029
BAL-0001694,MESA-017,V000283,marca_ambigua,nulo,nulo,nulo,USR-0031
BAL-0001695,MESA-034,V004636,candidato_C,valido,valido,valido,USR-0032
BAL-0001696,MESA-006,V000608,blanco,blanco,nulo,blanco,USR-0034
BAL-0001697,MESA-077,V003106,candidato_B,valido,valido,valido,USR-0032
BAL-0001698,MESA-002,V004004,candidato_C,valido,valido,valido,USR-0034
BAL-0001699,MESA-072,V000368,candidato_B,valido,valido,valido,USR-0029
BAL-0001700,MESA-053,V002278,candidato_A,valido,valido,valido,USR-0034
BAL-0001701,MESA-058,V003062,candidato_C,valido,valido,valido,USR-0034
BAL-0001702,MESA-073,V002800,candidato_C,valido,valido,valido,USR-0028
BAL-0001703,MESA-014,V001999,candidato_A,valido,valido,valido,USR-0032
BAL-0001704,MESA-013,V004831,candidato_B,valido,valido,valido,USR-0033
BAL-0001705,MESA-068,V000351,candidato_A,valido,valido,valido,USR-0034
BAL-0001706,MESA-010,V002128,candidato_B,valido,valido,valido,USR-0032
BAL-0001707,MESA-050,V000861,candidato_A,valido,valido,valido,USR-0033
BAL-0001708,MESA-010,V002592,candidato_A,valido,valido,valido,USR-0029
BAL-0001709,MESA-070,V002492,sin_marca,invalido,invalido,invalido,USR-0030
BAL-0001710,MESA-073,V002700,candidato_A,valido,valido,valido,USR-0031
BAL-0001711,MESA-077,V004255,candidato_A,valido,valido,valido,USR-0032
BAL-0001712,MESA-023,V004365,candidato_A,valido,valido,valido,USR-0029
BAL-0001713,MESA-014,V000699,blanco,blanco,blanco,blanco,USR-0029
BAL-0001714,MESA-070,V002955,blanco,blanco,blanco,blanco,USR-0034
BAL-0001715,MESA-048,V002675,candidato_B,valido,valido,valido,USR-0028
BAL-0001716,MESA-028,V000865,candidato_C,valido,valido,valido,USR-0034
BAL-0001717,MESA-017,V003983,candidato_B,valido,valido,valido,USR-0034
BAL-0001718,MESA-075,V002552,candidato_A,valido,valido,valido,USR-0033
BAL-0001719,MESA-072,V000211,candidato_B,valido,valido,valido,USR-0034
BAL-0001720,MESA-055,V002524,candidato_B,valido,valido,valido,USR-0034
BAL-0001721,MESA-078,V000244,candidato_B,valido,valido,valido,USR-0032
BAL-0001722,MESA-067,V000476,candidato_A,valido,valido,valido,USR-0034
BAL-0001723,MESA-010,V002490,candidato_A,valido,valido,valido,USR-0029
BAL-0001724,MESA-075,V003625,candidato_A,valido,valido,valido,USR-0028
BAL-0001725,MESA-024,V002831,candidato_A,valido,valido,valido,USR-0030
BAL-0001726,MESA-063,V002238,candidato_A,valido,valido,valido,USR-0035
BAL-0001727,MESA-010,V003995,candidato_A,valido,valido,valido,USR-0034
BAL-0001728,MESA-076,V003101,candidato_C,valido,valido,valido,USR-0029
BAL-0001729,MESA-026,V000473,candidato_A,valido,valido,valido,USR-0031
BAL-0001730,MESA-066,V002209,candidato_B,valido,valido,valido,USR-0035
BAL-0001731,MESA-007,V004486,candidato_B,valido,valido,valido,USR-0030
BAL-0001732,MESA-012,V000918,candidato_B,valido,valido,valido,USR-0035
BAL-0001733,MESA-008,V003923,candidato_C,valido,valido,valido,USR-0031
BAL-0001734,MESA-048,V003447,blanco,blanco,blanco,blanco,USR-0030
BAL-0001735,MESA-021,V001594,candidato_B,valido,invalido,valido,USR-0030
BAL-0001736,MESA-041,V000859,candidato_C,valido,valido,valido,USR-0029
BAL-0001737,MESA-060,V004103,candidato_B,valido,valido,valido,USR-0029
BAL-0001738,MESA-061,V004000,candidato_A,valido,valido,valido,USR-0031
BAL-0001739,MESA-031,V001457,candidato_A,valido,valido,valido,USR-0029
BAL-0001740,MESA-025,V002525,candidato_B,valido,valido,valido,USR-0035
BAL-0001741,MESA-018,V001632,candidato_B,valido,valido,valido,USR-0035
BAL-0001742,MESA-036,V001054,candidato_B,valido,valido,valido,USR-0031
BAL-0001743,MESA-067,V001884,candidato_C,valido,invalido,valido,USR-0030
BAL-0001744,MESA-019,V002087,candidato_B,valido,valido,valido,USR-0032
BAL-0001745,MESA-031,V003326,candidato_B,valido,valido,valido,USR-0031
BAL-0001746,MESA-066,V004095,candidato_A,valido,invalido,valido,USR-0030
BAL-0001747,MESA-011,V003248,candidato_B,valido,valido,valido,USR-0028
BAL-0001748,MESA-070,V002676,candidato_A,valido,valido,valido,USR-0032
BAL-0001749,MESA-028,V004569,candidato_A,valido,valido,valido,USR-0035
BAL-0001750,MESA-007,V004382,multiple_marca,nulo,nulo,nulo,USR-0032
BAL-0001751,MESA-033,V003782,blanco,blanco,blanco,blanco,USR-0035
BAL-0001752,MESA-046,V004078,candidato_B,valido,valido,valido,USR-0034
BAL-0001753,MESA-049,V002865,candidato_A,valido,valido,valido,USR-0032
BAL-0001754,MESA-018,V003242,candidato_B,valido,valido,valido,USR-0033
BAL-0001755,MESA-056,V004859,candidato_A,valido,valido,valido,USR-0029
BAL-0001756,MESA-041,V002696,candidato_A,valido,valido,valido,USR-0028
BAL-0001757,MESA-030,V002478,candidato_A,valido,valido,valido,USR-0035
BAL-0001758,MESA-025,V001943,candidato_B,valido,valido,valido,USR-0034
BAL-0001759,MESA-078,V002599,blanco,blanco,blanco,blanco,USR-0035
BAL-0001760,MESA-076,V000504,candidato_A,valido,invalido,valido,USR-0030
BAL-0001761,MESA-073,V004337,candidato_B,valido,valido,valido,USR-0033
BAL-0001762,MESA-012,V002356,candidato_A,valido,valido,valido,USR-0033
BAL-0001763,MESA-070,V002934,candidato_B,valido,valido,valido,USR-0032
BAL-0001764,MESA-075,V002749,candidato_A,valido,valido,valido,USR-0035
BAL-0001765,MESA-044,V002465,candidato_A,valido,invalido,valido,USR-0029
BAL-0001766,MESA-040,V001897,candidato_A,valido,valido,valido,USR-0035
BAL-0001767,MESA-021,V000355,candidato_C,valido,valido,valido,USR-0034
BAL-0001768,MESA-075,V004049,candidato_A,valido,invalido,valido,USR-0030
BAL-0001769,MESA-064,V004245,blanco,blanco,blanco,blanco,USR-0033
BAL-0001770,MESA-007,V002202,candidato_B,valido,valido,valido,USR-0034
BAL-0001771,MESA-071,V002688,candidato_B,valido,valido,valido,USR-0033
BAL-0001772,MESA-022,V004154,candidato_B,valido,invalido,valido,USR-0030
BAL-0001773,MESA-064,V003523,candidato_A,valido,valido,valido,USR-0029
BAL-0001774,MESA-033,V004492,candidato_A,valido,valido,valido,USR-0028
BAL-0001775,MESA-009,V004601,candidato_A,valido,valido,valido,USR-0035
BAL-0001776,MESA-013,V001285,candidato_B,valido,valido,valido,USR-0031
BAL-0001777,MESA-025,V003555,candidato_A,valido,valido,valido,USR-0032
BAL-0001778,MESA-066,V001908,candidato_A,valido,valido,valido,USR-0035
BAL-0001779,MESA-054,V002432,candidato_A,valido,valido,valido,USR-0032
BAL-0001780,MESA-017,V003704,blanco,blanco,blanco,blanco,USR-0032
BAL-0001781,MESA-054,V004769,candidato_C,valido,valido,valido,USR-0033
BAL-0001782,MESA-020,V000365,candidato_B,valido,valido,valido,USR-0032
BAL-0001783,MESA-051,V000165,candidato_B,valido,valido,valido,USR-0029
BAL-0001784,MESA-016,V002029,candidato_B,valido,valido,valido,USR-0030
BAL-0001785,MESA-031,V003605,candidato_B,valido,valido,valido,USR-0032
BAL-0001786,MESA-058,V001921,candidato_A,valido,valido,valido,USR-0034
BAL-0001787,MESA-014,V003901,candidato_B,valido,valido,valido,USR-0032
BAL-0001788,MESA-062,V002872,blanco,blanco,blanco,blanco,USR-0030
BAL-0001789,MESA-030,V001574,candidato_C,valido,valido,valido,USR-0035
BAL-0001790,MESA-057,V002178,candidato_C,valido,valido,valido,USR-0030
BAL-0001791,MESA-080,V000661,candidato_B,valido,invalido,valido,USR-0030
BAL-0001792,MESA-056,V004519,candidato_A,valido,valido,valido,USR-0032
BAL-0001793,MESA-017,V004678,candidato_B,valido,valido,valido,USR-0029
BAL-0001794,MESA-051,V003390,candidato_A,valido,valido,valido,USR-0031
BAL-0001795,MESA-023,V001776,candidato_C,valido,valido,valido,USR-0031
BAL-0001796,MESA-021,V004481,candidato_A,valido,valido,valido,USR-0032
BAL-0001797,MESA-042,V002987,candidato_A,valido,valido,valido,USR-0035
BAL-0001798,MESA-010,V001236,candidato_B,valido,valido,valido,USR-0035
BAL-0001799,MESA-049,V000983,candidato_B,valido,valido,valido,USR-0033
BAL-0001800,MESA-013,V002136,candidato_A,valido,valido,valido,USR-0034
BAL-0001801,MESA-080,V003635,candidato_C,valido,valido,valido,USR-0029
BAL-0001802,MESA-044,V004179,candidato_B,valido,valido,valido,USR-0029
BAL-0001803,MESA-074,V004635,candidato_C,valido,valido,valido,USR-0034
BAL-0001804,MESA-008,V003433,candidato_B,valido,valido,valido,USR-0028
BAL-0001805,MESA-016,V003018,candidato_A,valido,valido,valido,USR-0034
BAL-0001806,MESA-063,V002534,candidato_A,valido,valido,valido,USR-0033
BAL-0001807,MESA-002,V003564,blanco,blanco,blanco,blanco,USR-0032
BAL-0001808,MESA-045,V000077,candidato_A,valido,valido,valido,USR-0034
BAL-0001809,MESA-006,V000671,candidato_A,valido,valido,valido,USR-0028
BAL-0001810,MESA-064,V004886,candidato_B,valido,valido,valido,USR-0029
BAL-0001811,MESA-037,V004746,candidato_A,valido,valido,valido,USR-0030
BAL-0001812,MESA-025,V000184,candidato_A,valido,valido,valido,USR-0032
BAL-0001813,MESA-050,V002669,blanco,blanco,blanco,blanco,USR-0032
BAL-0001814,MESA-009,V002076,candidato_A,valido,invalido,valido,USR-0028
BAL-0001815,MESA-073,V003918,candidato_B,valido,valido,valido,USR-0033
BAL-0001816,MESA-054,V002252,candidato_B,valido,valido,valido,USR-0033
BAL-0001817,MESA-035,V000056,candidato_B,valido,valido,valido,USR-0034
BAL-0001818,MESA-071,V004570,candidato_C,valido,valido,valido,USR-0034
BAL-0001819,MESA-019,V002222,candidato_B,valido,valido,valido,USR-0028
BAL-0001820,MESA-066,V004388,candidato_C,valido,valido,valido,USR-0031
BAL-0001821,MESA-058,V000897,marca_ambigua,invalido,valido,invalido,USR-0034
BAL-0001822,MESA-068,V001841,candidato_C,valido,valido,valido,USR-0031
BAL-0001823,MESA-075,V001383,candidato_B,valido,valido,valido,USR-0031
BAL-0001824,MESA-061,V003748,candidato_B,valido,valido,valido,USR-0033
BAL-0001825,MESA-024,V002750,blanco,blanco,blanco,blanco,USR-0034
BAL-0001826,MESA-058,V002770,candidato_A,valido,valido,valido,USR-0028
BAL-0001827,MESA-034,V002460,candidato_B,valido,valido,valido,USR-0028
BAL-0001828,MESA-025,V001313,multiple_marca,nulo,nulo,nulo,USR-0029
BAL-0001829,MESA-029,V002372,candidato_B,valido,invalido,valido,USR-0031
BAL-0001830,MESA-073,V004002,candidato_A,valido,valido,valido,USR-0028
BAL-0001831,MESA-050,V000138,candidato_C,valido,valido,valido,USR-0034
BAL-0001832,MESA-029,V001462,candidato_B,valido,valido,valido,USR-0035
BAL-0001833,MESA-044,V000221,candidato_C,valido,valido,valido,USR-0030
BAL-0001834,MESA-069,V001107,candidato_A,valido,valido,valido,USR-0033
BAL-0001835,MESA-049,V001554,candidato_A,valido,valido,valido,USR-0035
BAL-0001836,MESA-052,V004293,candidato_A,valido,valido,valido,USR-0030
BAL-0001837,MESA-061,V004799,candidato_B,valido,valido,valido,USR-0028
BAL-0001838,MESA-001,V001427,candidato_B,valido,valido,valido,USR-0035
BAL-0001839,MESA-064,V000131,candidato_C,valido,valido,valido,USR-0032
BAL-0001840,MESA-058,V001215,marca_ambigua,nulo,nulo,nulo,USR-0029
BAL-0001841,MESA-041,V004435,candidato_C,valido,invalido,valido,USR-0031
BAL-0001842,MESA-032,V001624,candidato_A,valido,valido,valido,USR-0030
BAL-0001843,MESA-064,V003967,candidato_A,valido,invalido,valido,USR-0030
BAL-0001844,MESA-003,V001677,candidato_C,valido,valido,valido,USR-0031
BAL-0001845,MESA-030,V000496,candidato_A,valido,valido,valido,USR-0035
BAL-0001846,MESA-039,V000334,candidato_B,valido,valido,valido,USR-0029
BAL-0001847,MESA-024,V002068,candidato_C,valido,valido,valido,USR-0033
BAL-0001848,MESA-043,V004147,candidato_A,valido,valido,valido,USR-0028
BAL-0001849,MESA-006,V000004,candidato_C,valido,valido,valido,USR-0034
BAL-0001850,MESA-052,V000590,candidato_B,valido,valido,valido,USR-0028
BAL-0001851,MESA-071,V002059,candidato_C,valido,valido,valido,USR-0033
BAL-0001852,MESA-067,V000926,candidato_A,valido,valido,valido,USR-0031
BAL-0001853,MESA-001,V002051,candidato_B,valido,valido,valido,USR-0030
BAL-0001854,MESA-015,V000852,candidato_A,valido,valido,valido,USR-0033
BAL-0001855,MESA-069,V000290,candidato_B,valido,valido,valido,USR-0029
BAL-0001856,MESA-007,V001360,candidato_A,valido,valido,valido,USR-0029
BAL-0001857,MESA-016,V004258,blanco,blanco,blanco,blanco,USR-0032
BAL-0001858,MESA-077,V000840,candidato_C,valido,valido,valido,USR-0028
BAL-0001859,MESA-062,V001512,candidato_A,valido,valido,valido,USR-0035
BAL-0001860,MESA-076,V000359,candidato_A,valido,valido,valido,USR-0029
BAL-0001861,MESA-024,V002699,candidato_A,valido,valido,valido,USR-0034
BAL-0001862,MESA-033,V004135,candidato_A,valido,valido,valido,USR-0032
BAL-0001863,MESA-071,V004227,candidato_A,valido,valido,valido,USR-0032
BAL-0001864,MESA-006,V001239,candidato_A,valido,valido,valido,USR-0033
BAL-0001865,MESA-069,V000677,candidato_A,valido,valido,valido,USR-0034
BAL-0001866,MESA-014,V000738,candidato_B,valido,valido,valido,USR-0034
BAL-0001867,MESA-053,V004989,candidato_C,valido,valido,valido,USR-0031
BAL-0001868,MESA-037,V000296,candidato_A,valido,valido,valido,USR-0032
BAL-0001869,MESA-029,V002576,candidato_A,valido,valido,valido,USR-0028
BAL-0001870,MESA-051,V003600,candidato_B,valido,valido,valido,USR-0028
BAL-0001871,MESA-055,V000074,candidato_A,valido,valido,valido,USR-0035
BAL-0001872,MESA-051,V001401,candidato_B,valido,valido,valido,USR-0035
BAL-0001873,MESA-042,V001726,candidato_A,valido,valido,valido,USR-0029
BAL-0001874,MESA-042,V000360,candidato_A,valido,valido,valido,USR-0032
BAL-0001875,MESA-070,V002868,candidato_A,valido,valido,valido,USR-0033
BAL-0001876,MESA-022,V002796,candidato_B,valido,valido,valido,USR-0029
BAL-0001877,MESA-046,V001387,candidato_B,valido,valido,valido,USR-0028
BAL-0001878,MESA-044,V002417,candidato_B,valido,valido,valido,USR-0030
BAL-0001879,MESA-062,V004605,candidato_A,valido,valido,valido,USR-0032
BAL-0001880,MESA-036,V000177,candidato_B,valido,valido,valido,USR-0030
BAL-0001881,MESA-022,V003168,candidato_C,valido,valido,valido,USR-0028
BAL-0001882,MESA-037,V003647,candidato_A,valido,valido,valido,USR-0034
BAL-0001883,MESA-019,V004090,candidato_A,valido,valido,valido,USR-0033
BAL-0001884,MESA-056,V004668,candidato_B,valido,valido,valido,USR-0033
BAL-0001885,MESA-072,V000907,candidato_A,valido,valido,valido,USR-0033
BAL-0001886,MESA-012,V004342,candidato_B,valido,valido,valido,USR-0028
BAL-0001887,MESA-069,V002816,candidato_C,valido,valido,valido,USR-0034
BAL-0001888,MESA-074,V003037,candidato_B,valido,valido,valido,USR-0031
BAL-0001889,MESA-045,V000171,candidato_B,valido,valido,valido,USR-0031
BAL-0001890,MESA-052,V001662,candidato_A,valido,valido,valido,USR-0028
BAL-0001891,MESA-075,V000543,candidato_B,valido,valido,valido,USR-0034
BAL-0001892,MESA-075,V004557,candidato_A,valido,valido,valido,USR-0035
BAL-0001893,MESA-056,V002790,candidato_B,valido,invalido,valido,USR-0030
BAL-0001894,MESA-045,V001290,candidato_B,valido,valido,valido,USR-0032
BAL-0001895,MESA-030,V004901,candidato_B,valido,valido,valido,USR-0028
BAL-0001896,MESA-026,V001750,blanco,blanco,blanco,blanco,USR-0028
BAL-0001897,MESA-008,V003132,candidato_B,valido,valido,valido,USR-0030
BAL-0001898,MESA-029,V001642,candidato_A,valido,valido,valido,USR-0032
BAL-0001899,MESA-068,V004581,candidato_A,valido,valido,valido,USR-0031
BAL-0001900,MESA-007,V004995,candidato_A,valido,valido,valido,USR-0028
BAL-0001901,MESA-006,V002666,multiple_marca,nulo,valido,nulo,USR-0034
BAL-0001902,MESA-031,V004462,multiple_marca,nulo,nulo,nulo,USR-0035
BAL-0001903,MESA-059,V002486,candidato_A,valido,valido,valido,USR-0035
BAL-0001904,MESA-011,V003589,candidato_B,valido,valido,valido,USR-0033
BAL-0001905,MESA-066,V002105,candidato_A,valido,valido,valido,USR-0031
BAL-0001906,MESA-048,V003911,sin_marca,invalido,valido,invalido,USR-0032
BAL-0001907,MESA-044,V000799,candidato_B,valido,valido,valido,USR-0032
BAL-0001908,MESA-012,V000120,candidato_B,valido,valido,valido,USR-0031
BAL-0001909,MESA-078,V001220,candidato_C,valido,valido,valido,USR-0029
BAL-0001910,MESA-019,V002578,candidato_C,valido,valido,valido,USR-0032
BAL-0001911,MESA-058,V002067,candidato_A,valido,valido,valido,USR-0030
BAL-0001912,MESA-079,V001772,candidato_A,valido,valido,valido,USR-0034
BAL-0001913,MESA-063,V004223,candidato_B,valido,valido,valido,USR-0035
BAL-0001914,MESA-029,V000133,candidato_A,valido,valido,valido,USR-0031
BAL-0001915,MESA-004,V003088,candidato_C,valido,valido,valido,USR-0035
BAL-0001916,MESA-074,V004549,candidato_A,valido,valido,valido,USR-0034
BAL-0001917,MESA-004,V000559,candidato_C,valido,valido,valido,USR-0030
BAL-0001918,MESA-061,V004855,candidato_A,valido,valido,valido,USR-0028
BAL-0001919,MESA-049,V000964,candidato_A,valido,valido,valido,USR-0034
BAL-0001920,MESA-007,V001196,candidato_A,valido,valido,valido,USR-0032
BAL-0001921,MESA-009,V002445,candidato_A,valido,valido,valido,USR-0035
BAL-0001922,MESA-056,V003435,candidato_A,valido,valido,valido,USR-0029
BAL-0001923,MESA-078,V001605,candidato_B,valido,valido,valido,USR-0028
BAL-0001924,MESA-062,V002332,candidato_A,valido,valido,valido,USR-0034
BAL-0001925,MESA-068,V003291,candidato_B,valido,valido,valido,USR-0031
BAL-0001926,MESA-054,V002464,candidato_B,valido,valido,valido,USR-0032
BAL-0001927,MESA-035,V004690,candidato_B,valido,valido,valido,USR-0032
BAL-0001928,MESA-022,V003640,candidato_B,valido,valido,valido,USR-0031
BAL-0001929,MESA-011,V004479,candidato_A,valido,valido,valido,USR-0034
BAL-0001930,MESA-001,V003255,candidato_B,valido,valido,valido,USR-0028
BAL-0001931,MESA-044,V002297,candidato_B,valido,valido,valido,USR-0032
BAL-0001932,MESA-039,V001963,candidato_B,valido,valido,valido,USR-0033
BAL-0001933,MESA-026,V001784,candidato_A,valido,valido,valido,USR-0031
BAL-0001934,MESA-018,V002145,candidato_B,valido,valido,valido,USR-0028
BAL-0001935,MESA-051,V003218,candidato_C,valido,valido,valido,USR-0031
BAL-0001936,MESA-015,V000098,candidato_C,valido,valido,valido,USR-0034
BAL-0001937,MESA-036,V002880,sin_marca,invalido,invalido,invalido,USR-0033
BAL-0001938,MESA-059,V004112,candidato_B,valido,valido,valido,USR-0034
BAL-0001939,MESA-016,V002623,candidato_C,valido,valido,valido,USR-0031
BAL-0001940,MESA-070,V004850,candidato_C,valido,valido,valido,USR-0033
BAL-0001941,MESA-047,V004818,marca_ambigua,invalido,invalido,invalido,USR-0035
BAL-0001942,MESA-067,V001935,candidato_A,valido,valido,valido,USR-0029
BAL-0001943,MESA-002,V001871,candidato_B,valido,valido,valido,USR-0030
BAL-0001944,MESA-032,V000727,candidato_B,valido,valido,valido,USR-0034
BAL-0001945,MESA-069,V001542,blanco,blanco,blanco,blanco,USR-0032
BAL-0001946,MESA-019,V002263,candidato_A,valido,valido,valido,USR-0028
BAL-0001947,MESA-068,V004948,candidato_C,valido,valido,valido,USR-0035
BAL-0001948,MESA-025,V000178,candidato_C,valido,invalido,valido,USR-0030
BAL-0001949,MESA-040,V002802,candidato_B,valido,valido,valido,USR-0028
BAL-0001950,MESA-028,V002389,candidato_C,valido,valido,valido,USR-0033
BAL-0001951,MESA-019,V003384,candidato_C,valido,valido,valido,USR-0032
BAL-0001952,MESA-046,V001732,candidato_C,valido,invalido,valido,USR-0030
BAL-0001953,MESA-070,V000440,candidato_A,valido,valido,valido,USR-0032
BAL-0001954,MESA-054,V001438,candidato_A,valido,valido,valido,USR-0035
BAL-0001955,MESA-019,V003560,candidato_A,valido,valido,valido,USR-0035
BAL-0001956,MESA-049,V004001,candidato_B,valido,valido,valido,USR-0030
BAL-0001957,MESA-015,V000509,blanco,blanco,nulo,blanco,USR-0035
BAL-0001958,MESA-071,V003736,candidato_B,valido,valido,valido,USR-0030
BAL-0001959,MESA-003,V004835,candidato_C,valido,valido,valido,USR-0034
BAL-0001960,MESA-079,V004027,candidato_A,valido,valido,valido,USR-0028
BAL-0001961,MESA-065,V004563,candidato_A,valido,valido,valido,USR-0029
BAL-0001962,MESA-002,V001694,candidato_C,valido,valido,valido,USR-0032
BAL-0001963,MESA-019,V003859,candidato_B,valido,valido,valido,USR-0034
BAL-0001964,MESA-015,V002966,candidato_B,valido,valido,valido,USR-0035
BAL-0001965,MESA-017,V004444,candidato_A,valido,valido,valido,USR-0034
BAL-0001966,MESA-033,V004670,candidato_B,valido,valido,valido,USR-0033
BAL-0001967,MESA-067,V000395,candidato_B,valido,valido,valido,USR-0034
BAL-0001968,MESA-076,V003201,sin_marca,invalido,valido,invalido,USR-0032
BAL-0001969,MESA-010,V003303,candidato_B,valido,valido,valido,USR-0034
BAL-0001970,MESA-068,V002347,candidato_A,valido,valido,valido,USR-0030
BAL-0001971,MESA-078,V000616,multiple_marca,nulo,nulo,nulo,USR-0033
BAL-0001972,MESA-022,V002287,candidato_B,valido,valido,valido,USR-0032
BAL-0001973,MESA-030,V003359,candidato_A,valido,valido,valido,USR-0032
BAL-0001974,MESA-065,V003036,candidato_B,valido,valido,valido,USR-0029
BAL-0001975,MESA-043,V000316,candidato_B,valido,valido,valido,USR-0035
BAL-0001976,MESA-004,V000519,marca_ambigua,invalido,invalido,invalido,USR-0032
BAL-0001977,MESA-024,V003404,candidato_B,valido,valido,valido,USR-0032
BAL-0001978,MESA-068,V001014,candidato_C,valido,invalido,valido,USR-0030
BAL-0001979,MESA-007,V004334,candidato_C,valido,invalido,valido,USR-0030
BAL-0001980,MESA-048,V003181,candidato_C,valido,valido,valido,USR-0028
BAL-0001981,MESA-072,V004177,candidato_C,valido,valido,valido,USR-0035
BAL-0001982,MESA-018,V000388,candidato_A,valido,valido,valido,USR-0032
BAL-0001983,MESA-063,V004562,candidato_A,valido,valido,valido,USR-0030
BAL-0001984,MESA-034,V000076,candidato_B,valido,valido,valido,USR-0035
BAL-0001985,MESA-038,V003897,candidato_A,valido,valido,valido,USR-0033
BAL-0001986,MESA-073,V004876,candidato_B,valido,valido,valido,USR-0032
BAL-0001987,MESA-077,V002835,candidato_B,valido,valido,valido,USR-0028
BAL-0001988,MESA-007,V002350,blanco,blanco,blanco,blanco,USR-0035
BAL-0001989,MESA-066,V000301,candidato_B,valido,valido,valido,USR-0034
BAL-0001990,MESA-055,V000985,blanco,blanco,blanco,blanco,USR-0029
BAL-0001991,MESA-040,V004096,candidato_B,valido,valido,valido,USR-0035
BAL-0001992,MESA-065,V002596,candidato_B,valido,invalido,valido,USR-0030
BAL-0001993,MESA-074,V001286,multiple_marca,nulo,nulo,nulo,USR-0035
BAL-0001994,MESA-004,V000313,candidato_C,valido,valido,valido,USR-0034
BAL-0001995,MESA-034,V002221,sin_marca,invalido,invalido,invalido,USR-0031
BAL-0001996,MESA-046,V001443,candidato_A,valido,valido,valido,USR-0030
BAL-0001997,MESA-077,V003024,multiple_marca,nulo,valido,nulo,USR-0033
BAL-0001998,MESA-060,V003475,candidato_B,valido,valido,valido,USR-0028
BAL-0001999,MESA-026,V002788,candidato_A,valido,valido,valido,USR-0031
BAL-0002000,MESA-030,V002081,candidato_B,valido,valido,valido,USR-0029
BAL-0002001,MESA-055,V003707,candidato_B,valido,valido,valido,USR-0028
BAL-0002002,MESA-004,V000242,candidato_B,valido,invalido,valido,USR-0035
BAL-0002003,MESA-073,V004301,sin_marca,invalido,invalido,invalido,USR-0030
BAL-0002004,MESA-006,V003377,sin_marca,invalido,valido,invalido,USR-0029
BAL-0002005,MESA-031,V003842,candidato_A,valido,valido,valido,USR-0030
BAL-0002006,MESA-062,V003076,candidato_B,valido,valido,valido,USR-0029
BAL-0002007,MESA-074,V003602,candidato_B,valido,valido,valido,USR-0033
BAL-0002008,MESA-012,V004503,candidato_C,valido,valido,valido,USR-0029
BAL-0002009,MESA-002,V000105,candidato_A,valido,valido,valido,USR-0030
BAL-0002010,MESA-055,V003278,candidato_A,valido,valido,valido,USR-0030
BAL-0002011,MESA-049,V003770,candidato_A,valido,valido,valido,USR-0033
BAL-0002012,MESA-044,V001893,candidato_A,valido,valido,valido,USR-0028
BAL-0002013,MESA-027,V004083,candidato_A,valido,valido,valido,USR-0032
BAL-0002014,MESA-029,V003963,candidato_B,valido,valido,valido,USR-0032
BAL-0002015,MESA-060,V000454,candidato_C,valido,valido,valido,USR-0033
BAL-0002016,MESA-029,V004427,candidato_A,valido,valido,valido,USR-0034
BAL-0002017,MESA-039,V003107,candidato_A,valido,valido,valido,USR-0035
BAL-0002018,MESA-050,V004813,candidato_B,valido,valido,valido,USR-0029
BAL-0002019,MESA-058,V001357,candidato_C,valido,valido,valido,USR-0033
BAL-0002020,MESA-043,V003661,candidato_A,valido,valido,valido,USR-0031
BAL-0002021,MESA-067,V000145,candidato_A,valido,valido,valido,USR-0030
BAL-0002022,MESA-074,V001241,candidato_A,valido,valido,valido,USR-0035
BAL-0002023,MESA-041,V003023,candidato_A,valido,valido,valido,USR-0031
BAL-0002024,MESA-063,V001103,candidato_C,valido,valido,valido,USR-0033
BAL-0002025,MESA-038,V000749,candidato_B,valido,valido,valido,USR-0033
BAL-0002026,MESA-076,V000984,candidato_C,valido,valido,valido,USR-0030
BAL-0002027,MESA-003,V000925,candidato_C,valido,valido,valido,USR-0031
BAL-0002028,MESA-030,V003333,candidato_B,valido,valido,valido,USR-0032
BAL-0002029,MESA-030,V001903,candidato_B,valido,valido,valido,USR-0033
BAL-0002030,MESA-013,V004173,candidato_C,valido,invalido,valido,USR-0030
BAL-0002031,MESA-080,V001648,candidato_B,valido,valido,valido,USR-0031
BAL-0002032,MESA-018,V001777,candidato_B,valido,valido,valido,USR-0028
BAL-0002033,MESA-022,V000522,candidato_B,valido,valido,valido,USR-0034
BAL-0002034,MESA-047,V000372,candidato_A,valido,valido,valido,USR-0029
BAL-0002035,MESA-033,V000808,candidato_C,valido,valido,valido,USR-0029
BAL-0002036,MESA-052,V002691,candidato_C,valido,valido,valido,USR-0029
BAL-0002037,MESA-009,V003214,candidato_B,valido,valido,valido,USR-0033
BAL-0002038,MESA-015,V004046,candidato_A,valido,invalido,valido,USR-0030
BAL-0002039,MESA-061,V004086,candidato_B,valido,valido,valido,USR-0033
BAL-0002040,MESA-025,V002946,candidato_B,valido,valido,valido,USR-0029
BAL-0002041,MESA-026,V001522,candidato_B,valido,valido,valido,USR-0030
BAL-0002042,MESA-037,V004693,candidato_A,valido,valido,valido,USR-0035
BAL-0002043,MESA-075,V000147,candidato_A,valido,valido,valido,USR-0033
BAL-0002044,MESA-019,V004656,candidato_B,valido,valido,valido,USR-0028
BAL-0002045,MESA-023,V003149,candidato_A,valido,invalido,valido,USR-0030
BAL-0002046,MESA-070,V004884,candidato_A,valido,valido,valido,USR-0035
BAL-0002047,MESA-068,V004440,candidato_B,valido,valido,valido,USR-0035
BAL-0002048,MESA-021,V004711,candidato_A,valido,valido,valido,USR-0035
BAL-0002049,MESA-059,V001830,candidato_C,valido,valido,valido,USR-0034
BAL-0002050,MESA-025,V004235,candidato_B,valido,valido,valido,USR-0028
BAL-0002051,MESA-033,V000580,candidato_C,valido,valido,valido,USR-0033
BAL-0002052,MESA-018,V004735,sin_marca,invalido,invalido,invalido,USR-0032
BAL-0002053,MESA-014,V000236,candidato_B,valido,valido,valido,USR-0034
BAL-0002054,MESA-035,V004167,candidato_B,valido,valido,valido,USR-0031
BAL-0002055,MESA-043,V002147,candidato_B,valido,valido,valido,USR-0035
BAL-0002056,MESA-027,V000457,candidato_B,valido,valido,valido,USR-0028
BAL-0002057,MESA-050,V001791,candidato_A,valido,valido,valido,USR-0029
BAL-0002058,MESA-025,V004125,candidato_B,valido,valido,valido,USR-0032
BAL-0002059,MESA-068,V000154,candidato_B,valido,valido,valido,USR-0029
BAL-0002060,MESA-025,V004061,candidato_A,valido,valido,valido,USR-0031
BAL-0002061,MESA-053,V003611,blanco,blanco,nulo,blanco,USR-0031
BAL-0002062,MESA-055,V001793,candidato_A,valido,valido,valido,USR-0035
BAL-0002063,MESA-076,V003147,candidato_C,valido,valido,valido,USR-0033
BAL-0002064,MESA-050,V001959,candidato_B,valido,valido,valido,USR-0030
BAL-0002065,MESA-034,V000658,candidato_A,valido,valido,valido,USR-0028
BAL-0002066,MESA-036,V003569,candidato_A,valido,valido,valido,USR-0035
BAL-0002067,MESA-026,V001369,candidato_C,valido,valido,valido,USR-0029
BAL-0002068,MESA-061,V000490,candidato_A,valido,valido,valido,USR-0028
BAL-0002069,MESA-062,V003907,candidato_B,valido,valido,valido,USR-0033
BAL-0002070,MESA-058,V001704,blanco,blanco,blanco,blanco,USR-0031
BAL-0002071,MESA-019,V004021,candidato_B,valido,valido,valido,USR-0029
BAL-0002072,MESA-073,V004543,candidato_B,valido,valido,valido,USR-0032
BAL-0002073,MESA-015,V002254,candidato_C,valido,valido,valido,USR-0033
BAL-0002074,MESA-002,V002275,candidato_B,valido,valido,valido,USR-0031
BAL-0002075,MESA-052,V003822,candidato_B,valido,valido,valido,USR-0035
BAL-0002076,MESA-051,V002866,candidato_B,valido,valido,valido,USR-0033
BAL-0002077,MESA-076,V002402,candidato_B,valido,valido,valido,USR-0029
BAL-0002078,MESA-050,V003976,candidato_C,valido,valido,valido,USR-0033
BAL-0002079,MESA-071,V002565,candidato_A,valido,valido,valido,USR-0033
BAL-0002080,MESA-063,V003067,blanco,blanco,blanco,blanco,USR-0033
BAL-0002081,MESA-012,V003606,candidato_B,valido,valido,valido,USR-0032
BAL-0002082,MESA-024,V004840,blanco,blanco,blanco,blanco,USR-0032
BAL-0002083,MESA-033,V004192,candidato_A,valido,valido,valido,USR-0033
BAL-0002084,MESA-049,V001630,candidato_C,valido,valido,valido,USR-0034
BAL-0002085,MESA-055,V003229,candidato_A,valido,valido,valido,USR-0033
BAL-0002086,MESA-016,V002959,candidato_A,valido,valido,valido,USR-0028
BAL-0002087,MESA-021,V002895,candidato_A,valido,valido,valido,USR-0032
BAL-0002088,MESA-015,V003385,candidato_B,valido,invalido,valido,USR-0030
BAL-0002089,MESA-064,V000787,candidato_A,valido,valido,valido,USR-0032
BAL-0002090,MESA-023,V002916,blanco,blanco,blanco,blanco,USR-0034
BAL-0002091,MESA-014,V004566,candidato_C,valido,invalido,valido,USR-0030
BAL-0002092,MESA-079,V001322,blanco,blanco,blanco,blanco,USR-0030
BAL-0002093,MESA-064,V003372,candidato_A,valido,valido,valido,USR-0032
BAL-0002094,MESA-006,V002039,multiple_marca,nulo,nulo,nulo,USR-0033
BAL-0002095,MESA-011,V004443,candidato_A,valido,valido,valido,USR-0029
BAL-0002096,MESA-052,V004472,candidato_A,valido,valido,valido,USR-0034
BAL-0002097,MESA-062,V003127,candidato_B,valido,valido,valido,USR-0033
BAL-0002098,MESA-017,V002302,candidato_B,valido,invalido,valido,USR-0030
BAL-0002099,MESA-072,V004857,candidato_B,valido,valido,valido,USR-0033
BAL-0002100,MESA-045,V004815,candidato_B,valido,valido,valido,USR-0031
BAL-0002101,MESA-029,V003495,candidato_B,valido,valido,valido,USR-0033
BAL-0002102,MESA-066,V003114,candidato_B,valido,valido,valido,USR-0029
BAL-0002103,MESA-038,V001043,candidato_A,valido,invalido,valido,USR-0030
BAL-0002104,MESA-026,V004402,candidato_B,valido,valido,valido,USR-0028
BAL-0002105,MESA-070,V003511,candidato_A,valido,valido,valido,USR-0029
BAL-0002106,MESA-036,V001583,candidato_A,valido,valido,valido,USR-0029
BAL-0002107,MESA-074,V001404,candidato_B,valido,valido,valido,USR-0030
BAL-0002108,MESA-029,V004471,candidato_B,valido,valido,valido,USR-0032
BAL-0002109,MESA-073,V002940,candidato_B,valido,valido,valido,USR-0029
BAL-0002110,MESA-033,V001631,blanco,blanco,blanco,blanco,USR-0035
BAL-0002111,MESA-039,V001782,blanco,blanco,blanco,blanco,USR-0028
BAL-0002112,MESA-035,V004718,candidato_A,valido,valido,valido,USR-0028
BAL-0002113,MESA-031,V003683,candidato_A,valido,valido,valido,USR-0034
BAL-0002114,MESA-076,V002117,candidato_A,valido,valido,valido,USR-0029
BAL-0002115,MESA-073,V002323,candidato_B,valido,valido,valido,USR-0034
BAL-0002116,MESA-022,V002351,candidato_B,valido,valido,valido,USR-0029
BAL-0002117,MESA-003,V001953,candidato_A,valido,valido,valido,USR-0035
BAL-0002118,MESA-025,V003066,candidato_B,valido,valido,valido,USR-0032
BAL-0002119,MESA-057,V002272,candidato_C,valido,valido,valido,USR-0028
BAL-0002120,MESA-004,V004893,candidato_B,valido,valido,valido,USR-0031
BAL-0002121,MESA-045,V003840,candidato_C,valido,valido,valido,USR-0034
BAL-0002122,MESA-031,V001187,candidato_A,valido,valido,valido,USR-0035
BAL-0002123,MESA-062,V004725,candidato_A,valido,valido,valido,USR-0035
BAL-0002124,MESA-042,V004905,candidato_C,valido,valido,valido,USR-0032
BAL-0002125,MESA-037,V002583,sin_marca,invalido,valido,invalido,USR-0032
BAL-0002126,MESA-066,V001184,candidato_A,valido,valido,valido,USR-0035
BAL-0002127,MESA-015,V002715,candidato_A,valido,valido,valido,USR-0028
BAL-0002128,MESA-011,V000115,candidato_A,valido,valido,valido,USR-0029
BAL-0002129,MESA-070,V004198,candidato_A,valido,valido,valido,USR-0033
BAL-0002130,MESA-005,V002912,candidato_A,valido,valido,valido,USR-0030
BAL-0002131,MESA-079,V000427,candidato_A,valido,invalido,valido,USR-0030
BAL-0002132,MESA-018,V002837,candidato_B,valido,valido,valido,USR-0032
BAL-0002133,MESA-009,V004792,candidato_C,valido,valido,valido,USR-0029
BAL-0002134,MESA-066,V003167,candidato_B,valido,invalido,valido,USR-0030
BAL-0002135,MESA-076,V001508,candidato_B,valido,valido,valido,USR-0032
BAL-0002136,MESA-063,V001400,candidato_A,valido,valido,valido,USR-0030
BAL-0002137,MESA-071,V004781,candidato_B,valido,valido,valido,USR-0029
BAL-0002138,MESA-039,V003489,candidato_A,valido,valido,valido,USR-0030
BAL-0002139,MESA-058,V002664,candidato_A,valido,invalido,valido,USR-0030
BAL-0002140,MESA-034,V001408,candidato_A,valido,valido,valido,USR-0034
BAL-0002141,MESA-013,V003531,candidato_B,valido,valido,valido,USR-0028
BAL-0002142,MESA-004,V003886,candidato_B,valido,valido,valido,USR-0031
BAL-0002143,MESA-027,V004213,candidato_A,valido,valido,valido,USR-0031
BAL-0002144,MESA-017,V000947,candidato_A,valido,valido,valido,USR-0030
BAL-0002145,MESA-008,V002321,candidato_B,valido,valido,valido,USR-0031
BAL-0002146,MESA-042,V002401,candidato_A,valido,valido,valido,USR-0029
BAL-0002147,MESA-080,V002026,candidato_A,valido,valido,valido,USR-0029
BAL-0002148,MESA-064,V000979,candidato_A,valido,valido,valido,USR-0033
BAL-0002149,MESA-021,V001078,candidato_B,valido,valido,valido,USR-0034
BAL-0002150,MESA-022,V001509,candidato_A,valido,invalido,valido,USR-0030
BAL-0002151,MESA-043,V002129,candidato_B,valido,valido,valido,USR-0033
BAL-0002152,MESA-042,V001754,candidato_B,valido,valido,valido,USR-0032
BAL-0002153,MESA-045,V004791,candidato_C,valido,invalido,valido,USR-0030
BAL-0002154,MESA-065,V000369,candidato_A,valido,valido,valido,USR-0033
BAL-0002155,MESA-064,V001379,candidato_A,valido,valido,valido,USR-0030
BAL-0002156,MESA-005,V001938,candidato_C,valido,valido,valido,USR-0034
BAL-0002157,MESA-069,V002972,blanco,blanco,nulo,blanco,USR-0033
BAL-0002158,MESA-039,V002204,candidato_C,valido,valido,valido,USR-0028
BAL-0002159,MESA-003,V004057,candidato_B,valido,valido,valido,USR-0029
BAL-0002160,MESA-077,V002310,candidato_B,valido,valido,valido,USR-0030
BAL-0002161,MESA-068,V001660,candidato_C,valido,valido,valido,USR-0032
BAL-0002162,MESA-063,V004480,candidato_B,valido,invalido,valido,USR-0030
BAL-0002163,MESA-047,V001362,candidato_A,valido,valido,valido,USR-0035
BAL-0002164,MESA-047,V001071,candidato_A,valido,valido,valido,USR-0033
BAL-0002165,MESA-035,V000400,candidato_B,valido,valido,valido,USR-0028
BAL-0002166,MESA-058,V001612,candidato_A,valido,valido,valido,USR-0034
BAL-0002167,MESA-049,V001033,candidato_B,valido,valido,valido,USR-0033
BAL-0002168,MESA-046,V001685,candidato_B,valido,valido,valido,USR-0034
BAL-0002169,MESA-026,V003879,candidato_B,valido,valido,valido,USR-0032
BAL-0002170,MESA-079,V004534,candidato_A,valido,valido,valido,USR-0029
BAL-0002171,MESA-003,V001378,blanco,blanco,blanco,blanco,USR-0035
BAL-0002172,MESA-063,V004838,candidato_A,valido,valido,valido,USR-0029
BAL-0002173,MESA-075,V002172,candidato_B,valido,valido,valido,USR-0029
BAL-0002174,MESA-032,V000485,candidato_A,valido,valido,valido,USR-0030
BAL-0002175,MESA-043,V001541,candidato_A,valido,valido,valido,USR-0029
BAL-0002176,MESA-030,V003813,candidato_B,valido,valido,valido,USR-0033
BAL-0002177,MESA-076,V004131,candidato_A,valido,valido,valido,USR-0029
BAL-0002178,MESA-027,V003195,candidato_B,valido,valido,valido,USR-0030
BAL-0002179,MESA-075,V002714,candidato_C,valido,valido,valido,USR-0032
BAL-0002180,MESA-008,V003940,candidato_B,valido,valido,valido,USR-0028
BAL-0002181,MESA-023,V000451,candidato_C,valido,valido,valido,USR-0028
BAL-0002182,MESA-071,V003356,candidato_B,valido,valido,valido,USR-0032
BAL-0002183,MESA-023,V002380,candidato_A,valido,valido,valido,USR-0031
BAL-0002184,MESA-061,V001356,candidato_B,valido,valido,valido,USR-0035
BAL-0002185,MESA-062,V001104,candidato_C,valido,valido,valido,USR-0031
BAL-0002186,MESA-017,V002015,candidato_B,valido,valido,valido,USR-0033
BAL-0002187,MESA-028,V004203,candidato_B,valido,valido,valido,USR-0028
BAL-0002188,MESA-052,V001083,candidato_C,valido,valido,valido,USR-0031
BAL-0002189,MESA-068,V001283,candidato_A,valido,valido,valido,USR-0031
BAL-0002190,MESA-015,V003148,blanco,blanco,blanco,blanco,USR-0031
BAL-0002191,MESA-014,V003750,candidato_A,valido,valido,valido,USR-0029
BAL-0002192,MESA-067,V000414,candidato_A,valido,invalido,valido,USR-0030
BAL-0002193,MESA-066,V001490,candidato_B,valido,valido,valido,USR-0030
BAL-0002194,MESA-020,V002000,candidato_B,valido,valido,valido,USR-0031
BAL-0002195,MESA-053,V001883,candidato_C,valido,valido,valido,USR-0034
BAL-0002196,MESA-008,V002290,candidato_B,valido,valido,valido,USR-0031
BAL-0002197,MESA-046,V003156,candidato_A,valido,valido,valido,USR-0034
BAL-0002198,MESA-007,V004941,candidato_B,valido,valido,valido,USR-0032
BAL-0002199,MESA-044,V001733,candidato_B,valido,valido,valido,USR-0031
BAL-0002200,MESA-002,V000274,candidato_B,valido,valido,valido,USR-0034
BAL-0002201,MESA-049,V001417,candidato_B,valido,valido,valido,USR-0030
BAL-0002202,MESA-013,V001939,candidato_C,valido,valido,valido,USR-0029
BAL-0002203,MESA-023,V002156,candidato_A,valido,valido,valido,USR-0034
BAL-0002204,MESA-014,V000540,candidato_A,valido,valido,valido,USR-0032
BAL-0002205,MESA-031,V001955,candidato_B,valido,valido,valido,USR-0031
BAL-0002206,MESA-026,V003639,candidato_A,valido,valido,valido,USR-0029
BAL-0002207,MESA-029,V004705,candidato_A,valido,valido,valido,USR-0035
BAL-0002208,MESA-004,V002898,candidato_B,valido,valido,valido,USR-0035
BAL-0002209,MESA-015,V000975,candidato_B,valido,valido,valido,USR-0028
BAL-0002210,MESA-055,V004320,candidato_C,valido,valido,valido,USR-0031
BAL-0002211,MESA-019,V004056,candidato_A,valido,valido,valido,USR-0033
BAL-0002212,MESA-027,V001918,candidato_A,valido,valido,valido,USR-0034
BAL-0002213,MESA-004,V000935,candidato_A,valido,valido,valido,USR-0031
BAL-0002214,MESA-072,V002316,candidato_C,valido,valido,valido,USR-0035
BAL-0002215,MESA-041,V001348,candidato_A,valido,valido,valido,USR-0031
BAL-0002216,MESA-069,V001036,candidato_A,valido,invalido,valido,USR-0033
BAL-0002217,MESA-061,V001926,candidato_C,valido,valido,valido,USR-0029
BAL-0002218,MESA-026,V000588,candidato_C,valido,valido,valido,USR-0033
BAL-0002219,MESA-038,V003450,candidato_B,valido,valido,valido,USR-0032
BAL-0002220,MESA-016,V003838,marca_ambigua,invalido,invalido,invalido,USR-0033
BAL-0002221,MESA-038,V001887,candidato_B,valido,valido,valido,USR-0034
BAL-0002222,MESA-044,V001697,candidato_C,valido,valido,valido,USR-0029
BAL-0002223,MESA-042,V001020,candidato_A,valido,valido,valido,USR-0028
BAL-0002224,MESA-069,V002852,candidato_B,valido,valido,valido,USR-0031
BAL-0002225,MESA-020,V001928,candidato_B,valido,valido,valido,USR-0035
BAL-0002226,MESA-039,V000951,candidato_A,valido,valido,valido,USR-0035
BAL-0002227,MESA-039,V002120,sin_marca,invalido,valido,invalido,USR-0032
BAL-0002228,MESA-053,V001587,candidato_C,valido,invalido,valido,USR-0030
BAL-0002229,MESA-077,V002384,candidato_B,valido,valido,valido,USR-0028
BAL-0002230,MESA-016,V002624,candidato_B,valido,valido,valido,USR-0031
BAL-0002231,MESA-063,V000584,candidato_C,valido,valido,valido,USR-0033
BAL-0002232,MESA-039,V004584,candidato_B,valido,valido,valido,USR-0035
BAL-0002233,MESA-044,V004118,candidato_C,valido,valido,valido,USR-0035
BAL-0002234,MESA-080,V002885,multiple_marca,nulo,nulo,nulo,USR-0029
BAL-0002235,MESA-046,V000949,candidato_B,valido,valido,valido,USR-0034
BAL-0002236,MESA-041,V004644,multiple_marca,nulo,nulo,nulo,USR-0032
BAL-0002237,MESA-069,V003722,candidato_B,valido,valido,valido,USR-0028
BAL-0002238,MESA-028,V002159,candidato_B,valido,valido,valido,USR-0035
BAL-0002239,MESA-029,V003162,candidato_C,valido,valido,valido,USR-0033
BAL-0002240,MESA-033,V003587,candidato_B,valido,valido,valido,USR-0028
BAL-0002241,MESA-013,V001233,candidato_A,valido,valido,valido,USR-0033
BAL-0002242,MESA-069,V004807,candidato_A,valido,valido,valido,USR-0035
BAL-0002243,MESA-076,V000581,candidato_C,valido,valido,valido,USR-0029
BAL-0002244,MESA-046,V003769,candidato_B,valido,valido,valido,USR-0031
BAL-0002245,MESA-054,V000370,candidato_A,valido,valido,valido,USR-0033
BAL-0002246,MESA-079,V001820,candidato_A,valido,valido,valido,USR-0035
BAL-0002247,MESA-001,V003425,candidato_A,valido,valido,valido,USR-0032
BAL-0002248,MESA-069,V001667,candidato_A,valido,valido,valido,USR-0035
BAL-0002249,MESA-077,V004321,candidato_A,valido,valido,valido,USR-0034
BAL-0002250,MESA-054,V004577,candidato_B,valido,valido,valido,USR-0031
BAL-0002251,MESA-057,V000027,candidato_A,valido,valido,valido,USR-0034
BAL-0002252,MESA-054,V003622,candidato_B,valido,valido,valido,USR-0030
BAL-0002253,MESA-044,V000988,candidato_A,valido,valido,valido,USR-0029
BAL-0002254,MESA-080,V000603,candidato_A,valido,valido,valido,USR-0029
BAL-0002255,MESA-023,V000384,candidato_B,valido,valido,valido,USR-0031
BAL-0002256,MESA-007,V004260,candidato_A,valido,valido,valido,USR-0034
BAL-0002257,MESA-006,V004891,candidato_C,valido,valido,valido,USR-0032
BAL-0002258,MESA-027,V003422,candidato_A,valido,valido,valido,USR-0035
BAL-0002259,MESA-037,V002561,candidato_A,valido,valido,valido,USR-0030
BAL-0002260,MESA-062,V004307,candidato_A,valido,valido,valido,USR-0034
BAL-0002261,MESA-064,V001870,candidato_B,valido,valido,valido,USR-0029
BAL-0002262,MESA-027,V001748,candidato_B,valido,valido,valido,USR-0029
BAL-0002263,MESA-019,V000063,blanco,blanco,blanco,blanco,USR-0035
BAL-0002264,MESA-006,V003449,candidato_B,valido,valido,valido,USR-0029
BAL-0002265,MESA-080,V001062,candidato_A,valido,valido,valido,USR-0031
BAL-0002266,MESA-017,V003571,candidato_A,valido,valido,valido,USR-0029
BAL-0002267,MESA-054,V004257,candidato_B,valido,invalido,valido,USR-0030
BAL-0002268,MESA-019,V004825,candidato_B,valido,valido,valido,USR-0031
BAL-0002269,MESA-030,V001132,candidato_B,valido,valido,valido,USR-0030
BAL-0002270,MESA-042,V001201,candidato_B,valido,valido,valido,USR-0035
BAL-0002271,MESA-019,V001002,candidato_B,valido,valido,valido,USR-0028
BAL-0002272,MESA-008,V002271,candidato_B,valido,valido,valido,USR-0031
BAL-0002273,MESA-047,V002391,candidato_B,valido,valido,valido,USR-0031
BAL-0002274,MESA-008,V001446,candidato_A,valido,valido,valido,USR-0029
BAL-0002275,MESA-002,V003417,candidato_A,valido,valido,valido,USR-0031
BAL-0002276,MESA-038,V001334,candidato_A,valido,valido,valido,USR-0028
BAL-0002277,MESA-015,V001139,candidato_B,valido,valido,valido,USR-0035
BAL-0002278,MESA-003,V003133,candidato_B,valido,valido,valido,USR-0034
BAL-0002279,MESA-047,V001951,candidato_A,valido,valido,valido,USR-0032
BAL-0002280,MESA-062,V001634,candidato_A,valido,valido,valido,USR-0030
BAL-0002281,MESA-010,V001544,candidato_B,valido,valido,valido,USR-0032
BAL-0002282,MESA-045,V003885,candidato_B,valido,valido,valido,USR-0034
BAL-0002283,MESA-008,V004284,candidato_B,valido,valido,valido,USR-0032
BAL-0002284,MESA-049,V000682,candidato_A,valido,valido,valido,USR-0029
BAL-0002285,MESA-078,V000134,marca_ambigua,invalido,valido,invalido,USR-0031
BAL-0002286,MESA-051,V004628,candidato_B,valido,valido,valido,USR-0029
BAL-0002287,MESA-042,V001483,candidato_A,valido,valido,valido,USR-0032
BAL-0002288,MESA-019,V003261,candidato_B,valido,valido,valido,USR-0030
BAL-0002289,MESA-009,V000888,candidato_B,valido,valido,valido,USR-0033
BAL-0002290,MESA-028,V003332,candidato_B,valido,valido,valido,USR-0033
BAL-0002291,MESA-014,V002619,candidato_A,valido,valido,valido,USR-0032
BAL-0002292,MESA-055,V000546,candidato_A,valido,valido,valido,USR-0029
BAL-0002293,MESA-004,V002832,candidato_B,valido,valido,valido,USR-0029
BAL-0002294,MESA-046,V001517,candidato_B,valido,valido,valido,USR-0032
BAL-0002295,MESA-062,V003125,candidato_B,valido,valido,valido,USR-0029
BAL-0002296,MESA-017,V001237,candidato_B,valido,valido,valido,USR-0029
BAL-0002297,MESA-002,V004253,candidato_B,valido,valido,valido,USR-0031
BAL-0002298,MESA-048,V000230,candidato_B,valido,valido,valido,USR-0032
BAL-0002299,MESA-009,V003978,candidato_B,valido,valido,valido,USR-0029
BAL-0002300,MESA-066,V004124,candidato_B,valido,valido,valido,USR-0034
BAL-0002301,MESA-072,V001958,candidato_A,valido,valido,valido,USR-0030
BAL-0002302,MESA-027,V004484,candidato_C,valido,valido,valido,USR-0028
BAL-0002303,MESA-006,V001501,candidato_A,valido,valido,valido,USR-0029
BAL-0002304,MESA-074,V002657,candidato_A,valido,valido,valido,USR-0030
BAL-0002305,MESA-021,V003711,candidato_A,valido,valido,valido,USR-0033
BAL-0002306,MESA-060,V004077,candidato_B,valido,valido,valido,USR-0033
BAL-0002307,MESA-054,V003060,candidato_C,valido,valido,valido,USR-0032
BAL-0002308,MESA-044,V002968,candidato_A,valido,valido,valido,USR-0033
BAL-0002309,MESA-008,V002398,candidato_A,valido,valido,valido,USR-0033
BAL-0002310,MESA-029,V003784,candidato_A,valido,valido,valido,USR-0033
BAL-0002311,MESA-023,V003735,candidato_A,valido,valido,valido,USR-0034
BAL-0002312,MESA-070,V004622,candidato_A,valido,valido,valido,USR-0035
BAL-0002313,MESA-042,V002783,candidato_B,valido,invalido,valido,USR-0030
BAL-0002314,MESA-023,V002093,candidato_A,valido,valido,valido,USR-0029
BAL-0002315,MESA-068,V001250,candidato_A,valido,valido,valido,USR-0035
BAL-0002316,MESA-018,V000551,candidato_A,valido,valido,valido,USR-0028
BAL-0002317,MESA-042,V000501,candidato_A,valido,valido,valido,USR-0030
BAL-0002318,MESA-069,V003603,candidato_A,valido,valido,valido,USR-0033
BAL-0002319,MESA-059,V000421,candidato_B,valido,invalido,valido,USR-0035
BAL-0002320,MESA-069,V004743,candidato_C,valido,valido,valido,USR-0031
BAL-0002321,MESA-034,V002553,candidato_B,valido,valido,valido,USR-0034
BAL-0002322,MESA-013,V004187,candidato_B,valido,valido,valido,USR-0032
BAL-0002323,MESA-035,V001571,candidato_A,valido,valido,valido,USR-0030
BAL-0002324,MESA-069,V002434,candidato_B,valido,valido,valido,USR-0029
BAL-0002325,MESA-055,V001692,candidato_A,valido,valido,valido,USR-0032
BAL-0002326,MESA-062,V001799,candidato_B,valido,valido,valido,USR-0035
BAL-0002327,MESA-077,V000877,candidato_C,valido,valido,valido,USR-0030
BAL-0002328,MESA-044,V001647,candidato_B,valido,valido,valido,USR-0028
BAL-0002329,MESA-067,V003744,candidato_B,valido,valido,valido,USR-0028
BAL-0002330,MESA-077,V004075,candidato_B,valido,valido,valido,USR-0033
BAL-0002331,MESA-005,V001482,candidato_B,valido,valido,valido,USR-0032
BAL-0002332,MESA-047,V003548,candidato_A,valido,valido,valido,USR-0034
BAL-0002333,MESA-049,V000573,candidato_C,valido,valido,valido,USR-0031
BAL-0002334,MESA-066,V002760,candidato_B,valido,valido,valido,USR-0032
BAL-0002335,MESA-043,V004390,candidato_A,valido,valido,valido,USR-0033
BAL-0002336,MESA-076,V003400,candidato_B,valido,valido,valido,USR-0029
BAL-0002337,MESA-073,V003387,blanco,blanco,blanco,blanco,USR-0032
BAL-0002338,MESA-001,V001149,candidato_A,valido,valido,valido,USR-0032
BAL-0002339,MESA-001,V000945,candidato_B,valido,valido,valido,USR-0032
BAL-0002340,MESA-065,V001513,candidato_B,valido,valido,valido,USR-0033
BAL-0002341,MESA-016,V004576,candidato_A,valido,valido,valido,USR-0032
BAL-0002342,MESA-033,V003681,candidato_A,valido,valido,valido,USR-0034
BAL-0002343,MESA-055,V002702,candidato_A,valido,valido,valido,USR-0034
BAL-0002344,MESA-076,V002886,candidato_B,valido,valido,valido,USR-0031
BAL-0002345,MESA-071,V002727,candidato_A,valido,valido,valido,USR-0034
BAL-0002346,MESA-017,V000554,candidato_B,valido,valido,valido,USR-0032
BAL-0002347,MESA-032,V004632,candidato_A,valido,valido,valido,USR-0034
BAL-0002348,MESA-065,V003766,candidato_B,valido,valido,valido,USR-0029
BAL-0002349,MESA-025,V000142,candidato_A,valido,valido,valido,USR-0032
BAL-0002350,MESA-033,V001775,candidato_C,valido,valido,valido,USR-0034
BAL-0002351,MESA-045,V001851,candidato_C,valido,valido,valido,USR-0032
BAL-0002352,MESA-077,V001257,candidato_C,valido,valido,valido,USR-0031
BAL-0002353,MESA-046,V003158,candidato_B,valido,valido,valido,USR-0028
BAL-0002354,MESA-040,V001112,candidato_B,valido,valido,valido,USR-0028
BAL-0002355,MESA-067,V002501,candidato_C,valido,valido,valido,USR-0033
BAL-0002356,MESA-043,V001398,candidato_C,valido,invalido,valido,USR-0030
BAL-0002357,MESA-061,V003612,marca_ambigua,nulo,invalido,nulo,USR-0030
BAL-0002358,MESA-059,V001610,candidato_A,valido,valido,valido,USR-0035
BAL-0002359,MESA-031,V003444,candidato_C,valido,valido,valido,USR-0031
BAL-0002360,MESA-025,V002070,blanco,blanco,nulo,blanco,USR-0028
BAL-0002361,MESA-021,V002127,candidato_B,valido,valido,valido,USR-0034
BAL-0002362,MESA-052,V004317,candidato_A,valido,valido,valido,USR-0028
BAL-0002363,MESA-038,V000367,marca_ambigua,nulo,nulo,nulo,USR-0033
BAL-0002364,MESA-022,V004612,candidato_A,valido,valido,valido,USR-0034
BAL-0002365,MESA-076,V004431,candidato_C,valido,valido,valido,USR-0031
BAL-0002366,MESA-078,V003136,candidato_B,valido,valido,valido,USR-0030
BAL-0002367,MESA-039,V001376,candidato_B,valido,valido,valido,USR-0035
BAL-0002368,MESA-073,V004410,candidato_B,valido,valido,valido,USR-0031
BAL-0002369,MESA-032,V002958,candidato_C,valido,valido,valido,USR-0035
BAL-0002370,MESA-010,V003191,candidato_B,valido,invalido,valido,USR-0030
BAL-0002371,MESA-045,V004913,candidato_B,valido,valido,valido,USR-0032
BAL-0002372,MESA-055,V004271,candidato_B,valido,valido,valido,USR-0028
BAL-0002373,MESA-004,V001764,candidato_C,valido,valido,valido,USR-0033
BAL-0002374,MESA-013,V003505,candidato_B,valido,valido,valido,USR-0033
BAL-0002375,MESA-048,V004449,candidato_A,valido,valido,valido,USR-0029
BAL-0002376,MESA-079,V000253,multiple_marca,nulo,nulo,nulo,USR-0028
BAL-0002377,MESA-073,V002531,blanco,blanco,blanco,blanco,USR-0033
BAL-0002378,MESA-035,V004495,candidato_C,valido,valido,valido,USR-0029
BAL-0002379,MESA-020,V004450,blanco,blanco,blanco,blanco,USR-0035
BAL-0002380,MESA-037,V001000,candidato_B,valido,valido,valido,USR-0030
BAL-0002381,MESA-017,V002601,blanco,blanco,blanco,blanco,USR-0033
BAL-0002382,MESA-069,V001240,candidato_A,valido,valido,valido,USR-0030
BAL-0002383,MESA-044,V000456,candidato_A,valido,valido,valido,USR-0032
BAL-0002384,MESA-005,V001766,candidato_C,valido,valido,valido,USR-0034
BAL-0002385,MESA-016,V000609,candidato_B,valido,valido,valido,USR-0034
BAL-0002386,MESA-003,V003852,candidato_C,valido,valido,valido,USR-0034
BAL-0002387,MESA-074,V000277,candidato_A,valido,valido,valido,USR-0030
BAL-0002388,MESA-053,V003319,blanco,blanco,blanco,blanco,USR-0029
BAL-0002389,MESA-016,V000153,candidato_A,valido,valido,valido,USR-0032
BAL-0002390,MESA-067,V001274,candidato_C,valido,valido,valido,USR-0033
BAL-0002391,MESA-072,V003285,candidato_B,valido,valido,valido,USR-0028
BAL-0002392,MESA-045,V003922,candidato_A,valido,valido,valido,USR-0028
BAL-0002393,MESA-080,V003137,candidato_B,valido,valido,valido,USR-0032
BAL-0002394,MESA-040,V001042,candidato_A,valido,valido,valido,USR-0031
BAL-0002395,MESA-001,V004091,candidato_B,valido,valido,valido,USR-0035
BAL-0002396,MESA-059,V000201,candidato_C,valido,valido,valido,USR-0035
BAL-0002397,MESA-063,V003957,candidato_B,valido,valido,valido,USR-0033
BAL-0002398,MESA-019,V001743,candidato_A,valido,valido,valido,USR-0034
BAL-0002399,MESA-008,V002404,marca_ambigua,invalido,invalido,invalido,USR-0030
BAL-0002400,MESA-038,V002475,candidato_A,valido,valido,valido,USR-0028
BAL-0002401,MESA-033,V000789,candidato_C,valido,valido,valido,USR-0034
BAL-0002402,MESA-038,V002683,candidato_A,valido,invalido,valido,USR-0031
BAL-0002403,MESA-062,V001683,candidato_B,valido,valido,valido,USR-0031
BAL-0002404,MESA-077,V003098,candidato_C,valido,valido,valido,USR-0031
BAL-0002405,MESA-006,V004659,candidato_C,valido,valido,valido,USR-0032
BAL-0002406,MESA-050,V003693,candidato_B,valido,valido,valido,USR-0029
BAL-0002407,MESA-044,V003274,candidato_B,valido,valido,valido,USR-0032
BAL-0002408,MESA-027,V000366,candidato_A,valido,valido,valido,USR-0032
BAL-0002409,MESA-018,V002073,candidato_B,valido,valido,valido,USR-0033
BAL-0002410,MESA-057,V003166,candidato_A,valido,valido,valido,USR-0029
BAL-0002411,MESA-054,V003671,candidato_A,valido,valido,valido,USR-0031
BAL-0002412,MESA-047,V001700,candidato_B,valido,valido,valido,USR-0034
BAL-0002413,MESA-008,V000252,candidato_C,valido,valido,valido,USR-0032
BAL-0002414,MESA-077,V000453,candidato_A,valido,valido,valido,USR-0034
BAL-0002415,MESA-080,V001530,candidato_B,valido,valido,valido,USR-0028
BAL-0002416,MESA-023,V003992,candidato_A,valido,valido,valido,USR-0031
BAL-0002417,MESA-021,V002311,candidato_B,valido,valido,valido,USR-0031
BAL-0002418,MESA-036,V002520,candidato_A,valido,valido,valido,USR-0029
BAL-0002419,MESA-030,V000341,candidato_B,valido,valido,valido,USR-0029
BAL-0002420,MESA-054,V000444,marca_ambigua,nulo,nulo,nulo,USR-0029
BAL-0002421,MESA-061,V000110,candidato_B,valido,valido,valido,USR-0031
BAL-0002422,MESA-024,V003235,candidato_A,valido,valido,valido,USR-0032
BAL-0002423,MESA-013,V003460,candidato_B,valido,valido,valido,USR-0034
BAL-0002424,MESA-002,V000790,candidato_A,valido,valido,valido,USR-0028
BAL-0002425,MESA-079,V001338,candidato_B,valido,valido,valido,USR-0028
BAL-0002426,MESA-068,V004105,candidato_A,valido,valido,valido,USR-0028
BAL-0002427,MESA-015,V003586,candidato_C,valido,valido,valido,USR-0033
BAL-0002428,MESA-038,V003651,marca_ambigua,invalido,invalido,invalido,USR-0031
BAL-0002429,MESA-030,V000629,blanco,blanco,blanco,blanco,USR-0032
BAL-0002430,MESA-009,V001458,candidato_B,valido,valido,valido,USR-0029
BAL-0002431,MESA-019,V003872,blanco,blanco,blanco,blanco,USR-0031
BAL-0002432,MESA-019,V000071,candidato_B,valido,valido,valido,USR-0034
BAL-0002433,MESA-015,V001219,candidato_B,valido,valido,valido,USR-0031
BAL-0002434,MESA-070,V003786,candidato_C,valido,valido,valido,USR-0033
BAL-0002435,MESA-009,V003363,candidato_C,valido,valido,valido,USR-0034
BAL-0002436,MESA-043,V000007,blanco,blanco,blanco,blanco,USR-0035
BAL-0002437,MESA-041,V001976,candidato_A,valido,valido,valido,USR-0031
BAL-0002438,MESA-025,V001081,candidato_A,valido,valido,valido,USR-0033
BAL-0002439,MESA-026,V000569,candidato_B,valido,valido,valido,USR-0035
BAL-0002440,MESA-055,V002616,candidato_B,valido,valido,valido,USR-0032
BAL-0002441,MESA-049,V003572,candidato_C,valido,valido,valido,USR-0034
BAL-0002442,MESA-048,V000646,candidato_A,valido,valido,valido,USR-0029
BAL-0002443,MESA-041,V003795,candidato_B,valido,valido,valido,USR-0033
BAL-0002444,MESA-020,V000204,candidato_A,valido,valido,valido,USR-0028
BAL-0002445,MESA-075,V001133,candidato_B,valido,valido,valido,USR-0033
BAL-0002446,MESA-030,V004072,marca_ambigua,nulo,invalido,nulo,USR-0030
BAL-0002447,MESA-023,V000878,candidato_B,valido,valido,valido,USR-0030
BAL-0002448,MESA-062,V003141,candidato_B,valido,valido,valido,USR-0029
BAL-0002449,MESA-039,V001550,candidato_A,valido,valido,valido,USR-0032
BAL-0002450,MESA-046,V000650,candidato_A,valido,valido,valido,USR-0033
BAL-0002451,MESA-024,V001528,candidato_A,valido,valido,valido,USR-0033
BAL-0002452,MESA-072,V004910,candidato_A,valido,valido,valido,USR-0033
BAL-0002453,MESA-021,V003246,candidato_B,valido,valido,valido,USR-0033
BAL-0002454,MESA-058,V000816,candidato_A,valido,valido,valido,USR-0033
BAL-0002455,MESA-078,V000195,candidato_C,valido,valido,valido,USR-0028
BAL-0002456,MESA-080,V003000,candidato_B,valido,valido,valido,USR-0029
BAL-0002457,MESA-073,V000960,candidato_B,valido,valido,valido,USR-0033
BAL-0002458,MESA-006,V000635,candidato_A,valido,valido,valido,USR-0035
BAL-0002459,MESA-077,V002753,candidato_C,valido,valido,valido,USR-0032
BAL-0002460,MESA-010,V001412,candidato_C,valido,valido,valido,USR-0029
BAL-0002461,MESA-069,V001956,multiple_marca,nulo,valido,nulo,USR-0028
BAL-0002462,MESA-009,V004816,candidato_B,valido,valido,valido,USR-0031
BAL-0002463,MESA-030,V003065,candidato_B,valido,valido,valido,USR-0035
BAL-0002464,MESA-001,V000489,candidato_B,valido,valido,valido,USR-0032
BAL-0002465,MESA-044,V004822,candidato_B,valido,valido,valido,USR-0031
BAL-0002466,MESA-010,V004614,candidato_A,valido,valido,valido,USR-0034
BAL-0002467,MESA-080,V001463,candidato_B,valido,valido,valido,USR-0030
BAL-0002468,MESA-023,V001134,candidato_A,valido,valido,valido,USR-0035
BAL-0002469,MESA-028,V002882,candidato_A,valido,valido,valido,USR-0031
BAL-0002470,MESA-053,V001720,candidato_B,valido,valido,valido,USR-0028
BAL-0002471,MESA-026,V002759,candidato_A,valido,valido,valido,USR-0033
BAL-0002472,MESA-062,V002007,candidato_B,valido,valido,valido,USR-0032
BAL-0002473,MESA-057,V002656,candidato_B,valido,valido,valido,USR-0031
BAL-0002474,MESA-001,V003742,candidato_C,valido,valido,valido,USR-0034
BAL-0002475,MESA-046,V002470,candidato_A,valido,valido,valido,USR-0029
BAL-0002476,MESA-044,V003312,candidato_B,valido,invalido,valido,USR-0030
BAL-0002477,MESA-064,V002821,candidato_A,valido,valido,valido,USR-0034
BAL-0002478,MESA-014,V003478,candidato_A,valido,valido,valido,USR-0028
BAL-0002479,MESA-060,V003764,candidato_B,valido,valido,valido,USR-0032
BAL-0002480,MESA-071,V004728,candidato_B,valido,valido,valido,USR-0028
BAL-0002481,MESA-010,V000701,candidato_B,valido,invalido,valido,USR-0033
BAL-0002482,MESA-045,V004863,candidato_B,valido,valido,valido,USR-0033
BAL-0002483,MESA-077,V001949,candidato_A,valido,valido,valido,USR-0030
BAL-0002484,MESA-003,V000688,candidato_C,valido,valido,valido,USR-0034
BAL-0002485,MESA-021,V001069,candidato_B,valido,valido,valido,USR-0034
BAL-0002486,MESA-077,V003116,candidato_B,valido,valido,valido,USR-0033
BAL-0002487,MESA-061,V003182,candidato_A,valido,valido,valido,USR-0034
BAL-0002488,MESA-049,V000557,candidato_B,valido,valido,valido,USR-0034
BAL-0002489,MESA-006,V001263,candidato_A,valido,valido,valido,USR-0029
BAL-0002490,MESA-059,V003138,candidato_A,valido,valido,valido,USR-0035
BAL-0002491,MESA-065,V001075,candidato_A,valido,valido,valido,USR-0032
BAL-0002492,MESA-022,V003915,candidato_A,valido,valido,valido,USR-0029
BAL-0002493,MESA-005,V004066,candidato_B,valido,valido,valido,USR-0029
BAL-0002494,MESA-023,V000847,candidato_B,valido,valido,valido,USR-0035
BAL-0002495,MESA-066,V000805,candidato_A,valido,valido,valido,USR-0029
BAL-0002496,MESA-071,V001560,candidato_C,valido,valido,valido,USR-0035
BAL-0002497,MESA-051,V000135,candidato_B,valido,valido,valido,USR-0032
BAL-0002498,MESA-060,V002133,multiple_marca,nulo,nulo,nulo,USR-0028
BAL-0002499,MESA-003,V003847,candidato_C,valido,valido,valido,USR-0034
BAL-0002500,MESA-049,V000600,candidato_C,valido,valido,valido,USR-0035
BAL-0002501,MESA-053,V004404,candidato_B,valido,valido,valido,USR-0035
BAL-0002502,MESA-065,V002909,candidato_C,valido,valido,valido,USR-0035
BAL-0002503,MESA-036,V000517,candidato_A,valido,valido,valido,USR-0029
BAL-0002504,MESA-072,V003546,candidato_B,valido,valido,valido,USR-0030
BAL-0002505,MESA-057,V004902,candidato_A,valido,valido,valido,USR-0029
BAL-0002506,MESA-013,V002634,candidato_B,valido,valido,valido,USR-0034
BAL-0002507,MESA-002,V004451,candidato_C,valido,valido,valido,USR-0035
BAL-0002508,MESA-024,V004908,candidato_C,valido,valido,valido,USR-0034
BAL-0002509,MESA-031,V000466,candidato_B,valido,valido,valido,USR-0029
BAL-0002510,MESA-020,V001741,candidato_B,valido,valido,valido,USR-0029
BAL-0002511,MESA-047,V003518,candidato_B,valido,valido,valido,USR-0035
BAL-0002512,MESA-005,V000958,candidato_B,valido,valido,valido,USR-0032
BAL-0002513,MESA-075,V000838,candidato_C,valido,valido,valido,USR-0032
BAL-0002514,MESA-009,V003869,candidato_C,valido,valido,valido,USR-0029
BAL-0002515,MESA-014,V000159,candidato_A,valido,valido,valido,USR-0029
BAL-0002516,MESA-014,V002874,candidato_C,valido,valido,valido,USR-0033
BAL-0002517,MESA-061,V003412,candidato_C,valido,valido,valido,USR-0028
BAL-0002518,MESA-011,V004231,candidato_C,valido,valido,valido,USR-0034
BAL-0002519,MESA-023,V003262,candidato_B,valido,valido,valido,USR-0031
BAL-0002520,MESA-036,V004928,candidato_C,valido,valido,valido,USR-0035
BAL-0002521,MESA-068,V003233,candidato_A,valido,valido,valido,USR-0033
BAL-0002522,MESA-040,V002299,candidato_C,valido,valido,valido,USR-0035
BAL-0002523,MESA-042,V000778,candidato_B,valido,valido,valido,USR-0031
BAL-0002524,MESA-047,V002718,candidato_A,valido,invalido,valido,USR-0030
BAL-0002525,MESA-002,V000730,candidato_C,valido,valido,valido,USR-0031
BAL-0002526,MESA-033,V003121,blanco,blanco,blanco,blanco,USR-0030
BAL-0002527,MESA-068,V004281,candidato_A,valido,invalido,valido,USR-0030
BAL-0002528,MESA-008,V000723,candidato_C,valido,valido,valido,USR-0029
BAL-0002529,MESA-037,V004808,candidato_C,valido,valido,valido,USR-0035
BAL-0002530,MESA-027,V003283,candidato_B,valido,valido,valido,USR-0028
BAL-0002531,MESA-018,V003466,multiple_marca,nulo,nulo,nulo,USR-0029
BAL-0002532,MESA-064,V003381,candidato_A,valido,valido,valido,USR-0035
BAL-0002533,MESA-061,V003656,candidato_B,valido,valido,valido,USR-0033
BAL-0002534,MESA-026,V000571,candidato_A,valido,valido,valido,USR-0028
BAL-0002535,MESA-065,V002896,candidato_C,valido,valido,valido,USR-0035
BAL-0002536,MESA-025,V001397,candidato_B,valido,valido,valido,USR-0033
BAL-0002537,MESA-025,V000065,candidato_A,valido,valido,valido,USR-0028
BAL-0002538,MESA-046,V003173,candidato_A,valido,valido,valido,USR-0033
BAL-0002539,MESA-025,V000059,candidato_A,valido,valido,valido,USR-0031
BAL-0002540,MESA-059,V000649,candidato_A,valido,valido,valido,USR-0032
BAL-0002541,MESA-066,V004436,blanco,blanco,nulo,blanco,USR-0035
BAL-0002542,MESA-045,V000016,candidato_A,valido,valido,valido,USR-0029
BAL-0002543,MESA-033,V002054,blanco,blanco,blanco,blanco,USR-0032
BAL-0002544,MESA-016,V003827,candidato_B,valido,valido,valido,USR-0031
BAL-0002545,MESA-028,V001529,candidato_A,valido,valido,valido,USR-0033
BAL-0002546,MESA-011,V003097,candidato_A,valido,valido,valido,USR-0034
BAL-0002547,MESA-051,V004439,candidato_B,valido,valido,valido,USR-0035
BAL-0002548,MESA-047,V002304,candidato_B,valido,invalido,valido,USR-0030
BAL-0002549,MESA-053,V000574,candidato_B,valido,valido,valido,USR-0029
BAL-0002550,MESA-023,V000339,candidato_B,valido,valido,valido,USR-0030
BAL-0002551,MESA-002,V004433,candidato_A,valido,valido,valido,USR-0034
BAL-0002552,MESA-030,V002744,candidato_C,valido,valido,valido,USR-0029
BAL-0002553,MESA-028,V002370,candidato_A,valido,valido,valido,USR-0031
BAL-0002554,MESA-049,V002358,candidato_C,valido,valido,valido,USR-0029
BAL-0002555,MESA-063,V002998,candidato_A,valido,valido,valido,USR-0032
BAL-0002556,MESA-010,V002902,blanco,blanco,nulo,blanco,USR-0031
BAL-0002557,MESA-079,V000392,candidato_A,valido,valido,valido,USR-0032
BAL-0002558,MESA-073,V001492,candidato_A,valido,valido,valido,USR-0030
BAL-0002559,MESA-044,V000017,candidato_B,valido,valido,valido,USR-0030
BAL-0002560,MESA-044,V004987,candidato_A,valido,valido,valido,USR-0029
BAL-0002561,MESA-012,V003045,candidato_B,valido,valido,valido,USR-0032
BAL-0002562,MESA-015,V002373,candidato_C,valido,valido,valido,USR-0034
BAL-0002563,MESA-071,V002276,candidato_B,valido,valido,valido,USR-0035
BAL-0002564,MESA-005,V003197,candidato_C,valido,valido,valido,USR-0031
BAL-0002565,MESA-045,V000620,candidato_A,valido,invalido,valido,USR-0030
BAL-0002566,MESA-057,V002551,candidato_B,valido,valido,valido,USR-0034
BAL-0002567,MESA-059,V004946,candidato_B,valido,valido,valido,USR-0033
BAL-0002568,MESA-018,V000826,candidato_A,valido,invalido,valido,USR-0032
BAL-0002569,MESA-074,V003284,candidato_A,valido,valido,valido,USR-0035
BAL-0002570,MESA-050,V000243,candidato_C,valido,valido,valido,USR-0031
BAL-0002571,MESA-032,V003026,candidato_A,valido,valido,valido,USR-0035
BAL-0002572,MESA-033,V003835,blanco,blanco,nulo,blanco,USR-0028
BAL-0002573,MESA-019,V000815,candidato_A,valido,valido,valido,USR-0030
BAL-0002574,MESA-042,V002922,candidato_A,valido,valido,valido,USR-0032
BAL-0002575,MESA-050,V000938,candidato_B,valido,valido,valido,USR-0033
BAL-0002576,MESA-063,V003344,candidato_B,valido,valido,valido,USR-0029
BAL-0002577,MESA-023,V001321,candidato_A,valido,valido,valido,USR-0032
BAL-0002578,MESA-050,V001311,candidato_A,valido,valido,valido,USR-0029
BAL-0002579,MESA-002,V000436,candidato_C,valido,valido,valido,USR-0029
BAL-0002580,MESA-022,V004580,candidato_C,valido,valido,valido,USR-0028
BAL-0002581,MESA-023,V003790,multiple_marca,nulo,invalido,nulo,USR-0030
BAL-0002582,MESA-010,V004618,candidato_B,valido,valido,valido,USR-0034
BAL-0002583,MESA-026,V004298,candidato_B,valido,valido,valido,USR-0035
BAL-0002584,MESA-080,V000506,candidato_B,valido,valido,valido,USR-0030
BAL-0002585,MESA-019,V000814,candidato_C,valido,valido,valido,USR-0032
BAL-0002586,MESA-075,V003161,candidato_B,valido,valido,valido,USR-0029
BAL-0002587,MESA-021,V002979,candidato_B,valido,valido,valido,USR-0033
BAL-0002588,MESA-065,V002174,candidato_C,valido,valido,valido,USR-0028
BAL-0002589,MESA-041,V000037,candidato_B,valido,valido,valido,USR-0031
BAL-0002590,MESA-052,V001268,candidato_B,valido,valido,valido,USR-0029
BAL-0002591,MESA-020,V002938,candidato_B,valido,valido,valido,USR-0035
BAL-0002592,MESA-057,V003362,candidato_A,valido,valido,valido,USR-0032
BAL-0002593,MESA-005,V000231,candidato_A,valido,valido,valido,USR-0033
BAL-0002594,MESA-012,V002152,candidato_C,valido,valido,valido,USR-0029
BAL-0002595,MESA-077,V002361,candidato_B,valido,valido,valido,USR-0034
BAL-0002596,MESA-037,V004374,candidato_A,valido,valido,valido,USR-0030
BAL-0002597,MESA-075,V002655,candidato_B,valido,valido,valido,USR-0032
BAL-0002598,MESA-013,V001773,candidato_B,valido,valido,valido,USR-0034
BAL-0002599,MESA-057,V003543,candidato_B,valido,valido,valido,USR-0028
BAL-0002600,MESA-049,V001725,candidato_A,valido,valido,valido,USR-0034
BAL-0002601,MESA-070,V004361,blanco,blanco,blanco,blanco,USR-0031
BAL-0002602,MESA-054,V001350,candidato_A,valido,valido,valido,USR-0034
BAL-0002603,MESA-024,V000052,candidato_B,valido,valido,valido,USR-0028
BAL-0002604,MESA-020,V003873,candidato_A,valido,valido,valido,USR-0030
BAL-0002605,MESA-003,V000834,marca_ambigua,nulo,nulo,nulo,USR-0032
BAL-0002606,MESA-001,V004660,candidato_A,valido,valido,valido,USR-0028
BAL-0002607,MESA-078,V001050,candidato_A,valido,valido,valido,USR-0035
BAL-0002608,MESA-060,V004191,candidato_B,valido,invalido,valido,USR-0030
BAL-0002609,MESA-052,V003379,candidato_B,valido,valido,valido,USR-0030
BAL-0002610,MESA-034,V002861,candidato_A,valido,valido,valido,USR-0031
BAL-0002611,MESA-020,V002736,candidato_B,valido,valido,valido,USR-0033
BAL-0002612,MESA-013,V000634,candidato_A,valido,valido,valido,USR-0029
BAL-0002613,MESA-073,V000068,candidato_B,valido,valido,valido,USR-0029
BAL-0002614,MESA-051,V004922,blanco,blanco,blanco,blanco,USR-0029
BAL-0002615,MESA-017,V002420,candidato_B,valido,valido,valido,USR-0028
BAL-0002616,MESA-031,V004770,candidato_A,valido,valido,valido,USR-0035
BAL-0002617,MESA-040,V004758,candidato_C,valido,valido,valido,USR-0028
BAL-0002618,MESA-054,V004425,blanco,blanco,blanco,blanco,USR-0034
BAL-0002619,MESA-048,V002227,candidato_A,valido,valido,valido,USR-0033
BAL-0002620,MESA-075,V000899,candidato_A,valido,valido,valido,USR-0032
BAL-0002621,MESA-001,V000443,candidato_A,valido,valido,valido,USR-0035
BAL-0002622,MESA-078,V001637,candidato_A,valido,valido,valido,USR-0031
BAL-0002623,MESA-029,V002625,candidato_A,valido,valido,valido,USR-0034
BAL-0002624,MESA-074,V004520,blanco,blanco,blanco,blanco,USR-0030
BAL-0002625,MESA-013,V003015,candidato_C,valido,valido,valido,USR-0030
BAL-0002626,MESA-062,V003241,candidato_C,valido,valido,valido,USR-0032
BAL-0002627,MESA-021,V000997,candidato_A,valido,valido,valido,USR-0033
BAL-0002628,MESA-048,V000773,candidato_A,valido,valido,valido,USR-0032
BAL-0002629,MESA-026,V002983,multiple_marca,nulo,nulo,nulo,USR-0033
BAL-0002630,MESA-032,V001308,candidato_B,valido,valido,valido,USR-0028
BAL-0002631,MESA-064,V000006,candidato_C,valido,valido,valido,USR-0029
BAL-0002632,MESA-044,V001966,candidato_B,valido,valido,valido,USR-0034
BAL-0002633,MESA-077,V004970,candidato_B,valido,valido,valido,USR-0028
BAL-0002634,MESA-074,V004695,candidato_A,valido,valido,valido,USR-0034
BAL-0002635,MESA-079,V000475,candidato_B,valido,valido,valido,USR-0030
BAL-0002636,MESA-058,V003479,candidato_A,valido,valido,valido,USR-0028
BAL-0002637,MESA-003,V003754,candidato_A,valido,valido,valido,USR-0032
BAL-0002638,MESA-066,V002043,candidato_A,valido,valido,valido,USR-0029
BAL-0002639,MESA-011,V001381,candidato_B,valido,valido,valido,USR-0032
BAL-0002640,MESA-060,V002751,candidato_A,valido,valido,valido,USR-0030
BAL-0002641,MESA-072,V003171,candidato_C,valido,valido,valido,USR-0032
BAL-0002642,MESA-048,V001471,candidato_B,valido,valido,valido,USR-0034
BAL-0002643,MESA-058,V003604,candidato_B,valido,invalido,valido,USR-0033
BAL-0002644,MESA-026,V001555,candidato_C,valido,valido,valido,USR-0033
BAL-0002645,MESA-077,V004912,candidato_B,valido,valido,valido,USR-0029
BAL-0002646,MESA-048,V004144,candidato_B,valido,valido,valido,USR-0035
BAL-0002647,MESA-078,V002139,candidato_B,valido,valido,valido,USR-0030
BAL-0002648,MESA-039,V004773,candidato_A,valido,valido,valido,USR-0031
BAL-0002649,MESA-023,V000683,candidato_A,valido,valido,valido,USR-0032
BAL-0002650,MESA-023,V002858,candidato_B,valido,valido,valido,USR-0032
BAL-0002651,MESA-073,V003174,candidato_C,valido,valido,valido,USR-0035
BAL-0002652,MESA-057,V001678,candidato_C,valido,valido,valido,USR-0031
BAL-0002653,MESA-073,V000642,candidato_A,valido,valido,valido,USR-0035
BAL-0002654,MESA-067,V002118,blanco,blanco,blanco,blanco,USR-0032
BAL-0002655,MESA-017,V001207,candidato_A,valido,valido,valido,USR-0028
BAL-0002656,MESA-043,V001271,candidato_B,valido,valido,valido,USR-0029
BAL-0002657,MESA-063,V000113,candidato_C,valido,valido,valido,USR-0035
BAL-0002658,MESA-026,V001200,candidato_C,valido,valido,valido,USR-0029
BAL-0002659,MESA-029,V000146,candidato_A,valido,invalido,valido,USR-0030
BAL-0002660,MESA-033,V002462,candidato_A,valido,valido,valido,USR-0028
BAL-0002661,MESA-030,V000798,candidato_B,valido,valido,valido,USR-0032
BAL-0002662,MESA-078,V004247,multiple_marca,nulo,valido,nulo,USR-0031
BAL-0002663,MESA-009,V003848,candidato_B,valido,valido,valido,USR-0035
BAL-0002664,MESA-043,V003578,candidato_B,valido,valido,valido,USR-0029
BAL-0002665,MESA-058,V003112,candidato_B,valido,valido,valido,USR-0031
BAL-0002666,MESA-019,V002564,candidato_A,valido,valido,valido,USR-0029
BAL-0002667,MESA-006,V004619,candidato_C,valido,valido,valido,USR-0035
BAL-0002668,MESA-077,V000974,candidato_A,valido,valido,valido,USR-0029
BAL-0002669,MESA-066,V003130,candidato_B,valido,valido,valido,USR-0034
BAL-0002670,MESA-035,V000474,candidato_B,valido,invalido,valido,USR-0030
BAL-0002671,MESA-069,V001695,candidato_C,valido,invalido,valido,USR-0030
BAL-0002672,MESA-028,V004196,candidato_A,valido,valido,valido,USR-0034
BAL-0002673,MESA-031,V001394,candidato_A,valido,valido,valido,USR-0028
BAL-0002674,MESA-069,V002748,candidato_A,valido,valido,valido,USR-0034
BAL-0002675,MESA-051,V000295,marca_ambigua,invalido,invalido,invalido,USR-0028
BAL-0002676,MESA-073,V005000,candidato_B,valido,invalido,valido,USR-0031
BAL-0002677,MESA-052,V004564,candidato_B,valido,valido,valido,USR-0031
BAL-0002678,MESA-067,V004047,candidato_B,valido,valido,valido,USR-0035
BAL-0002679,MESA-033,V002825,candidato_A,valido,valido,valido,USR-0028
BAL-0002680,MESA-070,V001213,candidato_B,valido,valido,valido,USR-0028
BAL-0002681,MESA-080,V004703,candidato_B,valido,valido,valido,USR-0032
BAL-0002682,MESA-037,V003883,candidato_B,valido,valido,valido,USR-0031
BAL-0002683,MESA-016,V003658,candidato_B,valido,valido,valido,USR-0034
BAL-0002684,MESA-062,V002282,candidato_A,valido,valido,valido,USR-0030
BAL-0002685,MESA-011,V003507,candidato_A,valido,valido,valido,USR-0034
BAL-0002686,MESA-041,V004895,candidato_A,valido,valido,valido,USR-0033
BAL-0002687,MESA-048,V002939,candidato_B,valido,valido,valido,USR-0034
BAL-0002688,MESA-038,V001440,candidato_A,valido,valido,valido,USR-0034
BAL-0002689,MESA-056,V003970,candidato_A,valido,valido,valido,USR-0034
BAL-0002690,MESA-069,V004016,candidato_A,valido,valido,valido,USR-0034
BAL-0002691,MESA-058,V004962,candidato_A,valido,valido,valido,USR-0033
BAL-0002692,MESA-074,V000721,candidato_A,valido,valido,valido,USR-0031
BAL-0002693,MESA-019,V004377,candidato_A,valido,valido,valido,USR-0028
BAL-0002694,MESA-032,V001931,blanco,blanco,nulo,blanco,USR-0035
BAL-0002695,MESA-040,V004350,candidato_B,valido,invalido,valido,USR-0030
BAL-0002696,MESA-047,V004752,candidato_B,valido,valido,valido,USR-0029
BAL-0002697,MESA-065,V000311,candidato_B,valido,valido,valido,USR-0031
BAL-0002698,MESA-069,V003519,candidato_B,valido,valido,valido,USR-0035
BAL-0002699,MESA-009,V002224,blanco,blanco,blanco,blanco,USR-0029
BAL-0002700,MESA-012,V002514,candidato_A,valido,valido,valido,USR-0035
BAL-0002701,MESA-008,V001664,candidato_C,valido,valido,valido,USR-0033
BAL-0002702,MESA-013,V001049,candidato_B,valido,valido,valido,USR-0034
BAL-0002703,MESA-006,V002429,candidato_C,valido,valido,valido,USR-0029
BAL-0002704,MESA-052,V001040,candidato_C,valido,valido,valido,USR-0035
BAL-0002705,MESA-067,V004828,candidato_B,valido,valido,valido,USR-0032
BAL-0002706,MESA-063,V000237,candidato_A,valido,valido,valido,USR-0035
BAL-0002707,MESA-039,V001727,candidato_C,valido,valido,valido,USR-0035
BAL-0002708,MESA-010,V002322,candidato_B,valido,valido,valido,USR-0035
BAL-0002709,MESA-002,V001346,candidato_C,valido,valido,valido,USR-0035
BAL-0002710,MESA-053,V002335,multiple_marca,nulo,nulo,nulo,USR-0035
BAL-0002711,MESA-018,V002508,candidato_C,valido,valido,valido,USR-0035
BAL-0002712,MESA-066,V003017,marca_ambigua,invalido,invalido,invalido,USR-0034
BAL-0002713,MESA-006,V004724,candidato_B,valido,valido,valido,USR-0029
BAL-0002714,MESA-053,V001352,candidato_B,valido,valido,valido,USR-0034
BAL-0002715,MESA-031,V004452,candidato_B,valido,valido,valido,USR-0028
BAL-0002716,MESA-036,V000460,candidato_A,valido,valido,valido,USR-0029
BAL-0002717,MESA-012,V000653,candidato_B,valido,valido,valido,USR-0034
BAL-0002718,MESA-069,V001767,candidato_B,valido,valido,valido,USR-0030
BAL-0002719,MESA-020,V004775,candidato_C,valido,valido,valido,USR-0031
BAL-0002720,MESA-069,V002137,candidato_C,valido,valido,valido,USR-0032
BAL-0002721,MESA-007,V004265,candidato_A,valido,valido,valido,USR-0034
BAL-0002722,MESA-030,V001778,candidato_A,valido,valido,valido,USR-0033
BAL-0002723,MESA-080,V003657,candidato_C,valido,valido,valido,USR-0029
BAL-0002724,MESA-074,V003794,candidato_C,valido,valido,valido,USR-0032
BAL-0002725,MESA-012,V000665,candidato_C,valido,valido,valido,USR-0030
BAL-0002726,MESA-041,V000705,candidato_C,valido,valido,valido,USR-0028
BAL-0002727,MESA-071,V004389,candidato_B,valido,valido,valido,USR-0029
BAL-0002728,MESA-029,V004359,candidato_A,valido,valido,valido,USR-0032
BAL-0002729,MESA-047,V004517,candidato_B,valido,valido,valido,USR-0030
BAL-0002730,MESA-061,V002046,candidato_B,valido,valido,valido,USR-0031
BAL-0002731,MESA-077,V002982,candidato_A,valido,valido,valido,USR-0035
BAL-0002732,MESA-056,V002698,candidato_A,valido,valido,valido,USR-0033
BAL-0002733,MESA-076,V004498,blanco,blanco,blanco,blanco,USR-0033
BAL-0002734,MESA-017,V003624,candidato_B,valido,valido,valido,USR-0035
BAL-0002735,MESA-043,V003628,candidato_A,valido,valido,valido,USR-0034
BAL-0002736,MESA-074,V001866,candidato_C,valido,valido,valido,USR-0034
BAL-0002737,MESA-026,V003209,multiple_marca,nulo,nulo,nulo,USR-0029
BAL-0002738,MESA-021,V004188,candidato_A,valido,valido,valido,USR-0028
BAL-0002739,MESA-021,V004430,candidato_A,valido,valido,valido,USR-0031
BAL-0002740,MESA-075,V003239,candidato_B,valido,valido,valido,USR-0029
BAL-0002741,MESA-044,V001013,candidato_B,valido,valido,valido,USR-0029
BAL-0002742,MESA-019,V002973,candidato_A,valido,valido,valido,USR-0031
BAL-0002743,MESA-027,V003305,candidato_A,valido,valido,valido,USR-0028
BAL-0002744,MESA-067,V002281,candidato_B,valido,valido,valido,USR-0028
BAL-0002745,MESA-074,V003527,candidato_A,valido,valido,valido,USR-0028
BAL-0002746,MESA-031,V004209,candidato_A,valido,valido,valido,USR-0032
BAL-0002747,MESA-007,V004701,candidato_C,valido,valido,valido,USR-0028
BAL-0002748,MESA-012,V001284,candidato_C,valido,valido,valido,USR-0034
BAL-0002749,MESA-010,V002244,candidato_A,valido,valido,valido,USR-0033
BAL-0002750,MESA-055,V004199,candidato_A,valido,valido,valido,USR-0033
BAL-0002751,MESA-039,V001597,candidato_B,valido,valido,valido,USR-0033
BAL-0002752,MESA-060,V003814,candidato_A,valido,valido,valido,USR-0031
BAL-0002753,MESA-049,V004997,candidato_A,valido,valido,valido,USR-0031
BAL-0002754,MESA-080,V000284,candidato_A,valido,valido,valido,USR-0035
BAL-0002755,MESA-024,V004887,candidato_A,valido,valido,valido,USR-0033
BAL-0002756,MESA-015,V004491,blanco,blanco,nulo,blanco,USR-0029
BAL-0002757,MESA-052,V003962,candidato_B,valido,valido,valido,USR-0030
BAL-0002758,MESA-040,V000030,candidato_B,valido,valido,valido,USR-0035
BAL-0002759,MESA-014,V003057,candidato_B,valido,valido,valido,USR-0033
BAL-0002760,MESA-024,V002188,candidato_B,valido,valido,valido,USR-0033
BAL-0002761,MESA-022,V000304,candidato_A,valido,valido,valido,USR-0029
BAL-0002762,MESA-037,V001510,candidato_B,valido,valido,valido,USR-0034
BAL-0002763,MESA-064,V004919,candidato_C,valido,valido,valido,USR-0031
BAL-0002764,MESA-002,V002735,candidato_B,valido,valido,valido,USR-0033
BAL-0002765,MESA-019,V003402,candidato_A,valido,valido,valido,USR-0030
BAL-0002766,MESA-058,V003108,candidato_B,valido,valido,valido,USR-0032
BAL-0002767,MESA-016,V003961,candidato_C,valido,valido,valido,USR-0030
BAL-0002768,MESA-040,V003650,candidato_B,valido,valido,valido,USR-0031
BAL-0002769,MESA-027,V000672,candidato_A,valido,valido,valido,USR-0031
BAL-0002770,MESA-054,V003623,candidato_B,valido,valido,valido,USR-0032
BAL-0002771,MESA-034,V004790,candidato_C,valido,valido,valido,USR-0031
BAL-0002772,MESA-047,V003516,candidato_C,valido,valido,valido,USR-0031
BAL-0002773,MESA-045,V004937,candidato_B,valido,valido,valido,USR-0031
BAL-0002774,MESA-075,V002999,candidato_B,valido,valido,valido,USR-0028
BAL-0002775,MESA-051,V000795,candidato_A,valido,valido,valido,USR-0028
BAL-0002776,MESA-035,V004249,candidato_B,valido,valido,valido,USR-0034
BAL-0002777,MESA-031,V000989,candidato_A,valido,valido,valido,USR-0033
BAL-0002778,MESA-053,V002207,candidato_A,valido,invalido,valido,USR-0030
BAL-0002779,MESA-032,V000851,candidato_C,valido,valido,valido,USR-0032
BAL-0002780,MESA-068,V003410,candidato_A,valido,valido,valido,USR-0035
BAL-0002781,MESA-078,V001260,candidato_A,valido,valido,valido,USR-0031
BAL-0002782,MESA-012,V001808,candidato_A,valido,valido,valido,USR-0028
BAL-0002783,MESA-032,V003378,candidato_A,valido,valido,valido,USR-0034
BAL-0002784,MESA-055,V002050,candidato_B,valido,valido,valido,USR-0034
BAL-0002785,MESA-008,V004661,candidato_B,valido,valido,valido,USR-0033
BAL-0002786,MESA-063,V003157,candidato_C,valido,valido,valido,USR-0031
BAL-0002787,MESA-004,V000107,candidato_B,valido,valido,valido,USR-0029
BAL-0002788,MESA-043,V001708,candidato_B,valido,valido,valido,USR-0035
BAL-0002789,MESA-050,V002111,candidato_A,valido,valido,valido,USR-0034
BAL-0002790,MESA-077,V004684,blanco,blanco,nulo,blanco,USR-0033
BAL-0002791,MESA-009,V002948,candidato_B,valido,valido,valido,USR-0032
BAL-0002792,MESA-043,V001722,candidato_B,valido,valido,valido,USR-0028
BAL-0002793,MESA-040,V000966,candidato_B,valido,valido,valido,USR-0034
BAL-0002794,MESA-059,V003933,candidato_B,valido,valido,valido,USR-0031
BAL-0002795,MESA-032,V000779,marca_ambigua,invalido,invalido,invalido,USR-0034
BAL-0002796,MESA-022,V001272,candidato_B,valido,valido,valido,USR-0033
BAL-0002797,MESA-019,V000670,candidato_C,valido,valido,valido,USR-0028
BAL-0002798,MESA-064,V001373,candidato_A,valido,valido,valido,USR-0034
BAL-0002799,MESA-007,V000675,candidato_B,valido,valido,valido,USR-0032
BAL-0002800,MESA-035,V001174,candidato_A,valido,valido,valido,USR-0033
BAL-0002801,MESA-025,V002859,candidato_A,valido,valido,valido,USR-0029
BAL-0002802,MESA-036,V004542,candidato_A,valido,valido,valido,USR-0031
BAL-0002803,MESA-012,V000728,candidato_A,valido,valido,valido,USR-0028
BAL-0002804,MESA-006,V001789,candidato_B,valido,valido,valido,USR-0033
BAL-0002805,MESA-058,V003064,candidato_B,valido,valido,valido,USR-0032
BAL-0002806,MESA-026,V001359,candidato_A,valido,valido,valido,USR-0033
BAL-0002807,MESA-047,V002198,candidato_B,valido,valido,valido,USR-0030
BAL-0002808,MESA-052,V000492,candidato_A,valido,invalido,valido,USR-0030
BAL-0002809,MESA-071,V001814,candidato_B,valido,valido,valido,USR-0035
BAL-0002810,MESA-044,V002563,candidato_B,valido,valido,valido,USR-0032
BAL-0002811,MESA-027,V003452,marca_ambigua,nulo,nulo,nulo,USR-0029
BAL-0002812,MESA-042,V001496,candidato_A,valido,valido,valido,USR-0034
BAL-0002813,MESA-023,V004082,candidato_A,valido,valido,valido,USR-0033
BAL-0002814,MESA-019,V001834,candidato_B,valido,valido,valido,USR-0028
BAL-0002815,MESA-068,V001193,blanco,blanco,blanco,blanco,USR-0031
BAL-0002816,MESA-077,V002930,candidato_A,valido,valido,valido,USR-0029
BAL-0002817,MESA-063,V002862,candidato_B,valido,valido,valido,USR-0028
BAL-0002818,MESA-034,V004716,candidato_A,valido,valido,valido,USR-0030
BAL-0002819,MESA-077,V001475,candidato_B,valido,valido,valido,USR-0032
BAL-0002820,MESA-065,V002594,candidato_A,valido,valido,valido,USR-0029
BAL-0002821,MESA-003,V002048,candidato_A,valido,valido,valido,USR-0034
BAL-0002822,MESA-051,V004120,candidato_A,valido,valido,valido,USR-0033
BAL-0002823,MESA-004,V004630,candidato_B,valido,valido,valido,USR-0034
BAL-0002824,MESA-025,V002607,candidato_A,valido,valido,valido,USR-0032
BAL-0002825,MESA-056,V003734,candidato_A,valido,valido,valido,USR-0029
BAL-0002826,MESA-063,V000933,candidato_A,valido,valido,valido,USR-0030
BAL-0002827,MESA-074,V004168,candidato_C,valido,valido,valido,USR-0033
BAL-0002828,MESA-003,V003186,candidato_A,valido,valido,valido,USR-0033
BAL-0002829,MESA-059,V002931,candidato_A,valido,valido,valido,USR-0032
BAL-0002830,MESA-043,V000282,candidato_C,valido,valido,valido,USR-0033
BAL-0002831,MESA-017,V001231,candidato_C,valido,valido,valido,USR-0031
BAL-0002832,MESA-027,V004983,candidato_A,valido,valido,valido,USR-0035
BAL-0002833,MESA-024,V000595,candidato_B,valido,valido,valido,USR-0028
BAL-0002834,MESA-029,V002107,candidato_A,valido,valido,valido,USR-0030
BAL-0002835,MESA-077,V001702,candidato_A,valido,valido,valido,USR-0033
BAL-0002836,MESA-012,V003245,candidato_A,valido,valido,valido,USR-0033
BAL-0002837,MESA-059,V003798,candidato_B,valido,invalido,valido,USR-0030
BAL-0002838,MESA-030,V004429,candidato_A,valido,valido,valido,USR-0031
BAL-0002839,MESA-047,V000018,candidato_C,valido,valido,valido,USR-0029
BAL-0002840,MESA-080,V003910,candidato_A,valido,invalido,valido,USR-0030
BAL-0002841,MESA-006,V004354,candidato_A,valido,valido,valido,USR-0031
BAL-0002842,MESA-018,V000104,candidato_A,valido,valido,valido,USR-0032
BAL-0002843,MESA-079,V000337,candidato_A,valido,valido,valido,USR-0031
BAL-0002844,MESA-024,V001854,candidato_C,valido,valido,valido,USR-0028
BAL-0002845,MESA-029,V001800,candidato_A,valido,valido,valido,USR-0032
BAL-0002846,MESA-002,V004109,candidato_B,valido,invalido,valido,USR-0030
BAL-0002847,MESA-070,V001416,candidato_A,valido,valido,valido,USR-0035
BAL-0002848,MESA-049,V002293,candidato_A,valido,valido,valido,USR-0034
BAL-0002849,MESA-076,V003078,multiple_marca,nulo,valido,nulo,USR-0031
BAL-0002850,MESA-022,V001565,candidato_C,valido,valido,valido,USR-0034
BAL-0002851,MESA-012,V002151,candidato_A,valido,valido,valido,USR-0035
BAL-0002852,MESA-032,V001156,candidato_A,valido,valido,valido,USR-0032
BAL-0002853,MESA-012,V004011,candidato_A,valido,valido,valido,USR-0032
BAL-0002854,MESA-079,V000564,candidato_B,valido,valido,valido,USR-0031
BAL-0002855,MESA-053,V002045,candidato_A,valido,valido,valido,USR-0028
BAL-0002856,MESA-003,V000585,candidato_A,valido,valido,valido,USR-0031
BAL-0002857,MESA-080,V003048,candidato_A,valido,valido,valido,USR-0028
BAL-0002858,MESA-053,V004730,marca_ambigua,invalido,invalido,invalido,USR-0032
BAL-0002859,MESA-061,V004599,candidato_B,valido,valido,valido,USR-0033
BAL-0002860,MESA-009,V004108,candidato_B,valido,valido,valido,USR-0035
BAL-0002861,MESA-061,V002025,marca_ambigua,invalido,invalido,invalido,USR-0035
BAL-0002862,MESA-021,V003858,candidato_B,valido,valido,valido,USR-0030
BAL-0002863,MESA-051,V002888,candidato_A,valido,valido,valido,USR-0032
BAL-0002864,MESA-075,V000626,candidato_B,valido,valido,valido,USR-0032
BAL-0002865,MESA-017,V004300,candidato_C,valido,valido,valido,USR-0031
BAL-0002866,MESA-009,V001629,candidato_B,valido,valido,valido,USR-0031
BAL-0002867,MESA-076,V001900,candidato_B,valido,valido,valido,USR-0031
BAL-0002868,MESA-019,V000567,candidato_A,valido,valido,valido,USR-0029
BAL-0002869,MESA-052,V003164,candidato_C,valido,valido,valido,USR-0030
BAL-0002870,MESA-014,V004852,candidato_B,valido,valido,valido,USR-0031
BAL-0002871,MESA-055,V004998,candidato_A,valido,valido,valido,USR-0028
BAL-0002872,MESA-015,V004742,candidato_B,valido,valido,valido,USR-0028
BAL-0002873,MESA-039,V004512,candidato_B,valido,valido,valido,USR-0033
BAL-0002874,MESA-055,V004101,candidato_C,valido,valido,valido,USR-0029
BAL-0002875,MESA-073,V002360,candidato_C,valido,valido,valido,USR-0028
BAL-0002876,MESA-057,V003455,candidato_C,valido,valido,valido,USR-0035
BAL-0002877,MESA-068,V000538,candidato_B,valido,valido,valido,USR-0035
BAL-0002878,MESA-076,V000924,candidato_C,valido,valido,valido,USR-0034
BAL-0002879,MESA-011,V002530,candidato_B,valido,valido,valido,USR-0032
BAL-0002880,MESA-021,V001244,candidato_A,valido,valido,valido,USR-0035
BAL-0002881,MESA-018,V000920,candidato_A,valido,valido,valido,USR-0028
BAL-0002882,MESA-026,V000829,blanco,blanco,blanco,blanco,USR-0031
BAL-0002883,MESA-044,V000632,candidato_A,valido,valido,valido,USR-0028
BAL-0002884,MESA-013,V000715,candidato_B,valido,invalido,valido,USR-0030
BAL-0002885,MESA-042,V002786,candidato_A,valido,valido,valido,USR-0034
BAL-0002886,MESA-072,V001481,marca_ambigua,nulo,valido,nulo,USR-0033
BAL-0002887,MESA-010,V001297,candidato_C,valido,valido,valido,USR-0033
BAL-0002888,MESA-021,V001436,candidato_B,valido,valido,valido,USR-0028
BAL-0002889,MESA-038,V000765,candidato_A,valido,valido,valido,USR-0033
BAL-0002890,MESA-064,V004755,candidato_A,valido,valido,valido,USR-0033
BAL-0002891,MESA-077,V001267,candidato_C,valido,valido,valido,USR-0032
BAL-0002892,MESA-005,V002730,candidato_B,valido,valido,valido,USR-0028
BAL-0002893,MESA-053,V001735,candidato_A,valido,valido,valido,USR-0035
BAL-0002894,MESA-074,V002950,candidato_C,valido,valido,valido,USR-0032
BAL-0002895,MESA-025,V004663,candidato_B,valido,valido,valido,USR-0032
BAL-0002896,MESA-001,V000208,candidato_B,valido,valido,valido,USR-0030
BAL-0002897,MESA-035,V002184,candidato_A,valido,valido,valido,USR-0029
BAL-0002898,MESA-055,V004676,candidato_A,valido,valido,valido,USR-0029
BAL-0002899,MESA-001,V001936,candidato_A,valido,valido,valido,USR-0031
BAL-0002900,MESA-033,V003747,candidato_A,valido,valido,valido,USR-0034
BAL-0002901,MESA-015,V004143,candidato_B,valido,valido,valido,USR-0032
BAL-0002902,MESA-043,V002511,candidato_B,valido,valido,valido,USR-0029
BAL-0002903,MESA-070,V004548,candidato_C,valido,valido,valido,USR-0028
BAL-0002904,MESA-041,V004881,candidato_A,valido,valido,valido,USR-0031
BAL-0002905,MESA-027,V002236,candidato_C,valido,invalido,valido,USR-0030
BAL-0002906,MESA-038,V001168,candidato_A,valido,valido,valido,USR-0031
BAL-0002907,MESA-037,V004942,candidato_B,valido,valido,valido,USR-0029
BAL-0002908,MESA-050,V001547,candidato_B,valido,valido,valido,USR-0035
BAL-0002909,MESA-074,V001419,candidato_A,valido,valido,valido,USR-0033
BAL-0002910,MESA-075,V000188,candidato_B,valido,valido,valido,USR-0035
BAL-0002911,MESA-033,V000679,candidato_B,valido,valido,valido,USR-0029
BAL-0002912,MESA-050,V001588,candidato_A,valido,valido,valido,USR-0031
BAL-0002913,MESA-004,V004856,candidato_A,valido,valido,valido,USR-0035
BAL-0002914,MESA-028,V001566,candidato_B,valido,valido,valido,USR-0028
BAL-0002915,MESA-025,V004985,candidato_A,valido,valido,valido,USR-0033
BAL-0002916,MESA-018,V004692,candidato_C,valido,invalido,valido,USR-0030
BAL-0002917,MESA-073,V002587,candidato_B,valido,valido,valido,USR-0031
BAL-0002918,MESA-057,V004149,blanco,blanco,blanco,blanco,USR-0029
BAL-0002919,MESA-020,V002978,candidato_A,valido,valido,valido,USR-0030
BAL-0002920,MESA-080,V004544,candidato_B,valido,valido,valido,USR-0030
BAL-0002921,MESA-068,V004568,candidato_A,valido,valido,valido,USR-0034
BAL-0002922,MESA-053,V001367,candidato_C,valido,valido,valido,USR-0035
BAL-0002923,MESA-011,V002920,candidato_B,valido,valido,valido,USR-0028
BAL-0002924,MESA-001,V002943,candidato_A,valido,valido,valido,USR-0034
BAL-0002925,MESA-071,V000206,candidato_A,valido,valido,valido,USR-0030
BAL-0002926,MESA-031,V000965,candidato_A,valido,valido,valido,USR-0033
BAL-0002927,MESA-057,V001310,candidato_A,valido,valido,valido,USR-0034
BAL-0002928,MESA-022,V000394,candidato_C,valido,valido,valido,USR-0031
BAL-0002929,MESA-055,V000652,candidato_A,valido,valido,valido,USR-0035
BAL-0002930,MESA-017,V000690,candidato_B,valido,valido,valido,USR-0034
BAL-0002931,MESA-009,V001967,candidato_B,valido,valido,valido,USR-0031
BAL-0002932,MESA-062,V000235,candidato_A,valido,valido,valido,USR-0028
BAL-0002933,MESA-051,V003225,candidato_B,valido,valido,valido,USR-0029
BAL-0002934,MESA-076,V001229,multiple_marca,nulo,nulo,nulo,USR-0029
BAL-0002935,MESA-017,V000389,candidato_A,valido,valido,valido,USR-0031
BAL-0002936,MESA-064,V003293,candidato_A,valido,valido,valido,USR-0029
BAL-0002937,MESA-016,V003997,candidato_C,valido,valido,valido,USR-0034
BAL-0002938,MESA-033,V000225,candidato_B,valido,valido,valido,USR-0031
BAL-0002939,MESA-034,V001217,candidato_A,valido,valido,valido,USR-0034
BAL-0002940,MESA-073,V003854,candidato_C,valido,valido,valido,USR-0030
BAL-0002941,MESA-003,V003476,candidato_C,valido,valido,valido,USR-0030
BAL-0002942,MESA-014,V000556,candidato_A,valido,valido,valido,USR-0035
BAL-0002943,MESA-010,V002327,candidato_A,valido,valido,valido,USR-0033
BAL-0002944,MESA-004,V002944,blanco,blanco,blanco,blanco,USR-0034
BAL-0002945,MESA-076,V002660,candidato_B,valido,valido,valido,USR-0035
BAL-0002946,MESA-071,V000788,candidato_A,valido,valido,valido,USR-0034
BAL-0002947,MESA-031,V001915,candidato_C,valido,valido,valido,USR-0034
BAL-0002948,MESA-035,V002032,candidato_A,valido,valido,valido,USR-0035
BAL-0002949,MESA-079,V002421,candidato_B,valido,valido,valido,USR-0029
BAL-0002950,MESA-009,V000207,candidato_B,valido,valido,valido,USR-0033
BAL-0002951,MESA-012,V003134,candidato_A,valido,valido,valido,USR-0030
BAL-0002952,MESA-020,V003837,candidato_C,valido,valido,valido,USR-0034
BAL-0002953,MESA-052,V000666,candidato_A,valido,invalido,valido,USR-0030
BAL-0002954,MESA-038,V004097,candidato_B,valido,valido,valido,USR-0032
BAL-0002955,MESA-011,V004797,candidato_B,valido,valido,valido,USR-0035
BAL-0002956,MESA-052,V004634,candidato_B,valido,valido,valido,USR-0035
BAL-0002957,MESA-074,V003732,candidato_B,valido,valido,valido,USR-0032
BAL-0002958,MESA-041,V004814,candidato_A,valido,valido,valido,USR-0029
BAL-0002959,MESA-055,V002752,candidato_A,valido,invalido,valido,USR-0030
BAL-0002960,MESA-028,V001395,candidato_B,valido,invalido,valido,USR-0032
BAL-0002961,MESA-022,V001855,candidato_B,valido,valido,valido,USR-0029
BAL-0002962,MESA-053,V004882,candidato_A,valido,valido,valido,USR-0033
BAL-0002963,MESA-040,V000092,candidato_B,valido,valido,valido,USR-0034
BAL-0002964,MESA-056,V004447,candidato_C,valido,valido,valido,USR-0028
BAL-0002965,MESA-061,V002906,blanco,blanco,blanco,blanco,USR-0033
BAL-0002966,MESA-058,V003520,candidato_B,valido,valido,valido,USR-0033
BAL-0002967,MESA-018,V001005,candidato_B,valido,valido,valido,USR-0035
BAL-0002968,MESA-069,V004208,candidato_B,valido,valido,valido,USR-0030
BAL-0002969,MESA-004,V004193,candidato_A,valido,valido,valido,USR-0030
BAL-0002970,MESA-064,V000303,candidato_B,valido,valido,valido,USR-0029
BAL-0002971,MESA-037,V003079,candidato_A,valido,valido,valido,USR-0032
BAL-0002972,MESA-051,V003780,candidato_B,valido,valido,valido,USR-0032
BAL-0002973,MESA-043,V003399,blanco,blanco,blanco,blanco,USR-0031
BAL-0002974,MESA-002,V002250,candidato_A,valido,valido,valido,USR-0029
BAL-0002975,MESA-028,V002186,candidato_A,valido,valido,valido,USR-0028
BAL-0002976,MESA-048,V002643,candidato_B,valido,valido,valido,USR-0033
BAL-0002977,MESA-013,V004999,candidato_B,valido,valido,valido,USR-0028
BAL-0002978,MESA-019,V002995,candidato_C,valido,valido,valido,USR-0028
BAL-0002979,MESA-028,V000512,candidato_A,valido,valido,valido,USR-0031
BAL-0002980,MESA-048,V001252,candidato_B,valido,valido,valido,USR-0034
BAL-0002981,MESA-065,V002589,candidato_A,valido,valido,valido,USR-0034
BAL-0002982,MESA-067,V003053,candidato_B,valido,valido,valido,USR-0031
BAL-0002983,MESA-077,V004966,candidato_C,valido,valido,valido,USR-0030
BAL-0002984,MESA-010,V000766,candidato_A,valido,valido,valido,USR-0033
BAL-0002985,MESA-036,V000807,candidato_C,valido,valido,valido,USR-0034
BAL-0002986,MESA-080,V004955,candidato_B,valido,valido,valido,USR-0035
BAL-0002987,MESA-024,V001355,candidato_B,valido,invalido,valido,USR-0030
BAL-0002988,MESA-021,V003712,candidato_B,valido,valido,valido,USR-0035
BAL-0002989,MESA-053,V001504,candidato_A,valido,valido,valido,USR-0033
BAL-0002990,MESA-058,V001724,candidato_B,valido,valido,valido,USR-0034
BAL-0002991,MESA-052,V002794,candidato_B,valido,valido,valido,USR-0031
BAL-0002992,MESA-024,V003486,candidato_B,valido,valido,valido,USR-0035
BAL-0002993,MESA-080,V004864,candidato_A,valido,valido,valido,USR-0033
BAL-0002994,MESA-017,V001035,candidato_C,valido,valido,valido,USR-0032
BAL-0002995,MESA-027,V004613,candidato_A,valido,valido,valido,USR-0031
BAL-0002996,MESA-069,V000100,candidato_B,valido,valido,valido,USR-0028
BAL-0002997,MESA-005,V001838,candidato_B,valido,valido,valido,USR-0031
BAL-0002998,MESA-016,V003352,candidato_B,valido,valido,valido,USR-0029
BAL-0002999,MESA-075,V003675,candidato_B,valido,valido,valido,USR-0028
BAL-0003000,MESA-017,V002917,candidato_A,valido,valido,valido,USR-0031
BAL-0003001,MESA-053,V004642,candidato_C,valido,valido,valido,USR-0034
BAL-0003002,MESA-009,V001633,candidato_B,valido,valido,valido,USR-0032
BAL-0003003,MESA-039,V004318,candidato_A,valido,valido,valido,USR-0032
BAL-0003004,MESA-017,V004290,candidato_C,valido,valido,valido,USR-0034
BAL-0003005,MESA-068,V003908,candidato_B,valido,valido,valido,USR-0029
BAL-0003006,MESA-011,V000871,candidato_A,valido,valido,valido,USR-0035
BAL-0003007,MESA-060,V004148,candidato_B,valido,valido,valido,USR-0032
BAL-0003008,MESA-008,V004954,multiple_marca,nulo,nulo,nulo,USR-0030
BAL-0003009,MESA-024,V004846,candidato_A,valido,valido,valido,USR-0028
BAL-0003010,MESA-063,V002642,candidato_B,valido,valido,valido,USR-0034
BAL-0003011,MESA-080,V001589,candidato_B,valido,valido,valido,USR-0031
BAL-0003012,MESA-007,V000216,candidato_B,valido,invalido,valido,USR-0032
BAL-0003013,MESA-003,V001551,candidato_C,valido,valido,valido,USR-0030
BAL-0003014,MESA-064,V001336,candidato_B,valido,valido,valido,USR-0032
BAL-0003015,MESA-077,V000257,candidato_A,valido,valido,valido,USR-0033
BAL-0003016,MESA-058,V002841,candidato_A,valido,invalido,valido,USR-0030
BAL-0003017,MESA-077,V000858,candidato_A,valido,valido,valido,USR-0029
BAL-0003018,MESA-004,V003617,candidato_A,valido,valido,valido,USR-0029
BAL-0003019,MESA-065,V004899,candidato_B,valido,invalido,valido,USR-0029
BAL-0003020,MESA-041,V003440,candidato_A,valido,valido,valido,USR-0031
BAL-0003021,MESA-035,V002844,candidato_B,valido,valido,valido,USR-0028
BAL-0003022,MESA-061,V004555,candidato_B,valido,valido,valido,USR-0032
BAL-0003023,MESA-017,V004151,candidato_A,valido,valido,valido,USR-0033
BAL-0003024,MESA-026,V000001,candidato_A,valido,valido,valido,USR-0029
BAL-0003025,MESA-021,V002033,candidato_A,valido,valido,valido,USR-0034
BAL-0003026,MESA-015,V003302,candidato_B,valido,valido,valido,USR-0029
BAL-0003027,MESA-080,V004387,candidato_C,valido,valido,valido,USR-0033
BAL-0003028,MESA-023,V003755,candidato_B,valido,valido,valido,USR-0028
BAL-0003029,MESA-078,V003678,candidato_C,valido,valido,valido,USR-0031
BAL-0003030,MESA-064,V001590,candidato_B,valido,valido,valido,USR-0033
BAL-0003031,MESA-017,V003409,candidato_B,valido,valido,valido,USR-0031
BAL-0003032,MESA-048,V000967,candidato_A,valido,valido,valido,USR-0034
BAL-0003033,MESA-030,V002245,candidato_B,valido,valido,valido,USR-0035
BAL-0003034,MESA-038,V004385,candidato_A,valido,valido,valido,USR-0035
BAL-0003035,MESA-080,V000470,candidato_B,valido,valido,valido,USR-0032
BAL-0003036,MESA-008,V002189,candidato_B,valido,valido,valido,USR-0034
BAL-0003037,MESA-002,V003282,candidato_B,valido,valido,valido,USR-0029
BAL-0003038,MESA-042,V000774,candidato_A,valido,valido,valido,USR-0032
BAL-0003039,MESA-062,V003152,candidato_B,valido,valido,valido,USR-0030
BAL-0003040,MESA-054,V000818,candidato_A,valido,valido,valido,USR-0030
BAL-0003041,MESA-022,V001331,candidato_B,valido,valido,valido,USR-0029
BAL-0003042,MESA-032,V001223,candidato_A,valido,valido,valido,USR-0029
BAL-0003043,MESA-017,V002270,blanco,blanco,blanco,blanco,USR-0035
BAL-0003044,MESA-050,V003497,candidato_A,valido,valido,valido,USR-0029
BAL-0003045,MESA-012,V004878,candidato_B,valido,valido,valido,USR-0035
BAL-0003046,MESA-005,V001666,candidato_A,valido,invalido,valido,USR-0031
BAL-0003047,MESA-003,V003071,candidato_B,valido,valido,valido,USR-0032
BAL-0003048,MESA-023,V003212,candidato_A,valido,valido,valido,USR-0031
BAL-0003049,MESA-054,V004971,candidato_B,valido,valido,valido,USR-0034
BAL-0003050,MESA-016,V000294,candidato_C,valido,valido,valido,USR-0034
BAL-0003051,MESA-071,V003198,candidato_C,valido,valido,valido,USR-0031
BAL-0003052,MESA-062,V000754,candidato_A,valido,valido,valido,USR-0033
BAL-0003053,MESA-053,V003725,candidato_C,valido,valido,valido,USR-0028
BAL-0003054,MESA-063,V001045,multiple_marca,nulo,valido,nulo,USR-0034
BAL-0003055,MESA-026,V003759,candidato_A,valido,valido,valido,USR-0031
BAL-0003056,MESA-004,V001246,candidato_C,valido,valido,valido,USR-0034
BAL-0003057,MESA-052,V001270,candidato_A,valido,valido,valido,USR-0032
BAL-0003058,MESA-059,V004731,candidato_B,valido,valido,valido,USR-0029
BAL-0003059,MESA-061,V002989,candidato_A,valido,valido,valido,USR-0035
BAL-0003060,MESA-055,V000321,candidato_B,valido,valido,valido,USR-0034
BAL-0003061,MESA-066,V004127,candidato_A,valido,valido,valido,USR-0032
BAL-0003062,MESA-036,V004637,candidato_B,valido,valido,valido,USR-0031
BAL-0003063,MESA-053,V002415,candidato_A,valido,valido,valido,USR-0032
BAL-0003064,MESA-012,V003892,candidato_B,valido,valido,valido,USR-0031
BAL-0003065,MESA-067,V000982,candidato_C,valido,valido,valido,USR-0031
BAL-0003066,MESA-027,V001358,blanco,blanco,blanco,blanco,USR-0030
BAL-0003067,MESA-017,V003916,candidato_B,valido,valido,valido,USR-0033
BAL-0003068,MESA-051,V004600,candidato_B,valido,valido,valido,USR-0033
BAL-0003069,MESA-009,V003506,candidato_B,valido,valido,valido,USR-0030
BAL-0003070,MESA-003,V004957,candidato_B,valido,valido,valido,USR-0029
BAL-0003071,MESA-076,V004314,candidato_B,valido,valido,valido,USR-0030
BAL-0003072,MESA-056,V003566,candidato_B,valido,valido,valido,USR-0032
BAL-0003073,MESA-017,V003047,candidato_B,valido,valido,valido,USR-0031
BAL-0003074,MESA-025,V001929,candidato_A,valido,invalido,valido,USR-0030
BAL-0003075,MESA-061,V001041,candidato_B,valido,valido,valido,USR-0035
BAL-0003076,MESA-046,V001902,candidato_B,valido,valido,valido,USR-0032
BAL-0003077,MESA-069,V001579,candidato_A,valido,valido,valido,USR-0031
BAL-0003078,MESA-064,V001868,candidato_A,valido,valido,valido,USR-0029
BAL-0003079,MESA-054,V004228,candidato_C,valido,valido,valido,USR-0028
BAL-0003080,MESA-078,V003772,candidato_C,valido,valido,valido,USR-0030
BAL-0003081,MESA-010,V003437,blanco,blanco,blanco,blanco,USR-0030
BAL-0003082,MESA-080,V001576,candidato_B,valido,valido,valido,USR-0031
BAL-0003083,MESA-052,V004515,candidato_C,valido,valido,valido,USR-0030
BAL-0003084,MESA-011,V001840,candidato_C,valido,valido,valido,USR-0033
BAL-0003085,MESA-027,V001144,candidato_C,valido,invalido,valido,USR-0029
BAL-0003086,MESA-065,V002763,candidato_B,valido,valido,valido,USR-0028
BAL-0003087,MESA-050,V004089,candidato_B,valido,valido,valido,USR-0031
BAL-0003088,MESA-025,V000269,candidato_B,valido,valido,valido,USR-0033
BAL-0003089,MESA-050,V002964,candidato_B,valido,valido,valido,USR-0034
BAL-0003090,MESA-079,V003272,candidato_B,valido,valido,valido,USR-0034
BAL-0003091,MESA-068,V004069,candidato_B,valido,valido,valido,USR-0035
BAL-0003092,MESA-006,V000179,candidato_A,valido,valido,valido,USR-0033
BAL-0003093,MESA-019,V004586,candidato_C,valido,valido,valido,USR-0031
BAL-0003094,MESA-066,V004530,candidato_A,valido,valido,valido,USR-0035
BAL-0003095,MESA-057,V003703,candidato_B,valido,valido,valido,USR-0028
BAL-0003096,MESA-067,V001500,blanco,blanco,blanco,blanco,USR-0029
BAL-0003097,MESA-042,V001128,candidato_C,valido,valido,valido,USR-0032
BAL-0003098,MESA-077,V001456,candidato_A,valido,valido,valido,USR-0035
BAL-0003099,MESA-060,V004540,candidato_C,valido,valido,valido,USR-0034
BAL-0003100,MESA-048,V001785,candidato_B,valido,valido,valido,USR-0028
BAL-0003101,MESA-048,V004631,candidato_A,valido,valido,valido,USR-0031
BAL-0003102,MESA-016,V002024,candidato_B,valido,valido,valido,USR-0030
BAL-0003103,MESA-052,V001923,candidato_B,valido,valido,valido,USR-0035
BAL-0003104,MESA-051,V001173,candidato_C,valido,valido,valido,USR-0035
BAL-0003105,MESA-063,V000374,candidato_B,valido,valido,valido,USR-0033
BAL-0003106,MESA-057,V000973,candidato_C,valido,valido,valido,USR-0034
BAL-0003107,MESA-080,V001434,candidato_A,valido,valido,valido,USR-0034
BAL-0003108,MESA-024,V001719,candidato_C,valido,valido,valido,USR-0030
BAL-0003109,MESA-054,V003424,candidato_A,valido,valido,valido,USR-0029
BAL-0003110,MESA-043,V001864,candidato_A,valido,valido,valido,USR-0033
BAL-0003111,MESA-007,V002357,candidato_A,valido,valido,valido,USR-0031
BAL-0003112,MESA-068,V000430,candidato_A,valido,valido,valido,USR-0034
BAL-0003113,MESA-016,V001535,candidato_B,valido,valido,valido,USR-0028
BAL-0003114,MESA-078,V002456,candidato_B,valido,invalido,valido,USR-0035
BAL-0003115,MESA-031,V002369,candidato_B,valido,valido,valido,USR-0031
BAL-0003116,MESA-044,V003645,candidato_A,valido,invalido,valido,USR-0030
BAL-0003117,MESA-064,V000513,candidato_B,valido,valido,valido,USR-0028
BAL-0003118,MESA-025,V003870,marca_ambigua,nulo,valido,nulo,USR-0033
BAL-0003119,MESA-076,V002960,candidato_B,valido,valido,valido,USR-0029
BAL-0003120,MESA-005,V003176,multiple_marca,nulo,valido,nulo,USR-0035
BAL-0003121,MESA-066,V001728,candidato_B,valido,valido,valido,USR-0034
BAL-0003122,MESA-063,V001484,candidato_A,valido,valido,valido,USR-0031
BAL-0003123,MESA-015,V000911,candidato_A,valido,invalido,valido,USR-0030
BAL-0003124,MESA-024,V001872,candidato_A,valido,valido,valido,USR-0033
BAL-0003125,MESA-056,V002122,candidato_A,valido,valido,valido,USR-0032
BAL-0003126,MESA-005,V000854,candidato_C,valido,valido,valido,USR-0032
BAL-0003127,MESA-049,V001053,candidato_B,valido,valido,valido,USR-0031
BAL-0003128,MESA-036,V000981,candidato_A,valido,valido,valido,USR-0034
BAL-0003129,MESA-033,V003863,candidato_B,valido,valido,valido,USR-0035
BAL-0003130,MESA-013,V002388,candidato_A,valido,valido,valido,USR-0031
BAL-0003131,MESA-033,V002840,candidato_B,valido,valido,valido,USR-0030
BAL-0003132,MESA-033,V002011,candidato_C,valido,valido,valido,USR-0029
BAL-0003133,MESA-065,V003184,candidato_B,valido,valido,valido,USR-0030
BAL-0003134,MESA-029,V003980,candidato_B,valido,valido,valido,USR-0029
BAL-0003135,MESA-043,V004050,candidato_B,valido,valido,valido,USR-0028
BAL-0003136,MESA-021,V002613,blanco,blanco,nulo,blanco,USR-0033
BAL-0003137,MESA-074,V000549,candidato_A,valido,valido,valido,USR-0031
BAL-0003138,MESA-045,V000937,candidato_C,valido,valido,valido,USR-0030
BAL-0003139,MESA-035,V004303,candidato_B,valido,valido,valido,USR-0031
BAL-0003140,MESA-070,V002164,candidato_A,valido,valido,valido,USR-0029
BAL-0003141,MESA-022,V003185,blanco,blanco,blanco,blanco,USR-0032
BAL-0003142,MESA-038,V002762,candidato_C,valido,valido,valido,USR-0034
BAL-0003143,MESA-075,V003508,candidato_A,valido,valido,valido,USR-0029
BAL-0003144,MESA-058,V002223,candidato_B,valido,valido,valido,USR-0033
BAL-0003145,MESA-040,V001256,candidato_A,valido,valido,valido,USR-0033
BAL-0003146,MESA-001,V000218,multiple_marca,nulo,nulo,nulo,USR-0030
BAL-0003147,MESA-032,V003294,candidato_A,valido,valido,valido,USR-0035
BAL-0003148,MESA-004,V001114,candidato_B,valido,valido,valido,USR-0028
BAL-0003149,MESA-004,V001377,candidato_C,valido,valido,valido,USR-0033
BAL-0003150,MESA-020,V002977,candidato_A,valido,valido,valido,USR-0028
BAL-0003151,MESA-059,V004219,candidato_A,valido,valido,valido,USR-0035
BAL-0003152,MESA-014,V001176,candidato_B,valido,valido,valido,USR-0035
BAL-0003153,MESA-055,V003038,candidato_A,valido,valido,valido,USR-0035
BAL-0003154,MESA-068,V003413,candidato_A,valido,valido,valido,USR-0033
BAL-0003155,MESA-034,V002733,candidato_A,valido,valido,valido,USR-0033
BAL-0003156,MESA-071,V003004,candidato_B,valido,valido,valido,USR-0032
BAL-0003157,MESA-068,V004551,candidato_B,valido,valido,valido,USR-0033
BAL-0003158,MESA-042,V000336,blanco,blanco,blanco,blanco,USR-0034
BAL-0003159,MESA-074,V002953,candidato_C,valido,valido,valido,USR-0033
BAL-0003160,MESA-017,V002606,candidato_A,valido,valido,valido,USR-0035
BAL-0003161,MESA-050,V004152,candidato_B,valido,valido,valido,USR-0033
BAL-0003162,MESA-073,V003471,candidato_A,valido,valido,valido,USR-0034
BAL-0003163,MESA-026,V001769,candidato_A,valido,valido,valido,USR-0032
BAL-0003164,MESA-023,V001988,candidato_C,valido,valido,valido,USR-0032
BAL-0003165,MESA-055,V003999,candidato_B,valido,valido,valido,USR-0028
BAL-0003166,MESA-029,V001676,candidato_A,valido,valido,valido,USR-0030
BAL-0003167,MESA-054,V003187,candidato_A,valido,valido,valido,USR-0035
BAL-0003168,MESA-069,V003099,candidato_C,valido,valido,valido,USR-0034
BAL-0003169,MESA-050,V002981,candidato_A,valido,valido,valido,USR-0034
BAL-0003170,MESA-048,V003104,candidato_A,valido,valido,valido,USR-0032
BAL-0003171,MESA-016,V003129,candidato_A,valido,valido,valido,USR-0028
BAL-0003172,MESA-001,V004333,candidato_B,valido,valido,valido,USR-0033
BAL-0003173,MESA-012,V001622,candidato_A,valido,valido,valido,USR-0034
BAL-0003174,MESA-043,V004578,blanco,blanco,blanco,blanco,USR-0029
BAL-0003175,MESA-006,V002315,candidato_B,valido,valido,valido,USR-0032
BAL-0003176,MESA-046,V000592,candidato_A,valido,invalido,valido,USR-0030
BAL-0003177,MESA-076,V001946,candidato_B,valido,valido,valido,USR-0034
BAL-0003178,MESA-033,V002400,candidato_B,valido,valido,valido,USR-0029
BAL-0003179,MESA-001,V001195,candidato_B,valido,valido,valido,USR-0033
BAL-0003180,MESA-016,V000280,candidato_A,valido,valido,valido,USR-0035
BAL-0003181,MESA-028,V003380,candidato_B,valido,valido,valido,USR-0029
BAL-0003182,MESA-034,V003685,candidato_B,valido,invalido,valido,USR-0029
BAL-0003183,MESA-065,V004496,candidato_C,valido,valido,valido,USR-0030
BAL-0003184,MESA-009,V004073,candidato_B,valido,valido,valido,USR-0028
BAL-0003185,MESA-037,V001335,candidato_B,valido,valido,valido,USR-0035
BAL-0003186,MESA-030,V003666,blanco,blanco,blanco,blanco,USR-0034
BAL-0003187,MESA-028,V002921,blanco,blanco,blanco,blanco,USR-0029
BAL-0003188,MESA-038,V003828,candidato_A,valido,valido,valido,USR-0028
BAL-0003189,MESA-002,V002724,candidato_A,valido,invalido,valido,USR-0030
BAL-0003190,MESA-061,V003973,candidato_B,valido,valido,valido,USR-0033
BAL-0003191,MESA-037,V003488,candidato_B,valido,valido,valido,USR-0033
BAL-0003192,MESA-043,V002035,candidato_C,valido,valido,valido,USR-0028
BAL-0003193,MESA-006,V004020,candidato_C,valido,valido,valido,USR-0032
BAL-0003194,MESA-002,V001559,candidato_A,valido,valido,valido,USR-0035
BAL-0003195,MESA-075,V004100,candidato_A,valido,valido,valido,USR-0028
BAL-0003196,MESA-030,V000009,candidato_C,valido,valido,valido,USR-0030
BAL-0003197,MESA-051,V004256,candidato_C,valido,valido,valido,USR-0032
BAL-0003198,MESA-031,V003514,marca_ambigua,nulo,invalido,nulo,USR-0030
BAL-0003199,MESA-007,V000022,candidato_B,valido,valido,valido,USR-0035
BAL-0003200,MESA-007,V000347,candidato_A,valido,valido,valido,USR-0030
BAL-0003201,MESA-045,V002228,candidato_B,valido,valido,valido,USR-0033
BAL-0003202,MESA-046,V003465,candidato_A,valido,valido,valido,USR-0034
BAL-0003203,MESA-014,V002746,candidato_C,valido,valido,valido,USR-0028
BAL-0003204,MESA-072,V004683,candidato_A,valido,valido,valido,USR-0029
BAL-0003205,MESA-054,V000412,candidato_B,valido,valido,valido,USR-0032
BAL-0003206,MESA-047,V002494,candidato_B,valido,valido,valido,USR-0034
BAL-0003207,MESA-024,V003482,candidato_B,valido,valido,valido,USR-0032
BAL-0003208,MESA-008,V004974,candidato_B,valido,valido,valido,USR-0034
BAL-0003209,MESA-050,V004629,candidato_B,valido,valido,valido,USR-0035
BAL-0003210,MESA-052,V000777,candidato_B,valido,valido,valido,USR-0029
BAL-0003211,MESA-025,V002229,candidato_A,valido,invalido,valido,USR-0030
BAL-0003212,MESA-069,V001116,candidato_A,valido,valido,valido,USR-0032
BAL-0003213,MESA-065,V003644,candidato_C,valido,valido,valido,USR-0028
BAL-0003214,MESA-032,V000508,candidato_A,valido,valido,valido,USR-0032
BAL-0003215,MESA-026,V003389,candidato_B,valido,valido,valido,USR-0033
BAL-0003216,MESA-066,V002153,candidato_A,valido,valido,valido,USR-0031
BAL-0003217,MESA-018,V001730,candidato_A,valido,valido,valido,USR-0033
BAL-0003218,MESA-031,V003789,candidato_B,valido,valido,valido,USR-0034
BAL-0003219,MESA-043,V004033,candidato_C,valido,valido,valido,USR-0031
BAL-0003220,MESA-077,V002910,candidato_B,valido,valido,valido,USR-0029
BAL-0003221,MESA-054,V004414,candidato_B,valido,invalido,valido,USR-0030
BAL-0003222,MESA-021,V000694,blanco,blanco,blanco,blanco,USR-0030
BAL-0003223,MESA-029,V004054,candidato_B,valido,valido,valido,USR-0035
BAL-0003224,MESA-073,V003595,candidato_B,valido,valido,valido,USR-0035
BAL-0003225,MESA-026,V001681,candidato_A,valido,valido,valido,USR-0032
BAL-0003226,MESA-065,V002317,candidato_B,valido,valido,valido,USR-0030
BAL-0003227,MESA-004,V002208,blanco,blanco,blanco,blanco,USR-0030
BAL-0003228,MESA-026,V000844,candidato_A,valido,valido,valido,USR-0030
BAL-0003229,MESA-069,V000944,candidato_A,valido,valido,valido,USR-0034
BAL-0003230,MESA-062,V003163,candidato_C,valido,valido,valido,USR-0035
BAL-0003231,MESA-018,V002807,candidato_C,valido,valido,valido,USR-0028
BAL-0003232,MESA-031,V002416,candidato_B,valido,valido,valido,USR-0034
BAL-0003233,MESA-079,V000455,candidato_B,valido,valido,valido,USR-0034
BAL-0003234,MESA-069,V000136,candidato_B,valido,valido,valido,USR-0029
BAL-0003235,MESA-056,V004624,candidato_C,valido,valido,valido,USR-0033
BAL-0003236,MESA-078,V002121,candidato_A,valido,valido,valido,USR-0028
BAL-0003237,MESA-079,V000012,blanco,blanco,nulo,blanco,USR-0031
BAL-0003238,MESA-026,V002199,candidato_C,valido,valido,valido,USR-0028
BAL-0003239,MESA-021,V001890,candidato_B,valido,valido,valido,USR-0028
BAL-0003240,MESA-062,V004649,candidato_C,valido,valido,valido,USR-0029
BAL-0003241,MESA-067,V002324,candidato_B,valido,valido,valido,USR-0033
BAL-0003242,MESA-067,V002641,candidato_A,valido,valido,valido,USR-0033
BAL-0003243,MESA-037,V002819,candidato_B,valido,valido,valido,USR-0031
BAL-0003244,MESA-003,V004042,candidato_B,valido,valido,valido,USR-0035
BAL-0003245,MESA-066,V004270,blanco,blanco,blanco,blanco,USR-0035
BAL-0003246,MESA-033,V004691,candidato_B,valido,valido,valido,USR-0032
BAL-0003247,MESA-052,V001431,candidato_B,valido,valido,valido,USR-0031
BAL-0003248,MESA-014,V000628,sin_marca,invalido,invalido,invalido,USR-0030
BAL-0003249,MESA-079,V004305,candidato_B,valido,valido,valido,USR-0031
BAL-0003250,MESA-078,V000275,marca_ambigua,invalido,invalido,invalido,USR-0030
BAL-0003251,MESA-073,V003565,candidato_B,valido,valido,valido,USR-0029
BAL-0003252,MESA-059,V004641,candidato_A,valido,valido,valido,USR-0031
BAL-0003253,MESA-038,V001472,candidato_C,valido,valido,valido,USR-0029
BAL-0003254,MESA-049,V003439,candidato_A,valido,valido,valido,USR-0028
BAL-0003255,MESA-040,V004268,candidato_C,valido,valido,valido,USR-0031
BAL-0003256,MESA-023,V003211,candidato_A,valido,valido,valido,USR-0031
BAL-0003257,MESA-004,V000096,candidato_C,valido,valido,valido,USR-0031
BAL-0003258,MESA-072,V000697,candidato_A,valido,valido,valido,USR-0034
BAL-0003259,MESA-026,V001937,candidato_A,valido,valido,valido,USR-0035
BAL-0003260,MESA-013,V003215,candidato_B,valido,invalido,valido,USR-0029
BAL-0003261,MESA-040,V000541,candidato_A,valido,valido,valido,USR-0031
BAL-0003262,MESA-075,V004526,candidato_A,valido,valido,valido,USR-0029
BAL-0003263,MESA-028,V000940,candidato_A,valido,valido,valido,USR-0033
BAL-0003264,MESA-036,V004806,candidato_A,valido,valido,valido,USR-0029
BAL-0003265,MESA-028,V000320,candidato_C,valido,valido,valido,USR-0028
BAL-0003266,MESA-078,V003483,candidato_B,valido,valido,valido,USR-0031
BAL-0003267,MESA-046,V002294,candidato_A,valido,valido,valido,USR-0029
BAL-0003268,MESA-074,V000753,candidato_A,valido,valido,valido,USR-0032
BAL-0003269,MESA-061,V000750,candidato_A,valido,valido,valido,USR-0031
BAL-0003270,MESA-060,V002371,candidato_B,valido,valido,valido,USR-0030
BAL-0003271,MESA-035,V000794,blanco,blanco,blanco,blanco,USR-0035
BAL-0003272,MESA-074,V004786,candidato_B,valido,valido,valido,USR-0030
BAL-0003273,MESA-056,V004371,candidato_A,valido,valido,valido,USR-0028
BAL-0003274,MESA-039,V002772,blanco,blanco,invalido,blanco,USR-0030
BAL-0003275,MESA-076,V004602,candidato_B,valido,valido,valido,USR-0033
BAL-0003276,MESA-018,V003055,candidato_A,valido,valido,valido,USR-0032
BAL-0003277,MESA-036,V002680,candidato_A,valido,valido,valido,USR-0035
BAL-0003278,MESA-039,V003331,candidato_B,valido,valido,valido,USR-0030
BAL-0003279,MESA-056,V000276,candidato_B,valido,valido,valido,USR-0030
BAL-0003280,MESA-049,V002513,candidato_B,valido,valido,valido,USR-0034
BAL-0003281,MESA-064,V000055,candidato_A,valido,valido,valido,USR-0030
BAL-0003282,MESA-026,V002615,candidato_C,valido,valido,valido,USR-0028
BAL-0003283,MESA-035,V004423,candidato_A,valido,valido,valido,USR-0032
BAL-0003284,MESA-064,V003865,candidato_A,valido,valido,valido,USR-0029
BAL-0003285,MESA-040,V001288,blanco,blanco,blanco,blanco,USR-0033
BAL-0003286,MESA-026,V001422,marca_ambigua,nulo,valido,nulo,USR-0031
BAL-0003287,MESA-036,V000118,candidato_A,valido,valido,valido,USR-0035
BAL-0003288,MESA-036,V001564,candidato_B,valido,valido,valido,USR-0032
BAL-0003289,MESA-064,V004666,candidato_A,valido,valido,valido,USR-0034
BAL-0003290,MESA-038,V003316,candidato_A,valido,valido,valido,USR-0028
BAL-0003291,MESA-009,V002863,candidato_A,valido,valido,valido,USR-0035
BAL-0003292,MESA-043,V004639,candidato_C,valido,valido,valido,USR-0030
BAL-0003293,MESA-014,V003276,candidato_A,valido,valido,valido,USR-0035
BAL-0003294,MESA-040,V000876,candidato_A,valido,valido,valido,USR-0034
BAL-0003295,MESA-004,V003831,candidato_C,valido,valido,valido,USR-0033
BAL-0003296,MESA-066,V002629,candidato_B,valido,valido,valido,USR-0028
BAL-0003297,MESA-013,V001347,candidato_B,valido,valido,valido,USR-0028
BAL-0003298,MESA-053,V000884,candidato_A,valido,valido,valido,USR-0035
BAL-0003299,MESA-035,V003632,marca_ambigua,nulo,valido,nulo,USR-0033
BAL-0003300,MESA-018,V002175,marca_ambigua,nulo,nulo,nulo,USR-0028
BAL-0003301,MESA-077,V001659,candidato_A,valido,valido,valido,USR-0034
BAL-0003302,MESA-063,V001844,candidato_C,valido,valido,valido,USR-0031
BAL-0003303,MESA-045,V002053,candidato_B,valido,valido,valido,USR-0029
BAL-0003304,MESA-002,V000516,candidato_B,valido,valido,valido,USR-0035
BAL-0003305,MESA-009,V001670,candidato_B,valido,valido,valido,USR-0032
BAL-0003306,MESA-080,V004142,blanco,blanco,blanco,blanco,USR-0035
BAL-0003307,MESA-022,V003627,candidato_B,valido,valido,valido,USR-0029
BAL-0003308,MESA-031,V000786,candidato_A,valido,valido,valido,USR-0034
BAL-0003309,MESA-080,V003904,candidato_C,valido,valido,valido,USR-0028
BAL-0003310,MESA-033,V004492,candidato_A,valido,valido,valido,USR-0028
BAL-0003311,MESA-004,V000519,candidato_C,valido,valido,valido,USR-0032
BAL-0003312,MESA-058,V001704,candidato_A,valido,valido,valido,USR-0029
BAL-0003313,MESA-059,V000421,candidato_C,valido,valido,valido,USR-0033
BAL-0003314,MESA-037,V002133,candidato_B,valido,valido,valido,USR-0034
BAL-0003315,MESA-037,V003883,candidato_A,valido,valido,valido,USR-0033
BAL-0003316,MESA-031,V004452,candidato_A,valido,valido,valido,USR-0028
BAL-0003317,MESA-021,V004188,candidato_A,valido,valido,valido,USR-0031
BAL-0003318,MESA-002,V004109,blanco,blanco,blanco,blanco,USR-0028
BAL-0003319,MESA-035,V002032,candidato_C,valido,invalido,valido,USR-0030
BAL-0003320,MESA-053,V004882,candidato_B,valido,valido,valido,USR-0030
BAL-0003321,MESA-066,V002153,candidato_C,valido,valido,valido,USR-0032
BAL-0003322,MESA-021,V000694,candidato_B,valido,valido,valido,USR-0028
BAL-0003323,MESA-021,V001994,candidato_A,valido,valido,valido,USR-0030
BAL-0003324,MESA-077,V001969,candidato_A,valido,valido,valido,USR-0028
BAL-0003325,MESA-047,V001965,candidato_A,valido,valido,valido,USR-0035
BAL-0003326,MESA-075,V001390,blanco,blanco,blanco,blanco,USR-0028
BAL-0003327,MESA-052,V001497,candidato_B,valido,invalido,valido,USR-0030
BAL-0003328,MESA-013,V004694,candidato_C,valido,valido,valido,USR-0034
BAL-0003329,MESA-069,V003259,blanco,blanco,blanco,blanco,USR-0035
BAL-0003330,MESA-056,V000770,candidato_B,valido,valido,valido,USR-0035
BAL-0003331,MESA-068,V003706,candidato_B,valido,valido,valido,USR-0031
BAL-0003332,MESA-042,V002424,candidato_B,valido,valido,valido,USR-0034
BAL-0003333,MESA-060,V002704,candidato_B,valido,valido,valido,USR-0028
BAL-0003334,MESA-006,V002262,candidato_C,valido,valido,valido,USR-0031
BAL-0003335,MESA-077,V004040,candidato_C,valido,valido,valido,USR-0032
BAL-0003336,MESA-057,V001658,candidato_C,valido,valido,valido,USR-0028
BAL-0003337,MESA-073,V004282,candidato_A,valido,valido,valido,USR-0035
BAL-0003338,MESA-059,V001736,candidato_C,valido,valido,valido,USR-0029
BAL-0003339,MESA-050,V003674,candidato_A,valido,valido,valido,USR-0034
BAL-0003340,MESA-074,V000909,candidato_A,valido,valido,valido,USR-0030
BAL-0003341,MESA-014,V001650,candidato_A,valido,valido,valido,USR-0030
BAL-0003342,MESA-005,V001947,candidato_A,valido,valido,valido,USR-0030
BAL-0003343,MESA-061,V003672,candidato_A,valido,valido,valido,USR-0033
BAL-0003344,MESA-007,V004183,candidato_A,valido,valido,valido,USR-0034
BAL-0003345,MESA-046,V001489,candidato_A,valido,valido,valido,USR-0033
BAL-0003346,MESA-070,V001721,candidato_B,valido,valido,valido,USR-0029
BAL-0003347,MESA-018,V000054,candidato_B,valido,valido,valido,USR-0033
BAL-0003348,MESA-078,V002230,candidato_A,valido,valido,valido,USR-0032
BAL-0003349,MESA-051,V000916,candidato_B,valido,valido,valido,USR-0034
BAL-0003350,MESA-049,V003139,candidato_B,valido,valido,valido,USR-0032
BAL-0003351,MESA-079,V000246,candidato_C,valido,valido,valido,USR-0032
BAL-0003352,MESA-033,V003889,candidato_B,valido,valido,valido,USR-0033
BAL-0003353,MESA-032,V001137,candidato_A,valido,invalido,valido,USR-0030
BAL-0003354,MESA-002,V000842,candidato_B,valido,valido,valido,USR-0031
BAL-0003355,MESA-058,V004714,candidato_A,valido,valido,valido,USR-0030
BAL-0003356,MESA-058,V001502,candidato_C,valido,valido,valido,USR-0030
BAL-0003357,MESA-023,V003360,blanco,blanco,blanco,blanco,USR-0031
BAL-0003358,MESA-017,V002479,candidato_A,valido,valido,valido,USR-0028
BAL-0003359,MESA-015,V001459,candidato_B,valido,valido,valido,USR-0028
BAL-0003360,MESA-052,V002345,candidato_A,valido,valido,valido,USR-0033
BAL-0003361,MESA-023,V000481,candidato_B,valido,valido,valido,USR-0030
BAL-0003362,MESA-061,V003426,candidato_A,valido,valido,valido,USR-0032
BAL-0003363,MESA-039,V001911,candidato_A,valido,valido,valido,USR-0028
BAL-0003364,MESA-075,V003003,candidato_C,valido,valido,valido,USR-0028
BAL-0003365,MESA-047,V004867,candidato_C,valido,valido,valido,USR-0028
BAL-0003366,MESA-018,V001167,candidato_C,valido,valido,valido,USR-0035
BAL-0003367,MESA-016,V000657,candidato_A,valido,valido,valido,USR-0033
BAL-0003368,MESA-012,V000720,candidato_B,valido,valido,valido,USR-0033
BAL-0003369,MESA-067,V000344,marca_ambigua,invalido,invalido,invalido,USR-0030
BAL-0003370,MESA-039,V002125,candidato_A,valido,valido,valido,USR-0028
BAL-0003371,MESA-034,V002951,candidato_A,valido,valido,valido,USR-0035
BAL-0003372,MESA-003,V001829,candidato_C,valido,valido,valido,USR-0028
BAL-0003373,MESA-028,V004751,candidato_A,valido,valido,valido,USR-0033
BAL-0003374,MESA-069,V001017,candidato_A,valido,valido,valido,USR-0028
BAL-0003375,MESA-025,V002588,candidato_A,valido,valido,valido,USR-0034
BAL-0003376,MESA-001,V002743,candidato_C,valido,valido,valido,USR-0033
BAL-0003377,MESA-007,V003327,candidato_B,valido,invalido,valido,USR-0030
BAL-0003378,MESA-001,V004189,candidato_C,valido,invalido,valido,USR-0030
BAL-0003379,MESA-051,V000502,candidato_A,valido,valido,valido,USR-0028
BAL-0003380,MESA-026,V002056,blanco,blanco,blanco,blanco,USR-0030
BAL-0003381,MESA-014,V003254,candidato_B,valido,valido,valido,USR-0035
BAL-0003382,MESA-072,V004107,blanco,blanco,blanco,blanco,USR-0031
BAL-0003383,MESA-024,V000822,candidato_C,valido,invalido,valido,USR-0030
BAL-0003384,MESA-060,V003530,candidato_A,valido,valido,valido,USR-0031
BAL-0003385,MESA-001,V002893,candidato_A,valido,valido,valido,USR-0030
BAL-0003386,MESA-051,V004617,candidato_A,valido,valido,valido,USR-0031
BAL-0003387,MESA-063,V002197,candidato_A,valido,valido,valido,USR-0033
BAL-0003388,MESA-026,V003829,candidato_B,valido,valido,valido,USR-0032
BAL-0003389,MESA-008,V002436,candidato_B,valido,valido,valido,USR-0032
BAL-0003390,MESA-074,V004465,candidato_B,valido,valido,valido,USR-0028
BAL-0003391,MESA-005,V001865,candidato_A,valido,valido,valido,USR-0028
BAL-0003392,MESA-052,V003095,candidato_A,valido,valido,valido,USR-0028
BAL-0003393,MESA-054,V004588,candidato_A,valido,valido,valido,USR-0033
BAL-0003394,MESA-041,V000507,candidato_B,valido,valido,valido,USR-0033
BAL-0003395,MESA-049,V003871,candidato_A,valido,valido,valido,USR-0031
BAL-0003396,MESA-052,V001821,candidato_A,valido,valido,valido,USR-0034
BAL-0003397,MESA-031,V003473,candidato_B,valido,valido,valido,USR-0031
BAL-0003398,MESA-041,V000530,candidato_A,valido,valido,valido,USR-0030
BAL-0003399,MESA-074,V003614,candidato_B,valido,valido,valido,USR-0029
BAL-0003400,MESA-057,V000784,blanco,blanco,blanco,blanco,USR-0032
BAL-0003401,MESA-063,V004623,candidato_A,valido,valido,valido,USR-0030
BAL-0003402,MESA-031,V003890,candidato_A,valido,valido,valido,USR-0032
BAL-0003403,MESA-060,V002829,candidato_A,valido,valido,valido,USR-0032
BAL-0003404,MESA-069,V000890,candidato_A,valido,valido,valido,USR-0029
BAL-0003405,MESA-036,V004034,candidato_C,valido,valido,valido,USR-0035
BAL-0003406,MESA-046,V004138,multiple_marca,nulo,nulo,nulo,USR-0028
BAL-0003407,MESA-031,V000486,candidato_C,valido,valido,valido,USR-0029
BAL-0003408,MESA-030,V004373,candidato_A,valido,valido,valido,USR-0035
BAL-0003409,MESA-006,V000045,sin_marca,invalido,valido,invalido,USR-0032
BAL-0003410,MESA-056,V000906,candidato_B,valido,valido,valido,USR-0031
BAL-0003411,MESA-076,V002808,candidato_A,valido,valido,valido,USR-0029
BAL-0003412,MESA-020,V003298,candidato_A,valido,invalido,valido,USR-0035
BAL-0003413,MESA-028,V000190,candidato_B,valido,valido,valido,USR-0032
BAL-0003414,MESA-026,V000095,candidato_C,valido,valido,valido,USR-0033
BAL-0003415,MESA-063,V001451,candidato_A,valido,valido,valido,USR-0030
BAL-0003416,MESA-037,V004704,candidato_A,valido,valido,valido,USR-0030
BAL-0003417,MESA-054,V001163,candidato_A,valido,valido,valido,USR-0034
BAL-0003418,MESA-062,V004391,multiple_marca,nulo,nulo,nulo,USR-0034
BAL-0003419,MESA-015,V001825,candidato_A,valido,valido,valido,USR-0028
BAL-0003420,MESA-002,V000647,candidato_A,valido,valido,valido,USR-0033
BAL-0003421,MESA-040,V002499,candidato_B,valido,valido,valido,USR-0034
BAL-0003422,MESA-049,V002652,candidato_A,valido,valido,valido,USR-0035
