alerta_id,codigo_alerta,severidad,etapa,entidad_tipo,entidad_id,dataset_origen,descripcion,evidencia,accion_recomendada,score
DET-PAD-01-000001,PAD-01,critica,Padrón y elegibilidad,voter_id,V000045,01_padron_votantes.csv,Persona fallecida aparece con voto registrado,condicion_legal=fallecido; voto_registrado=1,Verificar acta de defunción y trazabilidad del check-in.,3
DET-PAD-01-000002,PAD-01,critica,Padrón y elegibilidad,voter_id,V000054,01_padron_votantes.csv,Persona fallecida aparece con voto registrado,condicion_legal=fallecido; voto_registrado=1,Verificar acta de defunción y trazabilidad del check-in.,3
DET-PAD-01-000003,PAD-01,critica,Padrón y elegibilidad,voter_id,V000190,01_padron_votantes.csv,Persona fallecida aparece con voto registrado,condicion_legal=fallecido; voto_registrado=1,Verificar acta de defunción y trazabilidad del check-in.,3
DET-PAD-01-000004,PAD-01,critica,Padrón y elegibilidad,voter_id,V000481,01_padron_votantes.csv,Persona fallecida aparece con voto registrado,condicion_legal=fallecido; voto_registrado=1,Verificar acta de defunción y trazabilidad del check-in.,3
DET-PAD-01-000005,PAD-01,critica,Padrón y elegibilidad,voter_id,V000502,01_padron_votantes.csv,Persona fallecida aparece con voto registrado,condicion_legal=fallecido; voto_registrado=1,Verificar acta de defunción y trazabilidad del check-in.,3
DET-PAD-01-000006,PAD-01,critica,Padrón y elegibilidad,voter_id,V000647,01_padron_votantes.csv,Persona fallecida aparece con voto registrado,condicion_legal=fallecido; voto_registrado=1,Verificar acta de defunción y trazabilidad del check-in.,3
DET-PAD-01-000007,PAD-01,critica,Padrón y elegibilidad,voter_id,V000720,01_padron_votantes.csv,Persona fallecida aparece con voto registrado,condicion_legal=fallecido; voto_registrado=1,Verificar acta de defunción y trazabilidad del check-in.,3
DET-PAD-01-000008,PAD-01,critica,Padrón y elegibilidad,voter_id,V000784,01_padron_votantes.csv,Persona fallecida aparece con voto registrado,condicion_legal=fallecido; voto_registrado=1,Verificar acta de defunción y trazabilidad del check-in.,3
DET-PAD-01-000009,PAD-01,critica,Padrón y elegibilidad,voter_id,V001163,01_padron_votantes.csv,Persona fallecida aparece con voto registrado,condicion_legal=fallecido; voto_registrado=1,Verificar acta de defunción y trazabilidad del check-in.,3
DET-PAD-01-000010,PAD-01,critica,Padrón y elegibilidad,voter_id,V001167,01_padron_votantes.csv,Persona fallecida aparece con voto registrado,condicion_legal=fallecido; voto_registrado=1,Verificar acta de defunción y trazabilidad del check-in.,3
DET-PAD-01-000011,PAD-01,critica,Padrón y elegibilidad,voter_id,V001390,01_padron_votantes.csv,Persona fallecida aparece con voto registrado,condicion_legal=fallecido; voto_registrado=1,Verificar acta de defunción y trazabilidad del check-in.,3
DET-PAD-01-000012,PAD-01,critica,Padrón y elegibilidad,voter_id,V001497,01_padron_votantes.csv,Persona fallecida aparece con voto registrado,condicion_legal=fallecido; voto_registrado=1,Verificar acta de defunción y trazabilidad del check-in.,3
DET-PAD-01-000013,PAD-01,critica,Padrón y elegibilidad,voter_id,V001650,01_padron_votantes.csv,Persona fallecida aparece con voto registrado,condicion_legal=fallecido; voto_registrado=1,Verificar acta de defunción y trazabilidad del check-in.,3
DET-PAD-01-000014,PAD-01,critica,Padrón y elegibilidad,voter_id,V001658,01_padron_votantes.csv,Persona fallecida aparece con voto registrado,condicion_legal=fallecido; voto_registrado=1,Verificar acta de defunción y trazabilidad del check-in.,3
DET-PAD-01-000015,PAD-01,critica,Padrón y elegibilidad,voter_id,V001721,01_padron_votantes.csv,Persona fallecida aparece con voto registrado,condicion_legal=fallecido; voto_registrado=1,Verificar acta de defunción y trazabilidad del check-in.,3
DET-PAD-01-000016,PAD-01,critica,Padrón y elegibilidad,voter_id,V001821,01_padron_votantes.csv,Persona fallecida aparece con voto registrado,condicion_legal=fallecido; voto_registrado=1,Verificar acta de defunción y trazabilidad del check-in.,3
DET-PAD-01-000017,PAD-01,critica,Padrón y elegibilidad,voter_id,V001947,01_padron_votantes.csv,Persona fallecida aparece con voto registrado,condicion_legal=fallecido; voto_registrado=1,Verificar acta de defunción y trazabilidad del check-in.,3
DET-PAD-01-000018,PAD-01,critica,Padrón y elegibilidad,voter_id,V001994,01_padron_votantes.csv,Persona fallecida aparece con voto registrado,condicion_legal=fallecido; voto_registrado=1,Verificar acta de defunción y trazabilidad del check-in.,3
DET-PAD-01-000019,PAD-01,critica,Padrón y elegibilidad,voter_id,V002230,01_padron_votantes.csv,Persona fallecida aparece con voto registrado,condicion_legal=fallecido; voto_registrado=1,Verificar acta de defunción y trazabilidad del check-in.,3
DET-PAD-01-000020,PAD-01,critica,Padrón y elegibilidad,voter_id,V002262,01_padron_votantes.csv,Persona fallecida aparece con voto registrado,condicion_legal=fallecido; voto_registrado=1,Verificar acta de defunción y trazabilidad del check-in.,3
DET-PAD-01-000021,PAD-01,critica,Padrón y elegibilidad,voter_id,V002436,01_padron_votantes.csv,Persona fallecida aparece con voto registrado,condicion_legal=fallecido; voto_registrado=1,Verificar acta de defunción y trazabilidad del check-in.,3
DET-PAD-01-000022,PAD-01,critica,Padrón y elegibilidad,voter_id,V002479,01_padron_votantes.csv,Persona fallecida aparece con voto registrado,condicion_legal=fallecido; voto_registrado=1,Verificar acta de defunción y trazabilidad del check-in.,3
DET-PAD-01-000023,PAD-01,critica,Padrón y elegibilidad,voter_id,V002588,01_padron_votantes.csv,Persona fallecida aparece con voto registrado,condicion_legal=fallecido; voto_registrado=1,Verificar acta de defunción y trazabilidad del check-in.,3
DET-PAD-01-000024,PAD-01,critica,Padrón y elegibilidad,voter_id,V003003,01_padron_votantes.csv,Persona fallecida aparece con voto registrado,condicion_legal=fallecido; voto_registrado=1,Verificar acta de defunción y trazabilidad del check-in.,3
DET-PAD-01-000025,PAD-01,critica,Padrón y elegibilidad,voter_id,V003095,01_padron_votantes.csv,Persona fallecida aparece con voto registrado,condicion_legal=fallecido; voto_registrado=1,Verificar acta de defunción y trazabilidad del check-in.,3
DET-PAD-01-000026,PAD-01,critica,Padrón y elegibilidad,voter_id,V003426,01_padron_votantes.csv,Persona fallecida aparece con voto registrado,condicion_legal=fallecido; voto_registrado=1,Verificar acta de defunción y trazabilidad del check-in.,3
DET-PAD-01-000027,PAD-01,critica,Padrón y elegibilidad,voter_id,V003530,01_padron_votantes.csv,Persona fallecida aparece con voto registrado,condicion_legal=fallecido; voto_registrado=1,Verificar acta de defunción y trazabilidad del check-in.,3
DET-PAD-01-000028,PAD-01,critica,Padrón y elegibilidad,voter_id,V003672,01_padron_votantes.csv,Persona fallecida aparece con voto registrado,condicion_legal=fallecido; voto_registrado=1,Verificar acta de defunción y trazabilidad del check-in.,3
DET-PAD-01-000029,PAD-01,critica,Padrón y elegibilidad,voter_id,V003889,01_padron_votantes.csv,Persona fallecida aparece con voto registrado,condicion_legal=fallecido; voto_registrado=1,Verificar acta de defunción y trazabilidad del check-in.,3
DET-PAD-01-000030,PAD-01,critica,Padrón y elegibilidad,voter_id,V004040,01_padron_votantes.csv,Persona fallecida aparece con voto registrado,condicion_legal=fallecido; voto_registrado=1,Verificar acta de defunción y trazabilidad del check-in.,3
DET-PAD-01-000031,PAD-01,critica,Padrón y elegibilidad,voter_id,V004189,01_padron_votantes.csv,Persona fallecida aparece con voto registrado,condicion_legal=fallecido; voto_registrado=1,Verificar acta de defunción y trazabilidad del check-in.,3
DET-PAD-01-000032,PAD-01,critica,Padrón y elegibilidad,voter_id,V004373,01_padron_votantes.csv,Persona fallecida aparece con voto registrado,condicion_legal=fallecido; voto_registrado=1,Verificar acta de defunción y trazabilidad del check-in.,3
DET-PAD-01-000033,PAD-01,critica,Padrón y elegibilidad,voter_id,V004391,01_padron_votantes.csv,Persona fallecida aparece con voto registrado,condicion_legal=fallecido; voto_registrado=1,Verificar acta de defunción y trazabilidad del check-in.,3
DET-PAD-01-000034,PAD-01,critica,Padrón y elegibilidad,voter_id,V004465,01_padron_votantes.csv,Persona fallecida aparece con voto registrado,condicion_legal=fallecido; voto_registrado=1,Verificar acta de defunción y trazabilidad del check-in.,3
DET-PAD-01-000035,PAD-01,critica,Padrón y elegibilidad,voter_id,V004867,01_padron_votantes.csv,Persona fallecida aparece con voto registrado,condicion_legal=fallecido; voto_registrado=1,Verificar acta de defunción y trazabilidad del check-in.,3
DET-PAD-02-000036,PAD-02,critica,Padrón y elegibilidad,voter_id,V000095,01_padron_votantes.csv,Menor de edad aparece con voto registrado,edad=16; voto_registrado=1,Validar fecha de nacimiento y soporte de identificación.,3
DET-PAD-02-000037,PAD-02,critica,Padrón y elegibilidad,voter_id,V000246,01_padron_votantes.csv,Menor de edad aparece con voto registrado,edad=15; voto_registrado=1,Validar fecha de nacimiento y soporte de identificación.,3
DET-PAD-02-000038,PAD-02,critica,Padrón y elegibilidad,voter_id,V000344,01_padron_votantes.csv,Menor de edad aparece con voto registrado,edad=16; voto_registrado=1,Validar fecha de nacimiento y soporte de identificación.,3
DET-PAD-02-000039,PAD-02,critica,Padrón y elegibilidad,voter_id,V000486,01_padron_votantes.csv,Menor de edad aparece con voto registrado,edad=17; voto_registrado=1,Validar fecha de nacimiento y soporte de identificación.,3
DET-PAD-02-000040,PAD-02,critica,Padrón y elegibilidad,voter_id,V000530,01_padron_votantes.csv,Menor de edad aparece con voto registrado,edad=15; voto_registrado=1,Validar fecha de nacimiento y soporte de identificación.,3
DET-PAD-02-000041,PAD-02,critica,Padrón y elegibilidad,voter_id,V000842,01_padron_votantes.csv,Menor de edad aparece con voto registrado,edad=16; voto_registrado=1,Validar fecha de nacimiento y soporte de identificación.,3
DET-PAD-02-000042,PAD-02,critica,Padrón y elegibilidad,voter_id,V000890,01_padron_votantes.csv,Menor de edad aparece con voto registrado,edad=17; voto_registrado=1,Validar fecha de nacimiento y soporte de identificación.,3
DET-PAD-02-000043,PAD-02,critica,Padrón y elegibilidad,voter_id,V000906,01_padron_votantes.csv,Menor de edad aparece con voto registrado,edad=17; voto_registrado=1,Validar fecha de nacimiento y soporte de identificación.,3
DET-PAD-02-000044,PAD-02,critica,Padrón y elegibilidad,voter_id,V000909,01_padron_votantes.csv,Menor de edad aparece con voto registrado,edad=15; voto_registrado=1,Validar fecha de nacimiento y soporte de identificación.,3
DET-PAD-02-000045,PAD-02,critica,Padrón y elegibilidad,voter_id,V000916,01_padron_votantes.csv,Menor de edad aparece con voto registrado,edad=15; voto_registrado=1,Validar fecha de nacimiento y soporte de identificación.,3
DET-PAD-02-000046,PAD-02,critica,Padrón y elegibilidad,voter_id,V001017,01_padron_votantes.csv,Menor de edad aparece con voto registrado,edad=17; voto_registrado=1,Validar fecha de nacimiento y soporte de identificación.,3
DET-PAD-02-000047,PAD-02,critica,Padrón y elegibilidad,voter_id,V001137,01_padron_votantes.csv,Menor de edad aparece con voto registrado,edad=17; voto_registrado=1,Validar fecha de nacimiento y soporte de identificación.,3
DET-PAD-02-000048,PAD-02,critica,Padrón y elegibilidad,voter_id,V001451,01_padron_votantes.csv,Menor de edad aparece con voto registrado,edad=17; voto_registrado=1,Validar fecha de nacimiento y soporte de identificación.,3
DET-PAD-02-000049,PAD-02,critica,Padrón y elegibilidad,voter_id,V001459,01_padron_votantes.csv,Menor de edad aparece con voto registrado,edad=16; voto_registrado=1,Validar fecha de nacimiento y soporte de identificación.,3
DET-PAD-02-000050,PAD-02,critica,Padrón y elegibilidad,voter_id,V002056,01_padron_votantes.csv,Menor de edad aparece con voto registrado,edad=17; voto_registrado=1,Validar fecha de nacimiento y soporte de identificación.,3
DET-PAD-02-000051,PAD-02,critica,Padrón y elegibilidad,voter_id,V002197,01_padron_votantes.csv,Menor de edad aparece con voto registrado,edad=17; voto_registrado=1,Validar fecha de nacimiento y soporte de identificación.,3
DET-PAD-02-000052,PAD-02,critica,Padrón y elegibilidad,voter_id,V002424,01_padron_votantes.csv,Menor de edad aparece con voto registrado,edad=15; voto_registrado=1,Validar fecha de nacimiento y soporte de identificación.,3
DET-PAD-02-000053,PAD-02,critica,Padrón y elegibilidad,voter_id,V002704,01_padron_votantes.csv,Menor de edad aparece con voto registrado,edad=15; voto_registrado=1,Validar fecha de nacimiento y soporte de identificación.,3
DET-PAD-02-000054,PAD-02,critica,Padrón y elegibilidad,voter_id,V003254,01_padron_votantes.csv,Menor de edad aparece con voto registrado,edad=15; voto_registrado=1,Validar fecha de nacimiento y soporte de identificación.,3
DET-PAD-02-000055,PAD-02,critica,Padrón y elegibilidad,voter_id,V003259,01_padron_votantes.csv,Menor de edad aparece con voto registrado,edad=16; voto_registrado=1,Validar fecha de nacimiento y soporte de identificación.,3
DET-PAD-02-000056,PAD-02,critica,Padrón y elegibilidad,voter_id,V003360,01_padron_votantes.csv,Menor de edad aparece con voto registrado,edad=17; voto_registrado=1,Validar fecha de nacimiento y soporte de identificación.,3
DET-PAD-02-000057,PAD-02,critica,Padrón y elegibilidad,voter_id,V003473,01_padron_votantes.csv,Menor de edad aparece con voto registrado,edad=17; voto_registrado=1,Validar fecha de nacimiento y soporte de identificación.,3
DET-PAD-02-000058,PAD-02,critica,Padrón y elegibilidad,voter_id,V003674,01_padron_votantes.csv,Menor de edad aparece con voto registrado,edad=16; voto_registrado=1,Validar fecha de nacimiento y soporte de identificación.,3
DET-PAD-02-000059,PAD-02,critica,Padrón y elegibilidad,voter_id,V003871,01_padron_votantes.csv,Menor de edad aparece con voto registrado,edad=16; voto_registrado=1,Validar fecha de nacimiento y soporte de identificación.,3
DET-PAD-02-000060,PAD-02,critica,Padrón y elegibilidad,voter_id,V003890,01_padron_votantes.csv,Menor de edad aparece con voto registrado,edad=15; voto_registrado=1,Validar fecha de nacimiento y soporte de identificación.,3
DET-PAD-02-000061,PAD-02,critica,Padrón y elegibilidad,voter_id,V004282,01_padron_votantes.csv,Menor de edad aparece con voto registrado,edad=17; voto_registrado=1,Validar fecha de nacimiento y soporte de identificación.,3
DET-PAD-02-000062,PAD-02,critica,Padrón y elegibilidad,voter_id,V004694,01_padron_votantes.csv,Menor de edad aparece con voto registrado,edad=17; voto_registrado=1,Validar fecha de nacimiento y soporte de identificación.,3
DET-PAD-03-000063,PAD-03,alta,Padrón y elegibilidad,voter_id,V000069,01_padron_votantes.csv,Edad imposible o superior a 115 años,edad=124 > 115,Revisar calidad de datos del padrón y fecha de nacimiento.,2
DET-PAD-03-000064,PAD-03,alta,Padrón y elegibilidad,voter_id,V000325,01_padron_votantes.csv,Edad imposible o superior a 115 años,edad=125 > 115,Revisar calidad de datos del padrón y fecha de nacimiento.,2
DET-PAD-03-000065,PAD-03,alta,Padrón y elegibilidad,voter_id,V000463,01_padron_votantes.csv,Edad imposible o superior a 115 años,edad=116 > 115,Revisar calidad de datos del padrón y fecha de nacimiento.,2
DET-PAD-03-000066,PAD-03,alta,Padrón y elegibilidad,voter_id,V000495,01_padron_votantes.csv,Edad imposible o superior a 115 años,edad=122 > 115,Revisar calidad de datos del padrón y fecha de nacimiento.,2
DET-PAD-03-000067,PAD-03,alta,Padrón y elegibilidad,voter_id,V000642,01_padron_votantes.csv,Edad imposible o superior a 115 años,edad=123 > 115,Revisar calidad de datos del padrón y fecha de nacimiento.,2
DET-PAD-03-000068,PAD-03,alta,Padrón y elegibilidad,voter_id,V000661,01_padron_votantes.csv,Edad imposible o superior a 115 años,edad=126 > 115,Revisar calidad de datos del padrón y fecha de nacimiento.,2
DET-PAD-03-000069,PAD-03,alta,Padrón y elegibilidad,voter_id,V000704,01_padron_votantes.csv,Edad imposible o superior a 115 años,edad=125 > 115,Revisar calidad de datos del padrón y fecha de nacimiento.,2
DET-PAD-03-000070,PAD-03,alta,Padrón y elegibilidad,voter_id,V000907,01_padron_votantes.csv,Edad imposible o superior a 115 años,edad=125 > 115,Revisar calidad de datos del padrón y fecha de nacimiento.,2
DET-PAD-03-000071,PAD-03,alta,Padrón y elegibilidad,voter_id,V000915,01_padron_votantes.csv,Edad imposible o superior a 115 años,edad=125 > 115,Revisar calidad de datos del padrón y fecha de nacimiento.,2
DET-PAD-03-000072,PAD-03,alta,Padrón y elegibilidad,voter_id,V000924,01_padron_votantes.csv,Edad imposible o superior a 115 años,edad=120 > 115,Revisar calidad de datos del padrón y fecha de nacimiento.,2
DET-PAD-03-000073,PAD-03,alta,Padrón y elegibilidad,voter_id,V000989,01_padron_votantes.csv,Edad imposible o superior a 115 años,edad=123 > 115,Revisar calidad de datos del padrón y fecha de nacimiento.,2
DET-PAD-03-000074,PAD-03,alta,Padrón y elegibilidad,voter_id,V001024,01_padron_votantes.csv,Edad imposible o superior a 115 años,edad=122 > 115,Revisar calidad de datos del padrón y fecha de nacimiento.,2
DET-PAD-03-000075,PAD-03,alta,Padrón y elegibilidad,voter_id,V001092,01_padron_votantes.csv,Edad imposible o superior a 115 años,edad=124 > 115,Revisar calidad de datos del padrón y fecha de nacimiento.,2
DET-PAD-03-000076,PAD-03,alta,Padrón y elegibilidad,voter_id,V001134,01_padron_votantes.csv,Edad imposible o superior a 115 años,edad=124 > 115,Revisar calidad de datos del padrón y fecha de nacimiento.,2
DET-PAD-03-000077,PAD-03,alta,Padrón y elegibilidad,voter_id,V001281,01_padron_votantes.csv,Edad imposible o superior a 115 años,edad=121 > 115,Revisar calidad de datos del padrón y fecha de nacimiento.,2
DET-PAD-03-000078,PAD-03,alta,Padrón y elegibilidad,voter_id,V001339,01_padron_votantes.csv,Edad imposible o superior a 115 años,edad=123 > 115,Revisar calidad de datos del padrón y fecha de nacimiento.,2
DET-PAD-03-000079,PAD-03,alta,Padrón y elegibilidad,voter_id,V001360,01_padron_votantes.csv,Edad imposible o superior a 115 años,edad=120 > 115,Revisar calidad de datos del padrón y fecha de nacimiento.,2
DET-PAD-03-000080,PAD-03,alta,Padrón y elegibilidad,voter_id,V001485,01_padron_votantes.csv,Edad imposible o superior a 115 años,edad=130 > 115,Revisar calidad de datos del padrón y fecha de nacimiento.,2
DET-PAD-03-000081,PAD-03,alta,Padrón y elegibilidad,voter_id,V001589,01_padron_votantes.csv,Edad imposible o superior a 115 años,edad=119 > 115,Revisar calidad de datos del padrón y fecha de nacimiento.,2
DET-PAD-03-000082,PAD-03,alta,Padrón y elegibilidad,voter_id,V001627,01_padron_votantes.csv,Edad imposible o superior a 115 años,edad=128 > 115,Revisar calidad de datos del padrón y fecha de nacimiento.,2
DET-PAD-03-000083,PAD-03,alta,Padrón y elegibilidad,voter_id,V001856,01_padron_votantes.csv,Edad imposible o superior a 115 años,edad=129 > 115,Revisar calidad de datos del padrón y fecha de nacimiento.,2
DET-PAD-03-000084,PAD-03,alta,Padrón y elegibilidad,voter_id,V001891,01_padron_votantes.csv,Edad imposible o superior a 115 años,edad=124 > 115,Revisar calidad de datos del padrón y fecha de nacimiento.,2
DET-PAD-03-000085,PAD-03,alta,Padrón y elegibilidad,voter_id,V001958,01_padron_votantes.csv,Edad imposible o superior a 115 años,edad=116 > 115,Revisar calidad de datos del padrón y fecha de nacimiento.,2
DET-PAD-03-000086,PAD-03,alta,Padrón y elegibilidad,voter_id,V002097,01_padron_votantes.csv,Edad imposible o superior a 115 años,edad=119 > 115,Revisar calidad de datos del padrón y fecha de nacimiento.,2
DET-PAD-03-000087,PAD-03,alta,Padrón y elegibilidad,voter_id,V002319,01_padron_votantes.csv,Edad imposible o superior a 115 años,edad=126 > 115,Revisar calidad de datos del padrón y fecha de nacimiento.,2
DET-PAD-03-000088,PAD-03,alta,Padrón y elegibilidad,voter_id,V002452,01_padron_votantes.csv,Edad imposible o superior a 115 años,edad=122 > 115,Revisar calidad de datos del padrón y fecha de nacimiento.,2
DET-PAD-03-000089,PAD-03,alta,Padrón y elegibilidad,voter_id,V002525,01_padron_votantes.csv,Edad imposible o superior a 115 años,edad=117 > 115,Revisar calidad de datos del padrón y fecha de nacimiento.,2
DET-PAD-03-000090,PAD-03,alta,Padrón y elegibilidad,voter_id,V002546,01_padron_votantes.csv,Edad imposible o superior a 115 años,edad=128 > 115,Revisar calidad de datos del padrón y fecha de nacimiento.,2
DET-PAD-03-000091,PAD-03,alta,Padrón y elegibilidad,voter_id,V002725,01_padron_votantes.csv,Edad imposible o superior a 115 años,edad=126 > 115,Revisar calidad de datos del padrón y fecha de nacimiento.,2
DET-PAD-03-000092,PAD-03,alta,Padrón y elegibilidad,voter_id,V002756,01_padron_votantes.csv,Edad imposible o superior a 115 años,edad=118 > 115,Revisar calidad de datos del padrón y fecha de nacimiento.,2
DET-PAD-03-000093,PAD-03,alta,Padrón y elegibilidad,voter_id,V002828,01_padron_votantes.csv,Edad imposible o superior a 115 años,edad=116 > 115,Revisar calidad de datos del padrón y fecha de nacimiento.,2
DET-PAD-03-000094,PAD-03,alta,Padrón y elegibilidad,voter_id,V003070,01_padron_votantes.csv,Edad imposible o superior a 115 años,edad=125 > 115,Revisar calidad de datos del padrón y fecha de nacimiento.,2
DET-PAD-03-000095,PAD-03,alta,Padrón y elegibilidad,voter_id,V003435,01_padron_votantes.csv,Edad imposible o superior a 115 años,edad=121 > 115,Revisar calidad de datos del padrón y fecha de nacimiento.,2
DET-PAD-03-000096,PAD-03,alta,Padrón y elegibilidad,voter_id,V003476,01_padron_votantes.csv,Edad imposible o superior a 115 años,edad=116 > 115,Revisar calidad de datos del padrón y fecha de nacimiento.,2
DET-PAD-03-000097,PAD-03,alta,Padrón y elegibilidad,voter_id,V003551,01_padron_votantes.csv,Edad imposible o superior a 115 años,edad=129 > 115,Revisar calidad de datos del padrón y fecha de nacimiento.,2
DET-PAD-03-000098,PAD-03,alta,Padrón y elegibilidad,voter_id,V003652,01_padron_votantes.csv,Edad imposible o superior a 115 años,edad=129 > 115,Revisar calidad de datos del padrón y fecha de nacimiento.,2
DET-PAD-03-000099,PAD-03,alta,Padrón y elegibilidad,voter_id,V003742,01_padron_votantes.csv,Edad imposible o superior a 115 años,edad=125 > 115,Revisar calidad de datos del padrón y fecha de nacimiento.,2
DET-PAD-03-000100,PAD-03,alta,Padrón y elegibilidad,voter_id,V003835,01_padron_votantes.csv,Edad imposible o superior a 115 años,edad=129 > 115,Revisar calidad de datos del padrón y fecha de nacimiento.,2
DET-PAD-03-000101,PAD-03,alta,Padrón y elegibilidad,voter_id,V003868,01_padron_votantes.csv,Edad imposible o superior a 115 años,edad=122 > 115,Revisar calidad de datos del padrón y fecha de nacimiento.,2
DET-PAD-03-000102,PAD-03,alta,Padrón y elegibilidad,voter_id,V003918,01_padron_votantes.csv,Edad imposible o superior a 115 años,edad=127 > 115,Revisar calidad de datos del padrón y fecha de nacimiento.,2
DET-PAD-03-000103,PAD-03,alta,Padrón y elegibilidad,voter_id,V004126,01_padron_votantes.csv,Edad imposible o superior a 115 años,edad=129 > 115,Revisar calidad de datos del padrón y fecha de nacimiento.,2
DET-PAD-03-000104,PAD-03,alta,Padrón y elegibilidad,voter_id,V004199,01_padron_votantes.csv,Edad imposible o superior a 115 años,edad=123 > 115,Revisar calidad de datos del padrón y fecha de nacimiento.,2
DET-PAD-03-000105,PAD-03,alta,Padrón y elegibilidad,voter_id,V004319,01_padron_votantes.csv,Edad imposible o superior a 115 años,edad=126 > 115,Revisar calidad de datos del padrón y fecha de nacimiento.,2
DET-PAD-03-000106,PAD-03,alta,Padrón y elegibilidad,voter_id,V004338,01_padron_votantes.csv,Edad imposible o superior a 115 años,edad=130 > 115,Revisar calidad de datos del padrón y fecha de nacimiento.,2
DET-PAD-03-000107,PAD-03,alta,Padrón y elegibilidad,voter_id,V004447,01_padron_votantes.csv,Edad imposible o superior a 115 años,edad=120 > 115,Revisar calidad de datos del padrón y fecha de nacimiento.,2
DET-PAD-03-000108,PAD-03,alta,Padrón y elegibilidad,voter_id,V004448,01_padron_votantes.csv,Edad imposible o superior a 115 años,edad=123 > 115,Revisar calidad de datos del padrón y fecha de nacimiento.,2
DET-PAD-03-000109,PAD-03,alta,Padrón y elegibilidad,voter_id,V004507,01_padron_votantes.csv,Edad imposible o superior a 115 años,edad=128 > 115,Revisar calidad de datos del padrón y fecha de nacimiento.,2
DET-PAD-03-000110,PAD-03,alta,Padrón y elegibilidad,voter_id,V004547,01_padron_votantes.csv,Edad imposible o superior a 115 años,edad=120 > 115,Revisar calidad de datos del padrón y fecha de nacimiento.,2
DET-PAD-03-000111,PAD-03,alta,Padrón y elegibilidad,voter_id,V004608,01_padron_votantes.csv,Edad imposible o superior a 115 años,edad=129 > 115,Revisar calidad de datos del padrón y fecha de nacimiento.,2
DET-PAD-03-000112,PAD-03,alta,Padrón y elegibilidad,voter_id,V004808,01_padron_votantes.csv,Edad imposible o superior a 115 años,edad=128 > 115,Revisar calidad de datos del padrón y fecha de nacimiento.,2
DET-PAD-04-000113,PAD-04,critica,Padrón y elegibilidad,voter_id,V000507,01_padron_votantes.csv,Documento cancelado aparece con voto registrado,estado_documento=cancelado; voto_registrado=1,Contrastar estado documental con fuente de registro.,3
DET-PAD-04-000114,PAD-04,critica,Padrón y elegibilidad,voter_id,V000822,01_padron_votantes.csv,Documento cancelado aparece con voto registrado,estado_documento=cancelado; voto_registrado=1,Contrastar estado documental con fuente de registro.,3
DET-PAD-04-000115,PAD-04,critica,Padrón y elegibilidad,voter_id,V001825,01_padron_votantes.csv,Documento cancelado aparece con voto registrado,estado_documento=cancelado; voto_registrado=1,Contrastar estado documental con fuente de registro.,3
DET-PAD-04-000116,PAD-04,critica,Padrón y elegibilidad,voter_id,V001865,01_padron_votantes.csv,Documento cancelado aparece con voto registrado,estado_documento=cancelado; voto_registrado=1,Contrastar estado documental con fuente de registro.,3
DET-PAD-04-000117,PAD-04,critica,Padrón y elegibilidad,voter_id,V001965,01_padron_votantes.csv,Documento cancelado aparece con voto registrado,estado_documento=cancelado; voto_registrado=1,Contrastar estado documental con fuente de registro.,3
DET-PAD-04-000118,PAD-04,critica,Padrón y elegibilidad,voter_id,V001969,01_padron_votantes.csv,Documento cancelado aparece con voto registrado,estado_documento=cancelado; voto_registrado=1,Contrastar estado documental con fuente de registro.,3
DET-PAD-04-000119,PAD-04,critica,Padrón y elegibilidad,voter_id,V002345,01_padron_votantes.csv,Documento cancelado aparece con voto registrado,estado_documento=cancelado; voto_registrado=1,Contrastar estado documental con fuente de registro.,3
DET-PAD-04-000120,PAD-04,critica,Padrón y elegibilidad,voter_id,V002652,01_padron_votantes.csv,Documento cancelado aparece con voto registrado,estado_documento=cancelado; voto_registrado=1,Contrastar estado documental con fuente de registro.,3
DET-PAD-04-000121,PAD-04,critica,Padrón y elegibilidad,voter_id,V002743,01_padron_votantes.csv,Documento cancelado aparece con voto registrado,estado_documento=cancelado; voto_registrado=1,Contrastar estado documental con fuente de registro.,3
DET-PAD-04-000122,PAD-04,critica,Padrón y elegibilidad,voter_id,V002829,01_padron_votantes.csv,Documento cancelado aparece con voto registrado,estado_documento=cancelado; voto_registrado=1,Contrastar estado documental con fuente de registro.,3
DET-PAD-04-000123,PAD-04,critica,Padrón y elegibilidad,voter_id,V002893,01_padron_votantes.csv,Documento cancelado aparece con voto registrado,estado_documento=cancelado; voto_registrado=1,Contrastar estado documental con fuente de registro.,3
DET-PAD-04-000124,PAD-04,critica,Padrón y elegibilidad,voter_id,V002951,01_padron_votantes.csv,Documento cancelado aparece con voto registrado,estado_documento=cancelado; voto_registrado=1,Contrastar estado documental con fuente de registro.,3
DET-PAD-04-000125,PAD-04,critica,Padrón y elegibilidad,voter_id,V003139,01_padron_votantes.csv,Documento cancelado aparece con voto registrado,estado_documento=cancelado; voto_registrado=1,Contrastar estado documental con fuente de registro.,3
DET-PAD-04-000126,PAD-04,critica,Padrón y elegibilidad,voter_id,V003298,01_padron_votantes.csv,Documento cancelado aparece con voto registrado,estado_documento=cancelado; voto_registrado=1,Contrastar estado documental con fuente de registro.,3
DET-PAD-04-000127,PAD-04,critica,Padrón y elegibilidad,voter_id,V003327,01_padron_votantes.csv,Documento cancelado aparece con voto registrado,estado_documento=cancelado; voto_registrado=1,Contrastar estado documental con fuente de registro.,3
DET-PAD-04-000128,PAD-04,critica,Padrón y elegibilidad,voter_id,V003829,01_padron_votantes.csv,Documento cancelado aparece con voto registrado,estado_documento=cancelado; voto_registrado=1,Contrastar estado documental con fuente de registro.,3
DET-PAD-04-000129,PAD-04,critica,Padrón y elegibilidad,voter_id,V004034,01_padron_votantes.csv,Documento cancelado aparece con voto registrado,estado_documento=cancelado; voto_registrado=1,Contrastar estado documental con fuente de registro.,3
DET-PAD-04-000130,PAD-04,critica,Padrón y elegibilidad,voter_id,V004107,01_padron_votantes.csv,Documento cancelado aparece con voto registrado,estado_documento=cancelado; voto_registrado=1,Contrastar estado documental con fuente de registro.,3
DET-PAD-04-000131,PAD-04,critica,Padrón y elegibilidad,voter_id,V004138,01_padron_votantes.csv,Documento cancelado aparece con voto registrado,estado_documento=cancelado; voto_registrado=1,Contrastar estado documental con fuente de registro.,3
DET-PAD-04-000132,PAD-04,critica,Padrón y elegibilidad,voter_id,V004183,01_padron_votantes.csv,Documento cancelado aparece con voto registrado,estado_documento=cancelado; voto_registrado=1,Contrastar estado documental con fuente de registro.,3
DET-PAD-04-000133,PAD-04,critica,Padrón y elegibilidad,voter_id,V004617,01_padron_votantes.csv,Documento cancelado aparece con voto registrado,estado_documento=cancelado; voto_registrado=1,Contrastar estado documental con fuente de registro.,3
DET-PAD-04-000134,PAD-04,critica,Padrón y elegibilidad,voter_id,V004623,01_padron_votantes.csv,Documento cancelado aparece con voto registrado,estado_documento=cancelado; voto_registrado=1,Contrastar estado documental con fuente de registro.,3
DET-PAD-04-000135,PAD-04,critica,Padrón y elegibilidad,voter_id,V004714,01_padron_votantes.csv,Documento cancelado aparece con voto registrado,estado_documento=cancelado; voto_registrado=1,Contrastar estado documental con fuente de registro.,3
DET-PAD-05-000136,PAD-05,critica,Padrón y elegibilidad,voter_id,V000657,01_padron_votantes.csv,Persona legalmente inhabilitada aparece con voto registrado,condicion_legal=inhabilitado; voto_registrado=1,Solicitar validación jurídica y soporte de habilitación.,3
DET-PAD-05-000137,PAD-05,critica,Padrón y elegibilidad,voter_id,V000770,01_padron_votantes.csv,Persona legalmente inhabilitada aparece con voto registrado,condicion_legal=inhabilitado; voto_registrado=1,Solicitar validación jurídica y soporte de habilitación.,3
DET-PAD-05-000138,PAD-05,critica,Padrón y elegibilidad,voter_id,V001489,01_padron_votantes.csv,Persona legalmente inhabilitada aparece con voto registrado,condicion_legal=inhabilitado; voto_registrado=1,Solicitar validación jurídica y soporte de habilitación.,3
DET-PAD-05-000139,PAD-05,critica,Padrón y elegibilidad,voter_id,V001502,01_padron_votantes.csv,Persona legalmente inhabilitada aparece con voto registrado,condicion_legal=privado_libertad; voto_registrado=1,Solicitar validación jurídica y soporte de habilitación.,3
DET-PAD-05-000140,PAD-05,critica,Padrón y elegibilidad,voter_id,V001736,01_padron_votantes.csv,Persona legalmente inhabilitada aparece con voto registrado,condicion_legal=inhabilitado; voto_registrado=1,Solicitar validación jurídica y soporte de habilitación.,3
DET-PAD-05-000141,PAD-05,critica,Padrón y elegibilidad,voter_id,V001829,01_padron_votantes.csv,Persona legalmente inhabilitada aparece con voto registrado,condicion_legal=privado_libertad; voto_registrado=1,Solicitar validación jurídica y soporte de habilitación.,3
DET-PAD-05-000142,PAD-05,critica,Padrón y elegibilidad,voter_id,V001911,01_padron_votantes.csv,Persona legalmente inhabilitada aparece con voto registrado,condicion_legal=inhabilitado; voto_registrado=1,Solicitar validación jurídica y soporte de habilitación.,3
DET-PAD-05-000143,PAD-05,critica,Padrón y elegibilidad,voter_id,V002125,01_padron_votantes.csv,Persona legalmente inhabilitada aparece con voto registrado,condicion_legal=privado_libertad; voto_registrado=1,Solicitar validación jurídica y soporte de habilitación.,3
DET-PAD-05-000144,PAD-05,critica,Padrón y elegibilidad,voter_id,V002499,01_padron_votantes.csv,Persona legalmente inhabilitada aparece con voto registrado,condicion_legal=privado_libertad; voto_registrado=1,Solicitar validación jurídica y soporte de habilitación.,3
DET-PAD-05-000145,PAD-05,critica,Padrón y elegibilidad,voter_id,V002808,01_padron_votantes.csv,Persona legalmente inhabilitada aparece con voto registrado,condicion_legal=privado_libertad; voto_registrado=1,Solicitar validación jurídica y soporte de habilitación.,3
DET-PAD-05-000146,PAD-05,critica,Padrón y elegibilidad,voter_id,V003614,01_padron_votantes.csv,Persona legalmente inhabilitada aparece con voto registrado,condicion_legal=inhabilitado; voto_registrado=1,Solicitar validación jurídica y soporte de habilitación.,3
DET-PAD-05-000147,PAD-05,critica,Padrón y elegibilidad,voter_id,V003706,01_padron_votantes.csv,Persona legalmente inhabilitada aparece con voto registrado,condicion_legal=privado_libertad; voto_registrado=1,Solicitar validación jurídica y soporte de habilitación.,3
DET-PAD-05-000148,PAD-05,critica,Padrón y elegibilidad,voter_id,V004588,01_padron_votantes.csv,Persona legalmente inhabilitada aparece con voto registrado,condicion_legal=inhabilitado; voto_registrado=1,Solicitar validación jurídica y soporte de habilitación.,3
DET-PAD-05-000149,PAD-05,critica,Padrón y elegibilidad,voter_id,V004704,01_padron_votantes.csv,Persona legalmente inhabilitada aparece con voto registrado,condicion_legal=privado_libertad; voto_registrado=1,Solicitar validación jurídica y soporte de habilitación.,3
DET-PAD-05-000150,PAD-05,critica,Padrón y elegibilidad,voter_id,V004751,01_padron_votantes.csv,Persona legalmente inhabilitada aparece con voto registrado,condicion_legal=inhabilitado; voto_registrado=1,Solicitar validación jurídica y soporte de habilitación.,3
DET-PAD-06-000151,PAD-06,alta,Padrón y elegibilidad,voter_id,V000049,01_padron_votantes.csv,Documento duplicado en el padrón,documento_hash_duplicado=0ee343159c4264a1c76a,Ejecutar deduplicación y revisión de identidad.,2
DET-PAD-06-000152,PAD-06,alta,Padrón y elegibilidad,voter_id,V000105,01_padron_votantes.csv,Documento duplicado en el padrón,documento_hash_duplicado=26ef49edded1bb39cbd2,Ejecutar deduplicación y revisión de identidad.,2
DET-PAD-06-000153,PAD-06,alta,Padrón y elegibilidad,voter_id,V000195,01_padron_votantes.csv,Documento duplicado en el padrón,documento_hash_duplicado=0ee343159c4264a1c76a,Ejecutar deduplicación y revisión de identidad.,2
DET-PAD-06-000154,PAD-06,alta,Padrón y elegibilidad,voter_id,V000202,01_padron_votantes.csv,Documento duplicado en el padrón,documento_hash_duplicado=ff0d2a8081eea8b8ddab,Ejecutar deduplicación y revisión de identidad.,2
DET-PAD-06-000155,PAD-06,alta,Padrón y elegibilidad,voter_id,V000334,01_padron_votantes.csv,Documento duplicado en el padrón,documento_hash_duplicado=16c650aeacf3b170d369,Ejecutar deduplicación y revisión de identidad.,2
DET-PAD-06-000156,PAD-06,alta,Padrón y elegibilidad,voter_id,V000474,01_padron_votantes.csv,Documento duplicado en el padrón,documento_hash_duplicado=78c226525409379139ca,Ejecutar deduplicación y revisión de identidad.,2
DET-PAD-06-000157,PAD-06,alta,Padrón y elegibilidad,voter_id,V000668,01_padron_votantes.csv,Documento duplicado en el padrón,documento_hash_duplicado=6b1bb0e902dfa63816e5,Ejecutar deduplicación y revisión de identidad.,2
DET-PAD-06-000158,PAD-06,alta,Padrón y elegibilidad,voter_id,V000688,01_padron_votantes.csv,Documento duplicado en el padrón,documento_hash_duplicado=0106a68fcfc844dcb88a,Ejecutar deduplicación y revisión de identidad.,2
DET-PAD-06-000159,PAD-06,alta,Padrón y elegibilidad,voter_id,V000731,01_padron_votantes.csv,Documento duplicado en el padrón,documento_hash_duplicado=6b1bb0e902dfa63816e5,Ejecutar deduplicación y revisión de identidad.,2
DET-PAD-06-000160,PAD-06,alta,Padrón y elegibilidad,voter_id,V000732,01_padron_votantes.csv,Documento duplicado en el padrón,documento_hash_duplicado=16c650aeacf3b170d369,Ejecutar deduplicación y revisión de identidad.,2
DET-PAD-06-000161,PAD-06,alta,Padrón y elegibilidad,voter_id,V000935,01_padron_votantes.csv,Documento duplicado en el padrón,documento_hash_duplicado=c002c4e96e42986805d1,Ejecutar deduplicación y revisión de identidad.,2
DET-PAD-06-000162,PAD-06,alta,Padrón y elegibilidad,voter_id,V000950,01_padron_votantes.csv,Documento duplicado en el padrón,documento_hash_duplicado=8ed245983bc5c95228a9,Ejecutar deduplicación y revisión de identidad.,2
DET-PAD-06-000163,PAD-06,alta,Padrón y elegibilidad,voter_id,V001002,01_padron_votantes.csv,Documento duplicado en el padrón,documento_hash_duplicado=8b25bd0ea03ff63053b9,Ejecutar deduplicación y revisión de identidad.,2
DET-PAD-06-000164,PAD-06,alta,Padrón y elegibilidad,voter_id,V001073,01_padron_votantes.csv,Documento duplicado en el padrón,documento_hash_duplicado=d87e72866b5acef50882,Ejecutar deduplicación y revisión de identidad.,2
DET-PAD-06-000165,PAD-06,alta,Padrón y elegibilidad,voter_id,V001145,01_padron_votantes.csv,Documento duplicado en el padrón,documento_hash_duplicado=5b074caef3b55fd51d7d,Ejecutar deduplicación y revisión de identidad.,2
DET-PAD-06-000166,PAD-06,alta,Padrón y elegibilidad,voter_id,V001386,01_padron_votantes.csv,Documento duplicado en el padrón,documento_hash_duplicado=a3ba4b239739aacea6e7,Ejecutar deduplicación y revisión de identidad.,2
DET-PAD-06-000167,PAD-06,alta,Padrón y elegibilidad,voter_id,V001387,01_padron_votantes.csv,Documento duplicado en el padrón,documento_hash_duplicado=26ef49edded1bb39cbd2,Ejecutar deduplicación y revisión de identidad.,2
DET-PAD-06-000168,PAD-06,alta,Padrón y elegibilidad,voter_id,V001403,01_padron_votantes.csv,Documento duplicado en el padrón,documento_hash_duplicado=8ed245983bc5c95228a9,Ejecutar deduplicación y revisión de identidad.,2
DET-PAD-06-000169,PAD-06,alta,Padrón y elegibilidad,voter_id,V001490,01_padron_votantes.csv,Documento duplicado en el padrón,documento_hash_duplicado=c002c4e96e42986805d1,Ejecutar deduplicación y revisión de identidad.,2
DET-PAD-06-000170,PAD-06,alta,Padrón y elegibilidad,voter_id,V001657,01_padron_votantes.csv,Documento duplicado en el padrón,documento_hash_duplicado=45458ea3c159c091e67a,Ejecutar deduplicación y revisión de identidad.,2
DET-PAD-06-000171,PAD-06,alta,Padrón y elegibilidad,voter_id,V001906,01_padron_votantes.csv,Documento duplicado en el padrón,documento_hash_duplicado=0ebd0ca109b0f884eeb2,Ejecutar deduplicación y revisión de identidad.,2
DET-PAD-06-000172,PAD-06,alta,Padrón y elegibilidad,voter_id,V001921,01_padron_votantes.csv,Documento duplicado en el padrón,documento_hash_duplicado=45458ea3c159c091e67a,Ejecutar deduplicación y revisión de identidad.,2
DET-PAD-06-000173,PAD-06,alta,Padrón y elegibilidad,voter_id,V001973,01_padron_votantes.csv,Documento duplicado en el padrón,documento_hash_duplicado=7e0b1e5802b6dae91725,Ejecutar deduplicación y revisión de identidad.,2
DET-PAD-06-000174,PAD-06,alta,Padrón y elegibilidad,voter_id,V002156,01_padron_votantes.csv,Documento duplicado en el padrón,documento_hash_duplicado=ff0d2a8081eea8b8ddab,Ejecutar deduplicación y revisión de identidad.,2
DET-PAD-06-000175,PAD-06,alta,Padrón y elegibilidad,voter_id,V002196,01_padron_votantes.csv,Documento duplicado en el padrón,documento_hash_duplicado=3394c8a8caec5c21859b,Ejecutar deduplicación y revisión de identidad.,2
DET-PAD-06-000176,PAD-06,alta,Padrón y elegibilidad,voter_id,V002364,01_padron_votantes.csv,Documento duplicado en el padrón,documento_hash_duplicado=0ebd0ca109b0f884eeb2,Ejecutar deduplicación y revisión de identidad.,2
DET-PAD-06-000177,PAD-06,alta,Padrón y elegibilidad,voter_id,V002385,01_padron_votantes.csv,Documento duplicado en el padrón,documento_hash_duplicado=d02d9a453d79665e1e20,Ejecutar deduplicación y revisión de identidad.,2
DET-PAD-06-000178,PAD-06,alta,Padrón y elegibilidad,voter_id,V002410,01_padron_votantes.csv,Documento duplicado en el padrón,documento_hash_duplicado=5b074caef3b55fd51d7d,Ejecutar deduplicación y revisión de identidad.,2
DET-PAD-06-000179,PAD-06,alta,Padrón y elegibilidad,voter_id,V002454,01_padron_votantes.csv,Documento duplicado en el padrón,documento_hash_duplicado=8b25bd0ea03ff63053b9,Ejecutar deduplicación y revisión de identidad.,2
DET-PAD-06-000180,PAD-06,alta,Padrón y elegibilidad,voter_id,V002541,01_padron_votantes.csv,Documento duplicado en el padrón,documento_hash_duplicado=857d910de58fb41ace6d,Ejecutar deduplicación y revisión de identidad.,2
DET-PAD-06-000181,PAD-06,alta,Padrón y elegibilidad,voter_id,V002567,01_padron_votantes.csv,Documento duplicado en el padrón,documento_hash_duplicado=3216273cf424216dbe63,Ejecutar deduplicación y revisión de identidad.,2
DET-PAD-06-000182,PAD-06,alta,Padrón y elegibilidad,voter_id,V002629,01_padron_votantes.csv,Documento duplicado en el padrón,documento_hash_duplicado=7c36ed86f4862bf7229c,Ejecutar deduplicación y revisión de identidad.,2
DET-PAD-06-000183,PAD-06,alta,Padrón y elegibilidad,voter_id,V002794,01_padron_votantes.csv,Documento duplicado en el padrón,documento_hash_duplicado=2854bd648c809a3a8e51,Ejecutar deduplicación y revisión de identidad.,2
DET-PAD-06-000184,PAD-06,alta,Padrón y elegibilidad,voter_id,V002804,01_padron_votantes.csv,Documento duplicado en el padrón,documento_hash_duplicado=7c36ed86f4862bf7229c,Ejecutar deduplicación y revisión de identidad.,2
DET-PAD-06-000185,PAD-06,alta,Padrón y elegibilidad,voter_id,V002943,01_padron_votantes.csv,Documento duplicado en el padrón,documento_hash_duplicado=a85bb66c8c6e632b3ffc,Ejecutar deduplicación y revisión de identidad.,2
DET-PAD-06-000186,PAD-06,alta,Padrón y elegibilidad,voter_id,V003034,01_padron_votantes.csv,Documento duplicado en el padrón,documento_hash_duplicado=2854bd648c809a3a8e51,Ejecutar deduplicación y revisión de identidad.,2
DET-PAD-06-000187,PAD-06,alta,Padrón y elegibilidad,voter_id,V003070,01_padron_votantes.csv,Documento duplicado en el padrón,documento_hash_duplicado=d02d9a453d79665e1e20,Ejecutar deduplicación y revisión de identidad.,2
DET-PAD-06-000188,PAD-06,alta,Padrón y elegibilidad,voter_id,V003102,01_padron_votantes.csv,Documento duplicado en el padrón,documento_hash_duplicado=d87e72866b5acef50882,Ejecutar deduplicación y revisión de identidad.,2
DET-PAD-06-000189,PAD-06,alta,Padrón y elegibilidad,voter_id,V003125,01_padron_votantes.csv,Documento duplicado en el padrón,documento_hash_duplicado=78c226525409379139ca,Ejecutar deduplicación y revisión de identidad.,2
DET-PAD-06-000190,PAD-06,alta,Padrón y elegibilidad,voter_id,V003312,01_padron_votantes.csv,Documento duplicado en el padrón,documento_hash_duplicado=53776346eda69cb666cd,Ejecutar deduplicación y revisión de identidad.,2
DET-PAD-06-000191,PAD-06,alta,Padrón y elegibilidad,voter_id,V003355,01_padron_votantes.csv,Documento duplicado en el padrón,documento_hash_duplicado=3216273cf424216dbe63,Ejecutar deduplicación y revisión de identidad.,2
DET-PAD-06-000192,PAD-06,alta,Padrón y elegibilidad,voter_id,V003433,01_padron_votantes.csv,Documento duplicado en el padrón,documento_hash_duplicado=7e0b1e5802b6dae91725,Ejecutar deduplicación y revisión de identidad.,2
DET-PAD-06-000193,PAD-06,alta,Padrón y elegibilidad,voter_id,V003597,01_padron_votantes.csv,Documento duplicado en el padrón,documento_hash_duplicado=53776346eda69cb666cd,Ejecutar deduplicación y revisión de identidad.,2
DET-PAD-06-000194,PAD-06,alta,Padrón y elegibilidad,voter_id,V003849,01_padron_votantes.csv,Documento duplicado en el padrón,documento_hash_duplicado=3394c8a8caec5c21859b,Ejecutar deduplicación y revisión de identidad.,2
DET-PAD-06-000195,PAD-06,alta,Padrón y elegibilidad,voter_id,V003919,01_padron_votantes.csv,Documento duplicado en el padrón,documento_hash_duplicado=857d910de58fb41ace6d,Ejecutar deduplicación y revisión de identidad.,2
DET-PAD-06-000196,PAD-06,alta,Padrón y elegibilidad,voter_id,V004011,01_padron_votantes.csv,Documento duplicado en el padrón,documento_hash_duplicado=0106a68fcfc844dcb88a,Ejecutar deduplicación y revisión de identidad.,2
DET-PAD-06-000197,PAD-06,alta,Padrón y elegibilidad,voter_id,V004066,01_padron_votantes.csv,Documento duplicado en el padrón,documento_hash_duplicado=1f8c1b82ad1a1fdb9ce8,Ejecutar deduplicación y revisión de identidad.,2
DET-PAD-06-000198,PAD-06,alta,Padrón y elegibilidad,voter_id,V004140,01_padron_votantes.csv,Documento duplicado en el padrón,documento_hash_duplicado=1f8c1b82ad1a1fdb9ce8,Ejecutar deduplicación y revisión de identidad.,2
DET-PAD-06-000199,PAD-06,alta,Padrón y elegibilidad,voter_id,V004219,01_padron_votantes.csv,Documento duplicado en el padrón,documento_hash_duplicado=a85bb66c8c6e632b3ffc,Ejecutar deduplicación y revisión de identidad.,2
DET-PAD-06-000200,PAD-06,alta,Padrón y elegibilidad,voter_id,V004794,01_padron_votantes.csv,Documento duplicado en el padrón,documento_hash_duplicado=a3ba4b239739aacea6e7,Ejecutar deduplicación y revisión de identidad.,2
DET-CIR-01-000001,CIR-01,alta,Circunscripción y mesa,voter_id,V003268,03_registro_sufragio.csv,Voto registrado en mesa diferente a la asignada,mesa_voto=MESA-003; mesa_asignada=MESA-014,Contrastar acta de mesa y registro de asignación.,2
DET-CIR-01-000002,CIR-01,alta,Circunscripción y mesa,voter_id,V002622,03_registro_sufragio.csv,Voto registrado en mesa diferente a la asignada,mesa_voto=MESA-039; mesa_asignada=MESA-046,Contrastar acta de mesa y registro de asignación.,2
DET-CIR-01-000003,CIR-01,alta,Circunscripción y mesa,voter_id,V000876,03_registro_sufragio.csv,Voto registrado en mesa diferente a la asignada,mesa_voto=MESA-058; mesa_asignada=MESA-040,Contrastar acta de mesa y registro de asignación.,2
DET-CIR-01-000004,CIR-01,alta,Circunscripción y mesa,voter_id,V002992,03_registro_sufragio.csv,Voto registrado en mesa diferente a la asignada,mesa_voto=MESA-077; mesa_asignada=MESA-078,Contrastar acta de mesa y registro de asignación.,2
DET-CIR-01-000005,CIR-01,alta,Circunscripción y mesa,voter_id,V000596,03_registro_sufragio.csv,Voto registrado en mesa diferente a la asignada,mesa_voto=MESA-047; mesa_asignada=MESA-061,Contrastar acta de mesa y registro de asignación.,2
DET-CIR-01-000006,CIR-01,alta,Circunscripción y mesa,voter_id,V004378,03_registro_sufragio.csv,Voto registrado en mesa diferente a la asignada,mesa_voto=MESA-050; mesa_asignada=MESA-029,Contrastar acta de mesa y registro de asignación.,2
DET-CIR-01-000007,CIR-01,alta,Circunscripción y mesa,voter_id,V004490,03_registro_sufragio.csv,Voto registrado en mesa diferente a la asignada,mesa_voto=MESA-024; mesa_asignada=MESA-026,Contrastar acta de mesa y registro de asignación.,2
DET-CIR-01-000008,CIR-01,alta,Circunscripción y mesa,voter_id,V001019,03_registro_sufragio.csv,Voto registrado en mesa diferente a la asignada,mesa_voto=MESA-070; mesa_asignada=MESA-010,Contrastar acta de mesa y registro de asignación.,2
DET-CIR-01-000009,CIR-01,alta,Circunscripción y mesa,voter_id,V003826,03_registro_sufragio.csv,Voto registrado en mesa diferente a la asignada,mesa_voto=MESA-012; mesa_asignada=MESA-033,Contrastar acta de mesa y registro de asignación.,2
DET-CIR-01-000010,CIR-01,alta,Circunscripción y mesa,voter_id,V000866,03_registro_sufragio.csv,Voto registrado en mesa diferente a la asignada,mesa_voto=MESA-017; mesa_asignada=MESA-032,Contrastar acta de mesa y registro de asignación.,2
DET-CIR-01-000011,CIR-01,alta,Circunscripción y mesa,voter_id,V000150,03_registro_sufragio.csv,Voto registrado en mesa diferente a la asignada,mesa_voto=MESA-080; mesa_asignada=MESA-059,Contrastar acta de mesa y registro de asignación.,2
DET-CIR-01-000012,CIR-01,alta,Circunscripción y mesa,voter_id,V002654,03_registro_sufragio.csv,Voto registrado en mesa diferente a la asignada,mesa_voto=MESA-043; mesa_asignada=MESA-064,Contrastar acta de mesa y registro de asignación.,2
DET-CIR-01-000013,CIR-01,alta,Circunscripción y mesa,voter_id,V001102,03_registro_sufragio.csv,Voto registrado en mesa diferente a la asignada,mesa_voto=MESA-015; mesa_asignada=MESA-002,Contrastar acta de mesa y registro de asignación.,2
DET-CIR-01-000014,CIR-01,alta,Circunscripción y mesa,voter_id,V000099,03_registro_sufragio.csv,Voto registrado en mesa diferente a la asignada,mesa_voto=MESA-009; mesa_asignada=MESA-052,Contrastar acta de mesa y registro de asignación.,2
DET-CIR-01-000015,CIR-01,alta,Circunscripción y mesa,voter_id,V000087,03_registro_sufragio.csv,Voto registrado en mesa diferente a la asignada,mesa_voto=MESA-032; mesa_asignada=MESA-060,Contrastar acta de mesa y registro de asignación.,2
DET-CIR-01-000016,CIR-01,alta,Circunscripción y mesa,voter_id,V002810,03_registro_sufragio.csv,Voto registrado en mesa diferente a la asignada,mesa_voto=MESA-053; mesa_asignada=MESA-039,Contrastar acta de mesa y registro de asignación.,2
DET-CIR-01-000017,CIR-01,alta,Circunscripción y mesa,voter_id,V002914,03_registro_sufragio.csv,Voto registrado en mesa diferente a la asignada,mesa_voto=MESA-071; mesa_asignada=MESA-015,Contrastar acta de mesa y registro de asignación.,2
DET-CIR-01-000018,CIR-01,alta,Circunscripción y mesa,voter_id,V002013,03_registro_sufragio.csv,Voto registrado en mesa diferente a la asignada,mesa_voto=MESA-029; mesa_asignada=MESA-061,Contrastar acta de mesa y registro de asignación.,2
DET-CIR-01-000019,CIR-01,alta,Circunscripción y mesa,voter_id,V001466,03_registro_sufragio.csv,Voto registrado en mesa diferente a la asignada,mesa_voto=MESA-046; mesa_asignada=MESA-071,Contrastar acta de mesa y registro de asignación.,2
DET-CIR-01-000020,CIR-01,alta,Circunscripción y mesa,voter_id,V003238,03_registro_sufragio.csv,Voto registrado en mesa diferente a la asignada,mesa_voto=MESA-062; mesa_asignada=MESA-020,Contrastar acta de mesa y registro de asignación.,2
DET-CIR-01-000021,CIR-01,alta,Circunscripción y mesa,voter_id,V001249,03_registro_sufragio.csv,Voto registrado en mesa diferente a la asignada,mesa_voto=MESA-043; mesa_asignada=MESA-003,Contrastar acta de mesa y registro de asignación.,2
DET-CIR-01-000022,CIR-01,alta,Circunscripción y mesa,voter_id,V000458,03_registro_sufragio.csv,Voto registrado en mesa diferente a la asignada,mesa_voto=MESA-050; mesa_asignada=MESA-026,Contrastar acta de mesa y registro de asignación.,2
DET-CIR-01-000023,CIR-01,alta,Circunscripción y mesa,voter_id,V002298,03_registro_sufragio.csv,Voto registrado en mesa diferente a la asignada,mesa_voto=MESA-006; mesa_asignada=MESA-037,Contrastar acta de mesa y registro de asignación.,2
DET-CIR-01-000024,CIR-01,alta,Circunscripción y mesa,voter_id,V001165,03_registro_sufragio.csv,Voto registrado en mesa diferente a la asignada,mesa_voto=MESA-067; mesa_asignada=MESA-071,Contrastar acta de mesa y registro de asignación.,2
DET-CIR-01-000025,CIR-01,alta,Circunscripción y mesa,voter_id,V001687,03_registro_sufragio.csv,Voto registrado en mesa diferente a la asignada,mesa_voto=MESA-011; mesa_asignada=MESA-025,Contrastar acta de mesa y registro de asignación.,2
DET-CIR-01-000026,CIR-01,alta,Circunscripción y mesa,voter_id,V001177,03_registro_sufragio.csv,Voto registrado en mesa diferente a la asignada,mesa_voto=MESA-015; mesa_asignada=MESA-030,Contrastar acta de mesa y registro de asignación.,2
DET-CIR-01-000027,CIR-01,alta,Circunscripción y mesa,voter_id,V003042,03_registro_sufragio.csv,Voto registrado en mesa diferente a la asignada,mesa_voto=MESA-054; mesa_asignada=MESA-075,Contrastar acta de mesa y registro de asignación.,2
DET-CIR-01-000028,CIR-01,alta,Circunscripción y mesa,voter_id,V001493,03_registro_sufragio.csv,Voto registrado en mesa diferente a la asignada,mesa_voto=MESA-036; mesa_asignada=MESA-027,Contrastar acta de mesa y registro de asignación.,2
DET-CIR-01-000029,CIR-01,alta,Circunscripción y mesa,voter_id,V002488,03_registro_sufragio.csv,Voto registrado en mesa diferente a la asignada,mesa_voto=MESA-021; mesa_asignada=MESA-063,Contrastar acta de mesa y registro de asignación.,2
DET-CIR-01-000030,CIR-01,alta,Circunscripción y mesa,voter_id,V002988,03_registro_sufragio.csv,Voto registrado en mesa diferente a la asignada,mesa_voto=MESA-047; mesa_asignada=MESA-037,Contrastar acta de mesa y registro de asignación.,2
DET-CIR-01-000031,CIR-01,alta,Circunscripción y mesa,voter_id,V003373,03_registro_sufragio.csv,Voto registrado en mesa diferente a la asignada,mesa_voto=MESA-030; mesa_asignada=MESA-052,Contrastar acta de mesa y registro de asignación.,2
DET-CIR-01-000032,CIR-01,alta,Circunscripción y mesa,voter_id,V003637,03_registro_sufragio.csv,Voto registrado en mesa diferente a la asignada,mesa_voto=MESA-077; mesa_asignada=MESA-019,Contrastar acta de mesa y registro de asignación.,2
DET-CIR-01-000033,CIR-01,alta,Circunscripción y mesa,voter_id,V000463,03_registro_sufragio.csv,Voto registrado en mesa diferente a la asignada,mesa_voto=MESA-026; mesa_asignada=MESA-057,Contrastar acta de mesa y registro de asignación.,2
DET-CIR-01-000034,CIR-01,alta,Circunscripción y mesa,voter_id,V003642,03_registro_sufragio.csv,Voto registrado en mesa diferente a la asignada,mesa_voto=MESA-011; mesa_asignada=MESA-063,Contrastar acta de mesa y registro de asignación.,2
DET-CIR-01-000035,CIR-01,alta,Circunscripción y mesa,voter_id,V004123,03_registro_sufragio.csv,Voto registrado en mesa diferente a la asignada,mesa_voto=MESA-002; mesa_asignada=MESA-041,Contrastar acta de mesa y registro de asignación.,2
DET-CIR-01-000036,CIR-01,alta,Circunscripción y mesa,voter_id,V002780,03_registro_sufragio.csv,Voto registrado en mesa diferente a la asignada,mesa_voto=MESA-020; mesa_asignada=MESA-014,Contrastar acta de mesa y registro de asignación.,2
DET-CIR-01-000037,CIR-01,alta,Circunscripción y mesa,voter_id,V001469,03_registro_sufragio.csv,Voto registrado en mesa diferente a la asignada,mesa_voto=MESA-049; mesa_asignada=MESA-080,Contrastar acta de mesa y registro de asignación.,2
DET-CIR-01-000038,CIR-01,alta,Circunscripción y mesa,voter_id,V000343,03_registro_sufragio.csv,Voto registrado en mesa diferente a la asignada,mesa_voto=MESA-044; mesa_asignada=MESA-068,Contrastar acta de mesa y registro de asignación.,2
DET-CIR-01-000039,CIR-01,alta,Circunscripción y mesa,voter_id,V001171,03_registro_sufragio.csv,Voto registrado en mesa diferente a la asignada,mesa_voto=MESA-001; mesa_asignada=MESA-073,Contrastar acta de mesa y registro de asignación.,2
DET-CIR-01-000040,CIR-01,alta,Circunscripción y mesa,voter_id,V000533,03_registro_sufragio.csv,Voto registrado en mesa diferente a la asignada,mesa_voto=MESA-055; mesa_asignada=MESA-017,Contrastar acta de mesa y registro de asignación.,2
DET-CIR-01-000041,CIR-01,alta,Circunscripción y mesa,voter_id,V000425,03_registro_sufragio.csv,Voto registrado en mesa diferente a la asignada,mesa_voto=MESA-051; mesa_asignada=MESA-053,Contrastar acta de mesa y registro de asignación.,2
DET-CIR-01-000042,CIR-01,alta,Circunscripción y mesa,voter_id,V002482,03_registro_sufragio.csv,Voto registrado en mesa diferente a la asignada,mesa_voto=MESA-061; mesa_asignada=MESA-018,Contrastar acta de mesa y registro de asignación.,2
DET-CIR-01-000043,CIR-01,alta,Circunscripción y mesa,voter_id,V004372,03_registro_sufragio.csv,Voto registrado en mesa diferente a la asignada,mesa_voto=MESA-030; mesa_asignada=MESA-045,Contrastar acta de mesa y registro de asignación.,2
DET-CIR-01-000044,CIR-01,alta,Circunscripción y mesa,voter_id,V000261,03_registro_sufragio.csv,Voto registrado en mesa diferente a la asignada,mesa_voto=MESA-012; mesa_asignada=MESA-001,Contrastar acta de mesa y registro de asignación.,2
DET-CIR-01-000045,CIR-01,alta,Circunscripción y mesa,voter_id,V004620,03_registro_sufragio.csv,Voto registrado en mesa diferente a la asignada,mesa_voto=MESA-069; mesa_asignada=MESA-062,Contrastar acta de mesa y registro de asignación.,2
DET-CIR-01-000046,CIR-01,alta,Circunscripción y mesa,voter_id,V000086,03_registro_sufragio.csv,Voto registrado en mesa diferente a la asignada,mesa_voto=MESA-037; mesa_asignada=MESA-018,Contrastar acta de mesa y registro de asignación.,2
DET-CIR-01-000047,CIR-01,alta,Circunscripción y mesa,voter_id,V002963,03_registro_sufragio.csv,Voto registrado en mesa diferente a la asignada,mesa_voto=MESA-062; mesa_asignada=MESA-048,Contrastar acta de mesa y registro de asignación.,2
DET-CIR-01-000048,CIR-01,alta,Circunscripción y mesa,voter_id,V004990,03_registro_sufragio.csv,Voto registrado en mesa diferente a la asignada,mesa_voto=MESA-052; mesa_asignada=MESA-008,Contrastar acta de mesa y registro de asignación.,2
DET-CIR-01-000049,CIR-01,alta,Circunscripción y mesa,voter_id,V002141,03_registro_sufragio.csv,Voto registrado en mesa diferente a la asignada,mesa_voto=MESA-010; mesa_asignada=MESA-009,Contrastar acta de mesa y registro de asignación.,2
DET-CIR-01-000050,CIR-01,alta,Circunscripción y mesa,voter_id,V004319,03_registro_sufragio.csv,Voto registrado en mesa diferente a la asignada,mesa_voto=MESA-055; mesa_asignada=MESA-051,Contrastar acta de mesa y registro de asignación.,2
DET-CIR-01-000051,CIR-01,alta,Circunscripción y mesa,voter_id,V001485,03_registro_sufragio.csv,Voto registrado en mesa diferente a la asignada,mesa_voto=MESA-003; mesa_asignada=MESA-042,Contrastar acta de mesa y registro de asignación.,2
DET-CIR-01-000052,CIR-01,alta,Circunscripción y mesa,voter_id,V001003,03_registro_sufragio.csv,Voto registrado en mesa diferente a la asignada,mesa_voto=MESA-060; mesa_asignada=MESA-030,Contrastar acta de mesa y registro de asignación.,2
DET-CIR-01-000053,CIR-01,alta,Circunscripción y mesa,voter_id,V001885,03_registro_sufragio.csv,Voto registrado en mesa diferente a la asignada,mesa_voto=MESA-014; mesa_asignada=MESA-018,Contrastar acta de mesa y registro de asignación.,2
DET-CIR-01-000054,CIR-01,alta,Circunscripción y mesa,voter_id,V000528,03_registro_sufragio.csv,Voto registrado en mesa diferente a la asignada,mesa_voto=MESA-080; mesa_asignada=MESA-043,Contrastar acta de mesa y registro de asignación.,2
DET-CIR-01-000055,CIR-01,alta,Circunscripción y mesa,voter_id,V004225,03_registro_sufragio.csv,Voto registrado en mesa diferente a la asignada,mesa_voto=MESA-052; mesa_asignada=MESA-017,Contrastar acta de mesa y registro de asignación.,2
DET-CIR-01-000056,CIR-01,alta,Circunscripción y mesa,voter_id,V002209,03_registro_sufragio.csv,Voto registrado en mesa diferente a la asignada,mesa_voto=MESA-066; mesa_asignada=MESA-025,Contrastar acta de mesa y registro de asignación.,2
DET-CIR-01-000057,CIR-01,alta,Circunscripción y mesa,voter_id,V004859,03_registro_sufragio.csv,Voto registrado en mesa diferente a la asignada,mesa_voto=MESA-056; mesa_asignada=MESA-017,Contrastar acta de mesa y registro de asignación.,2
DET-CIR-01-000058,CIR-01,alta,Circunscripción y mesa,voter_id,V004769,03_registro_sufragio.csv,Voto registrado en mesa diferente a la asignada,mesa_voto=MESA-054; mesa_asignada=MESA-048,Contrastar acta de mesa y registro de asignación.,2
DET-CIR-01-000059,CIR-01,alta,Circunscripción y mesa,voter_id,V000661,03_registro_sufragio.csv,Voto registrado en mesa diferente a la asignada,mesa_voto=MESA-080; mesa_asignada=MESA-077,Contrastar acta de mesa y registro de asignación.,2
DET-CIR-01-000060,CIR-01,alta,Circunscripción y mesa,voter_id,V003911,03_registro_sufragio.csv,Voto registrado en mesa diferente a la asignada,mesa_voto=MESA-048; mesa_asignada=MESA-059,Contrastar acta de mesa y registro de asignación.,2
DET-CIR-01-000061,CIR-01,alta,Circunscripción y mesa,voter_id,V002297,03_registro_sufragio.csv,Voto registrado en mesa diferente a la asignada,mesa_voto=MESA-044; mesa_asignada=MESA-054,Contrastar acta de mesa y registro de asignación.,2
DET-CIR-01-000062,CIR-01,alta,Circunscripción y mesa,voter_id,V000727,03_registro_sufragio.csv,Voto registrado en mesa diferente a la asignada,mesa_voto=MESA-032; mesa_asignada=MESA-057,Contrastar acta de mesa y registro de asignación.,2
DET-CIR-01-000063,CIR-01,alta,Circunscripción y mesa,voter_id,V003736,03_registro_sufragio.csv,Voto registrado en mesa diferente a la asignada,mesa_voto=MESA-071; mesa_asignada=MESA-018,Contrastar acta de mesa y registro de asignación.,2
DET-CIR-01-000064,CIR-01,alta,Circunscripción y mesa,voter_id,V004301,03_registro_sufragio.csv,Voto registrado en mesa diferente a la asignada,mesa_voto=MESA-073; mesa_asignada=MESA-031,Contrastar acta de mesa y registro de asignación.,2
DET-CIR-01-000065,CIR-01,alta,Circunscripción y mesa,voter_id,V000454,03_registro_sufragio.csv,Voto registrado en mesa diferente a la asignada,mesa_voto=MESA-060; mesa_asignada=MESA-007,Contrastar acta de mesa y registro de asignación.,2
DET-CIR-01-000066,CIR-01,alta,Circunscripción y mesa,voter_id,V000925,03_registro_sufragio.csv,Voto registrado en mesa diferente a la asignada,mesa_voto=MESA-003; mesa_asignada=MESA-036,Contrastar acta de mesa y registro de asignación.,2
DET-CIR-01-000067,CIR-01,alta,Circunscripción y mesa,voter_id,V004061,03_registro_sufragio.csv,Voto registrado en mesa diferente a la asignada,mesa_voto=MESA-025; mesa_asignada=MESA-041,Contrastar acta de mesa y registro de asignación.,2
DET-CIR-01-000068,CIR-01,alta,Circunscripción y mesa,voter_id,V002275,03_registro_sufragio.csv,Voto registrado en mesa diferente a la asignada,mesa_voto=MESA-002; mesa_asignada=MESA-035,Contrastar acta de mesa y registro de asignación.,2
DET-CIR-01-000069,CIR-01,alta,Circunscripción y mesa,voter_id,V004725,03_registro_sufragio.csv,Voto registrado en mesa diferente a la asignada,mesa_voto=MESA-062; mesa_asignada=MESA-052,Contrastar acta de mesa y registro de asignación.,2
DET-CIR-01-000070,CIR-01,alta,Circunscripción y mesa,voter_id,V001283,03_registro_sufragio.csv,Voto registrado en mesa diferente a la asignada,mesa_voto=MESA-068; mesa_asignada=MESA-053,Contrastar acta de mesa y registro de asignación.,2
DET-CIR-01-000071,CIR-01,alta,Circunscripción y mesa,voter_id,V000414,03_registro_sufragio.csv,Voto registrado en mesa diferente a la asignada,mesa_voto=MESA-067; mesa_asignada=MESA-026,Contrastar acta de mesa y registro de asignación.,2
DET-CIR-01-000072,CIR-01,alta,Circunscripción y mesa,voter_id,V000540,03_registro_sufragio.csv,Voto registrado en mesa diferente a la asignada,mesa_voto=MESA-014; mesa_asignada=MESA-050,Contrastar acta de mesa y registro de asignación.,2
DET-CIR-01-000073,CIR-01,alta,Circunscripción y mesa,voter_id,V000384,03_registro_sufragio.csv,Voto registrado en mesa diferente a la asignada,mesa_voto=MESA-023; mesa_asignada=MESA-042,Contrastar acta de mesa y registro de asignación.,2
DET-CIR-01-000074,CIR-01,alta,Circunscripción y mesa,voter_id,V002093,03_registro_sufragio.csv,Voto registrado en mesa diferente a la asignada,mesa_voto=MESA-023; mesa_asignada=MESA-079,Contrastar acta de mesa y registro de asignación.,2
DET-CIR-01-000075,CIR-01,alta,Circunscripción y mesa,voter_id,V003603,03_registro_sufragio.csv,Voto registrado en mesa diferente a la asignada,mesa_voto=MESA-069; mesa_asignada=MESA-061,Contrastar acta de mesa y registro de asignación.,2
DET-CIR-01-000076,CIR-01,alta,Circunscripción y mesa,voter_id,V004072,03_registro_sufragio.csv,Voto registrado en mesa diferente a la asignada,mesa_voto=MESA-030; mesa_asignada=MESA-004,Contrastar acta de mesa y registro de asignación.,2
DET-CIR-01-000077,CIR-01,alta,Circunscripción y mesa,voter_id,V000635,03_registro_sufragio.csv,Voto registrado en mesa diferente a la asignada,mesa_voto=MESA-006; mesa_asignada=MESA-078,Contrastar acta de mesa y registro de asignación.,2
DET-CIR-01-000078,CIR-01,alta,Circunscripción y mesa,voter_id,V000466,03_registro_sufragio.csv,Voto registrado en mesa diferente a la asignada,mesa_voto=MESA-031; mesa_asignada=MESA-002,Contrastar acta de mesa y registro de asignación.,2
DET-CIR-01-000079,CIR-01,alta,Circunscripción y mesa,voter_id,V000958,03_registro_sufragio.csv,Voto registrado en mesa diferente a la asignada,mesa_voto=MESA-005; mesa_asignada=MESA-049,Contrastar acta de mesa y registro de asignación.,2
DET-CIR-01-000080,CIR-01,alta,Circunscripción y mesa,voter_id,V003827,03_registro_sufragio.csv,Voto registrado en mesa diferente a la asignada,mesa_voto=MESA-016; mesa_asignada=MESA-069,Contrastar acta de mesa y registro de asignación.,2
DET-CIR-01-000081,CIR-01,alta,Circunscripción y mesa,voter_id,V002358,03_registro_sufragio.csv,Voto registrado en mesa diferente a la asignada,mesa_voto=MESA-049; mesa_asignada=MESA-055,Contrastar acta de mesa y registro de asignación.,2
DET-CIR-01-000082,CIR-01,alta,Circunscripción y mesa,voter_id,V003790,03_registro_sufragio.csv,Voto registrado en mesa diferente a la asignada,mesa_voto=MESA-023; mesa_asignada=MESA-046,Contrastar acta de mesa y registro de asignación.,2
DET-CIR-01-000083,CIR-01,alta,Circunscripción y mesa,voter_id,V004520,03_registro_sufragio.csv,Voto registrado en mesa diferente a la asignada,mesa_voto=MESA-074; mesa_asignada=MESA-066,Contrastar acta de mesa y registro de asignación.,2
DET-CIR-01-000084,CIR-01,alta,Circunscripción y mesa,voter_id,V000146,03_registro_sufragio.csv,Voto registrado en mesa diferente a la asignada,mesa_voto=MESA-029; mesa_asignada=MESA-058,Contrastar acta de mesa y registro de asignación.,2
DET-CIR-01-000085,CIR-01,alta,Circunscripción y mesa,voter_id,V001695,03_registro_sufragio.csv,Voto registrado en mesa diferente a la asignada,mesa_voto=MESA-069; mesa_asignada=MESA-061,Contrastar acta de mesa y registro de asignación.,2
DET-CIR-01-000086,CIR-01,alta,Circunscripción y mesa,voter_id,V004752,03_registro_sufragio.csv,Voto registrado en mesa diferente a la asignada,mesa_voto=MESA-047; mesa_asignada=MESA-018,Contrastar acta de mesa y registro de asignación.,2
DET-CIR-01-000087,CIR-01,alta,Circunscripción y mesa,voter_id,V002982,03_registro_sufragio.csv,Voto registrado en mesa diferente a la asignada,mesa_voto=MESA-077; mesa_asignada=MESA-074,Contrastar acta de mesa y registro de asignación.,2
DET-CIR-01-000088,CIR-01,alta,Circunscripción y mesa,voter_id,V001475,03_registro_sufragio.csv,Voto registrado en mesa diferente a la asignada,mesa_voto=MESA-077; mesa_asignada=MESA-073,Contrastar acta de mesa y registro de asignación.,2
DET-CIR-01-000089,CIR-01,alta,Circunscripción y mesa,voter_id,V001565,03_registro_sufragio.csv,Voto registrado en mesa diferente a la asignada,mesa_voto=MESA-022; mesa_asignada=MESA-032,Contrastar acta de mesa y registro de asignación.,2
DET-CIR-01-000090,CIR-01,alta,Circunscripción y mesa,voter_id,V004676,03_registro_sufragio.csv,Voto registrado en mesa diferente a la asignada,mesa_voto=MESA-055; mesa_asignada=MESA-060,Contrastar acta de mesa y registro de asignación.,2
DET-CIR-01-000091,CIR-01,alta,Circunscripción y mesa,voter_id,V004318,03_registro_sufragio.csv,Voto registrado en mesa diferente a la asignada,mesa_voto=MESA-039; mesa_asignada=MESA-035,Contrastar acta de mesa y registro de asignación.,2
DET-CIR-01-000092,CIR-01,alta,Circunscripción y mesa,voter_id,V004555,03_registro_sufragio.csv,Voto registrado en mesa diferente a la asignada,mesa_voto=MESA-061; mesa_asignada=MESA-006,Contrastar acta de mesa y registro de asignación.,2
DET-CIR-01-000093,CIR-01,alta,Circunscripción y mesa,voter_id,V003916,03_registro_sufragio.csv,Voto registrado en mesa diferente a la asignada,mesa_voto=MESA-017; mesa_asignada=MESA-009,Contrastar acta de mesa y registro de asignación.,2
DET-CIR-01-000094,CIR-01,alta,Circunscripción y mesa,voter_id,V001456,03_registro_sufragio.csv,Voto registrado en mesa diferente a la asignada,mesa_voto=MESA-077; mesa_asignada=MESA-046,Contrastar acta de mesa y registro de asignación.,2
DET-CIR-01-000095,CIR-01,alta,Circunscripción y mesa,voter_id,V003099,03_registro_sufragio.csv,Voto registrado en mesa diferente a la asignada,mesa_voto=MESA-069; mesa_asignada=MESA-073,Contrastar acta de mesa y registro de asignación.,2
DET-CIR-01-000096,CIR-01,alta,Circunscripción y mesa,voter_id,V003685,03_registro_sufragio.csv,Voto registrado en mesa diferente a la asignada,mesa_voto=MESA-034; mesa_asignada=MESA-028,Contrastar acta de mesa y registro de asignación.,2
DET-CIR-01-000097,CIR-01,alta,Circunscripción y mesa,voter_id,V003973,03_registro_sufragio.csv,Voto registrado en mesa diferente a la asignada,mesa_voto=MESA-061; mesa_asignada=MESA-041,Contrastar acta de mesa y registro de asignación.,2
DET-CIR-01-000098,CIR-01,alta,Circunscripción y mesa,voter_id,V001937,03_registro_sufragio.csv,Voto registrado en mesa diferente a la asignada,mesa_voto=MESA-026; mesa_asignada=MESA-051,Contrastar acta de mesa y registro de asignación.,2
DET-CIR-01-000099,CIR-01,alta,Circunscripción y mesa,voter_id,V002133,03_registro_sufragio.csv,Voto registrado en mesa diferente a la asignada,mesa_voto=MESA-037; mesa_asignada=MESA-060,Contrastar acta de mesa y registro de asignación.,2
DET-CIR-01-000100,CIR-01,alta,Circunscripción y mesa,voter_id,V001865,03_registro_sufragio.csv,Voto registrado en mesa diferente a la asignada,mesa_voto=MESA-005; mesa_asignada=MESA-080,Contrastar acta de mesa y registro de asignación.,2
DET-CIR-01-000101,CIR-01,alta,Circunscripción y mesa,voter_id,V003871,03_registro_sufragio.csv,Voto registrado en mesa diferente a la asignada,mesa_voto=MESA-049; mesa_asignada=MESA-002,Contrastar acta de mesa y registro de asignación.,2
DET-CIR-01-000102,CIR-01,alta,Circunscripción y mesa,voter_id,V001825,03_registro_sufragio.csv,Voto registrado en mesa diferente a la asignada,mesa_voto=MESA-015; mesa_asignada=MESA-051,Contrastar acta de mesa y registro de asignación.,2
DET-CIR-02-000103,CIR-02,critica,Circunscripción y mesa,voter_id,V003268,03_registro_sufragio.csv,Voto registrado en circunscripción no autorizada,circ_voto=CIRC-03 ; circ_autorizada=CIRC-04,Revisar cadena de custodia y justificación de excepción.,3
DET-CIR-02-000104,CIR-02,critica,Circunscripción y mesa,voter_id,V002622,03_registro_sufragio.csv,Voto registrado en circunscripción no autorizada,circ_voto=CIRC-04 ; circ_autorizada=CIRC-01,Revisar cadena de custodia y justificación de excepción.,3
DET-CIR-02-000105,CIR-02,critica,Circunscripción y mesa,voter_id,V000876,03_registro_sufragio.csv,Voto registrado en circunscripción no autorizada,circ_voto=CIRC-03 ; circ_autorizada=CIRC-05,Revisar cadena de custodia y justificación de excepción.,3
DET-CIR-02-000106,CIR-02,critica,Circunscripción y mesa,voter_id,V002992,03_registro_sufragio.csv,Voto registrado en circunscripción no autorizada,circ_voto=CIRC-02 ; circ_autorizada=CIRC-03,Revisar cadena de custodia y justificación de excepción.,3
DET-CIR-02-000107,CIR-02,critica,Circunscripción y mesa,voter_id,V000596,03_registro_sufragio.csv,Voto registrado en circunscripción no autorizada,circ_voto=CIRC-02 ; circ_autorizada=CIRC-01,Revisar cadena de custodia y justificación de excepción.,3
DET-CIR-02-000108,CIR-02,critica,Circunscripción y mesa,voter_id,V004378,03_registro_sufragio.csv,Voto registrado en circunscripción no autorizada,circ_voto=CIRC-01 ; circ_autorizada=CIRC-04,Revisar cadena de custodia y justificación de excepción.,3
DET-CIR-02-000109,CIR-02,critica,Circunscripción y mesa,voter_id,V004490,03_registro_sufragio.csv,Voto registrado en circunscripción no autorizada,circ_voto=CIRC-04 ; circ_autorizada=CIRC-01,Revisar cadena de custodia y justificación de excepción.,3
DET-CIR-02-000110,CIR-02,critica,Circunscripción y mesa,voter_id,V003826,03_registro_sufragio.csv,Voto registrado en circunscripción no autorizada,circ_voto=CIRC-05 ; circ_autorizada=CIRC-03,Revisar cadena de custodia y justificación de excepción.,3
DET-CIR-02-000111,CIR-02,critica,Circunscripción y mesa,voter_id,V000866,03_registro_sufragio.csv,Voto registrado en circunscripción no autorizada,circ_voto=CIRC-04 ; circ_autorizada=CIRC-02,Revisar cadena de custodia y justificación de excepción.,3
DET-CIR-02-000112,CIR-02,critica,Circunscripción y mesa,voter_id,V000150,03_registro_sufragio.csv,Voto registrado en circunscripción no autorizada,circ_voto=CIRC-03 ; circ_autorizada=CIRC-04,Revisar cadena de custodia y justificación de excepción.,3
DET-CIR-02-000113,CIR-02,critica,Circunscripción y mesa,voter_id,V002654,03_registro_sufragio.csv,Voto registrado en circunscripción no autorizada,circ_voto=CIRC-05 ; circ_autorizada=CIRC-04,Revisar cadena de custodia y justificación de excepción.,3
DET-CIR-02-000114,CIR-02,critica,Circunscripción y mesa,voter_id,V001102,03_registro_sufragio.csv,Voto registrado en circunscripción no autorizada,circ_voto=CIRC-05 ; circ_autorizada=CIRC-02,Revisar cadena de custodia y justificación de excepción.,3
DET-CIR-02-000115,CIR-02,critica,Circunscripción y mesa,voter_id,V000099,03_registro_sufragio.csv,Voto registrado en circunscripción no autorizada,circ_voto=CIRC-04 ; circ_autorizada=CIRC-02,Revisar cadena de custodia y justificación de excepción.,3
DET-CIR-02-000116,CIR-02,critica,Circunscripción y mesa,voter_id,V000087,03_registro_sufragio.csv,Voto registrado en circunscripción no autorizada,circ_voto=CIRC-02 ; circ_autorizada=CIRC-05,Revisar cadena de custodia y justificación de excepción.,3
DET-CIR-02-000117,CIR-02,critica,Circunscripción y mesa,voter_id,V002810,03_registro_sufragio.csv,Voto registrado en circunscripción no autorizada,circ_voto=CIRC-03 ; circ_autorizada=CIRC-04,Revisar cadena de custodia y justificación de excepción.,3
DET-CIR-02-000118,CIR-02,critica,Circunscripción y mesa,voter_id,V002914,03_registro_sufragio.csv,Voto registrado en circunscripción no autorizada,circ_voto=CIRC-01 ; circ_autorizada=CIRC-05,Revisar cadena de custodia y justificación de excepción.,3
DET-CIR-02-000119,CIR-02,critica,Circunscripción y mesa,voter_id,V002013,03_registro_sufragio.csv,Voto registrado en circunscripción no autorizada,circ_voto=CIRC-03 ; circ_autorizada=CIRC-01,Revisar cadena de custodia y justificación de excepción.,3
DET-CIR-02-000120,CIR-02,critica,Circunscripción y mesa,voter_id,V001466,03_registro_sufragio.csv,Voto registrado en circunscripción no autorizada,circ_voto=CIRC-02 ; circ_autorizada=CIRC-01,Revisar cadena de custodia y justificación de excepción.,3
DET-CIR-02-000121,CIR-02,critica,Circunscripción y mesa,voter_id,V003238,03_registro_sufragio.csv,Voto registrado en circunscripción no autorizada,circ_voto=CIRC-04 ; circ_autorizada=CIRC-05,Revisar cadena de custodia y justificación de excepción.,3
DET-CIR-02-000122,CIR-02,critica,Circunscripción y mesa,voter_id,V000458,03_registro_sufragio.csv,Voto registrado en circunscripción no autorizada,circ_voto=CIRC-04 ; circ_autorizada=CIRC-01,Revisar cadena de custodia y justificación de excepción.,3
DET-CIR-02-000123,CIR-02,critica,Circunscripción y mesa,voter_id,V002298,03_registro_sufragio.csv,Voto registrado en circunscripción no autorizada,circ_voto=CIRC-01 ; circ_autorizada=CIRC-02,Revisar cadena de custodia y justificación de excepción.,3
DET-CIR-02-000124,CIR-02,critica,Circunscripción y mesa,voter_id,V001165,03_registro_sufragio.csv,Voto registrado en circunscripción no autorizada,circ_voto=CIRC-02 ; circ_autorizada=CIRC-01,Revisar cadena de custodia y justificación de excepción.,3
DET-CIR-02-000125,CIR-02,critica,Circunscripción y mesa,voter_id,V001687,03_registro_sufragio.csv,Voto registrado en circunscripción no autorizada,circ_voto=CIRC-01 ; circ_autorizada=CIRC-05,Revisar cadena de custodia y justificación de excepción.,3
DET-CIR-02-000126,CIR-02,critica,Circunscripción y mesa,voter_id,V001177,03_registro_sufragio.csv,Voto registrado en circunscripción no autorizada,circ_voto=CIRC-03 ; circ_autorizada=CIRC-05,Revisar cadena de custodia y justificación de excepción.,3
DET-CIR-02-000127,CIR-02,critica,Circunscripción y mesa,voter_id,V003042,03_registro_sufragio.csv,Voto registrado en circunscripción no autorizada,circ_voto=CIRC-03 ; circ_autorizada=CIRC-05,Revisar cadena de custodia y justificación de excepción.,3
DET-CIR-02-000128,CIR-02,critica,Circunscripción y mesa,voter_id,V001493,03_registro_sufragio.csv,Voto registrado en circunscripción no autorizada,circ_voto=CIRC-01 ; circ_autorizada=CIRC-02,Revisar cadena de custodia y justificación de excepción.,3
DET-CIR-02-000129,CIR-02,critica,Circunscripción y mesa,voter_id,V002488,03_registro_sufragio.csv,Voto registrado en circunscripción no autorizada,circ_voto=CIRC-05 ; circ_autorizada=CIRC-03,Revisar cadena de custodia y justificación de excepción.,3
DET-CIR-02-000130,CIR-02,critica,Circunscripción y mesa,voter_id,V002988,03_registro_sufragio.csv,Voto registrado en circunscripción no autorizada,circ_voto=CIRC-02 ; circ_autorizada=CIRC-03,Revisar cadena de custodia y justificación de excepción.,3
DET-CIR-02-000131,CIR-02,critica,Circunscripción y mesa,voter_id,V003373,03_registro_sufragio.csv,Voto registrado en circunscripción no autorizada,circ_voto=CIRC-01 ; circ_autorizada=CIRC-02,Revisar cadena de custodia y justificación de excepción.,3
DET-CIR-02-000132,CIR-02,critica,Circunscripción y mesa,voter_id,V003637,03_registro_sufragio.csv,Voto registrado en circunscripción no autorizada,circ_voto=CIRC-02 ; circ_autorizada=CIRC-04,Revisar cadena de custodia y justificación de excepción.,3
DET-CIR-02-000133,CIR-02,critica,Circunscripción y mesa,voter_id,V000463,03_registro_sufragio.csv,Voto registrado en circunscripción no autorizada,circ_voto=CIRC-01 ; circ_autorizada=CIRC-02,Revisar cadena de custodia y justificación de excepción.,3
DET-CIR-02-000134,CIR-02,critica,Circunscripción y mesa,voter_id,V003642,03_registro_sufragio.csv,Voto registrado en circunscripción no autorizada,circ_voto=CIRC-05 ; circ_autorizada=CIRC-03,Revisar cadena de custodia y justificación de excepción.,3
DET-CIR-02-000135,CIR-02,critica,Circunscripción y mesa,voter_id,V004123,03_registro_sufragio.csv,Voto registrado en circunscripción no autorizada,circ_voto=CIRC-02 ; circ_autorizada=CIRC-01,Revisar cadena de custodia y justificación de excepción.,3
DET-CIR-02-000136,CIR-02,critica,Circunscripción y mesa,voter_id,V002780,03_registro_sufragio.csv,Voto registrado en circunscripción no autorizada,circ_voto=CIRC-05 ; circ_autorizada=CIRC-04,Revisar cadena de custodia y justificación de excepción.,3
DET-CIR-02-000137,CIR-02,critica,Circunscripción y mesa,voter_id,V001469,03_registro_sufragio.csv,Voto registrado en circunscripción no autorizada,circ_voto=CIRC-01 ; circ_autorizada=CIRC-05,Revisar cadena de custodia y justificación de excepción.,3
DET-CIR-02-000138,CIR-02,critica,Circunscripción y mesa,voter_id,V000343,03_registro_sufragio.csv,Voto registrado en circunscripción no autorizada,circ_voto=CIRC-01 ; circ_autorizada=CIRC-03,Revisar cadena de custodia y justificación de excepción.,3
DET-CIR-02-000139,CIR-02,critica,Circunscripción y mesa,voter_id,V001171,03_registro_sufragio.csv,Voto registrado en circunscripción no autorizada,circ_voto=CIRC-01 ; circ_autorizada=CIRC-03,Revisar cadena de custodia y justificación de excepción.,3
DET-CIR-02-000140,CIR-02,critica,Circunscripción y mesa,voter_id,V000533,03_registro_sufragio.csv,Voto registrado en circunscripción no autorizada,circ_voto=CIRC-05 ; circ_autorizada=CIRC-02,Revisar cadena de custodia y justificación de excepción.,3
DET-CIR-02-000141,CIR-02,critica,Circunscripción y mesa,voter_id,V000425,03_registro_sufragio.csv,Voto registrado en circunscripción no autorizada,circ_voto=CIRC-01 ; circ_autorizada=CIRC-03,Revisar cadena de custodia y justificación de excepción.,3
DET-CIR-02-000142,CIR-02,critica,Circunscripción y mesa,voter_id,V002482,03_registro_sufragio.csv,Voto registrado en circunscripción no autorizada,circ_voto=CIRC-01 ; circ_autorizada=CIRC-03,Revisar cadena de custodia y justificación de excepción.,3
DET-CIR-02-000143,CIR-02,critica,Circunscripción y mesa,voter_id,V000261,03_registro_sufragio.csv,Voto registrado en circunscripción no autorizada,circ_voto=CIRC-05 ; circ_autorizada=CIRC-01,Revisar cadena de custodia y justificación de excepción.,3
DET-CIR-02-000144,CIR-02,critica,Circunscripción y mesa,voter_id,V004620,03_registro_sufragio.csv,Voto registrado en circunscripción no autorizada,circ_voto=CIRC-04 ; circ_autorizada=CIRC-02,Revisar cadena de custodia y justificación de excepción.,3
DET-CIR-02-000145,CIR-02,critica,Circunscripción y mesa,voter_id,V000086,03_registro_sufragio.csv,Voto registrado en circunscripción no autorizada,circ_voto=CIRC-04 ; circ_autorizada=CIRC-03,Revisar cadena de custodia y justificación de excepción.,3
DET-CIR-02-000146,CIR-02,critica,Circunscripción y mesa,voter_id,V002963,03_registro_sufragio.csv,Voto registrado en circunscripción no autorizada,circ_voto=CIRC-01 ; circ_autorizada=CIRC-03,Revisar cadena de custodia y justificación de excepción.,3
DET-CIR-02-000147,CIR-02,critica,Circunscripción y mesa,voter_id,V004990,03_registro_sufragio.csv,Voto registrado en circunscripción no autorizada,circ_voto=CIRC-02 ; circ_autorizada=CIRC-03,Revisar cadena de custodia y justificación de excepción.,3
DET-CIR-02-000148,CIR-02,critica,Circunscripción y mesa,voter_id,V002141,03_registro_sufragio.csv,Voto registrado en circunscripción no autorizada,circ_voto=CIRC-02 ; circ_autorizada=CIRC-04,Revisar cadena de custodia y justificación de excepción.,3
DET-CIR-02-000149,CIR-02,critica,Circunscripción y mesa,voter_id,V004319,03_registro_sufragio.csv,Voto registrado en circunscripción no autorizada,circ_voto=CIRC-05 ; circ_autorizada=CIRC-01,Revisar cadena de custodia y justificación de excepción.,3
DET-CIR-02-000150,CIR-02,critica,Circunscripción y mesa,voter_id,V001485,03_registro_sufragio.csv,Voto registrado en circunscripción no autorizada,circ_voto=CIRC-04 ; circ_autorizada=CIRC-02,Revisar cadena de custodia y justificación de excepción.,3
DET-CIR-02-000151,CIR-02,critica,Circunscripción y mesa,voter_id,V001885,03_registro_sufragio.csv,Voto registrado en circunscripción no autorizada,circ_voto=CIRC-04 ; circ_autorizada=CIRC-03,Revisar cadena de custodia y justificación de excepción.,3
DET-CIR-02-000152,CIR-02,critica,Circunscripción y mesa,voter_id,V000528,03_registro_sufragio.csv,Voto registrado en circunscripción no autorizada,circ_voto=CIRC-02 ; circ_autorizada=CIRC-03,Revisar cadena de custodia y justificación de excepción.,3
DET-CIR-02-000153,CIR-02,critica,Circunscripción y mesa,voter_id,V004225,03_registro_sufragio.csv,Voto registrado en circunscripción no autorizada,circ_voto=CIRC-05 ; circ_autorizada=CIRC-02,Revisar cadena de custodia y justificación de excepción.,3
DET-CIR-02-000154,CIR-02,critica,Circunscripción y mesa,voter_id,V002209,03_registro_sufragio.csv,Voto registrado en circunscripción no autorizada,circ_voto=CIRC-01 ; circ_autorizada=CIRC-05,Revisar cadena de custodia y justificación de excepción.,3
DET-CIR-02-000155,CIR-02,critica,Circunscripción y mesa,voter_id,V004859,03_registro_sufragio.csv,Voto registrado en circunscripción no autorizada,circ_voto=CIRC-01 ; circ_autorizada=CIRC-02,Revisar cadena de custodia y justificación de excepción.,3
DET-CIR-02-000156,CIR-02,critica,Circunscripción y mesa,voter_id,V004769,03_registro_sufragio.csv,Voto registrado en circunscripción no autorizada,circ_voto=CIRC-04 ; circ_autorizada=CIRC-03,Revisar cadena de custodia y justificación de excepción.,3
DET-CIR-02-000157,CIR-02,critica,Circunscripción y mesa,voter_id,V000661,03_registro_sufragio.csv,Voto registrado en circunscripción no autorizada,circ_voto=CIRC-05 ; circ_autorizada=CIRC-02,Revisar cadena de custodia y justificación de excepción.,3
DET-CIR-02-000158,CIR-02,critica,Circunscripción y mesa,voter_id,V003911,03_registro_sufragio.csv,Voto registrado en circunscripción no autorizada,circ_voto=CIRC-05 ; circ_autorizada=CIRC-04,Revisar cadena de custodia y justificación de excepción.,3
DET-CIR-02-000159,CIR-02,critica,Circunscripción y mesa,voter_id,V000727,03_registro_sufragio.csv,Voto registrado en circunscripción no autorizada,circ_voto=CIRC-05 ; circ_autorizada=CIRC-02,Revisar cadena de custodia y justificación de excepción.,3
DET-CIR-02-000160,CIR-02,critica,Circunscripción y mesa,voter_id,V003736,03_registro_sufragio.csv,Voto registrado en circunscripción no autorizada,circ_voto=CIRC-02 ; circ_autorizada=CIRC-05,Revisar cadena de custodia y justificación de excepción.,3
DET-CIR-02-000161,CIR-02,critica,Circunscripción y mesa,voter_id,V004301,03_registro_sufragio.csv,Voto registrado en circunscripción no autorizada,circ_voto=CIRC-03 ; circ_autorizada=CIRC-01,Revisar cadena de custodia y justificación de excepción.,3
DET-CIR-02-000162,CIR-02,critica,Circunscripción y mesa,voter_id,V000454,03_registro_sufragio.csv,Voto registrado en circunscripción no autorizada,circ_voto=CIRC-05 ; circ_autorizada=CIRC-02,Revisar cadena de custodia y justificación de excepción.,3
DET-CIR-02-000163,CIR-02,critica,Circunscripción y mesa,voter_id,V000925,03_registro_sufragio.csv,Voto registrado en circunscripción no autorizada,circ_voto=CIRC-03 ; circ_autorizada=CIRC-01,Revisar cadena de custodia y justificación de excepción.,3
DET-CIR-02-000164,CIR-02,critica,Circunscripción y mesa,voter_id,V004061,03_registro_sufragio.csv,Voto registrado en circunscripción no autorizada,circ_voto=CIRC-03 ; circ_autorizada=CIRC-01,Revisar cadena de custodia y justificación de excepción.,3
DET-CIR-02-000165,CIR-02,critica,Circunscripción y mesa,voter_id,V002275,03_registro_sufragio.csv,Voto registrado en circunscripción no autorizada,circ_voto=CIRC-02 ; circ_autorizada=CIRC-05,Revisar cadena de custodia y justificación de excepción.,3
DET-CIR-02-000166,CIR-02,critica,Circunscripción y mesa,voter_id,V000414,03_registro_sufragio.csv,Voto registrado en circunscripción no autorizada,circ_voto=CIRC-05 ; circ_autorizada=CIRC-01,Revisar cadena de custodia y justificación de excepción.,3
DET-CIR-02-000167,CIR-02,critica,Circunscripción y mesa,voter_id,V000540,03_registro_sufragio.csv,Voto registrado en circunscripción no autorizada,circ_voto=CIRC-04 ; circ_autorizada=CIRC-05,Revisar cadena de custodia y justificación de excepción.,3
DET-CIR-02-000168,CIR-02,critica,Circunscripción y mesa,voter_id,V000384,03_registro_sufragio.csv,Voto registrado en circunscripción no autorizada,circ_voto=CIRC-03 ; circ_autorizada=CIRC-02,Revisar cadena de custodia y justificación de excepción.,3
DET-CIR-02-000169,CIR-02,critica,Circunscripción y mesa,voter_id,V002093,03_registro_sufragio.csv,Voto registrado en circunscripción no autorizada,circ_voto=CIRC-03 ; circ_autorizada=CIRC-04,Revisar cadena de custodia y justificación de excepción.,3
DET-CIR-02-000170,CIR-02,critica,Circunscripción y mesa,voter_id,V003603,03_registro_sufragio.csv,Voto registrado en circunscripción no autorizada,circ_voto=CIRC-04 ; circ_autorizada=CIRC-01,Revisar cadena de custodia y justificación de excepción.,3
DET-CIR-02-000171,CIR-02,critica,Circunscripción y mesa,voter_id,V004072,03_registro_sufragio.csv,Voto registrado en circunscripción no autorizada,circ_voto=CIRC-05 ; circ_autorizada=CIRC-04,Revisar cadena de custodia y justificación de excepción.,3
DET-CIR-02-000172,CIR-02,critica,Circunscripción y mesa,voter_id,V000635,03_registro_sufragio.csv,Voto registrado en circunscripción no autorizada,circ_voto=CIRC-01 ; circ_autorizada=CIRC-03,Revisar cadena de custodia y justificación de excepción.,3
DET-CIR-02-000173,CIR-02,critica,Circunscripción y mesa,voter_id,V000466,03_registro_sufragio.csv,Voto registrado en circunscripción no autorizada,circ_voto=CIRC-01 ; circ_autorizada=CIRC-02,Revisar cadena de custodia y justificación de excepción.,3
DET-CIR-02-000174,CIR-02,critica,Circunscripción y mesa,voter_id,V000958,03_registro_sufragio.csv,Voto registrado en circunscripción no autorizada,circ_voto=CIRC-03 ; circ_autorizada=CIRC-04,Revisar cadena de custodia y justificación de excepción.,3
DET-CIR-02-000175,CIR-02,critica,Circunscripción y mesa,voter_id,V003827,03_registro_sufragio.csv,Voto registrado en circunscripción no autorizada,circ_voto=CIRC-05 ; circ_autorizada=CIRC-04,Revisar cadena de custodia y justificación de excepción.,3
DET-CIR-02-000176,CIR-02,critica,Circunscripción y mesa,voter_id,V002358,03_registro_sufragio.csv,Voto registrado en circunscripción no autorizada,circ_voto=CIRC-02 ; circ_autorizada=CIRC-05,Revisar cadena de custodia y justificación de excepción.,3
DET-CIR-02-000177,CIR-02,critica,Circunscripción y mesa,voter_id,V003790,03_registro_sufragio.csv,Voto registrado en circunscripción no autorizada,circ_voto=CIRC-03 ; circ_autorizada=CIRC-01,Revisar cadena de custodia y justificación de excepción.,3
DET-CIR-02-000178,CIR-02,critica,Circunscripción y mesa,voter_id,V004520,03_registro_sufragio.csv,Voto registrado en circunscripción no autorizada,circ_voto=CIRC-03 ; circ_autorizada=CIRC-01,Revisar cadena de custodia y justificación de excepción.,3
DET-CIR-02-000179,CIR-02,critica,Circunscripción y mesa,voter_id,V000146,03_registro_sufragio.csv,Voto registrado en circunscripción no autorizada,circ_voto=CIRC-01 ; circ_autorizada=CIRC-03,Revisar cadena de custodia y justificación de excepción.,3
DET-CIR-02-000180,CIR-02,critica,Circunscripción y mesa,voter_id,V001695,03_registro_sufragio.csv,Voto registrado en circunscripción no autorizada,circ_voto=CIRC-04 ; circ_autorizada=CIRC-01,Revisar cadena de custodia y justificación de excepción.,3
DET-CIR-02-000181,CIR-02,critica,Circunscripción y mesa,voter_id,V004752,03_registro_sufragio.csv,Voto registrado en circunscripción no autorizada,circ_voto=CIRC-05 ; circ_autorizada=CIRC-03,Revisar cadena de custodia y justificación de excepción.,3
DET-CIR-02-000182,CIR-02,critica,Circunscripción y mesa,voter_id,V002982,03_registro_sufragio.csv,Voto registrado en circunscripción no autorizada,circ_voto=CIRC-02 ; circ_autorizada=CIRC-04,Revisar cadena de custodia y justificación de excepción.,3
DET-CIR-02-000183,CIR-02,critica,Circunscripción y mesa,voter_id,V001475,03_registro_sufragio.csv,Voto registrado en circunscripción no autorizada,circ_voto=CIRC-02 ; circ_autorizada=CIRC-03,Revisar cadena de custodia y justificación de excepción.,3
DET-CIR-02-000184,CIR-02,critica,Circunscripción y mesa,voter_id,V001565,03_registro_sufragio.csv,Voto registrado en circunscripción no autorizada,circ_voto=CIRC-04 ; circ_autorizada=CIRC-02,Revisar cadena de custodia y justificación de excepción.,3
DET-CIR-02-000185,CIR-02,critica,Circunscripción y mesa,voter_id,V004676,03_registro_sufragio.csv,Voto registrado en circunscripción no autorizada,circ_voto=CIRC-04 ; circ_autorizada=CIRC-05,Revisar cadena de custodia y justificación de excepción.,3
DET-CIR-02-000186,CIR-02,critica,Circunscripción y mesa,voter_id,V004318,03_registro_sufragio.csv,Voto registrado en circunscripción no autorizada,circ_voto=CIRC-04 ; circ_autorizada=CIRC-05,Revisar cadena de custodia y justificación de excepción.,3
DET-CIR-02-000187,CIR-02,critica,Circunscripción y mesa,voter_id,V004555,03_registro_sufragio.csv,Voto registrado en circunscripción no autorizada,circ_voto=CIRC-05 ; circ_autorizada=CIRC-01,Revisar cadena de custodia y justificación de excepción.,3
DET-CIR-02-000188,CIR-02,critica,Circunscripción y mesa,voter_id,V003916,03_registro_sufragio.csv,Voto registrado en circunscripción no autorizada,circ_voto=CIRC-02 ; circ_autorizada=CIRC-04,Revisar cadena de custodia y justificación de excepción.,3
DET-CIR-02-000189,CIR-02,critica,Circunscripción y mesa,voter_id,V001456,03_registro_sufragio.csv,Voto registrado en circunscripción no autorizada,circ_voto=CIRC-03 ; circ_autorizada=CIRC-01,Revisar cadena de custodia y justificación de excepción.,3
DET-CIR-02-000190,CIR-02,critica,Circunscripción y mesa,voter_id,V003099,03_registro_sufragio.csv,Voto registrado en circunscripción no autorizada,circ_voto=CIRC-01 ; circ_autorizada=CIRC-03,Revisar cadena de custodia y justificación de excepción.,3
DET-CIR-02-000191,CIR-02,critica,Circunscripción y mesa,voter_id,V003685,03_registro_sufragio.csv,Voto registrado en circunscripción no autorizada,circ_voto=CIRC-01 ; circ_autorizada=CIRC-02,Revisar cadena de custodia y justificación de excepción.,3
DET-CIR-02-000192,CIR-02,critica,Circunscripción y mesa,voter_id,V003973,03_registro_sufragio.csv,Voto registrado en circunscripción no autorizada,circ_voto=CIRC-03 ; circ_autorizada=CIRC-01,Revisar cadena de custodia y justificación de excepción.,3
DET-CIR-02-000193,CIR-02,critica,Circunscripción y mesa,voter_id,V002133,03_registro_sufragio.csv,Voto registrado en circunscripción no autorizada,circ_voto=CIRC-04 ; circ_autorizada=CIRC-05,Revisar cadena de custodia y justificación de excepción.,3
DET-CIR-02-000194,CIR-02,critica,Circunscripción y mesa,voter_id,V003871,03_registro_sufragio.csv,Voto registrado en circunscripción no autorizada,circ_voto=CIRC-04 ; circ_autorizada=CIRC-02,Revisar cadena de custodia y justificación de excepción.,3
DET-CIR-02-000195,CIR-02,critica,Circunscripción y mesa,voter_id,V001825,03_registro_sufragio.csv,Voto registrado en circunscripción no autorizada,circ_voto=CIRC-05 ; circ_autorizada=CIRC-01,Revisar cadena de custodia y justificación de excepción.,3
DET-CIR-03-000196,CIR-03,alta,Circunscripción y mesa,voter_id,V000057,02_asignacion_mesas.csv,Tipo de boleta no corresponde a la circunscripción,tipo_boleta=especial; esperado=nacional,Verificar parametrización de boletas y reglas de asignación.,2
DET-CIR-03-000197,CIR-03,alta,Circunscripción y mesa,voter_id,V000077,02_asignacion_mesas.csv,Tipo de boleta no corresponde a la circunscripción,tipo_boleta=especial; esperado=municipal,Verificar parametrización de boletas y reglas de asignación.,2
DET-CIR-03-000198,CIR-03,alta,Circunscripción y mesa,voter_id,V000093,02_asignacion_mesas.csv,Tipo de boleta no corresponde a la circunscripción,tipo_boleta=nacional; esperado=municipal,Verificar parametrización de boletas y reglas de asignación.,2
DET-CIR-03-000199,CIR-03,alta,Circunscripción y mesa,voter_id,V000110,02_asignacion_mesas.csv,Tipo de boleta no corresponde a la circunscripción,tipo_boleta=especial; esperado=municipal,Verificar parametrización de boletas y reglas de asignación.,2
DET-CIR-03-000200,CIR-03,alta,Circunscripción y mesa,voter_id,V000274,02_asignacion_mesas.csv,Tipo de boleta no corresponde a la circunscripción,tipo_boleta=especial; esperado=nacional,Verificar parametrización de boletas y reglas de asignación.,2
DET-CIR-03-000201,CIR-03,alta,Circunscripción y mesa,voter_id,V000322,02_asignacion_mesas.csv,Tipo de boleta no corresponde a la circunscripción,tipo_boleta=especial; esperado=municipal,Verificar parametrización de boletas y reglas de asignación.,2
DET-CIR-03-000202,CIR-03,alta,Circunscripción y mesa,voter_id,V000364,02_asignacion_mesas.csv,Tipo de boleta no corresponde a la circunscripción,tipo_boleta=especial; esperado=municipal,Verificar parametrización de boletas y reglas de asignación.,2
DET-CIR-03-000203,CIR-03,alta,Circunscripción y mesa,voter_id,V000390,02_asignacion_mesas.csv,Tipo de boleta no corresponde a la circunscripción,tipo_boleta=municipal; esperado=nacional,Verificar parametrización de boletas y reglas de asignación.,2
DET-CIR-03-000204,CIR-03,alta,Circunscripción y mesa,voter_id,V000407,02_asignacion_mesas.csv,Tipo de boleta no corresponde a la circunscripción,tipo_boleta=especial; esperado=municipal,Verificar parametrización de boletas y reglas de asignación.,2
DET-CIR-03-000205,CIR-03,alta,Circunscripción y mesa,voter_id,V000465,02_asignacion_mesas.csv,Tipo de boleta no corresponde a la circunscripción,tipo_boleta=nacional; esperado=especial,Verificar parametrización de boletas y reglas de asignación.,2
DET-CIR-03-000206,CIR-03,alta,Circunscripción y mesa,voter_id,V000495,02_asignacion_mesas.csv,Tipo de boleta no corresponde a la circunscripción,tipo_boleta=especial; esperado=nacional,Verificar parametrización de boletas y reglas de asignación.,2
DET-CIR-03-000207,CIR-03,alta,Circunscripción y mesa,voter_id,V000592,02_asignacion_mesas.csv,Tipo de boleta no corresponde a la circunscripción,tipo_boleta=municipal; esperado=especial,Verificar parametrización de boletas y reglas de asignación.,2
DET-CIR-03-000208,CIR-03,alta,Circunscripción y mesa,voter_id,V000640,02_asignacion_mesas.csv,Tipo de boleta no corresponde a la circunscripción,tipo_boleta=nacional; esperado=municipal,Verificar parametrización de boletas y reglas de asignación.,2
DET-CIR-03-000209,CIR-03,alta,Circunscripción y mesa,voter_id,V000689,02_asignacion_mesas.csv,Tipo de boleta no corresponde a la circunscripción,tipo_boleta=municipal; esperado=nacional,Verificar parametrización de boletas y reglas de asignación.,2
DET-CIR-03-000210,CIR-03,alta,Circunscripción y mesa,voter_id,V000718,02_asignacion_mesas.csv,Tipo de boleta no corresponde a la circunscripción,tipo_boleta=nacional; esperado=especial,Verificar parametrización de boletas y reglas de asignación.,2
DET-CIR-03-000211,CIR-03,alta,Circunscripción y mesa,voter_id,V000762,02_asignacion_mesas.csv,Tipo de boleta no corresponde a la circunscripción,tipo_boleta=nacional; esperado=municipal,Verificar parametrización de boletas y reglas de asignación.,2
DET-CIR-03-000212,CIR-03,alta,Circunscripción y mesa,voter_id,V000774,02_asignacion_mesas.csv,Tipo de boleta no corresponde a la circunscripción,tipo_boleta=municipal; esperado=nacional,Verificar parametrización de boletas y reglas de asignación.,2
DET-CIR-03-000213,CIR-03,alta,Circunscripción y mesa,voter_id,V000793,02_asignacion_mesas.csv,Tipo de boleta no corresponde a la circunscripción,tipo_boleta=especial; esperado=municipal,Verificar parametrización de boletas y reglas de asignación.,2
DET-CIR-03-000214,CIR-03,alta,Circunscripción y mesa,voter_id,V000830,02_asignacion_mesas.csv,Tipo de boleta no corresponde a la circunscripción,tipo_boleta=municipal; esperado=nacional,Verificar parametrización de boletas y reglas de asignación.,2
DET-CIR-03-000215,CIR-03,alta,Circunscripción y mesa,voter_id,V000854,02_asignacion_mesas.csv,Tipo de boleta no corresponde a la circunscripción,tipo_boleta=municipal; esperado=especial,Verificar parametrización de boletas y reglas de asignación.,2
DET-CIR-03-000216,CIR-03,alta,Circunscripción y mesa,voter_id,V000937,02_asignacion_mesas.csv,Tipo de boleta no corresponde a la circunscripción,tipo_boleta=nacional; esperado=municipal,Verificar parametrización de boletas y reglas de asignación.,2
DET-CIR-03-000217,CIR-03,alta,Circunscripción y mesa,voter_id,V000985,02_asignacion_mesas.csv,Tipo de boleta no corresponde a la circunscripción,tipo_boleta=especial; esperado=municipal,Verificar parametrización de boletas y reglas de asignación.,2
DET-CIR-03-000218,CIR-03,alta,Circunscripción y mesa,voter_id,V001099,02_asignacion_mesas.csv,Tipo de boleta no corresponde a la circunscripción,tipo_boleta=nacional; esperado=municipal,Verificar parametrización de boletas y reglas de asignación.,2
DET-CIR-03-000219,CIR-03,alta,Circunscripción y mesa,voter_id,V001114,02_asignacion_mesas.csv,Tipo de boleta no corresponde a la circunscripción,tipo_boleta=especial; esperado=nacional,Verificar parametrización de boletas y reglas de asignación.,2
DET-CIR-03-000220,CIR-03,alta,Circunscripción y mesa,voter_id,V001133,02_asignacion_mesas.csv,Tipo de boleta no corresponde a la circunscripción,tipo_boleta=nacional; esperado=municipal,Verificar parametrización de boletas y reglas de asignación.,2
DET-CIR-03-000221,CIR-03,alta,Circunscripción y mesa,voter_id,V001142,02_asignacion_mesas.csv,Tipo de boleta no corresponde a la circunscripción,tipo_boleta=municipal; esperado=especial,Verificar parametrización de boletas y reglas de asignación.,2
DET-CIR-03-000222,CIR-03,alta,Circunscripción y mesa,voter_id,V001149,02_asignacion_mesas.csv,Tipo de boleta no corresponde a la circunscripción,tipo_boleta=municipal; esperado=especial,Verificar parametrización de boletas y reglas de asignación.,2
DET-CIR-03-000223,CIR-03,alta,Circunscripción y mesa,voter_id,V001195,02_asignacion_mesas.csv,Tipo de boleta no corresponde a la circunscripción,tipo_boleta=nacional; esperado=especial,Verificar parametrización de boletas y reglas de asignación.,2
DET-CIR-03-000224,CIR-03,alta,Circunscripción y mesa,voter_id,V001202,02_asignacion_mesas.csv,Tipo de boleta no corresponde a la circunscripción,tipo_boleta=municipal; esperado=nacional,Verificar parametrización de boletas y reglas de asignación.,2
DET-CIR-03-000225,CIR-03,alta,Circunscripción y mesa,voter_id,V001211,02_asignacion_mesas.csv,Tipo de boleta no corresponde a la circunscripción,tipo_boleta=municipal; esperado=especial,Verificar parametrización de boletas y reglas de asignación.,2
DET-CIR-03-000226,CIR-03,alta,Circunscripción y mesa,voter_id,V001235,02_asignacion_mesas.csv,Tipo de boleta no corresponde a la circunscripción,tipo_boleta=nacional; esperado=especial,Verificar parametrización de boletas y reglas de asignación.,2
DET-CIR-03-000227,CIR-03,alta,Circunscripción y mesa,voter_id,V001292,02_asignacion_mesas.csv,Tipo de boleta no corresponde a la circunscripción,tipo_boleta=nacional; esperado=municipal,Verificar parametrización de boletas y reglas de asignación.,2
DET-CIR-03-000228,CIR-03,alta,Circunscripción y mesa,voter_id,V001310,02_asignacion_mesas.csv,Tipo de boleta no corresponde a la circunscripción,tipo_boleta=nacional; esperado=municipal,Verificar parametrización de boletas y reglas de asignación.,2
DET-CIR-03-000229,CIR-03,alta,Circunscripción y mesa,voter_id,V001365,02_asignacion_mesas.csv,Tipo de boleta no corresponde a la circunscripción,tipo_boleta=municipal; esperado=especial,Verificar parametrización de boletas y reglas de asignación.,2
DET-CIR-03-000230,CIR-03,alta,Circunscripción y mesa,voter_id,V001385,02_asignacion_mesas.csv,Tipo de boleta no corresponde a la circunscripción,tipo_boleta=especial; esperado=municipal,Verificar parametrización de boletas y reglas de asignación.,2
DET-CIR-03-000231,CIR-03,alta,Circunscripción y mesa,voter_id,V001387,02_asignacion_mesas.csv,Tipo de boleta no corresponde a la circunscripción,tipo_boleta=especial; esperado=nacional,Verificar parametrización de boletas y reglas de asignación.,2
DET-CIR-03-000232,CIR-03,alta,Circunscripción y mesa,voter_id,V001415,02_asignacion_mesas.csv,Tipo de boleta no corresponde a la circunscripción,tipo_boleta=nacional; esperado=municipal,Verificar parametrización de boletas y reglas de asignación.,2
DET-CIR-03-000233,CIR-03,alta,Circunscripción y mesa,voter_id,V001494,02_asignacion_mesas.csv,Tipo de boleta no corresponde a la circunscripción,tipo_boleta=municipal; esperado=especial,Verificar parametrización de boletas y reglas de asignación.,2
DET-CIR-03-000234,CIR-03,alta,Circunscripción y mesa,voter_id,V001630,02_asignacion_mesas.csv,Tipo de boleta no corresponde a la circunscripción,tipo_boleta=nacional; esperado=municipal,Verificar parametrización de boletas y reglas de asignación.,2
DET-CIR-03-000235,CIR-03,alta,Circunscripción y mesa,voter_id,V001802,02_asignacion_mesas.csv,Tipo de boleta no corresponde a la circunscripción,tipo_boleta=especial; esperado=municipal,Verificar parametrización de boletas y reglas de asignación.,2
DET-CIR-03-000236,CIR-03,alta,Circunscripción y mesa,voter_id,V001965,02_asignacion_mesas.csv,Tipo de boleta no corresponde a la circunscripción,tipo_boleta=nacional; esperado=municipal,Verificar parametrización de boletas y reglas de asignación.,2
DET-CIR-03-000237,CIR-03,alta,Circunscripción y mesa,voter_id,V001993,02_asignacion_mesas.csv,Tipo de boleta no corresponde a la circunscripción,tipo_boleta=municipal; esperado=especial,Verificar parametrización de boletas y reglas de asignación.,2
DET-CIR-03-000238,CIR-03,alta,Circunscripción y mesa,voter_id,V001996,02_asignacion_mesas.csv,Tipo de boleta no corresponde a la circunscripción,tipo_boleta=especial; esperado=municipal,Verificar parametrización de boletas y reglas de asignación.,2
DET-CIR-03-000239,CIR-03,alta,Circunscripción y mesa,voter_id,V002040,02_asignacion_mesas.csv,Tipo de boleta no corresponde a la circunscripción,tipo_boleta=especial; esperado=nacional,Verificar parametrización de boletas y reglas de asignación.,2
DET-CIR-03-000240,CIR-03,alta,Circunscripción y mesa,voter_id,V002194,02_asignacion_mesas.csv,Tipo de boleta no corresponde a la circunscripción,tipo_boleta=nacional; esperado=municipal,Verificar parametrización de boletas y reglas de asignación.,2
DET-CIR-03-000241,CIR-03,alta,Circunscripción y mesa,voter_id,V002219,02_asignacion_mesas.csv,Tipo de boleta no corresponde a la circunscripción,tipo_boleta=especial; esperado=municipal,Verificar parametrización de boletas y reglas de asignación.,2
DET-CIR-03-000242,CIR-03,alta,Circunscripción y mesa,voter_id,V002265,02_asignacion_mesas.csv,Tipo de boleta no corresponde a la circunscripción,tipo_boleta=nacional; esperado=especial,Verificar parametrización de boletas y reglas de asignación.,2
DET-CIR-03-000243,CIR-03,alta,Circunscripción y mesa,voter_id,V002303,02_asignacion_mesas.csv,Tipo de boleta no corresponde a la circunscripción,tipo_boleta=municipal; esperado=nacional,Verificar parametrización de boletas y reglas de asignación.,2
DET-CIR-03-000244,CIR-03,alta,Circunscripción y mesa,voter_id,V002321,02_asignacion_mesas.csv,Tipo de boleta no corresponde a la circunscripción,tipo_boleta=nacional; esperado=municipal,Verificar parametrización de boletas y reglas de asignación.,2
DET-CIR-03-000245,CIR-03,alta,Circunscripción y mesa,voter_id,V002363,02_asignacion_mesas.csv,Tipo de boleta no corresponde a la circunscripción,tipo_boleta=municipal; esperado=especial,Verificar parametrización de boletas y reglas de asignación.,2
DET-CIR-03-000246,CIR-03,alta,Circunscripción y mesa,voter_id,V002420,02_asignacion_mesas.csv,Tipo de boleta no corresponde a la circunscripción,tipo_boleta=nacional; esperado=especial,Verificar parametrización de boletas y reglas de asignación.,2
DET-CIR-03-000247,CIR-03,alta,Circunscripción y mesa,voter_id,V002554,02_asignacion_mesas.csv,Tipo de boleta no corresponde a la circunscripción,tipo_boleta=municipal; esperado=especial,Verificar parametrización de boletas y reglas de asignación.,2
DET-CIR-03-000248,CIR-03,alta,Circunscripción y mesa,voter_id,V002580,02_asignacion_mesas.csv,Tipo de boleta no corresponde a la circunscripción,tipo_boleta=municipal; esperado=nacional,Verificar parametrización de boletas y reglas de asignación.,2
DET-CIR-03-000249,CIR-03,alta,Circunscripción y mesa,voter_id,V002596,02_asignacion_mesas.csv,Tipo de boleta no corresponde a la circunscripción,tipo_boleta=especial; esperado=municipal,Verificar parametrización de boletas y reglas de asignación.,2
DET-CIR-03-000250,CIR-03,alta,Circunscripción y mesa,voter_id,V002627,02_asignacion_mesas.csv,Tipo de boleta no corresponde a la circunscripción,tipo_boleta=municipal; esperado=nacional,Verificar parametrización de boletas y reglas de asignación.,2
DET-CIR-03-000251,CIR-03,alta,Circunscripción y mesa,voter_id,V002661,02_asignacion_mesas.csv,Tipo de boleta no corresponde a la circunscripción,tipo_boleta=municipal; esperado=nacional,Verificar parametrización de boletas y reglas de asignación.,2
DET-CIR-03-000252,CIR-03,alta,Circunscripción y mesa,voter_id,V002731,02_asignacion_mesas.csv,Tipo de boleta no corresponde a la circunscripción,tipo_boleta=municipal; esperado=especial,Verificar parametrización de boletas y reglas de asignación.,2
DET-CIR-03-000253,CIR-03,alta,Circunscripción y mesa,voter_id,V002778,02_asignacion_mesas.csv,Tipo de boleta no corresponde a la circunscripción,tipo_boleta=especial; esperado=municipal,Verificar parametrización de boletas y reglas de asignación.,2
DET-CIR-03-000254,CIR-03,alta,Circunscripción y mesa,voter_id,V002877,02_asignacion_mesas.csv,Tipo de boleta no corresponde a la circunscripción,tipo_boleta=municipal; esperado=nacional,Verificar parametrización de boletas y reglas de asignación.,2
DET-CIR-03-000255,CIR-03,alta,Circunscripción y mesa,voter_id,V002891,02_asignacion_mesas.csv,Tipo de boleta no corresponde a la circunscripción,tipo_boleta=especial; esperado=municipal,Verificar parametrización de boletas y reglas de asignación.,2
DET-CIR-03-000256,CIR-03,alta,Circunscripción y mesa,voter_id,V003002,02_asignacion_mesas.csv,Tipo de boleta no corresponde a la circunscripción,tipo_boleta=municipal; esperado=especial,Verificar parametrización de boletas y reglas de asignación.,2
DET-CIR-03-000257,CIR-03,alta,Circunscripción y mesa,voter_id,V003018,02_asignacion_mesas.csv,Tipo de boleta no corresponde a la circunscripción,tipo_boleta=especial; esperado=nacional,Verificar parametrización de boletas y reglas de asignación.,2
DET-CIR-03-000258,CIR-03,alta,Circunscripción y mesa,voter_id,V003111,02_asignacion_mesas.csv,Tipo de boleta no corresponde a la circunscripción,tipo_boleta=nacional; esperado=municipal,Verificar parametrización de boletas y reglas de asignación.,2
DET-CIR-03-000259,CIR-03,alta,Circunscripción y mesa,voter_id,V003138,02_asignacion_mesas.csv,Tipo de boleta no corresponde a la circunscripción,tipo_boleta=nacional; esperado=especial,Verificar parametrización de boletas y reglas de asignación.,2
DET-CIR-03-000260,CIR-03,alta,Circunscripción y mesa,voter_id,V003188,02_asignacion_mesas.csv,Tipo de boleta no corresponde a la circunscripción,tipo_boleta=nacional; esperado=municipal,Verificar parametrización de boletas y reglas de asignación.,2
DET-CIR-03-000261,CIR-03,alta,Circunscripción y mesa,voter_id,V003237,02_asignacion_mesas.csv,Tipo de boleta no corresponde a la circunscripción,tipo_boleta=municipal; esperado=nacional,Verificar parametrización de boletas y reglas de asignación.,2
DET-CIR-03-000262,CIR-03,alta,Circunscripción y mesa,voter_id,V003252,02_asignacion_mesas.csv,Tipo de boleta no corresponde a la circunscripción,tipo_boleta=municipal; esperado=nacional,Verificar parametrización de boletas y reglas de asignación.,2
DET-CIR-03-000263,CIR-03,alta,Circunscripción y mesa,voter_id,V003293,02_asignacion_mesas.csv,Tipo de boleta no corresponde a la circunscripción,tipo_boleta=nacional; esperado=municipal,Verificar parametrización de boletas y reglas de asignación.,2
DET-CIR-03-000264,CIR-03,alta,Circunscripción y mesa,voter_id,V003349,02_asignacion_mesas.csv,Tipo de boleta no corresponde a la circunscripción,tipo_boleta=especial; esperado=municipal,Verificar parametrización de boletas y reglas de asignación.,2
DET-CIR-03-000265,CIR-03,alta,Circunscripción y mesa,voter_id,V003387,02_asignacion_mesas.csv,Tipo de boleta no corresponde a la circunscripción,tipo_boleta=nacional; esperado=municipal,Verificar parametrización de boletas y reglas de asignación.,2
DET-CIR-03-000266,CIR-03,alta,Circunscripción y mesa,voter_id,V003432,02_asignacion_mesas.csv,Tipo de boleta no corresponde a la circunscripción,tipo_boleta=especial; esperado=municipal,Verificar parametrización de boletas y reglas de asignación.,2
DET-CIR-03-000267,CIR-03,alta,Circunscripción y mesa,voter_id,V003440,02_asignacion_mesas.csv,Tipo de boleta no corresponde a la circunscripción,tipo_boleta=especial; esperado=municipal,Verificar parametrización de boletas y reglas de asignación.,2
DET-CIR-03-000268,CIR-03,alta,Circunscripción y mesa,voter_id,V003472,02_asignacion_mesas.csv,Tipo de boleta no corresponde a la circunscripción,tipo_boleta=nacional; esperado=municipal,Verificar parametrización de boletas y reglas de asignación.,2
DET-CIR-03-000269,CIR-03,alta,Circunscripción y mesa,voter_id,V003488,02_asignacion_mesas.csv,Tipo de boleta no corresponde a la circunscripción,tipo_boleta=nacional; esperado=municipal,Verificar parametrización de boletas y reglas de asignación.,2
DET-CIR-03-000270,CIR-03,alta,Circunscripción y mesa,voter_id,V003490,02_asignacion_mesas.csv,Tipo de boleta no corresponde a la circunscripción,tipo_boleta=nacional; esperado=municipal,Verificar parametrización de boletas y reglas de asignación.,2
DET-CIR-03-000271,CIR-03,alta,Circunscripción y mesa,voter_id,V003556,02_asignacion_mesas.csv,Tipo de boleta no corresponde a la circunscripción,tipo_boleta=especial; esperado=municipal,Verificar parametrización de boletas y reglas de asignación.,2
DET-CIR-03-000272,CIR-03,alta,Circunscripción y mesa,voter_id,V003593,02_asignacion_mesas.csv,Tipo de boleta no corresponde a la circunscripción,tipo_boleta=municipal; esperado=especial,Verificar parametrización de boletas y reglas de asignación.,2
DET-CIR-03-000273,CIR-03,alta,Circunscripción y mesa,voter_id,V003653,02_asignacion_mesas.csv,Tipo de boleta no corresponde a la circunscripción,tipo_boleta=nacional; esperado=especial,Verificar parametrización de boletas y reglas de asignación.,2
DET-CIR-03-000274,CIR-03,alta,Circunscripción y mesa,voter_id,V003729,02_asignacion_mesas.csv,Tipo de boleta no corresponde a la circunscripción,tipo_boleta=municipal; esperado=nacional,Verificar parametrización de boletas y reglas de asignación.,2
DET-CIR-03-000275,CIR-03,alta,Circunscripción y mesa,voter_id,V003734,02_asignacion_mesas.csv,Tipo de boleta no corresponde a la circunscripción,tipo_boleta=especial; esperado=municipal,Verificar parametrización de boletas y reglas de asignación.,2
DET-CIR-03-000276,CIR-03,alta,Circunscripción y mesa,voter_id,V003868,02_asignacion_mesas.csv,Tipo de boleta no corresponde a la circunscripción,tipo_boleta=municipal; esperado=nacional,Verificar parametrización de boletas y reglas de asignación.,2
DET-CIR-03-000277,CIR-03,alta,Circunscripción y mesa,voter_id,V003961,02_asignacion_mesas.csv,Tipo de boleta no corresponde a la circunscripción,tipo_boleta=especial; esperado=municipal,Verificar parametrización de boletas y reglas de asignación.,2
DET-CIR-03-000278,CIR-03,alta,Circunscripción y mesa,voter_id,V003993,02_asignacion_mesas.csv,Tipo de boleta no corresponde a la circunscripción,tipo_boleta=especial; esperado=nacional,Verificar parametrización de boletas y reglas de asignación.,2
DET-CIR-03-000279,CIR-03,alta,Circunscripción y mesa,voter_id,V004075,02_asignacion_mesas.csv,Tipo de boleta no corresponde a la circunscripción,tipo_boleta=especial; esperado=nacional,Verificar parametrización de boletas y reglas de asignación.,2
DET-CIR-03-000280,CIR-03,alta,Circunscripción y mesa,voter_id,V004186,02_asignacion_mesas.csv,Tipo de boleta no corresponde a la circunscripción,tipo_boleta=nacional; esperado=especial,Verificar parametrización de boletas y reglas de asignación.,2
DET-CIR-03-000281,CIR-03,alta,Circunscripción y mesa,voter_id,V004289,02_asignacion_mesas.csv,Tipo de boleta no corresponde a la circunscripción,tipo_boleta=municipal; esperado=especial,Verificar parametrización de boletas y reglas de asignación.,2
DET-CIR-03-000282,CIR-03,alta,Circunscripción y mesa,voter_id,V004423,02_asignacion_mesas.csv,Tipo de boleta no corresponde a la circunscripción,tipo_boleta=especial; esperado=municipal,Verificar parametrización de boletas y reglas de asignación.,2
DET-CIR-03-000283,CIR-03,alta,Circunscripción y mesa,voter_id,V004485,02_asignacion_mesas.csv,Tipo de boleta no corresponde a la circunscripción,tipo_boleta=nacional; esperado=municipal,Verificar parametrización de boletas y reglas de asignación.,2
DET-CIR-03-000284,CIR-03,alta,Circunscripción y mesa,voter_id,V004502,02_asignacion_mesas.csv,Tipo de boleta no corresponde a la circunscripción,tipo_boleta=municipal; esperado=nacional,Verificar parametrización de boletas y reglas de asignación.,2
DET-CIR-03-000285,CIR-03,alta,Circunscripción y mesa,voter_id,V004544,02_asignacion_mesas.csv,Tipo de boleta no corresponde a la circunscripción,tipo_boleta=especial; esperado=municipal,Verificar parametrización de boletas y reglas de asignación.,2
DET-CIR-03-000286,CIR-03,alta,Circunscripción y mesa,voter_id,V004563,02_asignacion_mesas.csv,Tipo de boleta no corresponde a la circunscripción,tipo_boleta=especial; esperado=municipal,Verificar parametrización de boletas y reglas de asignación.,2
DET-CIR-03-000287,CIR-03,alta,Circunscripción y mesa,voter_id,V004573,02_asignacion_mesas.csv,Tipo de boleta no corresponde a la circunscripción,tipo_boleta=especial; esperado=nacional,Verificar parametrización de boletas y reglas de asignación.,2
DET-CIR-03-000288,CIR-03,alta,Circunscripción y mesa,voter_id,V004621,02_asignacion_mesas.csv,Tipo de boleta no corresponde a la circunscripción,tipo_boleta=nacional; esperado=municipal,Verificar parametrización de boletas y reglas de asignación.,2
DET-CIR-03-000289,CIR-03,alta,Circunscripción y mesa,voter_id,V004711,02_asignacion_mesas.csv,Tipo de boleta no corresponde a la circunscripción,tipo_boleta=municipal; esperado=especial,Verificar parametrización de boletas y reglas de asignación.,2
DET-CIR-03-000290,CIR-03,alta,Circunscripción y mesa,voter_id,V004722,02_asignacion_mesas.csv,Tipo de boleta no corresponde a la circunscripción,tipo_boleta=especial; esperado=nacional,Verificar parametrización de boletas y reglas de asignación.,2
DET-CIR-03-000291,CIR-03,alta,Circunscripción y mesa,voter_id,V004764,02_asignacion_mesas.csv,Tipo de boleta no corresponde a la circunscripción,tipo_boleta=especial; esperado=municipal,Verificar parametrización de boletas y reglas de asignación.,2
DET-CIR-03-000292,CIR-03,alta,Circunscripción y mesa,voter_id,V004771,02_asignacion_mesas.csv,Tipo de boleta no corresponde a la circunscripción,tipo_boleta=municipal; esperado=nacional,Verificar parametrización de boletas y reglas de asignación.,2
DET-CIR-03-000293,CIR-03,alta,Circunscripción y mesa,voter_id,V004772,02_asignacion_mesas.csv,Tipo de boleta no corresponde a la circunscripción,tipo_boleta=especial; esperado=nacional,Verificar parametrización de boletas y reglas de asignación.,2
DET-CIR-03-000294,CIR-03,alta,Circunscripción y mesa,voter_id,V004872,02_asignacion_mesas.csv,Tipo de boleta no corresponde a la circunscripción,tipo_boleta=nacional; esperado=municipal,Verificar parametrización de boletas y reglas de asignación.,2
DET-CIR-03-000295,CIR-03,alta,Circunscripción y mesa,voter_id,V004885,02_asignacion_mesas.csv,Tipo de boleta no corresponde a la circunscripción,tipo_boleta=nacional; esperado=especial,Verificar parametrización de boletas y reglas de asignación.,2
DET-CIR-03-000296,CIR-03,alta,Circunscripción y mesa,voter_id,V004901,02_asignacion_mesas.csv,Tipo de boleta no corresponde a la circunscripción,tipo_boleta=especial; esperado=municipal,Verificar parametrización de boletas y reglas de asignación.,2
DET-CIR-03-000297,CIR-03,alta,Circunscripción y mesa,voter_id,V004916,02_asignacion_mesas.csv,Tipo de boleta no corresponde a la circunscripción,tipo_boleta=especial; esperado=municipal,Verificar parametrización de boletas y reglas de asignación.,2
DET-CIR-03-000298,CIR-03,alta,Circunscripción y mesa,voter_id,V004940,02_asignacion_mesas.csv,Tipo de boleta no corresponde a la circunscripción,tipo_boleta=municipal; esperado=especial,Verificar parametrización de boletas y reglas de asignación.,2
DET-SUF-01-000001,SUF-01,critica,Registro de sufragio,voter_id,V000421,03_registro_sufragio.csv,Posible doble sufragio,registros_sufragio=2,Revisar eventos de check-in y control biométrico/documental.,3
DET-SUF-01-000002,SUF-01,critica,Registro de sufragio,voter_id,V000516,03_registro_sufragio.csv,Posible doble sufragio,registros_sufragio=2,Revisar eventos de check-in y control biométrico/documental.,3
DET-SUF-01-000003,SUF-01,critica,Registro de sufragio,voter_id,V000519,03_registro_sufragio.csv,Posible doble sufragio,registros_sufragio=2,Revisar eventos de check-in y control biométrico/documental.,3
DET-SUF-01-000004,SUF-01,critica,Registro de sufragio,voter_id,V000694,03_registro_sufragio.csv,Posible doble sufragio,registros_sufragio=2,Revisar eventos de check-in y control biométrico/documental.,3
DET-SUF-01-000005,SUF-01,critica,Registro de sufragio,voter_id,V000786,03_registro_sufragio.csv,Posible doble sufragio,registros_sufragio=2,Revisar eventos de check-in y control biométrico/documental.,3
DET-SUF-01-000006,SUF-01,critica,Registro de sufragio,voter_id,V000876,03_registro_sufragio.csv,Posible doble sufragio,registros_sufragio=2,Revisar eventos de check-in y control biométrico/documental.,3
DET-SUF-01-000007,SUF-01,critica,Registro de sufragio,voter_id,V000884,03_registro_sufragio.csv,Posible doble sufragio,registros_sufragio=2,Revisar eventos de check-in y control biométrico/documental.,3
DET-SUF-01-000008,SUF-01,critica,Registro de sufragio,voter_id,V001347,03_registro_sufragio.csv,Posible doble sufragio,registros_sufragio=2,Revisar eventos de check-in y control biométrico/documental.,3
DET-SUF-01-000009,SUF-01,critica,Registro de sufragio,voter_id,V001659,03_registro_sufragio.csv,Posible doble sufragio,registros_sufragio=2,Revisar eventos de check-in y control biométrico/documental.,3
DET-SUF-01-000010,SUF-01,critica,Registro de sufragio,voter_id,V001670,03_registro_sufragio.csv,Posible doble sufragio,registros_sufragio=2,Revisar eventos de check-in y control biométrico/documental.,3
DET-SUF-01-000011,SUF-01,critica,Registro de sufragio,voter_id,V001704,03_registro_sufragio.csv,Posible doble sufragio,registros_sufragio=2,Revisar eventos de check-in y control biométrico/documental.,3
DET-SUF-01-000012,SUF-01,critica,Registro de sufragio,voter_id,V001844,03_registro_sufragio.csv,Posible doble sufragio,registros_sufragio=2,Revisar eventos de check-in y control biométrico/documental.,3
DET-SUF-01-000013,SUF-01,critica,Registro de sufragio,voter_id,V002032,03_registro_sufragio.csv,Posible doble sufragio,registros_sufragio=2,Revisar eventos de check-in y control biométrico/documental.,3
DET-SUF-01-000014,SUF-01,critica,Registro de sufragio,voter_id,V002053,03_registro_sufragio.csv,Posible doble sufragio,registros_sufragio=2,Revisar eventos de check-in y control biométrico/documental.,3
DET-SUF-01-000015,SUF-01,critica,Registro de sufragio,voter_id,V002133,03_registro_sufragio.csv,Posible doble sufragio,registros_sufragio=2,Revisar eventos de check-in y control biométrico/documental.,3
DET-SUF-01-000016,SUF-01,critica,Registro de sufragio,voter_id,V002153,03_registro_sufragio.csv,Posible doble sufragio,registros_sufragio=2,Revisar eventos de check-in y control biométrico/documental.,3
DET-SUF-01-000017,SUF-01,critica,Registro de sufragio,voter_id,V002175,03_registro_sufragio.csv,Posible doble sufragio,registros_sufragio=2,Revisar eventos de check-in y control biométrico/documental.,3
DET-SUF-01-000018,SUF-01,critica,Registro de sufragio,voter_id,V002629,03_registro_sufragio.csv,Posible doble sufragio,registros_sufragio=2,Revisar eventos de check-in y control biométrico/documental.,3
DET-SUF-01-000019,SUF-01,critica,Registro de sufragio,voter_id,V002863,03_registro_sufragio.csv,Posible doble sufragio,registros_sufragio=2,Revisar eventos de check-in y control biométrico/documental.,3
DET-SUF-01-000020,SUF-01,critica,Registro de sufragio,voter_id,V003276,03_registro_sufragio.csv,Posible doble sufragio,registros_sufragio=2,Revisar eventos de check-in y control biométrico/documental.,3
DET-SUF-01-000021,SUF-01,critica,Registro de sufragio,voter_id,V003627,03_registro_sufragio.csv,Posible doble sufragio,registros_sufragio=2,Revisar eventos de check-in y control biométrico/documental.,3
DET-SUF-01-000022,SUF-01,critica,Registro de sufragio,voter_id,V003632,03_registro_sufragio.csv,Posible doble sufragio,registros_sufragio=2,Revisar eventos de check-in y control biométrico/documental.,3
DET-SUF-01-000023,SUF-01,critica,Registro de sufragio,voter_id,V003831,03_registro_sufragio.csv,Posible doble sufragio,registros_sufragio=2,Revisar eventos de check-in y control biométrico/documental.,3
DET-SUF-01-000024,SUF-01,critica,Registro de sufragio,voter_id,V003883,03_registro_sufragio.csv,Posible doble sufragio,registros_sufragio=2,Revisar eventos de check-in y control biométrico/documental.,3
DET-SUF-01-000025,SUF-01,critica,Registro de sufragio,voter_id,V003904,03_registro_sufragio.csv,Posible doble sufragio,registros_sufragio=2,Revisar eventos de check-in y control biométrico/documental.,3
DET-SUF-01-000026,SUF-01,critica,Registro de sufragio,voter_id,V004109,03_registro_sufragio.csv,Posible doble sufragio,registros_sufragio=2,Revisar eventos de check-in y control biométrico/documental.,3
DET-SUF-01-000027,SUF-01,critica,Registro de sufragio,voter_id,V004142,03_registro_sufragio.csv,Posible doble sufragio,registros_sufragio=2,Revisar eventos de check-in y control biométrico/documental.,3
DET-SUF-01-000028,SUF-01,critica,Registro de sufragio,voter_id,V004188,03_registro_sufragio.csv,Posible doble sufragio,registros_sufragio=2,Revisar eventos de check-in y control biométrico/documental.,3
DET-SUF-01-000029,SUF-01,critica,Registro de sufragio,voter_id,V004452,03_registro_sufragio.csv,Posible doble sufragio,registros_sufragio=2,Revisar eventos de check-in y control biométrico/documental.,3
DET-SUF-01-000030,SUF-01,critica,Registro de sufragio,voter_id,V004492,03_registro_sufragio.csv,Posible doble sufragio,registros_sufragio=2,Revisar eventos de check-in y control biométrico/documental.,3
DET-SUF-01-000031,SUF-01,critica,Registro de sufragio,voter_id,V004639,03_registro_sufragio.csv,Posible doble sufragio,registros_sufragio=2,Revisar eventos de check-in y control biométrico/documental.,3
DET-SUF-01-000032,SUF-01,critica,Registro de sufragio,voter_id,V004882,03_registro_sufragio.csv,Posible doble sufragio,registros_sufragio=2,Revisar eventos de check-in y control biométrico/documental.,3
DET-SUF-02-000033,SUF-02,critica,Registro de sufragio,voter_id,V001994,03_registro_sufragio.csv,Check-in de persona no habilitada,edad=61 estado_documento=vigente condicion_legal=fallecido habilitado=1,Verificar reglas de habilitación al momento del registro.,3
DET-SUF-02-000034,SUF-02,critica,Registro de sufragio,voter_id,V001969,03_registro_sufragio.csv,Check-in de persona no habilitada,edad=58 estado_documento=cancelado condicion_legal=normal habilitado=1,Verificar reglas de habilitación al momento del registro.,3
DET-SUF-02-000035,SUF-02,critica,Registro de sufragio,voter_id,V001965,03_registro_sufragio.csv,Check-in de persona no habilitada,edad=84 estado_documento=cancelado condicion_legal=normal habilitado=1,Verificar reglas de habilitación al momento del registro.,3
DET-SUF-02-000036,SUF-02,critica,Registro de sufragio,voter_id,V001390,03_registro_sufragio.csv,Check-in de persona no habilitada,edad=35 estado_documento=vigente condicion_legal=fallecido habilitado=1,Verificar reglas de habilitación al momento del registro.,3
DET-SUF-02-000037,SUF-02,critica,Registro de sufragio,voter_id,V001497,03_registro_sufragio.csv,Check-in de persona no habilitada,edad=70 estado_documento=vigente condicion_legal=fallecido habilitado=1,Verificar reglas de habilitación al momento del registro.,3
DET-SUF-02-000038,SUF-02,critica,Registro de sufragio,voter_id,V004694,03_registro_sufragio.csv,Check-in de persona no habilitada,edad=17 estado_documento=vigente condicion_legal=normal habilitado=1,Verificar reglas de habilitación al momento del registro.,3
DET-SUF-02-000039,SUF-02,critica,Registro de sufragio,voter_id,V003259,03_registro_sufragio.csv,Check-in de persona no habilitada,edad=16 estado_documento=vigente condicion_legal=normal habilitado=1,Verificar reglas de habilitación al momento del registro.,3
DET-SUF-02-000040,SUF-02,critica,Registro de sufragio,voter_id,V000770,03_registro_sufragio.csv,Check-in de persona no habilitada,edad=30 estado_documento=vigente condicion_legal=inhabilitado habilitado=1,Verificar reglas de habilitación al momento del registro.,3
DET-SUF-02-000041,SUF-02,critica,Registro de sufragio,voter_id,V003706,03_registro_sufragio.csv,Check-in de persona no habilitada,edad=76 estado_documento=vigente condicion_legal=privado_libertad habilitado=1,Verificar reglas de habilitación al momento del registro.,3
DET-SUF-02-000042,SUF-02,critica,Registro de sufragio,voter_id,V002424,03_registro_sufragio.csv,Check-in de persona no habilitada,edad=15 estado_documento=vigente condicion_legal=normal habilitado=1,Verificar reglas de habilitación al momento del registro.,3
DET-SUF-02-000043,SUF-02,critica,Registro de sufragio,voter_id,V002704,03_registro_sufragio.csv,Check-in de persona no habilitada,edad=15 estado_documento=vigente condicion_legal=normal habilitado=1,Verificar reglas de habilitación al momento del registro.,3
DET-SUF-02-000044,SUF-02,critica,Registro de sufragio,voter_id,V002262,03_registro_sufragio.csv,Check-in de persona no habilitada,edad=56 estado_documento=vigente condicion_legal=fallecido habilitado=1,Verificar reglas de habilitación al momento del registro.,3
DET-SUF-02-000045,SUF-02,critica,Registro de sufragio,voter_id,V004040,03_registro_sufragio.csv,Check-in de persona no habilitada,edad=69 estado_documento=vigente condicion_legal=fallecido habilitado=1,Verificar reglas de habilitación al momento del registro.,3
DET-SUF-02-000046,SUF-02,critica,Registro de sufragio,voter_id,V001658,03_registro_sufragio.csv,Check-in de persona no habilitada,edad=41 estado_documento=vigente condicion_legal=fallecido habilitado=1,Verificar reglas de habilitación al momento del registro.,3
DET-SUF-02-000047,SUF-02,critica,Registro de sufragio,voter_id,V004282,03_registro_sufragio.csv,Check-in de persona no habilitada,edad=17 estado_documento=vigente condicion_legal=normal habilitado=1,Verificar reglas de habilitación al momento del registro.,3
DET-SUF-02-000048,SUF-02,critica,Registro de sufragio,voter_id,V001736,03_registro_sufragio.csv,Check-in de persona no habilitada,edad=86 estado_documento=vigente condicion_legal=inhabilitado habilitado=1,Verificar reglas de habilitación al momento del registro.,3
DET-SUF-02-000049,SUF-02,critica,Registro de sufragio,voter_id,V003674,03_registro_sufragio.csv,Check-in de persona no habilitada,edad=16 estado_documento=vigente condicion_legal=normal habilitado=1,Verificar reglas de habilitación al momento del registro.,3
DET-SUF-02-000050,SUF-02,critica,Registro de sufragio,voter_id,V000909,03_registro_sufragio.csv,Check-in de persona no habilitada,edad=15 estado_documento=vigente condicion_legal=normal habilitado=1,Verificar reglas de habilitación al momento del registro.,3
DET-SUF-02-000051,SUF-02,critica,Registro de sufragio,voter_id,V001650,03_registro_sufragio.csv,Check-in de persona no habilitada,edad=59 estado_documento=vigente condicion_legal=fallecido habilitado=1,Verificar reglas de habilitación al momento del registro.,3
DET-SUF-02-000052,SUF-02,critica,Registro de sufragio,voter_id,V001947,03_registro_sufragio.csv,Check-in de persona no habilitada,edad=28 estado_documento=vigente condicion_legal=fallecido habilitado=1,Verificar reglas de habilitación al momento del registro.,3
DET-SUF-02-000053,SUF-02,critica,Registro de sufragio,voter_id,V003672,03_registro_sufragio.csv,Check-in de persona no habilitada,edad=83 estado_documento=vigente condicion_legal=fallecido habilitado=1,Verificar reglas de habilitación al momento del registro.,3
DET-SUF-02-000054,SUF-02,critica,Registro de sufragio,voter_id,V004183,03_registro_sufragio.csv,Check-in de persona no habilitada,edad=21 estado_documento=cancelado condicion_legal=normal habilitado=1,Verificar reglas de habilitación al momento del registro.,3
DET-SUF-02-000055,SUF-02,critica,Registro de sufragio,voter_id,V001489,03_registro_sufragio.csv,Check-in de persona no habilitada,edad=52 estado_documento=vigente condicion_legal=inhabilitado habilitado=1,Verificar reglas de habilitación al momento del registro.,3
DET-SUF-02-000056,SUF-02,critica,Registro de sufragio,voter_id,V001721,03_registro_sufragio.csv,Check-in de persona no habilitada,edad=84 estado_documento=vigente condicion_legal=fallecido habilitado=1,Verificar reglas de habilitación al momento del registro.,3
DET-SUF-02-000057,SUF-02,critica,Registro de sufragio,voter_id,V000054,03_registro_sufragio.csv,Check-in de persona no habilitada,edad=53 estado_documento=vigente condicion_legal=fallecido habilitado=1,Verificar reglas de habilitación al momento del registro.,3
DET-SUF-02-000058,SUF-02,critica,Registro de sufragio,voter_id,V002230,03_registro_sufragio.csv,Check-in de persona no habilitada,edad=68 estado_documento=vigente condicion_legal=fallecido habilitado=1,Verificar reglas de habilitación al momento del registro.,3
DET-SUF-02-000059,SUF-02,critica,Registro de sufragio,voter_id,V000916,03_registro_sufragio.csv,Check-in de persona no habilitada,edad=15 estado_documento=vigente condicion_legal=normal habilitado=1,Verificar reglas de habilitación al momento del registro.,3
DET-SUF-02-000060,SUF-02,critica,Registro de sufragio,voter_id,V003139,03_registro_sufragio.csv,Check-in de persona no habilitada,edad=18 estado_documento=cancelado condicion_legal=normal habilitado=1,Verificar reglas de habilitación al momento del registro.,3
DET-SUF-02-000061,SUF-02,critica,Registro de sufragio,voter_id,V000246,03_registro_sufragio.csv,Check-in de persona no habilitada,edad=15 estado_documento=vigente condicion_legal=normal habilitado=1,Verificar reglas de habilitación al momento del registro.,3
DET-SUF-02-000062,SUF-02,critica,Registro de sufragio,voter_id,V003889,03_registro_sufragio.csv,Check-in de persona no habilitada,edad=57 estado_documento=vigente condicion_legal=fallecido habilitado=1,Verificar reglas de habilitación al momento del registro.,3
DET-SUF-02-000063,SUF-02,critica,Registro de sufragio,voter_id,V001137,03_registro_sufragio.csv,Check-in de persona no habilitada,edad=17 estado_documento=vigente condicion_legal=normal habilitado=1,Verificar reglas de habilitación al momento del registro.,3
DET-SUF-02-000064,SUF-02,critica,Registro de sufragio,voter_id,V000842,03_registro_sufragio.csv,Check-in de persona no habilitada,edad=16 estado_documento=vigente condicion_legal=normal habilitado=1,Verificar reglas de habilitación al momento del registro.,3
DET-SUF-02-000065,SUF-02,critica,Registro de sufragio,voter_id,V004714,03_registro_sufragio.csv,Check-in de persona no habilitada,edad=60 estado_documento=cancelado condicion_legal=normal habilitado=1,Verificar reglas de habilitación al momento del registro.,3
DET-SUF-02-000066,SUF-02,critica,Registro de sufragio,voter_id,V001502,03_registro_sufragio.csv,Check-in de persona no habilitada,edad=56 estado_documento=vigente condicion_legal=privado_libertad habilitado=1,Verificar reglas de habilitación al momento del registro.,3
DET-SUF-02-000067,SUF-02,critica,Registro de sufragio,voter_id,V003360,03_registro_sufragio.csv,Check-in de persona no habilitada,edad=17 estado_documento=vigente condicion_legal=normal habilitado=1,Verificar reglas de habilitación al momento del registro.,3
DET-SUF-02-000068,SUF-02,critica,Registro de sufragio,voter_id,V002479,03_registro_sufragio.csv,Check-in de persona no habilitada,edad=88 estado_documento=vigente condicion_legal=fallecido habilitado=1,Verificar reglas de habilitación al momento del registro.,3
DET-SUF-02-000069,SUF-02,critica,Registro de sufragio,voter_id,V001459,03_registro_sufragio.csv,Check-in de persona no habilitada,edad=16 estado_documento=vigente condicion_legal=normal habilitado=1,Verificar reglas de habilitación al momento del registro.,3
DET-SUF-02-000070,SUF-02,critica,Registro de sufragio,voter_id,V002345,03_registro_sufragio.csv,Check-in de persona no habilitada,edad=68 estado_documento=cancelado condicion_legal=normal habilitado=1,Verificar reglas de habilitación al momento del registro.,3
DET-SUF-02-000071,SUF-02,critica,Registro de sufragio,voter_id,V000481,03_registro_sufragio.csv,Check-in de persona no habilitada,edad=43 estado_documento=vigente condicion_legal=fallecido habilitado=1,Verificar reglas de habilitación al momento del registro.,3
DET-SUF-02-000072,SUF-02,critica,Registro de sufragio,voter_id,V003426,03_registro_sufragio.csv,Check-in de persona no habilitada,edad=85 estado_documento=vigente condicion_legal=fallecido habilitado=1,Verificar reglas de habilitación al momento del registro.,3
DET-SUF-02-000073,SUF-02,critica,Registro de sufragio,voter_id,V001911,03_registro_sufragio.csv,Check-in de persona no habilitada,edad=58 estado_documento=vigente condicion_legal=inhabilitado habilitado=1,Verificar reglas de habilitación al momento del registro.,3
DET-SUF-02-000074,SUF-02,critica,Registro de sufragio,voter_id,V003003,03_registro_sufragio.csv,Check-in de persona no habilitada,edad=54 estado_documento=vigente condicion_legal=fallecido habilitado=1,Verificar reglas de habilitación al momento del registro.,3
DET-SUF-02-000075,SUF-02,critica,Registro de sufragio,voter_id,V004867,03_registro_sufragio.csv,Check-in de persona no habilitada,edad=74 estado_documento=vigente condicion_legal=fallecido habilitado=1,Verificar reglas de habilitación al momento del registro.,3
DET-SUF-02-000076,SUF-02,critica,Registro de sufragio,voter_id,V001167,03_registro_sufragio.csv,Check-in de persona no habilitada,edad=62 estado_documento=vigente condicion_legal=fallecido habilitado=1,Verificar reglas de habilitación al momento del registro.,3
DET-SUF-02-000077,SUF-02,critica,Registro de sufragio,voter_id,V000657,03_registro_sufragio.csv,Check-in de persona no habilitada,edad=27 estado_documento=vigente condicion_legal=inhabilitado habilitado=1,Verificar reglas de habilitación al momento del registro.,3
DET-SUF-02-000078,SUF-02,critica,Registro de sufragio,voter_id,V000720,03_registro_sufragio.csv,Check-in de persona no habilitada,edad=68 estado_documento=vigente condicion_legal=fallecido habilitado=1,Verificar reglas de habilitación al momento del registro.,3
DET-SUF-02-000079,SUF-02,critica,Registro de sufragio,voter_id,V000344,03_registro_sufragio.csv,Check-in de persona no habilitada,edad=16 estado_documento=vigente condicion_legal=normal habilitado=1,Verificar reglas de habilitación al momento del registro.,3
DET-SUF-02-000080,SUF-02,critica,Registro de sufragio,voter_id,V002125,03_registro_sufragio.csv,Check-in de persona no habilitada,edad=33 estado_documento=vigente condicion_legal=privado_libertad habilitado=1,Verificar reglas de habilitación al momento del registro.,3
DET-SUF-02-000081,SUF-02,critica,Registro de sufragio,voter_id,V002951,03_registro_sufragio.csv,Check-in de persona no habilitada,edad=25 estado_documento=cancelado condicion_legal=normal habilitado=1,Verificar reglas de habilitación al momento del registro.,3
DET-SUF-02-000082,SUF-02,critica,Registro de sufragio,voter_id,V001829,03_registro_sufragio.csv,Check-in de persona no habilitada,edad=49 estado_documento=vigente condicion_legal=privado_libertad habilitado=1,Verificar reglas de habilitación al momento del registro.,3
DET-SUF-02-000083,SUF-02,critica,Registro de sufragio,voter_id,V004751,03_registro_sufragio.csv,Check-in de persona no habilitada,edad=42 estado_documento=vigente condicion_legal=inhabilitado habilitado=1,Verificar reglas de habilitación al momento del registro.,3
DET-SUF-02-000084,SUF-02,critica,Registro de sufragio,voter_id,V001017,03_registro_sufragio.csv,Check-in de persona no habilitada,edad=17 estado_documento=vigente condicion_legal=normal habilitado=1,Verificar reglas de habilitación al momento del registro.,3
DET-SUF-02-000085,SUF-02,critica,Registro de sufragio,voter_id,V002588,03_registro_sufragio.csv,Check-in de persona no habilitada,edad=58 estado_documento=vigente condicion_legal=fallecido habilitado=1,Verificar reglas de habilitación al momento del registro.,3
DET-SUF-02-000086,SUF-02,critica,Registro de sufragio,voter_id,V002743,03_registro_sufragio.csv,Check-in de persona no habilitada,edad=44 estado_documento=cancelado condicion_legal=normal habilitado=1,Verificar reglas de habilitación al momento del registro.,3
DET-SUF-02-000087,SUF-02,critica,Registro de sufragio,voter_id,V003327,03_registro_sufragio.csv,Check-in de persona no habilitada,edad=89 estado_documento=cancelado condicion_legal=normal habilitado=1,Verificar reglas de habilitación al momento del registro.,3
DET-SUF-02-000088,SUF-02,critica,Registro de sufragio,voter_id,V004189,03_registro_sufragio.csv,Check-in de persona no habilitada,edad=20 estado_documento=vigente condicion_legal=fallecido habilitado=1,Verificar reglas de habilitación al momento del registro.,3
DET-SUF-02-000089,SUF-02,critica,Registro de sufragio,voter_id,V000502,03_registro_sufragio.csv,Check-in de persona no habilitada,edad=68 estado_documento=vigente condicion_legal=fallecido habilitado=1,Verificar reglas de habilitación al momento del registro.,3
DET-SUF-02-000090,SUF-02,critica,Registro de sufragio,voter_id,V002056,03_registro_sufragio.csv,Check-in de persona no habilitada,edad=17 estado_documento=vigente condicion_legal=normal habilitado=1,Verificar reglas de habilitación al momento del registro.,3
DET-SUF-02-000091,SUF-02,critica,Registro de sufragio,voter_id,V003254,03_registro_sufragio.csv,Check-in de persona no habilitada,edad=15 estado_documento=vigente condicion_legal=normal habilitado=1,Verificar reglas de habilitación al momento del registro.,3
DET-SUF-02-000092,SUF-02,critica,Registro de sufragio,voter_id,V004107,03_registro_sufragio.csv,Check-in de persona no habilitada,edad=49 estado_documento=cancelado condicion_legal=normal habilitado=1,Verificar reglas de habilitación al momento del registro.,3
DET-SUF-02-000093,SUF-02,critica,Registro de sufragio,voter_id,V000822,03_registro_sufragio.csv,Check-in de persona no habilitada,edad=69 estado_documento=cancelado condicion_legal=normal habilitado=1,Verificar reglas de habilitación al momento del registro.,3
DET-SUF-02-000094,SUF-02,critica,Registro de sufragio,voter_id,V003530,03_registro_sufragio.csv,Check-in de persona no habilitada,edad=85 estado_documento=vigente condicion_legal=fallecido habilitado=1,Verificar reglas de habilitación al momento del registro.,3
DET-SUF-02-000095,SUF-02,critica,Registro de sufragio,voter_id,V002893,03_registro_sufragio.csv,Check-in de persona no habilitada,edad=82 estado_documento=cancelado condicion_legal=normal habilitado=1,Verificar reglas de habilitación al momento del registro.,3
DET-SUF-02-000096,SUF-02,critica,Registro de sufragio,voter_id,V004617,03_registro_sufragio.csv,Check-in de persona no habilitada,edad=86 estado_documento=cancelado condicion_legal=normal habilitado=1,Verificar reglas de habilitación al momento del registro.,3
DET-SUF-02-000097,SUF-02,critica,Registro de sufragio,voter_id,V002197,03_registro_sufragio.csv,Check-in de persona no habilitada,edad=17 estado_documento=vigente condicion_legal=normal habilitado=1,Verificar reglas de habilitación al momento del registro.,3
DET-SUF-02-000098,SUF-02,critica,Registro de sufragio,voter_id,V003829,03_registro_sufragio.csv,Check-in de persona no habilitada,edad=45 estado_documento=cancelado condicion_legal=normal habilitado=1,Verificar reglas de habilitación al momento del registro.,3
DET-SUF-02-000099,SUF-02,critica,Registro de sufragio,voter_id,V002436,03_registro_sufragio.csv,Check-in de persona no habilitada,edad=72 estado_documento=vigente condicion_legal=fallecido habilitado=1,Verificar reglas de habilitación al momento del registro.,3
DET-SUF-02-000100,SUF-02,critica,Registro de sufragio,voter_id,V004465,03_registro_sufragio.csv,Check-in de persona no habilitada,edad=35 estado_documento=vigente condicion_legal=fallecido habilitado=1,Verificar reglas de habilitación al momento del registro.,3
DET-SUF-02-000101,SUF-02,critica,Registro de sufragio,voter_id,V001865,03_registro_sufragio.csv,Check-in de persona no habilitada,edad=53 estado_documento=cancelado condicion_legal=normal habilitado=1,Verificar reglas de habilitación al momento del registro.,3
DET-SUF-02-000102,SUF-02,critica,Registro de sufragio,voter_id,V003095,03_registro_sufragio.csv,Check-in de persona no habilitada,edad=76 estado_documento=vigente condicion_legal=fallecido habilitado=1,Verificar reglas de habilitación al momento del registro.,3
DET-SUF-02-000103,SUF-02,critica,Registro de sufragio,voter_id,V004588,03_registro_sufragio.csv,Check-in de persona no habilitada,edad=46 estado_documento=vigente condicion_legal=inhabilitado habilitado=1,Verificar reglas de habilitación al momento del registro.,3
DET-SUF-02-000104,SUF-02,critica,Registro de sufragio,voter_id,V000507,03_registro_sufragio.csv,Check-in de persona no habilitada,edad=68 estado_documento=cancelado condicion_legal=normal habilitado=1,Verificar reglas de habilitación al momento del registro.,3
DET-SUF-02-000105,SUF-02,critica,Registro de sufragio,voter_id,V003871,03_registro_sufragio.csv,Check-in de persona no habilitada,edad=16 estado_documento=vigente condicion_legal=normal habilitado=1,Verificar reglas de habilitación al momento del registro.,3
DET-SUF-02-000106,SUF-02,critica,Registro de sufragio,voter_id,V001821,03_registro_sufragio.csv,Check-in de persona no habilitada,edad=25 estado_documento=vigente condicion_legal=fallecido habilitado=1,Verificar reglas de habilitación al momento del registro.,3
DET-SUF-02-000107,SUF-02,critica,Registro de sufragio,voter_id,V003473,03_registro_sufragio.csv,Check-in de persona no habilitada,edad=17 estado_documento=vigente condicion_legal=normal habilitado=1,Verificar reglas de habilitación al momento del registro.,3
DET-SUF-02-000108,SUF-02,critica,Registro de sufragio,voter_id,V000530,03_registro_sufragio.csv,Check-in de persona no habilitada,edad=15 estado_documento=vigente condicion_legal=normal habilitado=1,Verificar reglas de habilitación al momento del registro.,3
DET-SUF-02-000109,SUF-02,critica,Registro de sufragio,voter_id,V003614,03_registro_sufragio.csv,Check-in de persona no habilitada,edad=78 estado_documento=vigente condicion_legal=inhabilitado habilitado=1,Verificar reglas de habilitación al momento del registro.,3
DET-SUF-02-000110,SUF-02,critica,Registro de sufragio,voter_id,V000784,03_registro_sufragio.csv,Check-in de persona no habilitada,edad=28 estado_documento=vigente condicion_legal=fallecido habilitado=1,Verificar reglas de habilitación al momento del registro.,3
DET-SUF-02-000111,SUF-02,critica,Registro de sufragio,voter_id,V004623,03_registro_sufragio.csv,Check-in de persona no habilitada,edad=31 estado_documento=cancelado condicion_legal=normal habilitado=1,Verificar reglas de habilitación al momento del registro.,3
DET-SUF-02-000112,SUF-02,critica,Registro de sufragio,voter_id,V003890,03_registro_sufragio.csv,Check-in de persona no habilitada,edad=15 estado_documento=vigente condicion_legal=normal habilitado=1,Verificar reglas de habilitación al momento del registro.,3
DET-SUF-02-000113,SUF-02,critica,Registro de sufragio,voter_id,V002829,03_registro_sufragio.csv,Check-in de persona no habilitada,edad=83 estado_documento=cancelado condicion_legal=normal habilitado=1,Verificar reglas de habilitación al momento del registro.,3
DET-SUF-02-000114,SUF-02,critica,Registro de sufragio,voter_id,V000890,03_registro_sufragio.csv,Check-in de persona no habilitada,edad=17 estado_documento=vigente condicion_legal=normal habilitado=1,Verificar reglas de habilitación al momento del registro.,3
DET-SUF-02-000115,SUF-02,critica,Registro de sufragio,voter_id,V004034,03_registro_sufragio.csv,Check-in de persona no habilitada,edad=76 estado_documento=cancelado condicion_legal=normal habilitado=1,Verificar reglas de habilitación al momento del registro.,3
DET-SUF-02-000116,SUF-02,critica,Registro de sufragio,voter_id,V004138,03_registro_sufragio.csv,Check-in de persona no habilitada,edad=69 estado_documento=cancelado condicion_legal=normal habilitado=1,Verificar reglas de habilitación al momento del registro.,3
DET-SUF-02-000117,SUF-02,critica,Registro de sufragio,voter_id,V000486,03_registro_sufragio.csv,Check-in de persona no habilitada,edad=17 estado_documento=vigente condicion_legal=normal habilitado=1,Verificar reglas de habilitación al momento del registro.,3
DET-SUF-02-000118,SUF-02,critica,Registro de sufragio,voter_id,V004373,03_registro_sufragio.csv,Check-in de persona no habilitada,edad=52 estado_documento=vigente condicion_legal=fallecido habilitado=1,Verificar reglas de habilitación al momento del registro.,3
DET-SUF-02-000119,SUF-02,critica,Registro de sufragio,voter_id,V000045,03_registro_sufragio.csv,Check-in de persona no habilitada,edad=87 estado_documento=vigente condicion_legal=fallecido habilitado=1,Verificar reglas de habilitación al momento del registro.,3
DET-SUF-02-000120,SUF-02,critica,Registro de sufragio,voter_id,V000906,03_registro_sufragio.csv,Check-in de persona no habilitada,edad=17 estado_documento=vigente condicion_legal=normal habilitado=1,Verificar reglas de habilitación al momento del registro.,3
DET-SUF-02-000121,SUF-02,critica,Registro de sufragio,voter_id,V002808,03_registro_sufragio.csv,Check-in de persona no habilitada,edad=40 estado_documento=vigente condicion_legal=privado_libertad habilitado=1,Verificar reglas de habilitación al momento del registro.,3
DET-SUF-02-000122,SUF-02,critica,Registro de sufragio,voter_id,V003298,03_registro_sufragio.csv,Check-in de persona no habilitada,edad=78 estado_documento=cancelado condicion_legal=normal habilitado=1,Verificar reglas de habilitación al momento del registro.,3
DET-SUF-02-000123,SUF-02,critica,Registro de sufragio,voter_id,V000190,03_registro_sufragio.csv,Check-in de persona no habilitada,edad=80 estado_documento=vigente condicion_legal=fallecido habilitado=1,Verificar reglas de habilitación al momento del registro.,3
DET-SUF-02-000124,SUF-02,critica,Registro de sufragio,voter_id,V000095,03_registro_sufragio.csv,Check-in de persona no habilitada,edad=16 estado_documento=vigente condicion_legal=normal habilitado=1,Verificar reglas de habilitación al momento del registro.,3
DET-SUF-02-000125,SUF-02,critica,Registro de sufragio,voter_id,V001451,03_registro_sufragio.csv,Check-in de persona no habilitada,edad=17 estado_documento=vigente condicion_legal=normal habilitado=1,Verificar reglas de habilitación al momento del registro.,3
DET-SUF-02-000126,SUF-02,critica,Registro de sufragio,voter_id,V004704,03_registro_sufragio.csv,Check-in de persona no habilitada,edad=56 estado_documento=vigente condicion_legal=privado_libertad habilitado=1,Verificar reglas de habilitación al momento del registro.,3
DET-SUF-02-000127,SUF-02,critica,Registro de sufragio,voter_id,V001163,03_registro_sufragio.csv,Check-in de persona no habilitada,edad=65 estado_documento=vigente condicion_legal=fallecido habilitado=1,Verificar reglas de habilitación al momento del registro.,3
DET-SUF-02-000128,SUF-02,critica,Registro de sufragio,voter_id,V004391,03_registro_sufragio.csv,Check-in de persona no habilitada,edad=42 estado_documento=vigente condicion_legal=fallecido habilitado=1,Verificar reglas de habilitación al momento del registro.,3
DET-SUF-02-000129,SUF-02,critica,Registro de sufragio,voter_id,V001825,03_registro_sufragio.csv,Check-in de persona no habilitada,edad=85 estado_documento=cancelado condicion_legal=normal habilitado=1,Verificar reglas de habilitación al momento del registro.,3
DET-SUF-02-000130,SUF-02,critica,Registro de sufragio,voter_id,V000647,03_registro_sufragio.csv,Check-in de persona no habilitada,edad=55 estado_documento=vigente condicion_legal=fallecido habilitado=1,Verificar reglas de habilitación al momento del registro.,3
DET-SUF-02-000131,SUF-02,critica,Registro de sufragio,voter_id,V002499,03_registro_sufragio.csv,Check-in de persona no habilitada,edad=82 estado_documento=vigente condicion_legal=privado_libertad habilitado=1,Verificar reglas de habilitación al momento del registro.,3
DET-SUF-02-000132,SUF-02,critica,Registro de sufragio,voter_id,V002652,03_registro_sufragio.csv,Check-in de persona no habilitada,edad=48 estado_documento=cancelado condicion_legal=normal habilitado=1,Verificar reglas de habilitación al momento del registro.,3
DET-SUF-03-000133,SUF-03,alta,Registro de sufragio,suffrage_id,SUF-0000082,03_registro_sufragio.csv,Check-in fuera del horario electoral,"hora_checkin=18:15:00 fuera de [08:00:00, 16:00:00]",Auditar controles de ventana temporal de votación.,2
DET-SUF-03-000134,SUF-03,alta,Registro de sufragio,suffrage_id,SUF-0000167,03_registro_sufragio.csv,Check-in fuera del horario electoral,"hora_checkin=07:13:00 fuera de [08:00:00, 16:00:00]",Auditar controles de ventana temporal de votación.,2
DET-SUF-03-000135,SUF-03,alta,Registro de sufragio,suffrage_id,SUF-0000192,03_registro_sufragio.csv,Check-in fuera del horario electoral,"hora_checkin=17:57:00 fuera de [08:00:00, 16:00:00]",Auditar controles de ventana temporal de votación.,2
DET-SUF-03-000136,SUF-03,alta,Registro de sufragio,suffrage_id,SUF-0000249,03_registro_sufragio.csv,Check-in fuera del horario electoral,"hora_checkin=07:29:00 fuera de [08:00:00, 16:00:00]",Auditar controles de ventana temporal de votación.,2
DET-SUF-03-000137,SUF-03,alta,Registro de sufragio,suffrage_id,SUF-0000341,03_registro_sufragio.csv,Check-in fuera del horario electoral,"hora_checkin=07:18:00 fuera de [08:00:00, 16:00:00]",Auditar controles de ventana temporal de votación.,2
DET-SUF-03-000138,SUF-03,alta,Registro de sufragio,suffrage_id,SUF-0000389,03_registro_sufragio.csv,Check-in fuera del horario electoral,"hora_checkin=07:09:00 fuera de [08:00:00, 16:00:00]",Auditar controles de ventana temporal de votación.,2
DET-SUF-03-000139,SUF-03,alta,Registro de sufragio,suffrage_id,SUF-0000435,03_registro_sufragio.csv,Check-in fuera del horario electoral,"hora_checkin=07:05:00 fuera de [08:00:00, 16:00:00]",Auditar controles de ventana temporal de votación.,2
DET-SUF-03-000140,SUF-03,alta,Registro de sufragio,suffrage_id,SUF-0000461,03_registro_sufragio.csv,Check-in fuera del horario electoral,"hora_checkin=06:46:00 fuera de [08:00:00, 16:00:00]",Auditar controles de ventana temporal de votación.,2
DET-SUF-03-000141,SUF-03,alta,Registro de sufragio,suffrage_id,SUF-0000525,03_registro_sufragio.csv,Check-in fuera del horario electoral,"hora_checkin=07:50:00 fuera de [08:00:00, 16:00:00]",Auditar controles de ventana temporal de votación.,2
DET-SUF-03-000142,SUF-03,alta,Registro de sufragio,suffrage_id,SUF-0000586,03_registro_sufragio.csv,Check-in fuera del horario electoral,"hora_checkin=18:21:00 fuera de [08:00:00, 16:00:00]",Auditar controles de ventana temporal de votación.,2
DET-SUF-03-000143,SUF-03,alta,Registro de sufragio,suffrage_id,SUF-0000616,03_registro_sufragio.csv,Check-in fuera del horario electoral,"hora_checkin=18:00:00 fuera de [08:00:00, 16:00:00]",Auditar controles de ventana temporal de votación.,2
DET-SUF-03-000144,SUF-03,alta,Registro de sufragio,suffrage_id,SUF-0000622,03_registro_sufragio.csv,Check-in fuera del horario electoral,"hora_checkin=18:37:00 fuera de [08:00:00, 16:00:00]",Auditar controles de ventana temporal de votación.,2
DET-SUF-03-000145,SUF-03,alta,Registro de sufragio,suffrage_id,SUF-0000641,03_registro_sufragio.csv,Check-in fuera del horario electoral,"hora_checkin=07:45:00 fuera de [08:00:00, 16:00:00]",Auditar controles de ventana temporal de votación.,2
DET-SUF-03-000146,SUF-03,alta,Registro de sufragio,suffrage_id,SUF-0000708,03_registro_sufragio.csv,Check-in fuera del horario electoral,"hora_checkin=17:33:00 fuera de [08:00:00, 16:00:00]",Auditar controles de ventana temporal de votación.,2
DET-SUF-03-000147,SUF-03,alta,Registro de sufragio,suffrage_id,SUF-0000751,03_registro_sufragio.csv,Check-in fuera del horario electoral,"hora_checkin=06:14:00 fuera de [08:00:00, 16:00:00]",Auditar controles de ventana temporal de votación.,2
DET-SUF-03-000148,SUF-03,alta,Registro de sufragio,suffrage_id,SUF-0000830,03_registro_sufragio.csv,Check-in fuera del horario electoral,"hora_checkin=17:38:00 fuera de [08:00:00, 16:00:00]",Auditar controles de ventana temporal de votación.,2
DET-SUF-03-000149,SUF-03,alta,Registro de sufragio,suffrage_id,SUF-0000857,03_registro_sufragio.csv,Check-in fuera del horario electoral,"hora_checkin=06:39:00 fuera de [08:00:00, 16:00:00]",Auditar controles de ventana temporal de votación.,2
DET-SUF-03-000150,SUF-03,alta,Registro de sufragio,suffrage_id,SUF-0000893,03_registro_sufragio.csv,Check-in fuera del horario electoral,"hora_checkin=06:46:00 fuera de [08:00:00, 16:00:00]",Auditar controles de ventana temporal de votación.,2
DET-SUF-03-000151,SUF-03,alta,Registro de sufragio,suffrage_id,SUF-0000953,03_registro_sufragio.csv,Check-in fuera del horario electoral,"hora_checkin=06:32:00 fuera de [08:00:00, 16:00:00]",Auditar controles de ventana temporal de votación.,2
DET-SUF-03-000152,SUF-03,alta,Registro de sufragio,suffrage_id,SUF-0001009,03_registro_sufragio.csv,Check-in fuera del horario electoral,"hora_checkin=07:51:00 fuera de [08:00:00, 16:00:00]",Auditar controles de ventana temporal de votación.,2
DET-SUF-03-000153,SUF-03,alta,Registro de sufragio,suffrage_id,SUF-0001503,03_registro_sufragio.csv,Check-in fuera del horario electoral,"hora_checkin=07:47:00 fuera de [08:00:00, 16:00:00]",Auditar controles de ventana temporal de votación.,2
DET-SUF-03-000154,SUF-03,alta,Registro de sufragio,suffrage_id,SUF-0001508,03_registro_sufragio.csv,Check-in fuera del horario electoral,"hora_checkin=17:44:00 fuera de [08:00:00, 16:00:00]",Auditar controles de ventana temporal de votación.,2
DET-SUF-03-000155,SUF-03,alta,Registro de sufragio,suffrage_id,SUF-0001523,03_registro_sufragio.csv,Check-in fuera del horario electoral,"hora_checkin=06:58:00 fuera de [08:00:00, 16:00:00]",Auditar controles de ventana temporal de votación.,2
DET-SUF-03-000156,SUF-03,alta,Registro de sufragio,suffrage_id,SUF-0001569,03_registro_sufragio.csv,Check-in fuera del horario electoral,"hora_checkin=07:16:00 fuera de [08:00:00, 16:00:00]",Auditar controles de ventana temporal de votación.,2
DET-SUF-03-000157,SUF-03,alta,Registro de sufragio,suffrage_id,SUF-0001571,03_registro_sufragio.csv,Check-in fuera del horario electoral,"hora_checkin=07:04:00 fuera de [08:00:00, 16:00:00]",Auditar controles de ventana temporal de votación.,2
DET-SUF-03-000158,SUF-03,alta,Registro de sufragio,suffrage_id,SUF-0001599,03_registro_sufragio.csv,Check-in fuera del horario electoral,"hora_checkin=06:11:00 fuera de [08:00:00, 16:00:00]",Auditar controles de ventana temporal de votación.,2
DET-SUF-03-000159,SUF-03,alta,Registro de sufragio,suffrage_id,SUF-0001655,03_registro_sufragio.csv,Check-in fuera del horario electoral,"hora_checkin=06:08:00 fuera de [08:00:00, 16:00:00]",Auditar controles de ventana temporal de votación.,2
DET-SUF-03-000160,SUF-03,alta,Registro de sufragio,suffrage_id,SUF-0001760,03_registro_sufragio.csv,Check-in fuera del horario electoral,"hora_checkin=18:38:00 fuera de [08:00:00, 16:00:00]",Auditar controles de ventana temporal de votación.,2
DET-SUF-03-000161,SUF-03,alta,Registro de sufragio,suffrage_id,SUF-0001763,03_registro_sufragio.csv,Check-in fuera del horario electoral,"hora_checkin=06:10:00 fuera de [08:00:00, 16:00:00]",Auditar controles de ventana temporal de votación.,2
DET-SUF-03-000162,SUF-03,alta,Registro de sufragio,suffrage_id,SUF-0001765,03_registro_sufragio.csv,Check-in fuera del horario electoral,"hora_checkin=06:28:00 fuera de [08:00:00, 16:00:00]",Auditar controles de ventana temporal de votación.,2
DET-SUF-03-000163,SUF-03,alta,Registro de sufragio,suffrage_id,SUF-0001786,03_registro_sufragio.csv,Check-in fuera del horario electoral,"hora_checkin=16:47:00 fuera de [08:00:00, 16:00:00]",Auditar controles de ventana temporal de votación.,2
DET-SUF-03-000164,SUF-03,alta,Registro de sufragio,suffrage_id,SUF-0001802,03_registro_sufragio.csv,Check-in fuera del horario electoral,"hora_checkin=16:03:00 fuera de [08:00:00, 16:00:00]",Auditar controles de ventana temporal de votación.,2
DET-SUF-03-000165,SUF-03,alta,Registro de sufragio,suffrage_id,SUF-0001804,03_registro_sufragio.csv,Check-in fuera del horario electoral,"hora_checkin=16:32:00 fuera de [08:00:00, 16:00:00]",Auditar controles de ventana temporal de votación.,2
DET-SUF-03-000166,SUF-03,alta,Registro de sufragio,suffrage_id,SUF-0001841,03_registro_sufragio.csv,Check-in fuera del horario electoral,"hora_checkin=06:56:00 fuera de [08:00:00, 16:00:00]",Auditar controles de ventana temporal de votación.,2
DET-SUF-03-000167,SUF-03,alta,Registro de sufragio,suffrage_id,SUF-0001869,03_registro_sufragio.csv,Check-in fuera del horario electoral,"hora_checkin=06:43:00 fuera de [08:00:00, 16:00:00]",Auditar controles de ventana temporal de votación.,2
DET-SUF-03-000168,SUF-03,alta,Registro de sufragio,suffrage_id,SUF-0001903,03_registro_sufragio.csv,Check-in fuera del horario electoral,"hora_checkin=06:15:00 fuera de [08:00:00, 16:00:00]",Auditar controles de ventana temporal de votación.,2
DET-SUF-03-000169,SUF-03,alta,Registro de sufragio,suffrage_id,SUF-0001937,03_registro_sufragio.csv,Check-in fuera del horario electoral,"hora_checkin=07:06:00 fuera de [08:00:00, 16:00:00]",Auditar controles de ventana temporal de votación.,2
DET-SUF-03-000170,SUF-03,alta,Registro de sufragio,suffrage_id,SUF-0001946,03_registro_sufragio.csv,Check-in fuera del horario electoral,"hora_checkin=16:29:00 fuera de [08:00:00, 16:00:00]",Auditar controles de ventana temporal de votación.,2
DET-SUF-03-000171,SUF-03,alta,Registro de sufragio,suffrage_id,SUF-0001952,03_registro_sufragio.csv,Check-in fuera del horario electoral,"hora_checkin=17:33:00 fuera de [08:00:00, 16:00:00]",Auditar controles de ventana temporal de votación.,2
DET-SUF-03-000172,SUF-03,alta,Registro de sufragio,suffrage_id,SUF-0001982,03_registro_sufragio.csv,Check-in fuera del horario electoral,"hora_checkin=18:42:00 fuera de [08:00:00, 16:00:00]",Auditar controles de ventana temporal de votación.,2
DET-SUF-03-000173,SUF-03,alta,Registro de sufragio,suffrage_id,SUF-0001993,03_registro_sufragio.csv,Check-in fuera del horario electoral,"hora_checkin=07:58:00 fuera de [08:00:00, 16:00:00]",Auditar controles de ventana temporal de votación.,2
DET-SUF-03-000174,SUF-03,alta,Registro de sufragio,suffrage_id,SUF-0002038,03_registro_sufragio.csv,Check-in fuera del horario electoral,"hora_checkin=18:22:00 fuera de [08:00:00, 16:00:00]",Auditar controles de ventana temporal de votación.,2
DET-SUF-03-000175,SUF-03,alta,Registro de sufragio,suffrage_id,SUF-0002039,03_registro_sufragio.csv,Check-in fuera del horario electoral,"hora_checkin=06:32:00 fuera de [08:00:00, 16:00:00]",Auditar controles de ventana temporal de votación.,2
DET-SUF-03-000176,SUF-03,alta,Registro de sufragio,suffrage_id,SUF-0002049,03_registro_sufragio.csv,Check-in fuera del horario electoral,"hora_checkin=06:28:00 fuera de [08:00:00, 16:00:00]",Auditar controles de ventana temporal de votación.,2
DET-SUF-03-000177,SUF-03,alta,Registro de sufragio,suffrage_id,SUF-0002157,03_registro_sufragio.csv,Check-in fuera del horario electoral,"hora_checkin=07:04:00 fuera de [08:00:00, 16:00:00]",Auditar controles de ventana temporal de votación.,2
DET-SUF-03-000178,SUF-03,alta,Registro de sufragio,suffrage_id,SUF-0002184,03_registro_sufragio.csv,Check-in fuera del horario electoral,"hora_checkin=17:39:00 fuera de [08:00:00, 16:00:00]",Auditar controles de ventana temporal de votación.,2
DET-SUF-03-000179,SUF-03,alta,Registro de sufragio,suffrage_id,SUF-0002278,03_registro_sufragio.csv,Check-in fuera del horario electoral,"hora_checkin=16:30:00 fuera de [08:00:00, 16:00:00]",Auditar controles de ventana temporal de votación.,2
DET-SUF-03-000180,SUF-03,alta,Registro de sufragio,suffrage_id,SUF-0002289,03_registro_sufragio.csv,Check-in fuera del horario electoral,"hora_checkin=07:44:00 fuera de [08:00:00, 16:00:00]",Auditar controles de ventana temporal de votación.,2
DET-SUF-03-000181,SUF-03,alta,Registro de sufragio,suffrage_id,SUF-0002412,03_registro_sufragio.csv,Check-in fuera del horario electoral,"hora_checkin=16:06:00 fuera de [08:00:00, 16:00:00]",Auditar controles de ventana temporal de votación.,2
DET-SUF-03-000182,SUF-03,alta,Registro de sufragio,suffrage_id,SUF-0002435,03_registro_sufragio.csv,Check-in fuera del horario electoral,"hora_checkin=07:54:00 fuera de [08:00:00, 16:00:00]",Auditar controles de ventana temporal de votación.,2
DET-SUF-03-000183,SUF-03,alta,Registro de sufragio,suffrage_id,SUF-0002476,03_registro_sufragio.csv,Check-in fuera del horario electoral,"hora_checkin=17:37:00 fuera de [08:00:00, 16:00:00]",Auditar controles de ventana temporal de votación.,2
DET-SUF-03-000184,SUF-03,alta,Registro de sufragio,suffrage_id,SUF-0002481,03_registro_sufragio.csv,Check-in fuera del horario electoral,"hora_checkin=07:18:00 fuera de [08:00:00, 16:00:00]",Auditar controles de ventana temporal de votación.,2
DET-SUF-03-000185,SUF-03,alta,Registro de sufragio,suffrage_id,SUF-0002509,03_registro_sufragio.csv,Check-in fuera del horario electoral,"hora_checkin=06:29:00 fuera de [08:00:00, 16:00:00]",Auditar controles de ventana temporal de votación.,2
DET-SUF-03-000186,SUF-03,alta,Registro de sufragio,suffrage_id,SUF-0002546,03_registro_sufragio.csv,Check-in fuera del horario electoral,"hora_checkin=17:51:00 fuera de [08:00:00, 16:00:00]",Auditar controles de ventana temporal de votación.,2
DET-SUF-03-000187,SUF-03,alta,Registro de sufragio,suffrage_id,SUF-0002711,03_registro_sufragio.csv,Check-in fuera del horario electoral,"hora_checkin=07:40:00 fuera de [08:00:00, 16:00:00]",Auditar controles de ventana temporal de votación.,2
DET-SUF-03-000188,SUF-03,alta,Registro de sufragio,suffrage_id,SUF-0002728,03_registro_sufragio.csv,Check-in fuera del horario electoral,"hora_checkin=18:50:00 fuera de [08:00:00, 16:00:00]",Auditar controles de ventana temporal de votación.,2
DET-SUF-03-000189,SUF-03,alta,Registro de sufragio,suffrage_id,SUF-0002825,03_registro_sufragio.csv,Check-in fuera del horario electoral,"hora_checkin=07:31:00 fuera de [08:00:00, 16:00:00]",Auditar controles de ventana temporal de votación.,2
DET-SUF-03-000190,SUF-03,alta,Registro de sufragio,suffrage_id,SUF-0002844,03_registro_sufragio.csv,Check-in fuera del horario electoral,"hora_checkin=16:01:00 fuera de [08:00:00, 16:00:00]",Auditar controles de ventana temporal de votación.,2
DET-SUF-03-000191,SUF-03,alta,Registro de sufragio,suffrage_id,SUF-0003059,03_registro_sufragio.csv,Check-in fuera del horario electoral,"hora_checkin=07:20:00 fuera de [08:00:00, 16:00:00]",Auditar controles de ventana temporal de votación.,2
DET-SUF-03-000192,SUF-03,alta,Registro de sufragio,suffrage_id,SUF-0003060,03_registro_sufragio.csv,Check-in fuera del horario electoral,"hora_checkin=18:44:00 fuera de [08:00:00, 16:00:00]",Auditar controles de ventana temporal de votación.,2
DET-SUF-03-000193,SUF-03,alta,Registro de sufragio,suffrage_id,SUF-0003099,03_registro_sufragio.csv,Check-in fuera del horario electoral,"hora_checkin=06:54:00 fuera de [08:00:00, 16:00:00]",Auditar controles de ventana temporal de votación.,2
DET-SUF-03-000194,SUF-03,alta,Registro de sufragio,suffrage_id,SUF-0003105,03_registro_sufragio.csv,Check-in fuera del horario electoral,"hora_checkin=07:52:00 fuera de [08:00:00, 16:00:00]",Auditar controles de ventana temporal de votación.,2
DET-SUF-03-000195,SUF-03,alta,Registro de sufragio,suffrage_id,SUF-0003111,03_registro_sufragio.csv,Check-in fuera del horario electoral,"hora_checkin=07:09:00 fuera de [08:00:00, 16:00:00]",Auditar controles de ventana temporal de votación.,2
DET-SUF-03-000196,SUF-03,alta,Registro de sufragio,suffrage_id,SUF-0003118,03_registro_sufragio.csv,Check-in fuera del horario electoral,"hora_checkin=18:26:00 fuera de [08:00:00, 16:00:00]",Auditar controles de ventana temporal de votación.,2
DET-SUF-03-000197,SUF-03,alta,Registro de sufragio,suffrage_id,SUF-0003145,03_registro_sufragio.csv,Check-in fuera del horario electoral,"hora_checkin=07:41:00 fuera de [08:00:00, 16:00:00]",Auditar controles de ventana temporal de votación.,2
DET-SUF-03-000198,SUF-03,alta,Registro de sufragio,suffrage_id,SUF-0003166,03_registro_sufragio.csv,Check-in fuera del horario electoral,"hora_checkin=18:01:00 fuera de [08:00:00, 16:00:00]",Auditar controles de ventana temporal de votación.,2
DET-SUF-03-000199,SUF-03,alta,Registro de sufragio,suffrage_id,SUF-0003365,03_registro_sufragio.csv,Check-in fuera del horario electoral,"hora_checkin=06:46:00 fuera de [08:00:00, 16:00:00]",Auditar controles de ventana temporal de votación.,2
DET-SUF-03-000200,SUF-03,alta,Registro de sufragio,suffrage_id,SUF-0003387,03_registro_sufragio.csv,Check-in fuera del horario electoral,"hora_checkin=07:19:00 fuera de [08:00:00, 16:00:00]",Auditar controles de ventana temporal de votación.,2
DET-SUF-04-000201,SUF-04,alta,Registro de sufragio,usuario_id,USR-0010,03_registro_sufragio.csv,Operador con concentración anómala de registros,checkins_operador=460,Evaluar distribución operativa y posible abuso de cuenta.,2
DET-MAN-01-000001,MAN-01,alta,Escrutinio manual,ballot_id,BAL-0000009,04_clasificacion_votos_manual.csv,Voto válido declarado inválido,objetiva=valido; jurado=invalido,Revisar muestras de clasificación y capacitación de jurados.,2
DET-MAN-01-000002,MAN-01,alta,Escrutinio manual,ballot_id,BAL-0000019,04_clasificacion_votos_manual.csv,Voto válido declarado inválido,objetiva=valido; jurado=invalido,Revisar muestras de clasificación y capacitación de jurados.,2
DET-MAN-01-000003,MAN-01,alta,Escrutinio manual,ballot_id,BAL-0000052,04_clasificacion_votos_manual.csv,Voto válido declarado inválido,objetiva=valido; jurado=invalido,Revisar muestras de clasificación y capacitación de jurados.,2
DET-MAN-01-000004,MAN-01,alta,Escrutinio manual,ballot_id,BAL-0000105,04_clasificacion_votos_manual.csv,Voto válido declarado inválido,objetiva=valido; jurado=invalido,Revisar muestras de clasificación y capacitación de jurados.,2
DET-MAN-01-000005,MAN-01,alta,Escrutinio manual,ballot_id,BAL-0000161,04_clasificacion_votos_manual.csv,Voto válido declarado inválido,objetiva=valido; jurado=invalido,Revisar muestras de clasificación y capacitación de jurados.,2
DET-MAN-01-000006,MAN-01,alta,Escrutinio manual,ballot_id,BAL-0000164,04_clasificacion_votos_manual.csv,Voto válido declarado inválido,objetiva=valido; jurado=invalido,Revisar muestras de clasificación y capacitación de jurados.,2
DET-MAN-01-000007,MAN-01,alta,Escrutinio manual,ballot_id,BAL-0000232,04_clasificacion_votos_manual.csv,Voto válido declarado inválido,objetiva=valido; jurado=invalido,Revisar muestras de clasificación y capacitación de jurados.,2
DET-MAN-01-000008,MAN-01,alta,Escrutinio manual,ballot_id,BAL-0000239,04_clasificacion_votos_manual.csv,Voto válido declarado inválido,objetiva=valido; jurado=invalido,Revisar muestras de clasificación y capacitación de jurados.,2
DET-MAN-01-000009,MAN-01,alta,Escrutinio manual,ballot_id,BAL-0000280,04_clasificacion_votos_manual.csv,Voto válido declarado inválido,objetiva=valido; jurado=invalido,Revisar muestras de clasificación y capacitación de jurados.,2
DET-MAN-01-000010,MAN-01,alta,Escrutinio manual,ballot_id,BAL-0000288,04_clasificacion_votos_manual.csv,Voto válido declarado inválido,objetiva=valido; jurado=invalido,Revisar muestras de clasificación y capacitación de jurados.,2
DET-MAN-01-000011,MAN-01,alta,Escrutinio manual,ballot_id,BAL-0000315,04_clasificacion_votos_manual.csv,Voto válido declarado inválido,objetiva=valido; jurado=invalido,Revisar muestras de clasificación y capacitación de jurados.,2
DET-MAN-01-000012,MAN-01,alta,Escrutinio manual,ballot_id,BAL-0000317,04_clasificacion_votos_manual.csv,Voto válido declarado inválido,objetiva=valido; jurado=invalido,Revisar muestras de clasificación y capacitación de jurados.,2
DET-MAN-01-000013,MAN-01,alta,Escrutinio manual,ballot_id,BAL-0000359,04_clasificacion_votos_manual.csv,Voto válido declarado inválido,objetiva=valido; jurado=invalido,Revisar muestras de clasificación y capacitación de jurados.,2
DET-MAN-01-000014,MAN-01,alta,Escrutinio manual,ballot_id,BAL-0000362,04_clasificacion_votos_manual.csv,Voto válido declarado inválido,objetiva=valido; jurado=invalido,Revisar muestras de clasificación y capacitación de jurados.,2
DET-MAN-01-000015,MAN-01,alta,Escrutinio manual,ballot_id,BAL-0000415,04_clasificacion_votos_manual.csv,Voto válido declarado inválido,objetiva=valido; jurado=invalido,Revisar muestras de clasificación y capacitación de jurados.,2
DET-MAN-01-000016,MAN-01,alta,Escrutinio manual,ballot_id,BAL-0000450,04_clasificacion_votos_manual.csv,Voto válido declarado inválido,objetiva=valido; jurado=invalido,Revisar muestras de clasificación y capacitación de jurados.,2
DET-MAN-01-000017,MAN-01,alta,Escrutinio manual,ballot_id,BAL-0000454,04_clasificacion_votos_manual.csv,Voto válido declarado inválido,objetiva=valido; jurado=invalido,Revisar muestras de clasificación y capacitación de jurados.,2
DET-MAN-01-000018,MAN-01,alta,Escrutinio manual,ballot_id,BAL-0000457,04_clasificacion_votos_manual.csv,Voto válido declarado inválido,objetiva=valido; jurado=invalido,Revisar muestras de clasificación y capacitación de jurados.,2
DET-MAN-01-000019,MAN-01,alta,Escrutinio manual,ballot_id,BAL-0000461,04_clasificacion_votos_manual.csv,Voto válido declarado inválido,objetiva=valido; jurado=invalido,Revisar muestras de clasificación y capacitación de jurados.,2
DET-MAN-01-000020,MAN-01,alta,Escrutinio manual,ballot_id,BAL-0000465,04_clasificacion_votos_manual.csv,Voto válido declarado inválido,objetiva=valido; jurado=invalido,Revisar muestras de clasificación y capacitación de jurados.,2
DET-MAN-01-000021,MAN-01,alta,Escrutinio manual,ballot_id,BAL-0000467,04_clasificacion_votos_manual.csv,Voto válido declarado inválido,objetiva=valido; jurado=invalido,Revisar muestras de clasificación y capacitación de jurados.,2
DET-MAN-01-000022,MAN-01,alta,Escrutinio manual,ballot_id,BAL-0000471,04_clasificacion_votos_manual.csv,Voto válido declarado inválido,objetiva=valido; jurado=invalido,Revisar muestras de clasificación y capacitación de jurados.,2
DET-MAN-01-000023,MAN-01,alta,Escrutinio manual,ballot_id,BAL-0000483,04_clasificacion_votos_manual.csv,Voto válido declarado inválido,objetiva=valido; jurado=invalido,Revisar muestras de clasificación y capacitación de jurados.,2
DET-MAN-01-000024,MAN-01,alta,Escrutinio manual,ballot_id,BAL-0000537,04_clasificacion_votos_manual.csv,Voto válido declarado inválido,objetiva=valido; jurado=invalido,Revisar muestras de clasificación y capacitación de jurados.,2
DET-MAN-01-000025,MAN-01,alta,Escrutinio manual,ballot_id,BAL-0000540,04_clasificacion_votos_manual.csv,Voto válido declarado inválido,objetiva=valido; jurado=invalido,Revisar muestras de clasificación y capacitación de jurados.,2
DET-MAN-01-000026,MAN-01,alta,Escrutinio manual,ballot_id,BAL-0000573,04_clasificacion_votos_manual.csv,Voto válido declarado inválido,objetiva=valido; jurado=invalido,Revisar muestras de clasificación y capacitación de jurados.,2
DET-MAN-01-000027,MAN-01,alta,Escrutinio manual,ballot_id,BAL-0000579,04_clasificacion_votos_manual.csv,Voto válido declarado inválido,objetiva=valido; jurado=invalido,Revisar muestras de clasificación y capacitación de jurados.,2
DET-MAN-01-000028,MAN-01,alta,Escrutinio manual,ballot_id,BAL-0000586,04_clasificacion_votos_manual.csv,Voto válido declarado inválido,objetiva=valido; jurado=invalido,Revisar muestras de clasificación y capacitación de jurados.,2
DET-MAN-01-000029,MAN-01,alta,Escrutinio manual,ballot_id,BAL-0000612,04_clasificacion_votos_manual.csv,Voto válido declarado inválido,objetiva=valido; jurado=invalido,Revisar muestras de clasificación y capacitación de jurados.,2
DET-MAN-01-000030,MAN-01,alta,Escrutinio manual,ballot_id,BAL-0000626,04_clasificacion_votos_manual.csv,Voto válido declarado inválido,objetiva=valido; jurado=invalido,Revisar muestras de clasificación y capacitación de jurados.,2
DET-MAN-01-000031,MAN-01,alta,Escrutinio manual,ballot_id,BAL-0000627,04_clasificacion_votos_manual.csv,Voto válido declarado inválido,objetiva=valido; jurado=invalido,Revisar muestras de clasificación y capacitación de jurados.,2
DET-MAN-01-000032,MAN-01,alta,Escrutinio manual,ballot_id,BAL-0000642,04_clasificacion_votos_manual.csv,Voto válido declarado inválido,objetiva=valido; jurado=invalido,Revisar muestras de clasificación y capacitación de jurados.,2
DET-MAN-01-000033,MAN-01,alta,Escrutinio manual,ballot_id,BAL-0000660,04_clasificacion_votos_manual.csv,Voto válido declarado inválido,objetiva=valido; jurado=invalido,Revisar muestras de clasificación y capacitación de jurados.,2
DET-MAN-01-000034,MAN-01,alta,Escrutinio manual,ballot_id,BAL-0000667,04_clasificacion_votos_manual.csv,Voto válido declarado inválido,objetiva=valido; jurado=invalido,Revisar muestras de clasificación y capacitación de jurados.,2
DET-MAN-01-000035,MAN-01,alta,Escrutinio manual,ballot_id,BAL-0000672,04_clasificacion_votos_manual.csv,Voto válido declarado inválido,objetiva=valido; jurado=invalido,Revisar muestras de clasificación y capacitación de jurados.,2
DET-MAN-01-000036,MAN-01,alta,Escrutinio manual,ballot_id,BAL-0000677,04_clasificacion_votos_manual.csv,Voto válido declarado inválido,objetiva=valido; jurado=invalido,Revisar muestras de clasificación y capacitación de jurados.,2
DET-MAN-01-000037,MAN-01,alta,Escrutinio manual,ballot_id,BAL-0000777,04_clasificacion_votos_manual.csv,Voto válido declarado inválido,objetiva=valido; jurado=invalido,Revisar muestras de clasificación y capacitación de jurados.,2
DET-MAN-01-000038,MAN-01,alta,Escrutinio manual,ballot_id,BAL-0000779,04_clasificacion_votos_manual.csv,Voto válido declarado inválido,objetiva=valido; jurado=invalido,Revisar muestras de clasificación y capacitación de jurados.,2
DET-MAN-01-000039,MAN-01,alta,Escrutinio manual,ballot_id,BAL-0000792,04_clasificacion_votos_manual.csv,Voto válido declarado inválido,objetiva=valido; jurado=invalido,Revisar muestras de clasificación y capacitación de jurados.,2
DET-MAN-01-000040,MAN-01,alta,Escrutinio manual,ballot_id,BAL-0000824,04_clasificacion_votos_manual.csv,Voto válido declarado inválido,objetiva=valido; jurado=invalido,Revisar muestras de clasificación y capacitación de jurados.,2
DET-MAN-01-000041,MAN-01,alta,Escrutinio manual,ballot_id,BAL-0000851,04_clasificacion_votos_manual.csv,Voto válido declarado inválido,objetiva=valido; jurado=invalido,Revisar muestras de clasificación y capacitación de jurados.,2
DET-MAN-01-000042,MAN-01,alta,Escrutinio manual,ballot_id,BAL-0000865,04_clasificacion_votos_manual.csv,Voto válido declarado inválido,objetiva=valido; jurado=invalido,Revisar muestras de clasificación y capacitación de jurados.,2
DET-MAN-01-000043,MAN-01,alta,Escrutinio manual,ballot_id,BAL-0000870,04_clasificacion_votos_manual.csv,Voto válido declarado inválido,objetiva=valido; jurado=invalido,Revisar muestras de clasificación y capacitación de jurados.,2
DET-MAN-01-000044,MAN-01,alta,Escrutinio manual,ballot_id,BAL-0000873,04_clasificacion_votos_manual.csv,Voto válido declarado inválido,objetiva=valido; jurado=invalido,Revisar muestras de clasificación y capacitación de jurados.,2
DET-MAN-01-000045,MAN-01,alta,Escrutinio manual,ballot_id,BAL-0000885,04_clasificacion_votos_manual.csv,Voto válido declarado inválido,objetiva=valido; jurado=invalido,Revisar muestras de clasificación y capacitación de jurados.,2
DET-MAN-01-000046,MAN-01,alta,Escrutinio manual,ballot_id,BAL-0000888,04_clasificacion_votos_manual.csv,Voto válido declarado inválido,objetiva=valido; jurado=invalido,Revisar muestras de clasificación y capacitación de jurados.,2
DET-MAN-01-000047,MAN-01,alta,Escrutinio manual,ballot_id,BAL-0000904,04_clasificacion_votos_manual.csv,Voto válido declarado inválido,objetiva=valido; jurado=invalido,Revisar muestras de clasificación y capacitación de jurados.,2
DET-MAN-01-000048,MAN-01,alta,Escrutinio manual,ballot_id,BAL-0000931,04_clasificacion_votos_manual.csv,Voto válido declarado inválido,objetiva=valido; jurado=invalido,Revisar muestras de clasificación y capacitación de jurados.,2
DET-MAN-01-000049,MAN-01,alta,Escrutinio manual,ballot_id,BAL-0000932,04_clasificacion_votos_manual.csv,Voto válido declarado inválido,objetiva=valido; jurado=invalido,Revisar muestras de clasificación y capacitación de jurados.,2
DET-MAN-01-000050,MAN-01,alta,Escrutinio manual,ballot_id,BAL-0000981,04_clasificacion_votos_manual.csv,Voto válido declarado inválido,objetiva=valido; jurado=invalido,Revisar muestras de clasificación y capacitación de jurados.,2
DET-MAN-01-000051,MAN-01,alta,Escrutinio manual,ballot_id,BAL-0000993,04_clasificacion_votos_manual.csv,Voto válido declarado inválido,objetiva=valido; jurado=invalido,Revisar muestras de clasificación y capacitación de jurados.,2
DET-MAN-01-000052,MAN-01,alta,Escrutinio manual,ballot_id,BAL-0001045,04_clasificacion_votos_manual.csv,Voto válido declarado inválido,objetiva=valido; jurado=invalido,Revisar muestras de clasificación y capacitación de jurados.,2
DET-MAN-01-000053,MAN-01,alta,Escrutinio manual,ballot_id,BAL-0001118,04_clasificacion_votos_manual.csv,Voto válido declarado inválido,objetiva=valido; jurado=invalido,Revisar muestras de clasificación y capacitación de jurados.,2
DET-MAN-01-000054,MAN-01,alta,Escrutinio manual,ballot_id,BAL-0001138,04_clasificacion_votos_manual.csv,Voto válido declarado inválido,objetiva=valido; jurado=invalido,Revisar muestras de clasificación y capacitación de jurados.,2
DET-MAN-01-000055,MAN-01,alta,Escrutinio manual,ballot_id,BAL-0001145,04_clasificacion_votos_manual.csv,Voto válido declarado inválido,objetiva=valido; jurado=invalido,Revisar muestras de clasificación y capacitación de jurados.,2
DET-MAN-01-000056,MAN-01,alta,Escrutinio manual,ballot_id,BAL-0001180,04_clasificacion_votos_manual.csv,Voto válido declarado inválido,objetiva=valido; jurado=invalido,Revisar muestras de clasificación y capacitación de jurados.,2
DET-MAN-01-000057,MAN-01,alta,Escrutinio manual,ballot_id,BAL-0001231,04_clasificacion_votos_manual.csv,Voto válido declarado inválido,objetiva=valido; jurado=invalido,Revisar muestras de clasificación y capacitación de jurados.,2
DET-MAN-01-000058,MAN-01,alta,Escrutinio manual,ballot_id,BAL-0001249,04_clasificacion_votos_manual.csv,Voto válido declarado inválido,objetiva=valido; jurado=invalido,Revisar muestras de clasificación y capacitación de jurados.,2
DET-MAN-01-000059,MAN-01,alta,Escrutinio manual,ballot_id,BAL-0001269,04_clasificacion_votos_manual.csv,Voto válido declarado inválido,objetiva=valido; jurado=invalido,Revisar muestras de clasificación y capacitación de jurados.,2
DET-MAN-01-000060,MAN-01,alta,Escrutinio manual,ballot_id,BAL-0001290,04_clasificacion_votos_manual.csv,Voto válido declarado inválido,objetiva=valido; jurado=invalido,Revisar muestras de clasificación y capacitación de jurados.,2
DET-MAN-01-000061,MAN-01,alta,Escrutinio manual,ballot_id,BAL-0001291,04_clasificacion_votos_manual.csv,Voto válido declarado inválido,objetiva=valido; jurado=invalido,Revisar muestras de clasificación y capacitación de jurados.,2
DET-MAN-01-000062,MAN-01,alta,Escrutinio manual,ballot_id,BAL-0001293,04_clasificacion_votos_manual.csv,Voto válido declarado inválido,objetiva=valido; jurado=invalido,Revisar muestras de clasificación y capacitación de jurados.,2
DET-MAN-01-000063,MAN-01,alta,Escrutinio manual,ballot_id,BAL-0001319,04_clasificacion_votos_manual.csv,Voto válido declarado inválido,objetiva=valido; jurado=invalido,Revisar muestras de clasificación y capacitación de jurados.,2
DET-MAN-01-000064,MAN-01,alta,Escrutinio manual,ballot_id,BAL-0001373,04_clasificacion_votos_manual.csv,Voto válido declarado inválido,objetiva=valido; jurado=invalido,Revisar muestras de clasificación y capacitación de jurados.,2
DET-MAN-01-000065,MAN-01,alta,Escrutinio manual,ballot_id,BAL-0001376,04_clasificacion_votos_manual.csv,Voto válido declarado inválido,objetiva=valido; jurado=invalido,Revisar muestras de clasificación y capacitación de jurados.,2
DET-MAN-01-000066,MAN-01,alta,Escrutinio manual,ballot_id,BAL-0001401,04_clasificacion_votos_manual.csv,Voto válido declarado inválido,objetiva=valido; jurado=invalido,Revisar muestras de clasificación y capacitación de jurados.,2
DET-MAN-01-000067,MAN-01,alta,Escrutinio manual,ballot_id,BAL-0001406,04_clasificacion_votos_manual.csv,Voto válido declarado inválido,objetiva=valido; jurado=invalido,Revisar muestras de clasificación y capacitación de jurados.,2
DET-MAN-01-000068,MAN-01,alta,Escrutinio manual,ballot_id,BAL-0001410,04_clasificacion_votos_manual.csv,Voto válido declarado inválido,objetiva=valido; jurado=invalido,Revisar muestras de clasificación y capacitación de jurados.,2
DET-MAN-01-000069,MAN-01,alta,Escrutinio manual,ballot_id,BAL-0001426,04_clasificacion_votos_manual.csv,Voto válido declarado inválido,objetiva=valido; jurado=invalido,Revisar muestras de clasificación y capacitación de jurados.,2
DET-MAN-01-000070,MAN-01,alta,Escrutinio manual,ballot_id,BAL-0001432,04_clasificacion_votos_manual.csv,Voto válido declarado inválido,objetiva=valido; jurado=invalido,Revisar muestras de clasificación y capacitación de jurados.,2
DET-MAN-01-000071,MAN-01,alta,Escrutinio manual,ballot_id,BAL-0001448,04_clasificacion_votos_manual.csv,Voto válido declarado inválido,objetiva=valido; jurado=invalido,Revisar muestras de clasificación y capacitación de jurados.,2
DET-MAN-01-000072,MAN-01,alta,Escrutinio manual,ballot_id,BAL-0001473,04_clasificacion_votos_manual.csv,Voto válido declarado inválido,objetiva=valido; jurado=invalido,Revisar muestras de clasificación y capacitación de jurados.,2
DET-MAN-01-000073,MAN-01,alta,Escrutinio manual,ballot_id,BAL-0001509,04_clasificacion_votos_manual.csv,Voto válido declarado inválido,objetiva=valido; jurado=invalido,Revisar muestras de clasificación y capacitación de jurados.,2
DET-MAN-01-000074,MAN-01,alta,Escrutinio manual,ballot_id,BAL-0001552,04_clasificacion_votos_manual.csv,Voto válido declarado inválido,objetiva=valido; jurado=invalido,Revisar muestras de clasificación y capacitación de jurados.,2
DET-MAN-01-000075,MAN-01,alta,Escrutinio manual,ballot_id,BAL-0001559,04_clasificacion_votos_manual.csv,Voto válido declarado inválido,objetiva=valido; jurado=invalido,Revisar muestras de clasificación y capacitación de jurados.,2
DET-MAN-01-000076,MAN-01,alta,Escrutinio manual,ballot_id,BAL-0001563,04_clasificacion_votos_manual.csv,Voto válido declarado inválido,objetiva=valido; jurado=invalido,Revisar muestras de clasificación y capacitación de jurados.,2
DET-MAN-01-000077,MAN-01,alta,Escrutinio manual,ballot_id,BAL-0001578,04_clasificacion_votos_manual.csv,Voto válido declarado inválido,objetiva=valido; jurado=invalido,Revisar muestras de clasificación y capacitación de jurados.,2
DET-MAN-01-000078,MAN-01,alta,Escrutinio manual,ballot_id,BAL-0001620,04_clasificacion_votos_manual.csv,Voto válido declarado inválido,objetiva=valido; jurado=invalido,Revisar muestras de clasificación y capacitación de jurados.,2
DET-MAN-01-000079,MAN-01,alta,Escrutinio manual,ballot_id,BAL-0001638,04_clasificacion_votos_manual.csv,Voto válido declarado inválido,objetiva=valido; jurado=invalido,Revisar muestras de clasificación y capacitación de jurados.,2
DET-MAN-01-000080,MAN-01,alta,Escrutinio manual,ballot_id,BAL-0001658,04_clasificacion_votos_manual.csv,Voto válido declarado inválido,objetiva=valido; jurado=invalido,Revisar muestras de clasificación y capacitación de jurados.,2
DET-MAN-01-000081,MAN-01,alta,Escrutinio manual,ballot_id,BAL-0001666,04_clasificacion_votos_manual.csv,Voto válido declarado inválido,objetiva=valido; jurado=invalido,Revisar muestras de clasificación y capacitación de jurados.,2
DET-MAN-01-000082,MAN-01,alta,Escrutinio manual,ballot_id,BAL-0001675,04_clasificacion_votos_manual.csv,Voto válido declarado inválido,objetiva=valido; jurado=invalido,Revisar muestras de clasificación y capacitación de jurados.,2
DET-MAN-01-000083,MAN-01,alta,Escrutinio manual,ballot_id,BAL-0001684,04_clasificacion_votos_manual.csv,Voto válido declarado inválido,objetiva=valido; jurado=invalido,Revisar muestras de clasificación y capacitación de jurados.,2
DET-MAN-01-000084,MAN-01,alta,Escrutinio manual,ballot_id,BAL-0001692,04_clasificacion_votos_manual.csv,Voto válido declarado inválido,objetiva=valido; jurado=invalido,Revisar muestras de clasificación y capacitación de jurados.,2
DET-MAN-01-000085,MAN-01,alta,Escrutinio manual,ballot_id,BAL-0001735,04_clasificacion_votos_manual.csv,Voto válido declarado inválido,objetiva=valido; jurado=invalido,Revisar muestras de clasificación y capacitación de jurados.,2
DET-MAN-01-000086,MAN-01,alta,Escrutinio manual,ballot_id,BAL-0001743,04_clasificacion_votos_manual.csv,Voto válido declarado inválido,objetiva=valido; jurado=invalido,Revisar muestras de clasificación y capacitación de jurados.,2
DET-MAN-01-000087,MAN-01,alta,Escrutinio manual,ballot_id,BAL-0001746,04_clasificacion_votos_manual.csv,Voto válido declarado inválido,objetiva=valido; jurado=invalido,Revisar muestras de clasificación y capacitación de jurados.,2
DET-MAN-01-000088,MAN-01,alta,Escrutinio manual,ballot_id,BAL-0001760,04_clasificacion_votos_manual.csv,Voto válido declarado inválido,objetiva=valido; jurado=invalido,Revisar muestras de clasificación y capacitación de jurados.,2
DET-MAN-01-000089,MAN-01,alta,Escrutinio manual,ballot_id,BAL-0001765,04_clasificacion_votos_manual.csv,Voto válido declarado inválido,objetiva=valido; jurado=invalido,Revisar muestras de clasificación y capacitación de jurados.,2
DET-MAN-01-000090,MAN-01,alta,Escrutinio manual,ballot_id,BAL-0001768,04_clasificacion_votos_manual.csv,Voto válido declarado inválido,objetiva=valido; jurado=invalido,Revisar muestras de clasificación y capacitación de jurados.,2
DET-MAN-01-000091,MAN-01,alta,Escrutinio manual,ballot_id,BAL-0001772,04_clasificacion_votos_manual.csv,Voto válido declarado inválido,objetiva=valido; jurado=invalido,Revisar muestras de clasificación y capacitación de jurados.,2
DET-MAN-01-000092,MAN-01,alta,Escrutinio manual,ballot_id,BAL-0001791,04_clasificacion_votos_manual.csv,Voto válido declarado inválido,objetiva=valido; jurado=invalido,Revisar muestras de clasificación y capacitación de jurados.,2
DET-MAN-01-000093,MAN-01,alta,Escrutinio manual,ballot_id,BAL-0001814,04_clasificacion_votos_manual.csv,Voto válido declarado inválido,objetiva=valido; jurado=invalido,Revisar muestras de clasificación y capacitación de jurados.,2
DET-MAN-01-000094,MAN-01,alta,Escrutinio manual,ballot_id,BAL-0001829,04_clasificacion_votos_manual.csv,Voto válido declarado inválido,objetiva=valido; jurado=invalido,Revisar muestras de clasificación y capacitación de jurados.,2
DET-MAN-01-000095,MAN-01,alta,Escrutinio manual,ballot_id,BAL-0001841,04_clasificacion_votos_manual.csv,Voto válido declarado inválido,objetiva=valido; jurado=invalido,Revisar muestras de clasificación y capacitación de jurados.,2
DET-MAN-01-000096,MAN-01,alta,Escrutinio manual,ballot_id,BAL-0001843,04_clasificacion_votos_manual.csv,Voto válido declarado inválido,objetiva=valido; jurado=invalido,Revisar muestras de clasificación y capacitación de jurados.,2
DET-MAN-01-000097,MAN-01,alta,Escrutinio manual,ballot_id,BAL-0001893,04_clasificacion_votos_manual.csv,Voto válido declarado inválido,objetiva=valido; jurado=invalido,Revisar muestras de clasificación y capacitación de jurados.,2
DET-MAN-01-000098,MAN-01,alta,Escrutinio manual,ballot_id,BAL-0001948,04_clasificacion_votos_manual.csv,Voto válido declarado inválido,objetiva=valido; jurado=invalido,Revisar muestras de clasificación y capacitación de jurados.,2
DET-MAN-01-000099,MAN-01,alta,Escrutinio manual,ballot_id,BAL-0001952,04_clasificacion_votos_manual.csv,Voto válido declarado inválido,objetiva=valido; jurado=invalido,Revisar muestras de clasificación y capacitación de jurados.,2
DET-MAN-01-000100,MAN-01,alta,Escrutinio manual,ballot_id,BAL-0001978,04_clasificacion_votos_manual.csv,Voto válido declarado inválido,objetiva=valido; jurado=invalido,Revisar muestras de clasificación y capacitación de jurados.,2
DET-MAN-01-000101,MAN-01,alta,Escrutinio manual,ballot_id,BAL-0001979,04_clasificacion_votos_manual.csv,Voto válido declarado inválido,objetiva=valido; jurado=invalido,Revisar muestras de clasificación y capacitación de jurados.,2
DET-MAN-01-000102,MAN-01,alta,Escrutinio manual,ballot_id,BAL-0001992,04_clasificacion_votos_manual.csv,Voto válido declarado inválido,objetiva=valido; jurado=invalido,Revisar muestras de clasificación y capacitación de jurados.,2
DET-MAN-01-000103,MAN-01,alta,Escrutinio manual,ballot_id,BAL-0002002,04_clasificacion_votos_manual.csv,Voto válido declarado inválido,objetiva=valido; jurado=invalido,Revisar muestras de clasificación y capacitación de jurados.,2
DET-MAN-01-000104,MAN-01,alta,Escrutinio manual,ballot_id,BAL-0002030,04_clasificacion_votos_manual.csv,Voto válido declarado inválido,objetiva=valido; jurado=invalido,Revisar muestras de clasificación y capacitación de jurados.,2
DET-MAN-01-000105,MAN-01,alta,Escrutinio manual,ballot_id,BAL-0002038,04_clasificacion_votos_manual.csv,Voto válido declarado inválido,objetiva=valido; jurado=invalido,Revisar muestras de clasificación y capacitación de jurados.,2
DET-MAN-01-000106,MAN-01,alta,Escrutinio manual,ballot_id,BAL-0002045,04_clasificacion_votos_manual.csv,Voto válido declarado inválido,objetiva=valido; jurado=invalido,Revisar muestras de clasificación y capacitación de jurados.,2
DET-MAN-01-000107,MAN-01,alta,Escrutinio manual,ballot_id,BAL-0002088,04_clasificacion_votos_manual.csv,Voto válido declarado inválido,objetiva=valido; jurado=invalido,Revisar muestras de clasificación y capacitación de jurados.,2
DET-MAN-01-000108,MAN-01,alta,Escrutinio manual,ballot_id,BAL-0002091,04_clasificacion_votos_manual.csv,Voto válido declarado inválido,objetiva=valido; jurado=invalido,Revisar muestras de clasificación y capacitación de jurados.,2
DET-MAN-01-000109,MAN-01,alta,Escrutinio manual,ballot_id,BAL-0002098,04_clasificacion_votos_manual.csv,Voto válido declarado inválido,objetiva=valido; jurado=invalido,Revisar muestras de clasificación y capacitación de jurados.,2
DET-MAN-01-000110,MAN-01,alta,Escrutinio manual,ballot_id,BAL-0002103,04_clasificacion_votos_manual.csv,Voto válido declarado inválido,objetiva=valido; jurado=invalido,Revisar muestras de clasificación y capacitación de jurados.,2
DET-MAN-01-000111,MAN-01,alta,Escrutinio manual,ballot_id,BAL-0002131,04_clasificacion_votos_manual.csv,Voto válido declarado inválido,objetiva=valido; jurado=invalido,Revisar muestras de clasificación y capacitación de jurados.,2
DET-MAN-01-000112,MAN-01,alta,Escrutinio manual,ballot_id,BAL-0002134,04_clasificacion_votos_manual.csv,Voto válido declarado inválido,objetiva=valido; jurado=invalido,Revisar muestras de clasificación y capacitación de jurados.,2
DET-MAN-01-000113,MAN-01,alta,Escrutinio manual,ballot_id,BAL-0002139,04_clasificacion_votos_manual.csv,Voto válido declarado inválido,objetiva=valido; jurado=invalido,Revisar muestras de clasificación y capacitación de jurados.,2
DET-MAN-01-000114,MAN-01,alta,Escrutinio manual,ballot_id,BAL-0002150,04_clasificacion_votos_manual.csv,Voto válido declarado inválido,objetiva=valido; jurado=invalido,Revisar muestras de clasificación y capacitación de jurados.,2
DET-MAN-01-000115,MAN-01,alta,Escrutinio manual,ballot_id,BAL-0002153,04_clasificacion_votos_manual.csv,Voto válido declarado inválido,objetiva=valido; jurado=invalido,Revisar muestras de clasificación y capacitación de jurados.,2
DET-MAN-01-000116,MAN-01,alta,Escrutinio manual,ballot_id,BAL-0002162,04_clasificacion_votos_manual.csv,Voto válido declarado inválido,objetiva=valido; jurado=invalido,Revisar muestras de clasificación y capacitación de jurados.,2
DET-MAN-01-000117,MAN-01,alta,Escrutinio manual,ballot_id,BAL-0002192,04_clasificacion_votos_manual.csv,Voto válido declarado inválido,objetiva=valido; jurado=invalido,Revisar muestras de clasificación y capacitación de jurados.,2
DET-MAN-01-000118,MAN-01,alta,Escrutinio manual,ballot_id,BAL-0002216,04_clasificacion_votos_manual.csv,Voto válido declarado inválido,objetiva=valido; jurado=invalido,Revisar muestras de clasificación y capacitación de jurados.,2
DET-MAN-01-000119,MAN-01,alta,Escrutinio manual,ballot_id,BAL-0002228,04_clasificacion_votos_manual.csv,Voto válido declarado inválido,objetiva=valido; jurado=invalido,Revisar muestras de clasificación y capacitación de jurados.,2
DET-MAN-01-000120,MAN-01,alta,Escrutinio manual,ballot_id,BAL-0002267,04_clasificacion_votos_manual.csv,Voto válido declarado inválido,objetiva=valido; jurado=invalido,Revisar muestras de clasificación y capacitación de jurados.,2
DET-MAN-01-000121,MAN-01,alta,Escrutinio manual,ballot_id,BAL-0002313,04_clasificacion_votos_manual.csv,Voto válido declarado inválido,objetiva=valido; jurado=invalido,Revisar muestras de clasificación y capacitación de jurados.,2
DET-MAN-01-000122,MAN-01,alta,Escrutinio manual,ballot_id,BAL-0002319,04_clasificacion_votos_manual.csv,Voto válido declarado inválido,objetiva=valido; jurado=invalido,Revisar muestras de clasificación y capacitación de jurados.,2
DET-MAN-01-000123,MAN-01,alta,Escrutinio manual,ballot_id,BAL-0002356,04_clasificacion_votos_manual.csv,Voto válido declarado inválido,objetiva=valido; jurado=invalido,Revisar muestras de clasificación y capacitación de jurados.,2
DET-MAN-01-000124,MAN-01,alta,Escrutinio manual,ballot_id,BAL-0002370,04_clasificacion_votos_manual.csv,Voto válido declarado inválido,objetiva=valido; jurado=invalido,Revisar muestras de clasificación y capacitación de jurados.,2
DET-MAN-01-000125,MAN-01,alta,Escrutinio manual,ballot_id,BAL-0002402,04_clasificacion_votos_manual.csv,Voto válido declarado inválido,objetiva=valido; jurado=invalido,Revisar muestras de clasificación y capacitación de jurados.,2
DET-MAN-01-000126,MAN-01,alta,Escrutinio manual,ballot_id,BAL-0002476,04_clasificacion_votos_manual.csv,Voto válido declarado inválido,objetiva=valido; jurado=invalido,Revisar muestras de clasificación y capacitación de jurados.,2
DET-MAN-01-000127,MAN-01,alta,Escrutinio manual,ballot_id,BAL-0002481,04_clasificacion_votos_manual.csv,Voto válido declarado inválido,objetiva=valido; jurado=invalido,Revisar muestras de clasificación y capacitación de jurados.,2
DET-MAN-01-000128,MAN-01,alta,Escrutinio manual,ballot_id,BAL-0002524,04_clasificacion_votos_manual.csv,Voto válido declarado inválido,objetiva=valido; jurado=invalido,Revisar muestras de clasificación y capacitación de jurados.,2
DET-MAN-01-000129,MAN-01,alta,Escrutinio manual,ballot_id,BAL-0002527,04_clasificacion_votos_manual.csv,Voto válido declarado inválido,objetiva=valido; jurado=invalido,Revisar muestras de clasificación y capacitación de jurados.,2
DET-MAN-01-000130,MAN-01,alta,Escrutinio manual,ballot_id,BAL-0002548,04_clasificacion_votos_manual.csv,Voto válido declarado inválido,objetiva=valido; jurado=invalido,Revisar muestras de clasificación y capacitación de jurados.,2
DET-MAN-01-000131,MAN-01,alta,Escrutinio manual,ballot_id,BAL-0002565,04_clasificacion_votos_manual.csv,Voto válido declarado inválido,objetiva=valido; jurado=invalido,Revisar muestras de clasificación y capacitación de jurados.,2
DET-MAN-01-000132,MAN-01,alta,Escrutinio manual,ballot_id,BAL-0002568,04_clasificacion_votos_manual.csv,Voto válido declarado inválido,objetiva=valido; jurado=invalido,Revisar muestras de clasificación y capacitación de jurados.,2
DET-MAN-01-000133,MAN-01,alta,Escrutinio manual,ballot_id,BAL-0002608,04_clasificacion_votos_manual.csv,Voto válido declarado inválido,objetiva=valido; jurado=invalido,Revisar muestras de clasificación y capacitación de jurados.,2
DET-MAN-01-000134,MAN-01,alta,Escrutinio manual,ballot_id,BAL-0002643,04_clasificacion_votos_manual.csv,Voto válido declarado inválido,objetiva=valido; jurado=invalido,Revisar muestras de clasificación y capacitación de jurados.,2
DET-MAN-01-000135,MAN-01,alta,Escrutinio manual,ballot_id,BAL-0002659,04_clasificacion_votos_manual.csv,Voto válido declarado inválido,objetiva=valido; jurado=invalido,Revisar muestras de clasificación y capacitación de jurados.,2
DET-MAN-01-000136,MAN-01,alta,Escrutinio manual,ballot_id,BAL-0002670,04_clasificacion_votos_manual.csv,Voto válido declarado inválido,objetiva=valido; jurado=invalido,Revisar muestras de clasificación y capacitación de jurados.,2
DET-MAN-01-000137,MAN-01,alta,Escrutinio manual,ballot_id,BAL-0002671,04_clasificacion_votos_manual.csv,Voto válido declarado inválido,objetiva=valido; jurado=invalido,Revisar muestras de clasificación y capacitación de jurados.,2
DET-MAN-01-000138,MAN-01,alta,Escrutinio manual,ballot_id,BAL-0002676,04_clasificacion_votos_manual.csv,Voto válido declarado inválido,objetiva=valido; jurado=invalido,Revisar muestras de clasificación y capacitación de jurados.,2
DET-MAN-01-000139,MAN-01,alta,Escrutinio manual,ballot_id,BAL-0002695,04_clasificacion_votos_manual.csv,Voto válido declarado inválido,objetiva=valido; jurado=invalido,Revisar muestras de clasificación y capacitación de jurados.,2
DET-MAN-01-000140,MAN-01,alta,Escrutinio manual,ballot_id,BAL-0002778,04_clasificacion_votos_manual.csv,Voto válido declarado inválido,objetiva=valido; jurado=invalido,Revisar muestras de clasificación y capacitación de jurados.,2
DET-MAN-01-000141,MAN-01,alta,Escrutinio manual,ballot_id,BAL-0002808,04_clasificacion_votos_manual.csv,Voto válido declarado inválido,objetiva=valido; jurado=invalido,Revisar muestras de clasificación y capacitación de jurados.,2
DET-MAN-01-000142,MAN-01,alta,Escrutinio manual,ballot_id,BAL-0002837,04_clasificacion_votos_manual.csv,Voto válido declarado inválido,objetiva=valido; jurado=invalido,Revisar muestras de clasificación y capacitación de jurados.,2
DET-MAN-01-000143,MAN-01,alta,Escrutinio manual,ballot_id,BAL-0002840,04_clasificacion_votos_manual.csv,Voto válido declarado inválido,objetiva=valido; jurado=invalido,Revisar muestras de clasificación y capacitación de jurados.,2
DET-MAN-01-000144,MAN-01,alta,Escrutinio manual,ballot_id,BAL-0002846,04_clasificacion_votos_manual.csv,Voto válido declarado inválido,objetiva=valido; jurado=invalido,Revisar muestras de clasificación y capacitación de jurados.,2
DET-MAN-01-000145,MAN-01,alta,Escrutinio manual,ballot_id,BAL-0002884,04_clasificacion_votos_manual.csv,Voto válido declarado inválido,objetiva=valido; jurado=invalido,Revisar muestras de clasificación y capacitación de jurados.,2
DET-MAN-01-000146,MAN-01,alta,Escrutinio manual,ballot_id,BAL-0002905,04_clasificacion_votos_manual.csv,Voto válido declarado inválido,objetiva=valido; jurado=invalido,Revisar muestras de clasificación y capacitación de jurados.,2
DET-MAN-01-000147,MAN-01,alta,Escrutinio manual,ballot_id,BAL-0002916,04_clasificacion_votos_manual.csv,Voto válido declarado inválido,objetiva=valido; jurado=invalido,Revisar muestras de clasificación y capacitación de jurados.,2
DET-MAN-01-000148,MAN-01,alta,Escrutinio manual,ballot_id,BAL-0002953,04_clasificacion_votos_manual.csv,Voto válido declarado inválido,objetiva=valido; jurado=invalido,Revisar muestras de clasificación y capacitación de jurados.,2
DET-MAN-01-000149,MAN-01,alta,Escrutinio manual,ballot_id,BAL-0002959,04_clasificacion_votos_manual.csv,Voto válido declarado inválido,objetiva=valido; jurado=invalido,Revisar muestras de clasificación y capacitación de jurados.,2
DET-MAN-01-000150,MAN-01,alta,Escrutinio manual,ballot_id,BAL-0002960,04_clasificacion_votos_manual.csv,Voto válido declarado inválido,objetiva=valido; jurado=invalido,Revisar muestras de clasificación y capacitación de jurados.,2
DET-MAN-01-000151,MAN-01,alta,Escrutinio manual,ballot_id,BAL-0002987,04_clasificacion_votos_manual.csv,Voto válido declarado inválido,objetiva=valido; jurado=invalido,Revisar muestras de clasificación y capacitación de jurados.,2
DET-MAN-01-000152,MAN-01,alta,Escrutinio manual,ballot_id,BAL-0003012,04_clasificacion_votos_manual.csv,Voto válido declarado inválido,objetiva=valido; jurado=invalido,Revisar muestras de clasificación y capacitación de jurados.,2
DET-MAN-01-000153,MAN-01,alta,Escrutinio manual,ballot_id,BAL-0003016,04_clasificacion_votos_manual.csv,Voto válido declarado inválido,objetiva=valido; jurado=invalido,Revisar muestras de clasificación y capacitación de jurados.,2
DET-MAN-01-000154,MAN-01,alta,Escrutinio manual,ballot_id,BAL-0003019,04_clasificacion_votos_manual.csv,Voto válido declarado inválido,objetiva=valido; jurado=invalido,Revisar muestras de clasificación y capacitación de jurados.,2
DET-MAN-01-000155,MAN-01,alta,Escrutinio manual,ballot_id,BAL-0003046,04_clasificacion_votos_manual.csv,Voto válido declarado inválido,objetiva=valido; jurado=invalido,Revisar muestras de clasificación y capacitación de jurados.,2
DET-MAN-01-000156,MAN-01,alta,Escrutinio manual,ballot_id,BAL-0003074,04_clasificacion_votos_manual.csv,Voto válido declarado inválido,objetiva=valido; jurado=invalido,Revisar muestras de clasificación y capacitación de jurados.,2
DET-MAN-01-000157,MAN-01,alta,Escrutinio manual,ballot_id,BAL-0003085,04_clasificacion_votos_manual.csv,Voto válido declarado inválido,objetiva=valido; jurado=invalido,Revisar muestras de clasificación y capacitación de jurados.,2
DET-MAN-01-000158,MAN-01,alta,Escrutinio manual,ballot_id,BAL-0003114,04_clasificacion_votos_manual.csv,Voto válido declarado inválido,objetiva=valido; jurado=invalido,Revisar muestras de clasificación y capacitación de jurados.,2
DET-MAN-01-000159,MAN-01,alta,Escrutinio manual,ballot_id,BAL-0003116,04_clasificacion_votos_manual.csv,Voto válido declarado inválido,objetiva=valido; jurado=invalido,Revisar muestras de clasificación y capacitación de jurados.,2
DET-MAN-01-000160,MAN-01,alta,Escrutinio manual,ballot_id,BAL-0003123,04_clasificacion_votos_manual.csv,Voto válido declarado inválido,objetiva=valido; jurado=invalido,Revisar muestras de clasificación y capacitación de jurados.,2
DET-MAN-01-000161,MAN-01,alta,Escrutinio manual,ballot_id,BAL-0003176,04_clasificacion_votos_manual.csv,Voto válido declarado inválido,objetiva=valido; jurado=invalido,Revisar muestras de clasificación y capacitación de jurados.,2
DET-MAN-01-000162,MAN-01,alta,Escrutinio manual,ballot_id,BAL-0003182,04_clasificacion_votos_manual.csv,Voto válido declarado inválido,objetiva=valido; jurado=invalido,Revisar muestras de clasificación y capacitación de jurados.,2
DET-MAN-01-000163,MAN-01,alta,Escrutinio manual,ballot_id,BAL-0003189,04_clasificacion_votos_manual.csv,Voto válido declarado inválido,objetiva=valido; jurado=invalido,Revisar muestras de clasificación y capacitación de jurados.,2
DET-MAN-01-000164,MAN-01,alta,Escrutinio manual,ballot_id,BAL-0003211,04_clasificacion_votos_manual.csv,Voto válido declarado inválido,objetiva=valido; jurado=invalido,Revisar muestras de clasificación y capacitación de jurados.,2
DET-MAN-01-000165,MAN-01,alta,Escrutinio manual,ballot_id,BAL-0003221,04_clasificacion_votos_manual.csv,Voto válido declarado inválido,objetiva=valido; jurado=invalido,Revisar muestras de clasificación y capacitación de jurados.,2
DET-MAN-01-000166,MAN-01,alta,Escrutinio manual,ballot_id,BAL-0003260,04_clasificacion_votos_manual.csv,Voto válido declarado inválido,objetiva=valido; jurado=invalido,Revisar muestras de clasificación y capacitación de jurados.,2
DET-MAN-01-000167,MAN-01,alta,Escrutinio manual,ballot_id,BAL-0003319,04_clasificacion_votos_manual.csv,Voto válido declarado inválido,objetiva=valido; jurado=invalido,Revisar muestras de clasificación y capacitación de jurados.,2
DET-MAN-01-000168,MAN-01,alta,Escrutinio manual,ballot_id,BAL-0003327,04_clasificacion_votos_manual.csv,Voto válido declarado inválido,objetiva=valido; jurado=invalido,Revisar muestras de clasificación y capacitación de jurados.,2
DET-MAN-01-000169,MAN-01,alta,Escrutinio manual,ballot_id,BAL-0003353,04_clasificacion_votos_manual.csv,Voto válido declarado inválido,objetiva=valido; jurado=invalido,Revisar muestras de clasificación y capacitación de jurados.,2
DET-MAN-01-000170,MAN-01,alta,Escrutinio manual,ballot_id,BAL-0003377,04_clasificacion_votos_manual.csv,Voto válido declarado inválido,objetiva=valido; jurado=invalido,Revisar muestras de clasificación y capacitación de jurados.,2
DET-MAN-01-000171,MAN-01,alta,Escrutinio manual,ballot_id,BAL-0003378,04_clasificacion_votos_manual.csv,Voto válido declarado inválido,objetiva=valido; jurado=invalido,Revisar muestras de clasificación y capacitación de jurados.,2
DET-MAN-01-000172,MAN-01,alta,Escrutinio manual,ballot_id,BAL-0003383,04_clasificacion_votos_manual.csv,Voto válido declarado inválido,objetiva=valido; jurado=invalido,Revisar muestras de clasificación y capacitación de jurados.,2
DET-MAN-01-000173,MAN-01,alta,Escrutinio manual,ballot_id,BAL-0003412,04_clasificacion_votos_manual.csv,Voto válido declarado inválido,objetiva=valido; jurado=invalido,Revisar muestras de clasificación y capacitación de jurados.,2
DET-MAN-02-000174,MAN-02,alta,Escrutinio manual,ballot_id,BAL-0000150,04_clasificacion_votos_manual.csv,Voto inválido declarado válido,objetiva=nulo; jurado=valido,Auditar criterios de clasificación y trazabilidad de cambio.,2
DET-MAN-02-000175,MAN-02,alta,Escrutinio manual,ballot_id,BAL-0000189,04_clasificacion_votos_manual.csv,Voto inválido declarado válido,objetiva=invalido; jurado=valido,Auditar criterios de clasificación y trazabilidad de cambio.,2
DET-MAN-02-000176,MAN-02,alta,Escrutinio manual,ballot_id,BAL-0000354,04_clasificacion_votos_manual.csv,Voto inválido declarado válido,objetiva=nulo; jurado=valido,Auditar criterios de clasificación y trazabilidad de cambio.,2
DET-MAN-02-000177,MAN-02,alta,Escrutinio manual,ballot_id,BAL-0000383,04_clasificacion_votos_manual.csv,Voto inválido declarado válido,objetiva=nulo; jurado=valido,Auditar criterios de clasificación y trazabilidad de cambio.,2
DET-MAN-02-000178,MAN-02,alta,Escrutinio manual,ballot_id,BAL-0000500,04_clasificacion_votos_manual.csv,Voto inválido declarado válido,objetiva=invalido; jurado=valido,Auditar criterios de clasificación y trazabilidad de cambio.,2
DET-MAN-02-000179,MAN-02,alta,Escrutinio manual,ballot_id,BAL-0000505,04_clasificacion_votos_manual.csv,Voto inválido declarado válido,objetiva=invalido; jurado=valido,Auditar criterios de clasificación y trazabilidad de cambio.,2
DET-MAN-02-000180,MAN-02,alta,Escrutinio manual,ballot_id,BAL-0000533,04_clasificacion_votos_manual.csv,Voto inválido declarado válido,objetiva=invalido; jurado=valido,Auditar criterios de clasificación y trazabilidad de cambio.,2
DET-MAN-02-000181,MAN-02,alta,Escrutinio manual,ballot_id,BAL-0000673,04_clasificacion_votos_manual.csv,Voto inválido declarado válido,objetiva=nulo; jurado=valido,Auditar criterios de clasificación y trazabilidad de cambio.,2
DET-MAN-02-000182,MAN-02,alta,Escrutinio manual,ballot_id,BAL-0000697,04_clasificacion_votos_manual.csv,Voto inválido declarado válido,objetiva=invalido; jurado=valido,Auditar criterios de clasificación y trazabilidad de cambio.,2
DET-MAN-02-000183,MAN-02,alta,Escrutinio manual,ballot_id,BAL-0000809,04_clasificacion_votos_manual.csv,Voto inválido declarado válido,objetiva=invalido; jurado=valido,Auditar criterios de clasificación y trazabilidad de cambio.,2
DET-MAN-02-000184,MAN-02,alta,Escrutinio manual,ballot_id,BAL-0001172,04_clasificacion_votos_manual.csv,Voto inválido declarado válido,objetiva=nulo; jurado=valido,Auditar criterios de clasificación y trazabilidad de cambio.,2
DET-MAN-02-000185,MAN-02,alta,Escrutinio manual,ballot_id,BAL-0001251,04_clasificacion_votos_manual.csv,Voto inválido declarado válido,objetiva=nulo; jurado=valido,Auditar criterios de clasificación y trazabilidad de cambio.,2
DET-MAN-02-000186,MAN-02,alta,Escrutinio manual,ballot_id,BAL-0001400,04_clasificacion_votos_manual.csv,Voto inválido declarado válido,objetiva=invalido; jurado=valido,Auditar criterios de clasificación y trazabilidad de cambio.,2
DET-MAN-02-000187,MAN-02,alta,Escrutinio manual,ballot_id,BAL-0001630,04_clasificacion_votos_manual.csv,Voto inválido declarado válido,objetiva=invalido; jurado=valido,Auditar criterios de clasificación y trazabilidad de cambio.,2
DET-MAN-02-000188,MAN-02,alta,Escrutinio manual,ballot_id,BAL-0001821,04_clasificacion_votos_manual.csv,Voto inválido declarado válido,objetiva=invalido; jurado=valido,Auditar criterios de clasificación y trazabilidad de cambio.,2
DET-MAN-02-000189,MAN-02,alta,Escrutinio manual,ballot_id,BAL-0001901,04_clasificacion_votos_manual.csv,Voto inválido declarado válido,objetiva=nulo; jurado=valido,Auditar criterios de clasificación y trazabilidad de cambio.,2
DET-MAN-02-000190,MAN-02,alta,Escrutinio manual,ballot_id,BAL-0001906,04_clasificacion_votos_manual.csv,Voto inválido declarado válido,objetiva=invalido; jurado=valido,Auditar criterios de clasificación y trazabilidad de cambio.,2
DET-MAN-02-000191,MAN-02,alta,Escrutinio manual,ballot_id,BAL-0001968,04_clasificacion_votos_manual.csv,Voto inválido declarado válido,objetiva=invalido; jurado=valido,Auditar criterios de clasificación y trazabilidad de cambio.,2
DET-MAN-02-000192,MAN-02,alta,Escrutinio manual,ballot_id,BAL-0001997,04_clasificacion_votos_manual.csv,Voto inválido declarado válido,objetiva=nulo; jurado=valido,Auditar criterios de clasificación y trazabilidad de cambio.,2
DET-MAN-02-000193,MAN-02,alta,Escrutinio manual,ballot_id,BAL-0002004,04_clasificacion_votos_manual.csv,Voto inválido declarado válido,objetiva=invalido; jurado=valido,Auditar criterios de clasificación y trazabilidad de cambio.,2
DET-MAN-02-000194,MAN-02,alta,Escrutinio manual,ballot_id,BAL-0002125,04_clasificacion_votos_manual.csv,Voto inválido declarado válido,objetiva=invalido; jurado=valido,Auditar criterios de clasificación y trazabilidad de cambio.,2
DET-MAN-02-000195,MAN-02,alta,Escrutinio manual,ballot_id,BAL-0002227,04_clasificacion_votos_manual.csv,Voto inválido declarado válido,objetiva=invalido; jurado=valido,Auditar criterios de clasificación y trazabilidad de cambio.,2
DET-MAN-02-000196,MAN-02,alta,Escrutinio manual,ballot_id,BAL-0002285,04_clasificacion_votos_manual.csv,Voto inválido declarado válido,objetiva=invalido; jurado=valido,Auditar criterios de clasificación y trazabilidad de cambio.,2
DET-MAN-02-000197,MAN-02,alta,Escrutinio manual,ballot_id,BAL-0002461,04_clasificacion_votos_manual.csv,Voto inválido declarado válido,objetiva=nulo; jurado=valido,Auditar criterios de clasificación y trazabilidad de cambio.,2
DET-MAN-02-000198,MAN-02,alta,Escrutinio manual,ballot_id,BAL-0002662,04_clasificacion_votos_manual.csv,Voto inválido declarado válido,objetiva=nulo; jurado=valido,Auditar criterios de clasificación y trazabilidad de cambio.,2
DET-MAN-02-000199,MAN-02,alta,Escrutinio manual,ballot_id,BAL-0002849,04_clasificacion_votos_manual.csv,Voto inválido declarado válido,objetiva=nulo; jurado=valido,Auditar criterios de clasificación y trazabilidad de cambio.,2
DET-MAN-02-000200,MAN-02,alta,Escrutinio manual,ballot_id,BAL-0002886,04_clasificacion_votos_manual.csv,Voto inválido declarado válido,objetiva=nulo; jurado=valido,Auditar criterios de clasificación y trazabilidad de cambio.,2
DET-MAN-02-000201,MAN-02,alta,Escrutinio manual,ballot_id,BAL-0003054,04_clasificacion_votos_manual.csv,Voto inválido declarado válido,objetiva=nulo; jurado=valido,Auditar criterios de clasificación y trazabilidad de cambio.,2
DET-MAN-02-000202,MAN-02,alta,Escrutinio manual,ballot_id,BAL-0003118,04_clasificacion_votos_manual.csv,Voto inválido declarado válido,objetiva=nulo; jurado=valido,Auditar criterios de clasificación y trazabilidad de cambio.,2
DET-MAN-02-000203,MAN-02,alta,Escrutinio manual,ballot_id,BAL-0003120,04_clasificacion_votos_manual.csv,Voto inválido declarado válido,objetiva=nulo; jurado=valido,Auditar criterios de clasificación y trazabilidad de cambio.,2
DET-MAN-02-000204,MAN-02,alta,Escrutinio manual,ballot_id,BAL-0003286,04_clasificacion_votos_manual.csv,Voto inválido declarado válido,objetiva=nulo; jurado=valido,Auditar criterios de clasificación y trazabilidad de cambio.,2
DET-MAN-02-000205,MAN-02,alta,Escrutinio manual,ballot_id,BAL-0003299,04_clasificacion_votos_manual.csv,Voto inválido declarado válido,objetiva=nulo; jurado=valido,Auditar criterios de clasificación y trazabilidad de cambio.,2
DET-MAN-02-000206,MAN-02,alta,Escrutinio manual,ballot_id,BAL-0003409,04_clasificacion_votos_manual.csv,Voto inválido declarado válido,objetiva=invalido; jurado=valido,Auditar criterios de clasificación y trazabilidad de cambio.,2
DET-MAN-03-000207,MAN-03,media,Escrutinio manual,mesa_id,MESA-038,04_clasificacion_votos_manual.csv,Mesa con tasa atípica de votos inválidos,invalid_rate=0.2121,Comparar mesa con pares y validar soporte documental.,1
DET-RES-01-000001,RES-01,critica,Resultados por mesa,mesa_id,MESA-001,05_resultados_mesa.csv,Sufragantes registrados mayores que electores habilitados,sufragantes=76; electores=62,Revisar consistencia entre padrón operativo y resultados.,3
DET-RES-01-000002,RES-01,critica,Resultados por mesa,mesa_id,MESA-019,05_resultados_mesa.csv,Sufragantes registrados mayores que electores habilitados,sufragantes=87; electores=68,Revisar consistencia entre padrón operativo y resultados.,3
DET-RES-01-000003,RES-01,critica,Resultados por mesa,mesa_id,MESA-023,05_resultados_mesa.csv,Sufragantes registrados mayores que electores habilitados,sufragantes=71; electores=64,Revisar consistencia entre padrón operativo y resultados.,3
DET-RES-01-000004,RES-01,critica,Resultados por mesa,mesa_id,MESA-029,05_resultados_mesa.csv,Sufragantes registrados mayores que electores habilitados,sufragantes=73; electores=62,Revisar consistencia entre padrón operativo y resultados.,3
DET-RES-01-000005,RES-01,critica,Resultados por mesa,mesa_id,MESA-031,05_resultados_mesa.csv,Sufragantes registrados mayores que electores habilitados,sufragantes=81; electores=68,Revisar consistencia entre padrón operativo y resultados.,3
DET-RES-01-000006,RES-01,critica,Resultados por mesa,mesa_id,MESA-032,05_resultados_mesa.csv,Sufragantes registrados mayores que electores habilitados,sufragantes=71; electores=54,Revisar consistencia entre padrón operativo y resultados.,3
DET-RES-02-000007,RES-02,critica,Resultados por mesa,mesa_id,MESA-001,05_resultados_mesa.csv,Participación superior al 100%,participacion_pct=1.2258,Auditar consolidación de mesa y conteo de sufragantes.,3
DET-RES-02-000008,RES-02,critica,Resultados por mesa,mesa_id,MESA-019,05_resultados_mesa.csv,Participación superior al 100%,participacion_pct=1.2794,Auditar consolidación de mesa y conteo de sufragantes.,3
DET-RES-02-000009,RES-02,critica,Resultados por mesa,mesa_id,MESA-023,05_resultados_mesa.csv,Participación superior al 100%,participacion_pct=1.1094,Auditar consolidación de mesa y conteo de sufragantes.,3
DET-RES-02-000010,RES-02,critica,Resultados por mesa,mesa_id,MESA-029,05_resultados_mesa.csv,Participación superior al 100%,participacion_pct=1.1774,Auditar consolidación de mesa y conteo de sufragantes.,3
DET-RES-02-000011,RES-02,critica,Resultados por mesa,mesa_id,MESA-031,05_resultados_mesa.csv,Participación superior al 100%,participacion_pct=1.1912,Auditar consolidación de mesa y conteo de sufragantes.,3
DET-RES-02-000012,RES-02,critica,Resultados por mesa,mesa_id,MESA-032,05_resultados_mesa.csv,Participación superior al 100%,participacion_pct=1.3148,Auditar consolidación de mesa y conteo de sufragantes.,3
DET-RES-03-000013,RES-03,alta,Resultados por mesa,mesa_id,MESA-011,05_resultados_mesa.csv,Total reportado no coincide con total calculado,total_reportado=40; total_calculado=39,Reconciliar acta firmada vs consolidado reportado.,2
DET-RES-03-000014,RES-03,alta,Resultados por mesa,mesa_id,MESA-020,05_resultados_mesa.csv,Total reportado no coincide con total calculado,total_reportado=36; total_calculado=35,Reconciliar acta firmada vs consolidado reportado.,2
DET-RES-03-000015,RES-03,alta,Resultados por mesa,mesa_id,MESA-026,05_resultados_mesa.csv,Total reportado no coincide con total calculado,total_reportado=58; total_calculado=52,Reconciliar acta firmada vs consolidado reportado.,2
DET-RES-03-000016,RES-03,alta,Resultados por mesa,mesa_id,MESA-056,05_resultados_mesa.csv,Total reportado no coincide con total calculado,total_reportado=46; total_calculado=42,Reconciliar acta firmada vs consolidado reportado.,2
DET-RES-04-000017,RES-04,media,Resultados por mesa,mesa_id,MESA-001,05_resultados_mesa.csv,Participación estadísticamente atípica,participacion_pct=1.2258,Inspeccionar mesas outlier y contexto operativo.,1
DET-RES-04-000018,RES-04,media,Resultados por mesa,mesa_id,MESA-019,05_resultados_mesa.csv,Participación estadísticamente atípica,participacion_pct=1.2794,Inspeccionar mesas outlier y contexto operativo.,1
DET-RES-04-000019,RES-04,media,Resultados por mesa,mesa_id,MESA-031,05_resultados_mesa.csv,Participación estadísticamente atípica,participacion_pct=1.1912,Inspeccionar mesas outlier y contexto operativo.,1
DET-RES-04-000020,RES-04,media,Resultados por mesa,mesa_id,MESA-032,05_resultados_mesa.csv,Participación estadísticamente atípica,participacion_pct=1.3148,Inspeccionar mesas outlier y contexto operativo.,1
DET-RES-05-000021,RES-05,media,Resultados por mesa,mesa_id,MESA-018,05_resultados_mesa.csv,Votos nulos o inválidos estadísticamente atípicos,votos_nulos_pct=0.2500; votos_invalidos_pct=0.1818,Revisar actas de nulidad/invalidez y trazas de clasificación.,1
DET-RES-05-000022,RES-05,media,Resultados por mesa,mesa_id,MESA-021,05_resultados_mesa.csv,Votos nulos o inválidos estadísticamente atípicos,votos_nulos_pct=0.2340; votos_invalidos_pct=0.1915,Revisar actas de nulidad/invalidez y trazas de clasificación.,1
DET-RES-05-000023,RES-05,media,Resultados por mesa,mesa_id,MESA-031,05_resultados_mesa.csv,Votos nulos o inválidos estadísticamente atípicos,votos_nulos_pct=0.2364; votos_invalidos_pct=0.2000,Revisar actas de nulidad/invalidez y trazas de clasificación.,1
DET-RES-05-000024,RES-05,media,Resultados por mesa,mesa_id,MESA-050,05_resultados_mesa.csv,Votos nulos o inválidos estadísticamente atípicos,votos_nulos_pct=0.2286; votos_invalidos_pct=0.2000,Revisar actas de nulidad/invalidez y trazas de clasificación.,1
DET-RES-06-000025,RES-06,media,Resultados por mesa,mesa_id,MESA-001,05_resultados_mesa.csv,Concentración extrema del ganador,concentracion_ganador_pct=0.9024 ; margen_victoria_pct=0.8537,Comparar contra patrones históricos simulados y vecinos.,1
DET-RES-06-000026,RES-06,media,Resultados por mesa,mesa_id,MESA-022,05_resultados_mesa.csv,Concentración extrema del ganador,concentracion_ganador_pct=0.9024 ; margen_victoria_pct=0.8537,Comparar contra patrones históricos simulados y vecinos.,1
DET-RES-06-000027,RES-06,media,Resultados por mesa,mesa_id,MESA-024,05_resultados_mesa.csv,Concentración extrema del ganador,concentracion_ganador_pct=0.9189 ; margen_victoria_pct=0.8919,Comparar contra patrones históricos simulados y vecinos.,1
DET-RES-06-000028,RES-06,media,Resultados por mesa,mesa_id,MESA-030,05_resultados_mesa.csv,Concentración extrema del ganador,concentracion_ganador_pct=0.9149 ; margen_victoria_pct=0.8723,Comparar contra patrones históricos simulados y vecinos.,1
DET-LOG-01-000001,LOG-01,critica,Logs e integridad,evento_id,EVT-0000061,06_logs_eventos.csv,Modificación posterior al cierre sin aprobación,accion=modificar_resultado; timestamp=2026-06-03 18:39:00; aprobado_por_vacio,Escalar revisión de control de cambios post-cierre.,3
DET-LOG-01-000002,LOG-01,critica,Logs e integridad,evento_id,EVT-0000121,06_logs_eventos.csv,Modificación posterior al cierre sin aprobación,accion=modificar_resultado; timestamp=2026-06-03 16:46:00; aprobado_por_vacio,Escalar revisión de control de cambios post-cierre.,3
DET-LOG-01-000003,LOG-01,critica,Logs e integridad,evento_id,EVT-0000477,06_logs_eventos.csv,Modificación posterior al cierre sin aprobación,accion=modificar_resultado; timestamp=2026-06-03 16:32:00; aprobado_por_vacio,Escalar revisión de control de cambios post-cierre.,3
DET-LOG-01-000004,LOG-01,critica,Logs e integridad,evento_id,EVT-0000479,06_logs_eventos.csv,Modificación posterior al cierre sin aprobación,accion=modificar_resultado; timestamp=2026-06-03 16:42:00; aprobado_por_vacio,Escalar revisión de control de cambios post-cierre.,3
DET-LOG-01-000005,LOG-01,critica,Logs e integridad,evento_id,EVT-0000491,06_logs_eventos.csv,Modificación posterior al cierre sin aprobación,accion=modificar_resultado; timestamp=2026-06-03 17:33:00; aprobado_por_vacio,Escalar revisión de control de cambios post-cierre.,3
DET-LOG-01-000006,LOG-01,critica,Logs e integridad,evento_id,EVT-0000717,06_logs_eventos.csv,Modificación posterior al cierre sin aprobación,accion=modificar_resultado; timestamp=2026-06-03 16:33:00; aprobado_por_vacio,Escalar revisión de control de cambios post-cierre.,3
DET-LOG-01-000007,LOG-01,critica,Logs e integridad,evento_id,EVT-0000736,06_logs_eventos.csv,Modificación posterior al cierre sin aprobación,accion=modificar_resultado; timestamp=2026-06-03 17:40:00; aprobado_por_vacio,Escalar revisión de control de cambios post-cierre.,3
DET-LOG-01-000008,LOG-01,critica,Logs e integridad,evento_id,EVT-0000769,06_logs_eventos.csv,Modificación posterior al cierre sin aprobación,accion=modificar_resultado; timestamp=2026-06-03 17:10:00; aprobado_por_vacio,Escalar revisión de control de cambios post-cierre.,3
DET-LOG-01-000009,LOG-01,critica,Logs e integridad,evento_id,EVT-0000910,06_logs_eventos.csv,Modificación posterior al cierre sin aprobación,accion=modificar_resultado; timestamp=2026-06-03 16:25:00; aprobado_por_vacio,Escalar revisión de control de cambios post-cierre.,3
DET-LOG-01-000010,LOG-01,critica,Logs e integridad,evento_id,EVT-0000972,06_logs_eventos.csv,Modificación posterior al cierre sin aprobación,accion=modificar_resultado; timestamp=2026-06-03 19:33:00; aprobado_por_vacio,Escalar revisión de control de cambios post-cierre.,3
DET-LOG-01-000011,LOG-01,critica,Logs e integridad,evento_id,EVT-0001104,06_logs_eventos.csv,Modificación posterior al cierre sin aprobación,accion=modificar_resultado; timestamp=2026-06-03 16:22:00; aprobado_por_vacio,Escalar revisión de control de cambios post-cierre.,3
DET-LOG-01-000012,LOG-01,critica,Logs e integridad,evento_id,EVT-0001292,06_logs_eventos.csv,Modificación posterior al cierre sin aprobación,accion=modificar_resultado; timestamp=2026-06-03 16:28:00; aprobado_por_vacio,Escalar revisión de control de cambios post-cierre.,3
DET-LOG-01-000013,LOG-01,critica,Logs e integridad,evento_id,EVT-0001297,06_logs_eventos.csv,Modificación posterior al cierre sin aprobación,accion=modificar_resultado; timestamp=2026-06-03 17:19:00; aprobado_por_vacio,Escalar revisión de control de cambios post-cierre.,3
DET-LOG-01-000014,LOG-01,critica,Logs e integridad,evento_id,EVT-0001347,06_logs_eventos.csv,Modificación posterior al cierre sin aprobación,accion=modificar_resultado; timestamp=2026-06-03 19:36:00; aprobado_por_vacio,Escalar revisión de control de cambios post-cierre.,3
DET-LOG-01-000015,LOG-01,critica,Logs e integridad,evento_id,EVT-0001358,06_logs_eventos.csv,Modificación posterior al cierre sin aprobación,accion=modificar_resultado; timestamp=2026-06-03 19:22:00; aprobado_por_vacio,Escalar revisión de control de cambios post-cierre.,3
DET-LOG-01-000016,LOG-01,critica,Logs e integridad,evento_id,EVT-0001428,06_logs_eventos.csv,Modificación posterior al cierre sin aprobación,accion=modificar_resultado; timestamp=2026-06-03 18:22:00; aprobado_por_vacio,Escalar revisión de control de cambios post-cierre.,3
DET-LOG-01-000017,LOG-01,critica,Logs e integridad,evento_id,EVT-0001553,06_logs_eventos.csv,Modificación posterior al cierre sin aprobación,accion=modificar_resultado; timestamp=2026-06-03 18:06:00; aprobado_por_vacio,Escalar revisión de control de cambios post-cierre.,3
DET-LOG-01-000018,LOG-01,critica,Logs e integridad,evento_id,EVT-0001572,06_logs_eventos.csv,Modificación posterior al cierre sin aprobación,accion=modificar_resultado; timestamp=2026-06-03 20:37:00; aprobado_por_vacio,Escalar revisión de control de cambios post-cierre.,3
DET-LOG-01-000019,LOG-01,critica,Logs e integridad,evento_id,EVT-0001779,06_logs_eventos.csv,Modificación posterior al cierre sin aprobación,accion=modificar_resultado; timestamp=2026-06-03 18:33:00; aprobado_por_vacio,Escalar revisión de control de cambios post-cierre.,3
DET-LOG-01-000020,LOG-01,critica,Logs e integridad,evento_id,EVT-0001788,06_logs_eventos.csv,Modificación posterior al cierre sin aprobación,accion=modificar_resultado; timestamp=2026-06-03 17:39:00; aprobado_por_vacio,Escalar revisión de control de cambios post-cierre.,3
DET-LOG-02-000021,LOG-02,critica,Logs e integridad,evento_id,EVT-0000061,06_logs_eventos.csv,Acción no permitida por el rol del usuario,rol=CLASIFICADOR_MANUAL; accion=modificar_resultado,Corregir matriz RBAC y validar permisos efectivos.,3
DET-LOG-02-000022,LOG-02,critica,Logs e integridad,evento_id,EVT-0000106,06_logs_eventos.csv,Acción no permitida por el rol del usuario,rol=CLASIFICADOR_MANUAL; accion=modificar_resultado,Corregir matriz RBAC y validar permisos efectivos.,3
DET-LOG-02-000023,LOG-02,critica,Logs e integridad,evento_id,EVT-0000176,06_logs_eventos.csv,Acción no permitida por el rol del usuario,rol=AUDITOR; accion=modificar_resultado,Corregir matriz RBAC y validar permisos efectivos.,3
DET-LOG-02-000024,LOG-02,critica,Logs e integridad,evento_id,EVT-0000256,06_logs_eventos.csv,Acción no permitida por el rol del usuario,rol=OPERADOR_PADRON; accion=modificar_resultado,Corregir matriz RBAC y validar permisos efectivos.,3
DET-LOG-02-000025,LOG-02,critica,Logs e integridad,evento_id,EVT-0000342,06_logs_eventos.csv,Acción no permitida por el rol del usuario,rol=CLASIFICADOR_MANUAL; accion=exportar_reporte,Corregir matriz RBAC y validar permisos efectivos.,3
DET-LOG-02-000026,LOG-02,critica,Logs e integridad,evento_id,EVT-0000343,06_logs_eventos.csv,Acción no permitida por el rol del usuario,rol=JURADO_MESA; accion=aprobar_correccion,Corregir matriz RBAC y validar permisos efectivos.,3
DET-LOG-02-000027,LOG-02,critica,Logs e integridad,evento_id,EVT-0000347,06_logs_eventos.csv,Acción no permitida por el rol del usuario,rol=JURADO_MESA; accion=clasificar_voto,Corregir matriz RBAC y validar permisos efectivos.,3
DET-LOG-02-000028,LOG-02,critica,Logs e integridad,evento_id,EVT-0000378,06_logs_eventos.csv,Acción no permitida por el rol del usuario,rol=AUDITOR; accion=aprobar_correccion,Corregir matriz RBAC y validar permisos efectivos.,3
DET-LOG-02-000029,LOG-02,critica,Logs e integridad,evento_id,EVT-0000402,06_logs_eventos.csv,Acción no permitida por el rol del usuario,rol=CLASIFICADOR_MANUAL; accion=actualizar_padron,Corregir matriz RBAC y validar permisos efectivos.,3
DET-LOG-02-000030,LOG-02,critica,Logs e integridad,evento_id,EVT-0000412,06_logs_eventos.csv,Acción no permitida por el rol del usuario,rol=SUPERVISOR_ESCRUTINIO; accion=crear_registro,Corregir matriz RBAC y validar permisos efectivos.,3
DET-LOG-02-000031,LOG-02,critica,Logs e integridad,evento_id,EVT-0000416,06_logs_eventos.csv,Acción no permitida por el rol del usuario,rol=AUDITOR; accion=modificar_resultado,Corregir matriz RBAC y validar permisos efectivos.,3
DET-LOG-02-000032,LOG-02,critica,Logs e integridad,evento_id,EVT-0000418,06_logs_eventos.csv,Acción no permitida por el rol del usuario,rol=CLASIFICADOR_MANUAL; accion=crear_registro,Corregir matriz RBAC y validar permisos efectivos.,3
DET-LOG-02-000033,LOG-02,critica,Logs e integridad,evento_id,EVT-0000439,06_logs_eventos.csv,Acción no permitida por el rol del usuario,rol=OPERADOR_PADRON; accion=aprobar_correccion,Corregir matriz RBAC y validar permisos efectivos.,3
DET-LOG-02-000034,LOG-02,critica,Logs e integridad,evento_id,EVT-0000453,06_logs_eventos.csv,Acción no permitida por el rol del usuario,rol=JURADO_MESA; accion=aprobar_correccion,Corregir matriz RBAC y validar permisos efectivos.,3
DET-LOG-02-000035,LOG-02,critica,Logs e integridad,evento_id,EVT-0000465,06_logs_eventos.csv,Acción no permitida por el rol del usuario,rol=OPERADOR_PADRON; accion=aprobar_correccion,Corregir matriz RBAC y validar permisos efectivos.,3
DET-LOG-02-000036,LOG-02,critica,Logs e integridad,evento_id,EVT-0000470,06_logs_eventos.csv,Acción no permitida por el rol del usuario,rol=CLASIFICADOR_MANUAL; accion=cargar_resultado,Corregir matriz RBAC y validar permisos efectivos.,3
DET-LOG-02-000037,LOG-02,critica,Logs e integridad,evento_id,EVT-0000477,06_logs_eventos.csv,Acción no permitida por el rol del usuario,rol=CLASIFICADOR_MANUAL; accion=modificar_resultado,Corregir matriz RBAC y validar permisos efectivos.,3
DET-LOG-02-000038,LOG-02,critica,Logs e integridad,evento_id,EVT-0000479,06_logs_eventos.csv,Acción no permitida por el rol del usuario,rol=JURADO_MESA; accion=modificar_resultado,Corregir matriz RBAC y validar permisos efectivos.,3
DET-LOG-02-000039,LOG-02,critica,Logs e integridad,evento_id,EVT-0000491,06_logs_eventos.csv,Acción no permitida por el rol del usuario,rol=OPERADOR_PADRON; accion=modificar_resultado,Corregir matriz RBAC y validar permisos efectivos.,3
DET-LOG-02-000040,LOG-02,critica,Logs e integridad,evento_id,EVT-0000528,06_logs_eventos.csv,Acción no permitida por el rol del usuario,rol=OPERADOR_PADRON; accion=generar_hash,Corregir matriz RBAC y validar permisos efectivos.,3
DET-LOG-02-000041,LOG-02,critica,Logs e integridad,evento_id,EVT-0000535,06_logs_eventos.csv,Acción no permitida por el rol del usuario,rol=OPERADOR_TECNICO; accion=cargar_resultado,Corregir matriz RBAC y validar permisos efectivos.,3
DET-LOG-02-000042,LOG-02,critica,Logs e integridad,evento_id,EVT-0000564,06_logs_eventos.csv,Acción no permitida por el rol del usuario,rol=OPERADOR_PADRON; accion=exportar_reporte,Corregir matriz RBAC y validar permisos efectivos.,3
DET-LOG-02-000043,LOG-02,critica,Logs e integridad,evento_id,EVT-0000591,06_logs_eventos.csv,Acción no permitida por el rol del usuario,rol=CLASIFICADOR_MANUAL; accion=cargar_resultado,Corregir matriz RBAC y validar permisos efectivos.,3
DET-LOG-02-000044,LOG-02,critica,Logs e integridad,evento_id,EVT-0000616,06_logs_eventos.csv,Acción no permitida por el rol del usuario,rol=CLASIFICADOR_MANUAL; accion=aprobar_correccion,Corregir matriz RBAC y validar permisos efectivos.,3
DET-LOG-02-000045,LOG-02,critica,Logs e integridad,evento_id,EVT-0000637,06_logs_eventos.csv,Acción no permitida por el rol del usuario,rol=AUDITOR; accion=cargar_resultado,Corregir matriz RBAC y validar permisos efectivos.,3
DET-LOG-02-000046,LOG-02,critica,Logs e integridad,evento_id,EVT-0000657,06_logs_eventos.csv,Acción no permitida por el rol del usuario,rol=OPERADOR_PADRON; accion=cargar_resultado,Corregir matriz RBAC y validar permisos efectivos.,3
DET-LOG-02-000047,LOG-02,critica,Logs e integridad,evento_id,EVT-0000663,06_logs_eventos.csv,Acción no permitida por el rol del usuario,rol=AUDITOR; accion=cargar_resultado,Corregir matriz RBAC y validar permisos efectivos.,3
DET-LOG-02-000048,LOG-02,critica,Logs e integridad,evento_id,EVT-0000709,06_logs_eventos.csv,Acción no permitida por el rol del usuario,rol=OPERADOR_TECNICO; accion=modificar_resultado,Corregir matriz RBAC y validar permisos efectivos.,3
DET-LOG-02-000049,LOG-02,critica,Logs e integridad,evento_id,EVT-0000717,06_logs_eventos.csv,Acción no permitida por el rol del usuario,rol=CLASIFICADOR_MANUAL; accion=modificar_resultado,Corregir matriz RBAC y validar permisos efectivos.,3
DET-LOG-02-000050,LOG-02,critica,Logs e integridad,evento_id,EVT-0000736,06_logs_eventos.csv,Acción no permitida por el rol del usuario,rol=JURADO_MESA; accion=modificar_resultado,Corregir matriz RBAC y validar permisos efectivos.,3
DET-LOG-02-000051,LOG-02,critica,Logs e integridad,evento_id,EVT-0000759,06_logs_eventos.csv,Acción no permitida por el rol del usuario,rol=JURADO_MESA; accion=aprobar_correccion,Corregir matriz RBAC y validar permisos efectivos.,3
DET-LOG-02-000052,LOG-02,critica,Logs e integridad,evento_id,EVT-0000767,06_logs_eventos.csv,Acción no permitida por el rol del usuario,rol=SUPERVISOR_ESCRUTINIO; accion=crear_registro,Corregir matriz RBAC y validar permisos efectivos.,3
DET-LOG-02-000053,LOG-02,critica,Logs e integridad,evento_id,EVT-0000769,06_logs_eventos.csv,Acción no permitida por el rol del usuario,rol=CLASIFICADOR_MANUAL; accion=modificar_resultado,Corregir matriz RBAC y validar permisos efectivos.,3
DET-LOG-02-000054,LOG-02,critica,Logs e integridad,evento_id,EVT-0000877,06_logs_eventos.csv,Acción no permitida por el rol del usuario,rol=SERVICIO_SISTEMA; accion=registrar_checkin,Corregir matriz RBAC y validar permisos efectivos.,3
DET-LOG-02-000055,LOG-02,critica,Logs e integridad,evento_id,EVT-0000888,06_logs_eventos.csv,Acción no permitida por el rol del usuario,rol=JURADO_MESA; accion=crear_registro,Corregir matriz RBAC y validar permisos efectivos.,3
DET-LOG-02-000056,LOG-02,critica,Logs e integridad,evento_id,EVT-0000910,06_logs_eventos.csv,Acción no permitida por el rol del usuario,rol=JURADO_MESA; accion=modificar_resultado,Corregir matriz RBAC y validar permisos efectivos.,3
DET-LOG-02-000057,LOG-02,critica,Logs e integridad,evento_id,EVT-0000913,06_logs_eventos.csv,Acción no permitida por el rol del usuario,rol=OPERADOR_PADRON; accion=modificar_resultado,Corregir matriz RBAC y validar permisos efectivos.,3
DET-LOG-02-000058,LOG-02,critica,Logs e integridad,evento_id,EVT-0000967,06_logs_eventos.csv,Acción no permitida por el rol del usuario,rol=JURADO_MESA; accion=aprobar_correccion,Corregir matriz RBAC y validar permisos efectivos.,3
DET-LOG-02-000059,LOG-02,critica,Logs e integridad,evento_id,EVT-0000972,06_logs_eventos.csv,Acción no permitida por el rol del usuario,rol=CLASIFICADOR_MANUAL; accion=modificar_resultado,Corregir matriz RBAC y validar permisos efectivos.,3
DET-LOG-02-000060,LOG-02,critica,Logs e integridad,evento_id,EVT-0000994,06_logs_eventos.csv,Acción no permitida por el rol del usuario,rol=JURADO_MESA; accion=clasificar_voto,Corregir matriz RBAC y validar permisos efectivos.,3
DET-LOG-02-000061,LOG-02,critica,Logs e integridad,evento_id,EVT-0001013,06_logs_eventos.csv,Acción no permitida por el rol del usuario,rol=SUPERVISOR_ESCRUTINIO; accion=registrar_checkin,Corregir matriz RBAC y validar permisos efectivos.,3
DET-LOG-02-000062,LOG-02,critica,Logs e integridad,evento_id,EVT-0001052,06_logs_eventos.csv,Acción no permitida por el rol del usuario,rol=JURADO_MESA; accion=aprobar_correccion,Corregir matriz RBAC y validar permisos efectivos.,3
DET-LOG-02-000063,LOG-02,critica,Logs e integridad,evento_id,EVT-0001075,06_logs_eventos.csv,Acción no permitida por el rol del usuario,rol=JURADO_MESA; accion=modificar_resultado,Corregir matriz RBAC y validar permisos efectivos.,3
DET-LOG-02-000064,LOG-02,critica,Logs e integridad,evento_id,EVT-0001095,06_logs_eventos.csv,Acción no permitida por el rol del usuario,rol=JURADO_MESA; accion=aprobar_correccion,Corregir matriz RBAC y validar permisos efectivos.,3
DET-LOG-02-000065,LOG-02,critica,Logs e integridad,evento_id,EVT-0001104,06_logs_eventos.csv,Acción no permitida por el rol del usuario,rol=AUDITOR; accion=modificar_resultado,Corregir matriz RBAC y validar permisos efectivos.,3
DET-LOG-02-000066,LOG-02,critica,Logs e integridad,evento_id,EVT-0001115,06_logs_eventos.csv,Acción no permitida por el rol del usuario,rol=OPERADOR_TECNICO; accion=crear_registro,Corregir matriz RBAC y validar permisos efectivos.,3
DET-LOG-02-000067,LOG-02,critica,Logs e integridad,evento_id,EVT-0001145,06_logs_eventos.csv,Acción no permitida por el rol del usuario,rol=JURADO_MESA; accion=modificar_resultado,Corregir matriz RBAC y validar permisos efectivos.,3
DET-LOG-02-000068,LOG-02,critica,Logs e integridad,evento_id,EVT-0001181,06_logs_eventos.csv,Acción no permitida por el rol del usuario,rol=SERVICIO_SISTEMA; accion=aprobar_correccion,Corregir matriz RBAC y validar permisos efectivos.,3
DET-LOG-02-000069,LOG-02,critica,Logs e integridad,evento_id,EVT-0001194,06_logs_eventos.csv,Acción no permitida por el rol del usuario,rol=SERVICIO_SISTEMA; accion=modificar_resultado,Corregir matriz RBAC y validar permisos efectivos.,3
DET-LOG-02-000070,LOG-02,critica,Logs e integridad,evento_id,EVT-0001206,06_logs_eventos.csv,Acción no permitida por el rol del usuario,rol=JURADO_MESA; accion=aprobar_correccion,Corregir matriz RBAC y validar permisos efectivos.,3
DET-LOG-02-000071,LOG-02,critica,Logs e integridad,evento_id,EVT-0001207,06_logs_eventos.csv,Acción no permitida por el rol del usuario,rol=OPERADOR_PADRON; accion=modificar_resultado,Corregir matriz RBAC y validar permisos efectivos.,3
DET-LOG-02-000072,LOG-02,critica,Logs e integridad,evento_id,EVT-0001209,06_logs_eventos.csv,Acción no permitida por el rol del usuario,rol=JURADO_MESA; accion=modificar_resultado,Corregir matriz RBAC y validar permisos efectivos.,3
DET-LOG-02-000073,LOG-02,critica,Logs e integridad,evento_id,EVT-0001225,06_logs_eventos.csv,Acción no permitida por el rol del usuario,rol=SUPERVISOR_ESCRUTINIO; accion=exportar_reporte,Corregir matriz RBAC y validar permisos efectivos.,3
DET-LOG-02-000074,LOG-02,critica,Logs e integridad,evento_id,EVT-0001232,06_logs_eventos.csv,Acción no permitida por el rol del usuario,rol=SUPERVISOR_ESCRUTINIO; accion=generar_hash,Corregir matriz RBAC y validar permisos efectivos.,3
DET-LOG-02-000075,LOG-02,critica,Logs e integridad,evento_id,EVT-0001235,06_logs_eventos.csv,Acción no permitida por el rol del usuario,rol=ANALISTA_SEGURIDAD; accion=modificar_resultado,Corregir matriz RBAC y validar permisos efectivos.,3
DET-LOG-02-000076,LOG-02,critica,Logs e integridad,evento_id,EVT-0001253,06_logs_eventos.csv,Acción no permitida por el rol del usuario,rol=CLASIFICADOR_MANUAL; accion=modificar_resultado,Corregir matriz RBAC y validar permisos efectivos.,3
DET-LOG-02-000077,LOG-02,critica,Logs e integridad,evento_id,EVT-0001269,06_logs_eventos.csv,Acción no permitida por el rol del usuario,rol=OPERADOR_TECNICO; accion=aprobar_correccion,Corregir matriz RBAC y validar permisos efectivos.,3
DET-LOG-02-000078,LOG-02,critica,Logs e integridad,evento_id,EVT-0001277,06_logs_eventos.csv,Acción no permitida por el rol del usuario,rol=OPERADOR_TECNICO; accion=modificar_resultado,Corregir matriz RBAC y validar permisos efectivos.,3
DET-LOG-02-000079,LOG-02,critica,Logs e integridad,evento_id,EVT-0001292,06_logs_eventos.csv,Acción no permitida por el rol del usuario,rol=SERVICIO_SISTEMA; accion=modificar_resultado,Corregir matriz RBAC y validar permisos efectivos.,3
DET-LOG-02-000080,LOG-02,critica,Logs e integridad,evento_id,EVT-0001297,06_logs_eventos.csv,Acción no permitida por el rol del usuario,rol=OPERADOR_PADRON; accion=modificar_resultado,Corregir matriz RBAC y validar permisos efectivos.,3
DET-LOG-02-000081,LOG-02,critica,Logs e integridad,evento_id,EVT-0001322,06_logs_eventos.csv,Acción no permitida por el rol del usuario,rol=OPERADOR_TECNICO; accion=aprobar_correccion,Corregir matriz RBAC y validar permisos efectivos.,3
DET-LOG-02-000082,LOG-02,critica,Logs e integridad,evento_id,EVT-0001332,06_logs_eventos.csv,Acción no permitida por el rol del usuario,rol=JURADO_MESA; accion=modificar_resultado,Corregir matriz RBAC y validar permisos efectivos.,3
DET-LOG-02-000083,LOG-02,critica,Logs e integridad,evento_id,EVT-0001334,06_logs_eventos.csv,Acción no permitida por el rol del usuario,rol=OPERADOR_PADRON; accion=generar_hash,Corregir matriz RBAC y validar permisos efectivos.,3
DET-LOG-02-000084,LOG-02,critica,Logs e integridad,evento_id,EVT-0001347,06_logs_eventos.csv,Acción no permitida por el rol del usuario,rol=AUDITOR; accion=modificar_resultado,Corregir matriz RBAC y validar permisos efectivos.,3
DET-LOG-02-000085,LOG-02,critica,Logs e integridad,evento_id,EVT-0001349,06_logs_eventos.csv,Acción no permitida por el rol del usuario,rol=CLASIFICADOR_MANUAL; accion=crear_registro,Corregir matriz RBAC y validar permisos efectivos.,3
DET-LOG-02-000086,LOG-02,critica,Logs e integridad,evento_id,EVT-0001358,06_logs_eventos.csv,Acción no permitida por el rol del usuario,rol=OPERADOR_TECNICO; accion=modificar_resultado,Corregir matriz RBAC y validar permisos efectivos.,3
DET-LOG-02-000087,LOG-02,critica,Logs e integridad,evento_id,EVT-0001373,06_logs_eventos.csv,Acción no permitida por el rol del usuario,rol=OPERADOR_TECNICO; accion=aprobar_correccion,Corregir matriz RBAC y validar permisos efectivos.,3
DET-LOG-02-000088,LOG-02,critica,Logs e integridad,evento_id,EVT-0001428,06_logs_eventos.csv,Acción no permitida por el rol del usuario,rol=AUDITOR; accion=modificar_resultado,Corregir matriz RBAC y validar permisos efectivos.,3
DET-LOG-02-000089,LOG-02,critica,Logs e integridad,evento_id,EVT-0001473,06_logs_eventos.csv,Acción no permitida por el rol del usuario,rol=OPERADOR_PADRON; accion=aprobar_correccion,Corregir matriz RBAC y validar permisos efectivos.,3
DET-LOG-02-000090,LOG-02,critica,Logs e integridad,evento_id,EVT-0001519,06_logs_eventos.csv,Acción no permitida por el rol del usuario,rol=CLASIFICADOR_MANUAL; accion=aprobar_correccion,Corregir matriz RBAC y validar permisos efectivos.,3
DET-LOG-02-000091,LOG-02,critica,Logs e integridad,evento_id,EVT-0001540,06_logs_eventos.csv,Acción no permitida por el rol del usuario,rol=JURADO_MESA; accion=modificar_resultado,Corregir matriz RBAC y validar permisos efectivos.,3
DET-LOG-02-000092,LOG-02,critica,Logs e integridad,evento_id,EVT-0001542,06_logs_eventos.csv,Acción no permitida por el rol del usuario,rol=JURADO_MESA; accion=cargar_resultado,Corregir matriz RBAC y validar permisos efectivos.,3
DET-LOG-02-000093,LOG-02,critica,Logs e integridad,evento_id,EVT-0001552,06_logs_eventos.csv,Acción no permitida por el rol del usuario,rol=AUDITOR; accion=publicar_reporte,Corregir matriz RBAC y validar permisos efectivos.,3
DET-LOG-02-000094,LOG-02,critica,Logs e integridad,evento_id,EVT-0001553,06_logs_eventos.csv,Acción no permitida por el rol del usuario,rol=JURADO_MESA; accion=modificar_resultado,Corregir matriz RBAC y validar permisos efectivos.,3
DET-LOG-02-000095,LOG-02,critica,Logs e integridad,evento_id,EVT-0001572,06_logs_eventos.csv,Acción no permitida por el rol del usuario,rol=JURADO_MESA; accion=modificar_resultado,Corregir matriz RBAC y validar permisos efectivos.,3
DET-LOG-02-000096,LOG-02,critica,Logs e integridad,evento_id,EVT-0001597,06_logs_eventos.csv,Acción no permitida por el rol del usuario,rol=ANALISTA_SEGURIDAD; accion=modificar_resultado,Corregir matriz RBAC y validar permisos efectivos.,3
DET-LOG-02-000097,LOG-02,critica,Logs e integridad,evento_id,EVT-0001622,06_logs_eventos.csv,Acción no permitida por el rol del usuario,rol=ANALISTA_SEGURIDAD; accion=generar_hash,Corregir matriz RBAC y validar permisos efectivos.,3
DET-LOG-02-000098,LOG-02,critica,Logs e integridad,evento_id,EVT-0001626,06_logs_eventos.csv,Acción no permitida por el rol del usuario,rol=OPERADOR_PADRON; accion=modificar_resultado,Corregir matriz RBAC y validar permisos efectivos.,3
DET-LOG-02-000099,LOG-02,critica,Logs e integridad,evento_id,EVT-0001640,06_logs_eventos.csv,Acción no permitida por el rol del usuario,rol=AUDITOR; accion=crear_registro,Corregir matriz RBAC y validar permisos efectivos.,3
DET-LOG-02-000100,LOG-02,critica,Logs e integridad,evento_id,EVT-0001726,06_logs_eventos.csv,Acción no permitida por el rol del usuario,rol=JURADO_MESA; accion=exportar_reporte,Corregir matriz RBAC y validar permisos efectivos.,3
DET-LOG-02-000101,LOG-02,critica,Logs e integridad,evento_id,EVT-0001743,06_logs_eventos.csv,Acción no permitida por el rol del usuario,rol=SERVICIO_SISTEMA; accion=modificar_resultado,Corregir matriz RBAC y validar permisos efectivos.,3
DET-LOG-02-000102,LOG-02,critica,Logs e integridad,evento_id,EVT-0001779,06_logs_eventos.csv,Acción no permitida por el rol del usuario,rol=CLASIFICADOR_MANUAL; accion=modificar_resultado,Corregir matriz RBAC y validar permisos efectivos.,3
DET-LOG-02-000103,LOG-02,critica,Logs e integridad,evento_id,EVT-0001786,06_logs_eventos.csv,Acción no permitida por el rol del usuario,rol=JURADO_MESA; accion=modificar_resultado,Corregir matriz RBAC y validar permisos efectivos.,3
DET-LOG-02-000104,LOG-02,critica,Logs e integridad,evento_id,EVT-0001788,06_logs_eventos.csv,Acción no permitida por el rol del usuario,rol=ANALISTA_SEGURIDAD; accion=modificar_resultado,Corregir matriz RBAC y validar permisos efectivos.,3
DET-LOG-02-000105,LOG-02,critica,Logs e integridad,evento_id,EVT-0001804,06_logs_eventos.csv,Acción no permitida por el rol del usuario,rol=SERVICIO_SISTEMA; accion=consultar_alertas,Corregir matriz RBAC y validar permisos efectivos.,3
DET-LOG-02-000106,LOG-02,critica,Logs e integridad,evento_id,EVT-0001808,06_logs_eventos.csv,Acción no permitida por el rol del usuario,rol=SERVICIO_SISTEMA; accion=consultar_alertas,Corregir matriz RBAC y validar permisos efectivos.,3
DET-LOG-03-000107,LOG-03,alta,Logs e integridad,usuario_id,USR-0026,06_logs_eventos.csv,Usuario inactivo o no autorizado ejecuta una acción,estado_usuario=suspendido; accion=consultar_alertas,Bloquear cuenta y revisar trazabilidad de sesión.,2
DET-LOG-03-000108,LOG-03,alta,Logs e integridad,usuario_id,USR-0053,06_logs_eventos.csv,Usuario inactivo o no autorizado ejecuta una acción,estado_usuario=inactivo; accion=consultar_alertas,Bloquear cuenta y revisar trazabilidad de sesión.,2
DET-LOG-03-000109,LOG-03,alta,Logs e integridad,usuario_id,USR-0018,06_logs_eventos.csv,Usuario inactivo o no autorizado ejecuta una acción,estado_usuario=suspendido; accion=consultar_alertas,Bloquear cuenta y revisar trazabilidad de sesión.,2
DET-LOG-03-000110,LOG-03,alta,Logs e integridad,usuario_id,USR-0060,06_logs_eventos.csv,Usuario inactivo o no autorizado ejecuta una acción,estado_usuario=inactivo; accion=consultar_alertas,Bloquear cuenta y revisar trazabilidad de sesión.,2
DET-LOG-03-000111,LOG-03,alta,Logs e integridad,usuario_id,USR-0027,06_logs_eventos.csv,Usuario inactivo o no autorizado ejecuta una acción,estado_usuario=inactivo; accion=consultar_alertas,Bloquear cuenta y revisar trazabilidad de sesión.,2
DET-LOG-03-000112,LOG-03,alta,Logs e integridad,usuario_id,USR-0045,06_logs_eventos.csv,Usuario inactivo o no autorizado ejecuta una acción,estado_usuario=inactivo; accion=consultar_alertas,Bloquear cuenta y revisar trazabilidad de sesión.,2
DET-LOG-03-000113,LOG-03,alta,Logs e integridad,usuario_id,USR-0041,06_logs_eventos.csv,Usuario inactivo o no autorizado ejecuta una acción,estado_usuario=inactivo; accion=consultar_alertas,Bloquear cuenta y revisar trazabilidad de sesión.,2
DET-LOG-03-000114,LOG-03,alta,Logs e integridad,usuario_id,USR-0057,06_logs_eventos.csv,Usuario inactivo o no autorizado ejecuta una acción,estado_usuario=inactivo; accion=consultar_alertas,Bloquear cuenta y revisar trazabilidad de sesión.,2
DET-LOG-03-000115,LOG-03,alta,Logs e integridad,usuario_id,USR-0041,06_logs_eventos.csv,Usuario inactivo o no autorizado ejecuta una acción,estado_usuario=inactivo; accion=login,Bloquear cuenta y revisar trazabilidad de sesión.,2
DET-LOG-03-000116,LOG-03,alta,Logs e integridad,usuario_id,USR-0041,06_logs_eventos.csv,Usuario inactivo o no autorizado ejecuta una acción,estado_usuario=inactivo; accion=login,Bloquear cuenta y revisar trazabilidad de sesión.,2
DET-LOG-03-000117,LOG-03,alta,Logs e integridad,usuario_id,USR-0041,06_logs_eventos.csv,Usuario inactivo o no autorizado ejecuta una acción,estado_usuario=inactivo; accion=login,Bloquear cuenta y revisar trazabilidad de sesión.,2
DET-LOG-03-000118,LOG-03,alta,Logs e integridad,usuario_id,USR-0041,06_logs_eventos.csv,Usuario inactivo o no autorizado ejecuta una acción,estado_usuario=inactivo; accion=login,Bloquear cuenta y revisar trazabilidad de sesión.,2
DET-LOG-03-000119,LOG-03,alta,Logs e integridad,usuario_id,USR-0041,06_logs_eventos.csv,Usuario inactivo o no autorizado ejecuta una acción,estado_usuario=inactivo; accion=login,Bloquear cuenta y revisar trazabilidad de sesión.,2
DET-LOG-03-000120,LOG-03,alta,Logs e integridad,usuario_id,USR-0041,06_logs_eventos.csv,Usuario inactivo o no autorizado ejecuta una acción,estado_usuario=inactivo; accion=login,Bloquear cuenta y revisar trazabilidad de sesión.,2
DET-LOG-03-000121,LOG-03,alta,Logs e integridad,usuario_id,USR-0041,06_logs_eventos.csv,Usuario inactivo o no autorizado ejecuta una acción,estado_usuario=inactivo; accion=login,Bloquear cuenta y revisar trazabilidad de sesión.,2
DET-LOG-03-000122,LOG-03,alta,Logs e integridad,usuario_id,USR-0041,06_logs_eventos.csv,Usuario inactivo o no autorizado ejecuta una acción,estado_usuario=inactivo; accion=login,Bloquear cuenta y revisar trazabilidad de sesión.,2
DET-LOG-04-000123,LOG-04,media,Logs e integridad,usuario_id,USR-0041,06_logs_eventos.csv,Intentos fallidos repetidos,fallos_login=8,Aplicar controles de autenticación y monitoreo reforzado.,1
DET-LOG-01-000124,LOG-01,critica,Logs e integridad,mesa_id,MESA-056,06_logs_eventos.csv,Cantidad de modificaciones por mesa estadísticamente atípica (Z-score).,modificaciones_por_mesa=5,Auditar modificaciones por mesa y validar autorizaciones vinculadas.,3
DET-LOG-05-000125,LOG-05,critica,Logs e integridad,evento_id,EVT-0000106,06_logs_eventos.csv,Hash modificado en evento no autorizado,hash_antes=6626ef5a29611533; hash_despues=f33425b0ade831e3,Auditar integridad de eventos y cadena de custodia digital.,3
DET-LOG-05-000126,LOG-05,critica,Logs e integridad,evento_id,EVT-0000176,06_logs_eventos.csv,Hash modificado en evento no autorizado,hash_antes=76f5ab0f6d638c2f; hash_despues=1fbaddb4e059796a,Auditar integridad de eventos y cadena de custodia digital.,3
DET-LOG-05-000127,LOG-05,critica,Logs e integridad,evento_id,EVT-0000256,06_logs_eventos.csv,Hash modificado en evento no autorizado,hash_antes=e57f0e32e8ba8948; hash_despues=9ce03c56aa93345a,Auditar integridad de eventos y cadena de custodia digital.,3
DET-LOG-05-000128,LOG-05,critica,Logs e integridad,evento_id,EVT-0000315,06_logs_eventos.csv,Hash modificado en evento no autorizado,hash_antes=37486753b3d3d71f; hash_despues=526f1e177346465c,Auditar integridad de eventos y cadena de custodia digital.,3
DET-LOG-05-000129,LOG-05,critica,Logs e integridad,evento_id,EVT-0000416,06_logs_eventos.csv,Hash modificado en evento no autorizado,hash_antes=527a10388e25a727; hash_despues=b48d5a01d64a84e7,Auditar integridad de eventos y cadena de custodia digital.,3
DET-LOG-05-000130,LOG-05,critica,Logs e integridad,evento_id,EVT-0000709,06_logs_eventos.csv,Hash modificado en evento no autorizado,hash_antes=dde62c94f51e3524; hash_despues=9d2cc3a0414062a8,Auditar integridad de eventos y cadena de custodia digital.,3
DET-LOG-05-000131,LOG-05,critica,Logs e integridad,evento_id,EVT-0000913,06_logs_eventos.csv,Hash modificado en evento no autorizado,hash_antes=03774fb3edb22392; hash_despues=c7b255b740d81e11,Auditar integridad de eventos y cadena de custodia digital.,3
DET-LOG-05-000132,LOG-05,critica,Logs e integridad,evento_id,EVT-0001145,06_logs_eventos.csv,Hash modificado en evento no autorizado,hash_antes=9483867249fe6b1c; hash_despues=de6150e01cf36a18,Auditar integridad de eventos y cadena de custodia digital.,3
DET-LOG-05-000133,LOG-05,critica,Logs e integridad,evento_id,EVT-0001194,06_logs_eventos.csv,Hash modificado en evento no autorizado,hash_antes=162445456736e801; hash_despues=33867cfd8be28083,Auditar integridad de eventos y cadena de custodia digital.,3
DET-LOG-05-000134,LOG-05,critica,Logs e integridad,evento_id,EVT-0001207,06_logs_eventos.csv,Hash modificado en evento no autorizado,hash_antes=bd44f6fbba5f76e9; hash_despues=5226edacfd2e4c0b,Auditar integridad de eventos y cadena de custodia digital.,3
DET-LOG-05-000135,LOG-05,critica,Logs e integridad,evento_id,EVT-0001209,06_logs_eventos.csv,Hash modificado en evento no autorizado,hash_antes=d0706743f77969a3; hash_despues=caeeb5199feeffb4,Auditar integridad de eventos y cadena de custodia digital.,3
DET-LOG-05-000136,LOG-05,critica,Logs e integridad,evento_id,EVT-0001235,06_logs_eventos.csv,Hash modificado en evento no autorizado,hash_antes=5b02f12129acdb08; hash_despues=17eabd99681446f4,Auditar integridad de eventos y cadena de custodia digital.,3
DET-LOG-05-000137,LOG-05,critica,Logs e integridad,evento_id,EVT-0001253,06_logs_eventos.csv,Hash modificado en evento no autorizado,hash_antes=648711d8e8c8f5c2; hash_despues=b164a92708339671,Auditar integridad de eventos y cadena de custodia digital.,3
DET-LOG-05-000138,LOG-05,critica,Logs e integridad,evento_id,EVT-0001277,06_logs_eventos.csv,Hash modificado en evento no autorizado,hash_antes=ea549017a0f29349; hash_despues=80294cf372a0b337,Auditar integridad de eventos y cadena de custodia digital.,3
DET-LOG-05-000139,LOG-05,critica,Logs e integridad,evento_id,EVT-0001332,06_logs_eventos.csv,Hash modificado en evento no autorizado,hash_antes=20196e997e8aed76; hash_despues=27adfba3bdc7e24d,Auditar integridad de eventos y cadena de custodia digital.,3
DET-LOG-05-000140,LOG-05,critica,Logs e integridad,evento_id,EVT-0001540,06_logs_eventos.csv,Hash modificado en evento no autorizado,hash_antes=fb3382fd5efb81ee; hash_despues=7c0386cdca461cf9,Auditar integridad de eventos y cadena de custodia digital.,3
DET-LOG-05-000141,LOG-05,critica,Logs e integridad,evento_id,EVT-0001597,06_logs_eventos.csv,Hash modificado en evento no autorizado,hash_antes=542ac62af8fbeb3e; hash_despues=0f9f8b56317a211e,Auditar integridad de eventos y cadena de custodia digital.,3
DET-LOG-05-000142,LOG-05,critica,Logs e integridad,evento_id,EVT-0001626,06_logs_eventos.csv,Hash modificado en evento no autorizado,hash_antes=dfff915f9c07fe45; hash_despues=b36764553a3f2b4c,Auditar integridad de eventos y cadena de custodia digital.,3
DET-LOG-05-000143,LOG-05,critica,Logs e integridad,evento_id,EVT-0001743,06_logs_eventos.csv,Hash modificado en evento no autorizado,hash_antes=9ee189a9ce2f0c39; hash_despues=ddbd97ca7b618256,Auditar integridad de eventos y cadena de custodia digital.,3
DET-LOG-05-000144,LOG-05,critica,Logs e integridad,evento_id,EVT-0001786,06_logs_eventos.csv,Hash modificado en evento no autorizado,hash_antes=a43398c37dbc7c14; hash_despues=6398e9008f50595b,Auditar integridad de eventos y cadena de custodia digital.,3
DET-LOG-05-000145,LOG-05,critica,Logs e integridad,evento_id,EVT-0001801,06_logs_eventos.csv,Hash modificado en evento no autorizado,hash_antes=800658d951e81974; hash_despues=b6588788d4f5ca75,Auditar integridad de eventos y cadena de custodia digital.,3
DET-LOG-05-000146,LOG-05,critica,Logs e integridad,evento_id,EVT-0001802,06_logs_eventos.csv,Hash modificado en evento no autorizado,hash_antes=2410a285304d0eb2; hash_despues=87a6d9a7d59ccddc,Auditar integridad de eventos y cadena de custodia digital.,3
DET-LOG-05-000147,LOG-05,critica,Logs e integridad,evento_id,EVT-0001803,06_logs_eventos.csv,Hash modificado en evento no autorizado,hash_antes=ddd6227687cb9432; hash_despues=2f93032467b5f754,Auditar integridad de eventos y cadena de custodia digital.,3
DET-LOG-05-000148,LOG-05,critica,Logs e integridad,evento_id,EVT-0001804,06_logs_eventos.csv,Hash modificado en evento no autorizado,hash_antes=2e810f8bb5a988bf; hash_despues=d463d38e402e20d9,Auditar integridad de eventos y cadena de custodia digital.,3
DET-LOG-05-000149,LOG-05,critica,Logs e integridad,evento_id,EVT-0001805,06_logs_eventos.csv,Hash modificado en evento no autorizado,hash_antes=6e826bececb18a86; hash_despues=fc51cee1a4dcc88b,Auditar integridad de eventos y cadena de custodia digital.,3
DET-LOG-05-000150,LOG-05,critica,Logs e integridad,evento_id,EVT-0001806,06_logs_eventos.csv,Hash modificado en evento no autorizado,hash_antes=426d7226ad717566; hash_despues=0a2704771b624261,Auditar integridad de eventos y cadena de custodia digital.,3
DET-LOG-05-000151,LOG-05,critica,Logs e integridad,evento_id,EVT-0001807,06_logs_eventos.csv,Hash modificado en evento no autorizado,hash_antes=329d4c69df851683; hash_despues=9e9b34ce866b18e4,Auditar integridad de eventos y cadena de custodia digital.,3
DET-LOG-05-000152,LOG-05,critica,Logs e integridad,evento_id,EVT-0001808,06_logs_eventos.csv,Hash modificado en evento no autorizado,hash_antes=961caed93158ad4d; hash_despues=16ed34ec2f9cc471,Auditar integridad de eventos y cadena de custodia digital.,3
DET-LOG-06-000153,LOG-06,critica,Logs e integridad,evento_id,EVT-0000343,06_logs_eventos.csv,Usuario aprueba su propio cambio,usuario_id=USR-0014 aprueba su propio cambio,Aplicar segregación de funciones y doble control.,3
DET-LOG-06-000154,LOG-06,critica,Logs e integridad,evento_id,EVT-0000378,06_logs_eventos.csv,Usuario aprueba su propio cambio,usuario_id=USR-0051 aprueba su propio cambio,Aplicar segregación de funciones y doble control.,3
DET-LOG-06-000155,LOG-06,critica,Logs e integridad,evento_id,EVT-0000439,06_logs_eventos.csv,Usuario aprueba su propio cambio,usuario_id=USR-0009 aprueba su propio cambio,Aplicar segregación de funciones y doble control.,3
DET-LOG-06-000156,LOG-06,critica,Logs e integridad,evento_id,EVT-0000453,06_logs_eventos.csv,Usuario aprueba su propio cambio,usuario_id=USR-0020 aprueba su propio cambio,Aplicar segregación de funciones y doble control.,3
DET-LOG-06-000157,LOG-06,critica,Logs e integridad,evento_id,EVT-0000465,06_logs_eventos.csv,Usuario aprueba su propio cambio,usuario_id=USR-0004 aprueba su propio cambio,Aplicar segregación de funciones y doble control.,3
DET-LOG-06-000158,LOG-06,critica,Logs e integridad,evento_id,EVT-0000616,06_logs_eventos.csv,Usuario aprueba su propio cambio,usuario_id=USR-0034 aprueba su propio cambio,Aplicar segregación de funciones y doble control.,3
DET-LOG-06-000159,LOG-06,critica,Logs e integridad,evento_id,EVT-0000967,06_logs_eventos.csv,Usuario aprueba su propio cambio,usuario_id=USR-0021 aprueba su propio cambio,Aplicar segregación de funciones y doble control.,3
DET-LOG-06-000160,LOG-06,critica,Logs e integridad,evento_id,EVT-0001052,06_logs_eventos.csv,Usuario aprueba su propio cambio,usuario_id=USR-0020 aprueba su propio cambio,Aplicar segregación de funciones y doble control.,3
DET-LOG-06-000161,LOG-06,critica,Logs e integridad,evento_id,EVT-0001076,06_logs_eventos.csv,Usuario aprueba su propio cambio,usuario_id=USR-0002 aprueba su propio cambio,Aplicar segregación de funciones y doble control.,3
DET-LOG-06-000162,LOG-06,critica,Logs e integridad,evento_id,EVT-0001095,06_logs_eventos.csv,Usuario aprueba su propio cambio,usuario_id=USR-0013 aprueba su propio cambio,Aplicar segregación de funciones y doble control.,3
DET-LOG-06-000163,LOG-06,critica,Logs e integridad,evento_id,EVT-0001206,06_logs_eventos.csv,Usuario aprueba su propio cambio,usuario_id=USR-0024 aprueba su propio cambio,Aplicar segregación de funciones y doble control.,3
DET-LOG-06-000164,LOG-06,critica,Logs e integridad,evento_id,EVT-0001269,06_logs_eventos.csv,Usuario aprueba su propio cambio,usuario_id=USR-0046 aprueba su propio cambio,Aplicar segregación de funciones y doble control.,3
DET-LOG-06-000165,LOG-06,critica,Logs e integridad,evento_id,EVT-0001473,06_logs_eventos.csv,Usuario aprueba su propio cambio,usuario_id=USR-0009 aprueba su propio cambio,Aplicar segregación de funciones y doble control.,3
DET-LOG-06-000166,LOG-06,critica,Logs e integridad,evento_id,EVT-0001504,06_logs_eventos.csv,Usuario aprueba su propio cambio,usuario_id=USR-0040 aprueba su propio cambio,Aplicar segregación de funciones y doble control.,3
DET-LOG-06-000167,LOG-06,critica,Logs e integridad,evento_id,EVT-0001519,06_logs_eventos.csv,Usuario aprueba su propio cambio,usuario_id=USR-0035 aprueba su propio cambio,Aplicar segregación de funciones y doble control.,3
DET-INT-01-000168,INT-01,critica,Logs e integridad,archivo_id,ARC-000004,07_integridad_archivos.csv,Hash original diferente del hash actual,hash_original=925691a4b75bc01a0d90; hash_actual=f693707563d51cd55968,Revisar integridad del archivo y evidencia criptográfica.,3
DET-INT-01-000169,INT-01,critica,Logs e integridad,archivo_id,ARC-000025,07_integridad_archivos.csv,Hash original diferente del hash actual,hash_original=e81abe10f4819992dbdc; hash_actual=645b6dbb696fe0f66a7b,Revisar integridad del archivo y evidencia criptográfica.,3
DET-INT-01-000170,INT-01,critica,Logs e integridad,archivo_id,ARC-000033,07_integridad_archivos.csv,Hash original diferente del hash actual,hash_original=10092f8da6726569f38a; hash_actual=636bb3b48a885f84a19a,Revisar integridad del archivo y evidencia criptográfica.,3
DET-INT-01-000171,INT-01,critica,Logs e integridad,archivo_id,ARC-000034,07_integridad_archivos.csv,Hash original diferente del hash actual,hash_original=8d76e75585ea1a22d081; hash_actual=46f0cfaf441796469e4e,Revisar integridad del archivo y evidencia criptográfica.,3
DET-INT-01-000172,INT-01,critica,Logs e integridad,archivo_id,ARC-000037,07_integridad_archivos.csv,Hash original diferente del hash actual,hash_original=70cb9332b6303153c6ae; hash_actual=343dad95cce43e32e7fc,Revisar integridad del archivo y evidencia criptográfica.,3
DET-INT-01-000173,INT-01,critica,Logs e integridad,archivo_id,ARC-000040,07_integridad_archivos.csv,Hash original diferente del hash actual,hash_original=ba70b49e6b516867f027; hash_actual=7ed8682614ce1124b87e,Revisar integridad del archivo y evidencia criptográfica.,3
DET-INT-01-000174,INT-01,critica,Logs e integridad,archivo_id,ARC-000044,07_integridad_archivos.csv,Hash original diferente del hash actual,hash_original=8f1023a1de91e433970c; hash_actual=bc5ef5bf2d234b26a3ce,Revisar integridad del archivo y evidencia criptográfica.,3
DET-INT-01-000175,INT-01,critica,Logs e integridad,archivo_id,ARC-000049,07_integridad_archivos.csv,Hash original diferente del hash actual,hash_original=df7288dff6458d38a7fd; hash_actual=9a78e500a2a7300f2629,Revisar integridad del archivo y evidencia criptográfica.,3
DET-INT-01-000176,INT-01,critica,Logs e integridad,archivo_id,ARC-000068,07_integridad_archivos.csv,Hash original diferente del hash actual,hash_original=be85b9d514d462052cc7; hash_actual=72ce2c8412d61ff1ed4e,Revisar integridad del archivo y evidencia criptográfica.,3
DET-INT-01-000177,INT-01,critica,Logs e integridad,archivo_id,ARC-000069,07_integridad_archivos.csv,Hash original diferente del hash actual,hash_original=c50eff7fa641e15f6666; hash_actual=a8a3ce3e8400fd2ffe2a,Revisar integridad del archivo y evidencia criptográfica.,3
DET-INT-01-000178,INT-01,critica,Logs e integridad,archivo_id,ARC-000073,07_integridad_archivos.csv,Hash original diferente del hash actual,hash_original=00de32629eed71d1a02e; hash_actual=9def2b46a9af8613ce09,Revisar integridad del archivo y evidencia criptográfica.,3
DET-INT-01-000179,INT-01,critica,Logs e integridad,archivo_id,ARC-000093,07_integridad_archivos.csv,Hash original diferente del hash actual,hash_original=f99cfd30fc28a150427c; hash_actual=477c5de6a37c6928f1e8,Revisar integridad del archivo y evidencia criptográfica.,3
DET-INT-01-000180,INT-01,critica,Logs e integridad,archivo_id,ARC-000094,07_integridad_archivos.csv,Hash original diferente del hash actual,hash_original=3d536b1132e713de3e48; hash_actual=e3323c6ec5b1752df496,Revisar integridad del archivo y evidencia criptográfica.,3
DET-INT-01-000181,INT-01,critica,Logs e integridad,archivo_id,ARC-000097,07_integridad_archivos.csv,Hash original diferente del hash actual,hash_original=d63a99e42c83797e82e3; hash_actual=bda93049754fe09de878,Revisar integridad del archivo y evidencia criptográfica.,3
DET-INT-01-000182,INT-01,critica,Logs e integridad,archivo_id,ARC-000113,07_integridad_archivos.csv,Hash original diferente del hash actual,hash_original=fce9a8d585068a7c81e0; hash_actual=ff1f819a88b226635346,Revisar integridad del archivo y evidencia criptográfica.,3
DET-INT-01-000183,INT-01,critica,Logs e integridad,archivo_id,ARC-000118,07_integridad_archivos.csv,Hash original diferente del hash actual,hash_original=5def8b4389ca21b7b016; hash_actual=afd5ea0149118d74d6bc,Revisar integridad del archivo y evidencia criptográfica.,3
DET-INT-01-000184,INT-01,critica,Logs e integridad,archivo_id,ARC-000125,07_integridad_archivos.csv,Hash original diferente del hash actual,hash_original=f1103f04979bc3e351b8; hash_actual=add059c14e8e5429eb1d,Revisar integridad del archivo y evidencia criptográfica.,3
DET-INT-01-000185,INT-01,critica,Logs e integridad,archivo_id,ARC-000153,07_integridad_archivos.csv,Hash original diferente del hash actual,hash_original=9b067d5106aabb931f44; hash_actual=3820ad51d081182f48bd,Revisar integridad del archivo y evidencia criptográfica.,3
DET-INT-01-000186,INT-01,critica,Logs e integridad,archivo_id,ARC-000154,07_integridad_archivos.csv,Hash original diferente del hash actual,hash_original=a8c561da7c52e4178931; hash_actual=bb708125acf682f0f2f6,Revisar integridad del archivo y evidencia criptográfica.,3
DET-INT-02-000187,INT-02,critica,Logs e integridad,archivo_id,ARC-000001,07_integridad_archivos.csv,Reporte publicado diferente del reporte firmado,reporte_publicado_total=180 ; reporte_firmado_total=173,Reconciliar versión firmada contra versión publicada.,3
DET-INT-02-000188,INT-02,critica,Logs e integridad,archivo_id,ARC-000007,07_integridad_archivos.csv,Reporte publicado diferente del reporte firmado,reporte_publicado_total=278 ; reporte_firmado_total=274,Reconciliar versión firmada contra versión publicada.,3
DET-INT-02-000189,INT-02,critica,Logs e integridad,archivo_id,ARC-000036,07_integridad_archivos.csv,Reporte publicado diferente del reporte firmado,reporte_publicado_total=310 ; reporte_firmado_total=304,Reconciliar versión firmada contra versión publicada.,3
DET-INT-02-000190,INT-02,critica,Logs e integridad,archivo_id,ARC-000041,07_integridad_archivos.csv,Reporte publicado diferente del reporte firmado,reporte_publicado_total=196 ; reporte_firmado_total=191,Reconciliar versión firmada contra versión publicada.,3
DET-INT-02-000191,INT-02,critica,Logs e integridad,archivo_id,ARC-000051,07_integridad_archivos.csv,Reporte publicado diferente del reporte firmado,reporte_publicado_total=322 ; reporte_firmado_total=321,Reconciliar versión firmada contra versión publicada.,3
DET-INT-02-000192,INT-02,critica,Logs e integridad,archivo_id,ARC-000068,07_integridad_archivos.csv,Reporte publicado diferente del reporte firmado,reporte_publicado_total=201 ; reporte_firmado_total=198,Reconciliar versión firmada contra versión publicada.,3
DET-INT-02-000193,INT-02,critica,Logs e integridad,archivo_id,ARC-000074,07_integridad_archivos.csv,Reporte publicado diferente del reporte firmado,reporte_publicado_total=419 ; reporte_firmado_total=416,Reconciliar versión firmada contra versión publicada.,3
DET-INT-02-000194,INT-02,critica,Logs e integridad,archivo_id,ARC-000111,07_integridad_archivos.csv,Reporte publicado diferente del reporte firmado,reporte_publicado_total=455 ; reporte_firmado_total=448,Reconciliar versión firmada contra versión publicada.,3
DET-INT-02-000195,INT-02,critica,Logs e integridad,archivo_id,ARC-000121,07_integridad_archivos.csv,Reporte publicado diferente del reporte firmado,reporte_publicado_total=364 ; reporte_firmado_total=357,Reconciliar versión firmada contra versión publicada.,3
DET-INT-03-000196,INT-03,alta,Logs e integridad,archivo_id,ARC-000003,07_integridad_archivos.csv,Archivo publicado antes de ser firmado,publicacion=2026-06-03 17:11:00; firma=2026-06-03 17:12:00,Corregir flujo de liberación y control de precondiciones.,2
DET-INT-03-000197,INT-03,alta,Logs e integridad,archivo_id,ARC-000053,07_integridad_archivos.csv,Archivo publicado antes de ser firmado,publicacion=2026-06-03 18:18:00; firma=2026-06-03 18:58:00,Corregir flujo de liberación y control de precondiciones.,2
DET-INT-03-000198,INT-03,alta,Logs e integridad,archivo_id,ARC-000055,07_integridad_archivos.csv,Archivo publicado antes de ser firmado,publicacion=2026-06-03 18:17:00; firma=2026-06-03 18:43:00,Corregir flujo de liberación y control de precondiciones.,2
DET-INT-03-000199,INT-03,alta,Logs e integridad,archivo_id,ARC-000075,07_integridad_archivos.csv,Archivo publicado antes de ser firmado,publicacion=2026-06-03 16:50:00; firma=2026-06-03 17:17:00,Corregir flujo de liberación y control de precondiciones.,2
DET-INT-03-000200,INT-03,alta,Logs e integridad,archivo_id,ARC-000105,07_integridad_archivos.csv,Archivo publicado antes de ser firmado,publicacion=2026-06-03 18:28:00; firma=2026-06-03 18:31:00,Corregir flujo de liberación y control de precondiciones.,2
DET-INT-03-000201,INT-03,alta,Logs e integridad,archivo_id,ARC-000116,07_integridad_archivos.csv,Archivo publicado antes de ser firmado,publicacion=2026-06-03 16:20:00; firma=2026-06-03 17:10:00,Corregir flujo de liberación y control de precondiciones.,2
DET-INT-03-000202,INT-03,alta,Logs e integridad,archivo_id,ARC-000132,07_integridad_archivos.csv,Archivo publicado antes de ser firmado,publicacion=2026-06-03 16:04:00; firma=2026-06-03 16:17:00,Corregir flujo de liberación y control de precondiciones.,2
DET-INT-03-000203,INT-03,alta,Logs e integridad,archivo_id,ARC-000139,07_integridad_archivos.csv,Archivo publicado antes de ser firmado,publicacion=2026-06-03 17:21:00; firma=2026-06-03 17:48:00,Corregir flujo de liberación y control de precondiciones.,2
DET-INT-04-000204,INT-04,alta,Logs e integridad,archivo_id,ARC-000004,07_integridad_archivos.csv,Archivo alterado después del cierre,estado_integridad=alterado; timestamp_publicacion=2026-06-03 19:59:00,Bloquear modificación tardía y activar investigación técnica.,2
DET-INT-04-000205,INT-04,alta,Logs e integridad,archivo_id,ARC-000025,07_integridad_archivos.csv,Archivo alterado después del cierre,estado_integridad=alterado; timestamp_publicacion=2026-06-03 19:12:00,Bloquear modificación tardía y activar investigación técnica.,2
DET-INT-04-000206,INT-04,alta,Logs e integridad,archivo_id,ARC-000033,07_integridad_archivos.csv,Archivo alterado después del cierre,estado_integridad=alterado; timestamp_publicacion=2026-06-03 23:56:00,Bloquear modificación tardía y activar investigación técnica.,2
DET-INT-04-000207,INT-04,alta,Logs e integridad,archivo_id,ARC-000034,07_integridad_archivos.csv,Archivo alterado después del cierre,estado_integridad=alterado; timestamp_publicacion=2026-06-03 18:33:00,Bloquear modificación tardía y activar investigación técnica.,2
DET-INT-04-000208,INT-04,alta,Logs e integridad,archivo_id,ARC-000037,07_integridad_archivos.csv,Archivo alterado después del cierre,estado_integridad=alterado; timestamp_publicacion=2026-06-03 17:37:00,Bloquear modificación tardía y activar investigación técnica.,2
DET-INT-04-000209,INT-04,alta,Logs e integridad,archivo_id,ARC-000040,07_integridad_archivos.csv,Archivo alterado después del cierre,estado_integridad=alterado; timestamp_publicacion=2026-06-03 19:07:00,Bloquear modificación tardía y activar investigación técnica.,2
DET-INT-04-000210,INT-04,alta,Logs e integridad,archivo_id,ARC-000044,07_integridad_archivos.csv,Archivo alterado después del cierre,estado_integridad=alterado; timestamp_publicacion=2026-06-03 19:07:00,Bloquear modificación tardía y activar investigación técnica.,2
DET-INT-04-000211,INT-04,alta,Logs e integridad,archivo_id,ARC-000049,07_integridad_archivos.csv,Archivo alterado después del cierre,estado_integridad=alterado; timestamp_publicacion=2026-06-03 22:05:00,Bloquear modificación tardía y activar investigación técnica.,2
DET-INT-04-000212,INT-04,alta,Logs e integridad,archivo_id,ARC-000068,07_integridad_archivos.csv,Archivo alterado después del cierre,estado_integridad=alterado; timestamp_publicacion=2026-06-03 23:54:00,Bloquear modificación tardía y activar investigación técnica.,2
DET-INT-04-000213,INT-04,alta,Logs e integridad,archivo_id,ARC-000069,07_integridad_archivos.csv,Archivo alterado después del cierre,estado_integridad=alterado; timestamp_publicacion=2026-06-03 17:38:00,Bloquear modificación tardía y activar investigación técnica.,2
DET-INT-04-000214,INT-04,alta,Logs e integridad,archivo_id,ARC-000073,07_integridad_archivos.csv,Archivo alterado después del cierre,estado_integridad=alterado; timestamp_publicacion=2026-06-03 19:22:00,Bloquear modificación tardía y activar investigación técnica.,2
DET-INT-04-000215,INT-04,alta,Logs e integridad,archivo_id,ARC-000093,07_integridad_archivos.csv,Archivo alterado después del cierre,estado_integridad=alterado; timestamp_publicacion=2026-06-03 19:17:00,Bloquear modificación tardía y activar investigación técnica.,2
DET-INT-04-000216,INT-04,alta,Logs e integridad,archivo_id,ARC-000094,07_integridad_archivos.csv,Archivo alterado después del cierre,estado_integridad=alterado; timestamp_publicacion=2026-06-03 18:42:00,Bloquear modificación tardía y activar investigación técnica.,2
DET-INT-04-000217,INT-04,alta,Logs e integridad,archivo_id,ARC-000097,07_integridad_archivos.csv,Archivo alterado después del cierre,estado_integridad=alterado; timestamp_publicacion=2026-06-03 20:06:00,Bloquear modificación tardía y activar investigación técnica.,2
DET-INT-04-000218,INT-04,alta,Logs e integridad,archivo_id,ARC-000113,07_integridad_archivos.csv,Archivo alterado después del cierre,estado_integridad=alterado; timestamp_publicacion=2026-06-03 18:02:00,Bloquear modificación tardía y activar investigación técnica.,2
DET-INT-04-000219,INT-04,alta,Logs e integridad,archivo_id,ARC-000118,07_integridad_archivos.csv,Archivo alterado después del cierre,estado_integridad=alterado; timestamp_publicacion=2026-06-03 20:08:00,Bloquear modificación tardía y activar investigación técnica.,2
DET-INT-04-000220,INT-04,alta,Logs e integridad,archivo_id,ARC-000125,07_integridad_archivos.csv,Archivo alterado después del cierre,estado_integridad=alterado; timestamp_publicacion=2026-06-04 00:25:00,Bloquear modificación tardía y activar investigación técnica.,2
DET-INT-04-000221,INT-04,alta,Logs e integridad,archivo_id,ARC-000153,07_integridad_archivos.csv,Archivo alterado después del cierre,estado_integridad=alterado; timestamp_publicacion=2026-06-03 21:39:00,Bloquear modificación tardía y activar investigación técnica.,2
DET-INT-04-000222,INT-04,alta,Logs e integridad,archivo_id,ARC-000154,07_integridad_archivos.csv,Archivo alterado después del cierre,estado_integridad=alterado; timestamp_publicacion=2026-06-03 19:32:00,Bloquear modificación tardía y activar investigación técnica.,2
